pair_id,candidate_a,candidate_b,relation_class,primary_relation,secondary_relation,conditional_relation,same_parent_proposition,same_subject_status,same_event_type_status,same_issue_status,polarity_relation,entity_identity_dependency,time_compatibility,place_compatibility,reason,confidence,manual_review_required
PR0001,EC0001,EC0011,DISTINCT,DISTINCT,,,FALSE,SAME_ENTITY,SAME,DIFFERENT_OR_UNTAGGED,SAME(AFFIRMED),NONE,BOTH_UNSPECIFIED,ONE_UNSPECIFIED,공유 특징은 있으나 같은 사건·쟁점 근거 없음. basis=DEFAULT,MEDIUM,NO
PR0002,EC0001,EC0027,DISTINCT,DISTINCT,,,FALSE,SAME_SURFACE,SAME,DIFFERENT_OR_UNTAGGED,SAME(AFFIRMED),NONE,BOTH_UNSPECIFIED,ONE_UNSPECIFIED,공유 특징은 있으나 같은 사건·쟁점 근거 없음. basis=DEFAULT,MEDIUM,NO
PR0003,EC0001,EC0029,DISTINCT,DISTINCT,,,FALSE,SAME_SURFACE,SAME,DIFFERENT_OR_UNTAGGED,SAME(AFFIRMED),NONE,BOTH_UNSPECIFIED,ONE_UNSPECIFIED,공유 특징은 있으나 같은 사건·쟁점 근거 없음. basis=DEFAULT,MEDIUM,NO
PR0004,EC0001,EC0046,DISTINCT,DISTINCT,,,FALSE,SAME_ENTITY,SAME,DIFFERENT_OR_UNTAGGED,OPPOSITE(AFFIRMED/NEGATED),NONE,BOTH_UNSPECIFIED,ONE_UNSPECIFIED,공유 특징은 있으나 같은 사건·쟁점 근거 없음. basis=DEFAULT,MEDIUM,NO
PR0005,EC0001,EC0073,DISTINCT,DISTINCT,,,FALSE,SAME_ENTITY,SAME,DIFFERENT_OR_UNTAGGED,SAME(AFFIRMED),NONE,ONE_UNSPECIFIED; relative(- / 그 뒤),ONE_UNSPECIFIED,공유 특징은 있으나 같은 사건·쟁점 근거 없음. basis=DEFAULT,MEDIUM,NO
PR0006,EC0001,EC0103,DISTINCT,DISTINCT,,,FALSE,DIFFERENT,SAME,UNTAGGED,SAME(AFFIRMED),NONE,ONE_UNSPECIFIED; relative(- / 자미덕 체포 전),DIFFERENT(청주 덕평 / 아산),공유 특징은 있으나 같은 사건·쟁점 근거 없음. basis=DEFAULT,MEDIUM,NO
PR0007,EC0002,EC0012,DISTINCT,DISTINCT,,,FALSE,SAME_SURFACE,DIFFERENT(SPEECH_ACT/ACTION),DIFFERENT_OR_UNTAGGED,SAME(AFFIRMED),NONE,BOTH_UNSPECIFIED,BOTH_UNSPECIFIED,공유 특징은 있으나 같은 사건·쟁점 근거 없음. basis=DEFAULT,MEDIUM,NO
PR0008,EC0002,EC0013,SAME_ISSUE_DIFFERENT_CLAIM+COMPATIBLE_CLAIMS,SAME_ISSUE_DIFFERENT_CLAIM,COMPATIBLE_CLAIMS,,FALSE,SAME_SURFACE,DIFFERENT(SPEECH_ACT/ACTION),SAME_ISSUE,SAME(AFFIRMED),NONE,BOTH_UNSPECIFIED,BOTH_UNSPECIFIED,같은 쟁점의 서로 다른 claim으로 상충 근거 없음. basis=ISSUE:SUSPECT(SPEECH_KIM_CHIEF~FRAME),LOW,NO
PR0009,EC0002,EC0014,SAME_ISSUE_DIFFERENT_CLAIM+COMPATIBLE_CLAIMS,SAME_ISSUE_DIFFERENT_CLAIM,COMPATIBLE_CLAIMS,,FALSE,SAME_SURFACE,DIFFERENT(SPEECH_ACT/ACTION),SAME_ISSUE,SAME(AFFIRMED),NONE,BOTH_UNSPECIFIED,BOTH_UNSPECIFIED,같은 쟁점의 서로 다른 claim으로 상충 근거 없음. basis=ISSUE:SUSPECT(SPEECH_KIM_CHIEF~FRAME),LOW,NO
PR0010,EC0002,EC0015,SAME_ISSUE_DIFFERENT_CLAIM+COMPATIBLE_CLAIMS,SAME_ISSUE_DIFFERENT_CLAIM,COMPATIBLE_CLAIMS,,FALSE,SAME_SURFACE,DIFFERENT(SPEECH_ACT/ACTION),SAME_ISSUE,SAME(AFFIRMED),NONE,BOTH_UNSPECIFIED,BOTH_UNSPECIFIED,같은 쟁점의 서로 다른 claim으로 상충 근거 없음. basis=ISSUE:SUSPECT(SPEECH_KIM_CHIEF~FRAME),LOW,NO
PR0011,EC0002,EC0016,SAME_ISSUE_DIFFERENT_CLAIM+COMPATIBLE_CLAIMS,SAME_ISSUE_DIFFERENT_CLAIM,COMPATIBLE_CLAIMS,,FALSE,DIFFERENT,DIFFERENT(SPEECH_ACT/STATE),SAME_ISSUE,SAME(AFFIRMED),NONE,BOTH_UNSPECIFIED,BOTH_UNSPECIFIED,같은 쟁점의 서로 다른 claim으로 상충 근거 없음. basis=ISSUE:SUSPECT(SPEECH_KIM_CHIEF~TARGETS),LOW,NO
PR0012,EC0002,EC0024,DISTINCT,DISTINCT,,,FALSE,SAME_ENTITY,DIFFERENT(SPEECH_ACT/ACTION),DIFFERENT_OR_UNTAGGED,MIXED(AFFIRMED/DOUBTED),NONE,BOTH_UNSPECIFIED,BOTH_UNSPECIFIED,공유 특징은 있으나 같은 사건·쟁점 근거 없음. basis=DEFAULT,MEDIUM,NO
PR0013,EC0002,EC0030,DISTINCT,DISTINCT,,,FALSE,SAME_SURFACE,DIFFERENT(SPEECH_ACT/ACTION),DIFFERENT_OR_UNTAGGED,SAME(AFFIRMED),NONE,BOTH_UNSPECIFIED,BOTH_UNSPECIFIED,공유 특징은 있으나 같은 사건·쟁점 근거 없음. basis=DEFAULT,MEDIUM,NO
PR0014,EC0002,EC0033,DISTINCT,DISTINCT,,,FALSE,SAME_SURFACE,DIFFERENT(SPEECH_ACT/ACTION),DIFFERENT_OR_UNTAGGED,SAME(AFFIRMED),NONE,BOTH_UNSPECIFIED,BOTH_UNSPECIFIED,공유 특징은 있으나 같은 사건·쟁점 근거 없음. basis=DEFAULT,MEDIUM,NO
PR0015,EC0002,EC0046,DISTINCT,DISTINCT,,,FALSE,SAME_ENTITY,DIFFERENT(SPEECH_ACT/STATE),DIFFERENT_OR_UNTAGGED,OPPOSITE(AFFIRMED/NEGATED),NONE,BOTH_UNSPECIFIED,BOTH_UNSPECIFIED,공유 특징은 있으나 같은 사건·쟁점 근거 없음. basis=DEFAULT,MEDIUM,NO
PR0016,EC0002,EC0050,DISTINCT,DISTINCT,,,FALSE,SAME_SURFACE,DIFFERENT(SPEECH_ACT/ACTION),DIFFERENT_OR_UNTAGGED,SAME(AFFIRMED),NONE,BOTH_UNSPECIFIED,BOTH_UNSPECIFIED,공유 특징은 있으나 같은 사건·쟁점 근거 없음. basis=DEFAULT,MEDIUM,NO
PR0017,EC0002,EC0051,SAME_ISSUE_DIFFERENT_CLAIM+COMPATIBLE_CLAIMS,SAME_ISSUE_DIFFERENT_CLAIM,COMPATIBLE_CLAIMS,,FALSE,SAME_SURFACE,DIFFERENT(SPEECH_ACT/ACTION),SAME_ISSUE,SAME(AFFIRMED),NONE,BOTH_UNSPECIFIED,BOTH_UNSPECIFIED,같은 쟁점의 서로 다른 claim으로 상충 근거 없음. basis=ISSUE:SUSPECT(SPEECH_KIM_CHIEF~SUMMON_YEONGGYO),LOW,NO
PR0018,EC0002,EC0052,SAME_ISSUE_DIFFERENT_CLAIM+COMPATIBLE_CLAIMS,SAME_ISSUE_DIFFERENT_CLAIM,COMPATIBLE_CLAIMS,,FALSE,SAME_SURFACE,DIFFERENT(SPEECH_ACT/ACTION),SAME_ISSUE,SAME(AFFIRMED),NONE,BOTH_UNSPECIFIED,BOTH_UNSPECIFIED,같은 쟁점의 서로 다른 claim으로 상충 근거 없음. basis=ISSUE:SUSPECT(SPEECH_KIM_CHIEF~LIST_GUSUN),LOW,NO
PR0019,EC0002,EC0059,DISTINCT,DISTINCT,,,FALSE,DIFFERENT,SAME,DIFFERENT_OR_UNTAGGED,SAME(AFFIRMED),NONE,BOTH_UNSPECIFIED,BOTH_UNSPECIFIED,공유 특징은 있으나 같은 사건·쟁점 근거 없음. basis=DEFAULT,MEDIUM,NO
PR0020,EC0002,EC0065,DISTINCT,DISTINCT,,,FALSE,DIFFERENT,SAME,DIFFERENT_OR_UNTAGGED,SAME(AFFIRMED),NONE,ONE_UNSPECIFIED,BOTH_UNSPECIFIED,공유 특징은 있으나 같은 사건·쟁점 근거 없음. basis=DEFAULT,MEDIUM,NO
PR0021,EC0002,EC0066,DISTINCT,DISTINCT,,,FALSE,DIFFERENT,DIFFERENT(SPEECH_ACT/ACTION),DIFFERENT_OR_UNTAGGED,SAME(AFFIRMED),NONE,ONE_UNSPECIFIED,BOTH_UNSPECIFIED,공유 특징은 있으나 같은 사건·쟁점 근거 없음. basis=DEFAULT,MEDIUM,NO
PR0022,EC0002,EC0067,DISTINCT,DISTINCT,,,FALSE,DIFFERENT,DIFFERENT(SPEECH_ACT/STATE),DIFFERENT_OR_UNTAGGED,SAME(AFFIRMED),NONE,ONE_UNSPECIFIED,BOTH_UNSPECIFIED,공유 특징은 있으나 같은 사건·쟁점 근거 없음. basis=DEFAULT,MEDIUM,NO
PR0023,EC0002,EC0068,DISTINCT,DISTINCT,,,FALSE,DIFFERENT,DIFFERENT(SPEECH_ACT/ACTION),DIFFERENT_OR_UNTAGGED,SAME(AFFIRMED),NONE,ONE_UNSPECIFIED,BOTH_UNSPECIFIED,공유 특징은 있으나 같은 사건·쟁점 근거 없음. basis=DEFAULT,MEDIUM,NO
PR0024,EC0002,EC0069,DISTINCT,DISTINCT,,,FALSE,DIFFERENT,SAME,DIFFERENT_OR_UNTAGGED,SAME(AFFIRMED),NONE,ONE_UNSPECIFIED,BOTH_UNSPECIFIED,공유 특징은 있으나 같은 사건·쟁점 근거 없음. basis=DEFAULT,MEDIUM,NO
PR0025,EC0002,EC0070,DISTINCT,DISTINCT,,,FALSE,DIFFERENT,DIFFERENT(SPEECH_ACT/ACTION),DIFFERENT_OR_UNTAGGED,SAME(AFFIRMED),NONE,ONE_UNSPECIFIED,BOTH_UNSPECIFIED,공유 특징은 있으나 같은 사건·쟁점 근거 없음. basis=DEFAULT,MEDIUM,NO
PR0026,EC0002,EC0079,DISTINCT,DISTINCT,,,FALSE,DIFFERENT,SAME,DIFFERENT_OR_UNTAGGED,SAME(AFFIRMED),NONE,BOTH_UNSPECIFIED,ONE_UNSPECIFIED,공유 특징은 있으나 같은 사건·쟁점 근거 없음. basis=DEFAULT,MEDIUM,NO
PR0027,EC0002,EC0093,DISTINCT,DISTINCT,,,FALSE,DIFFERENT,DIFFERENT(SPEECH_ACT/ACTION),DIFFERENT_OR_UNTAGGED,SAME(AFFIRMED),pair generation only used STRONGLY_SUPPORTED identity (classification does not depend on it): 장교 일행=이진욱 등 장교,ONE_UNSPECIFIED,ONE_UNSPECIFIED,공유 특징은 있으나 같은 사건·쟁점 근거 없음. basis=DEFAULT,MEDIUM,NO
PR0028,EC0002,EC0094,DISTINCT,DISTINCT,,,FALSE,SAME_SURFACE,SAME,DIFFERENT_OR_UNTAGGED,SAME(AFFIRMED),NONE,ONE_UNSPECIFIED,ONE_UNSPECIFIED,공유 특징은 있으나 같은 사건·쟁점 근거 없음. basis=DEFAULT,MEDIUM,NO
PR0029,EC0002,EC0095,DISTINCT,DISTINCT,,,FALSE,SAME_SURFACE,SAME,DIFFERENT_OR_UNTAGGED,SAME(AFFIRMED),NONE,ONE_UNSPECIFIED,ONE_UNSPECIFIED,공유 특징은 있으나 같은 사건·쟁점 근거 없음. basis=DEFAULT,MEDIUM,NO
PR0030,EC0002,EC0099,DISTINCT,DISTINCT,,,FALSE,SAME_SURFACE,SAME,DIFFERENT_OR_UNTAGGED,SAME(AFFIRMED),NONE,ONE_UNSPECIFIED,BOTH_UNSPECIFIED,공유 특징은 있으나 같은 사건·쟁점 근거 없음. basis=DEFAULT,MEDIUM,NO
PR0031,EC0002,EC0101,DISTINCT,DISTINCT,,,FALSE,SAME_SURFACE,SAME,DIFFERENT_OR_UNTAGGED,SAME(AFFIRMED),NONE,ONE_UNSPECIFIED,BOTH_UNSPECIFIED,공유 특징은 있으나 같은 사건·쟁점 근거 없음. basis=DEFAULT,MEDIUM,NO
PR0032,EC0002,EC0105,DISTINCT,DISTINCT,,,FALSE,DIFFERENT,DIFFERENT(SPEECH_ACT/ACTION),DIFFERENT_OR_UNTAGGED,SAME(AFFIRMED),NONE,BOTH_UNSPECIFIED,ONE_UNSPECIFIED,공유 특징은 있으나 같은 사건·쟁점 근거 없음. basis=DEFAULT,MEDIUM,NO
PR0033,EC0002,EC0109,DISTINCT,DISTINCT,,,FALSE,DIFFERENT,SAME,DIFFERENT_OR_UNTAGGED,SAME(AFFIRMED),NONE,BOTH_UNSPECIFIED,BOTH_UNSPECIFIED,공유 특징은 있으나 같은 사건·쟁점 근거 없음. basis=DEFAULT,MEDIUM,NO
PR0034,EC0002,EC0116,DISTINCT,DISTINCT,,,FALSE,DIFFERENT,DIFFERENT(SPEECH_ACT/PURPOSE_ATTRIBUTION),DIFFERENT_OR_UNTAGGED,SAME(AFFIRMED),NONE,BOTH_UNSPECIFIED,BOTH_UNSPECIFIED,공유 특징은 있으나 같은 사건·쟁점 근거 없음. basis=DEFAULT,MEDIUM,NO
PR0035,EC0002,EC0117,SAME_ISSUE_DIFFERENT_CLAIM+COMPATIBLE_CLAIMS,SAME_ISSUE_DIFFERENT_CLAIM,COMPATIBLE_CLAIMS,,FALSE,DIFFERENT,DIFFERENT(SPEECH_ACT/ACTION),SAME_ISSUE,SAME(AFFIRMED),NONE,BOTH_UNSPECIFIED,BOTH_UNSPECIFIED,같은 쟁점의 서로 다른 claim으로 상충 근거 없음. basis=ISSUE:SUSPECT(SPEECH_KIM_CHIEF~LIST_YU),LOW,NO
PR0036,EC0002,EC0118,SAME_ISSUE_DIFFERENT_CLAIM+COMPATIBLE_CLAIMS,SAME_ISSUE_DIFFERENT_CLAIM,COMPATIBLE_CLAIMS,,FALSE,DIFFERENT,DIFFERENT(SPEECH_ACT/ACTION),SAME_ISSUE,SAME(AFFIRMED),NONE,BOTH_UNSPECIFIED,BOTH_UNSPECIFIED,같은 쟁점의 서로 다른 claim으로 상충 근거 없음. basis=ISSUE:SUSPECT(SPEECH_KIM_CHIEF~LIST_SOURCE_SELF),LOW,NO
PR0037,EC0002,EC0121,DISTINCT,DISTINCT,,,FALSE,DIFFERENT,SAME,SAME_ISSUE,SAME(AFFIRMED),NONE,BOTH_UNSPECIFIED,BOTH_UNSPECIFIED,같은 내용(김명신=도적 괴수)의 서로 다른 발화자·발화. basis=ISSUE:SUSPECT(SPEECH_KIM_CHIEF~SPEECH_KIM_CHIEF),MEDIUM,NO
PR0038,EC0002,EC0129,SAME_ISSUE_DIFFERENT_CLAIM+COMPATIBLE_CLAIMS,SAME_ISSUE_DIFFERENT_CLAIM,COMPATIBLE_CLAIMS,,FALSE,SAME_SURFACE,SAME,SAME_ISSUE,SAME(AFFIRMED),"풍각 김상제=김명신 (STRONGLY_SUPPORTED, identity assumption)",BOTH_UNSPECIFIED,BOTH_UNSPECIFIED,basis=ISSUE:SUSPECT(SPEECH_KIM_CHIEF~SUSPICION),LOW,YES
PR0039,EC0002,EC0130,SAME_ISSUE_DIFFERENT_CLAIM+COMPATIBLE_CLAIMS,SAME_ISSUE_DIFFERENT_CLAIM,COMPATIBLE_CLAIMS,,FALSE,DIFFERENT,DIFFERENT(SPEECH_ACT/ACTION),SAME_ISSUE,SAME(AFFIRMED),NONE,BOTH_UNSPECIFIED,BOTH_UNSPECIFIED,같은 쟁점의 서로 다른 claim으로 상충 근거 없음. basis=ISSUE:SUSPECT(SPEECH_KIM_CHIEF~LIST_YU_RECORD),LOW,NO
PR0040,EC0002,EC0137,DISTINCT,DISTINCT,,,FALSE,DIFFERENT,DIFFERENT(SPEECH_ACT/ACTION),DIFFERENT_OR_UNTAGGED,SAME(AFFIRMED),NONE,BOTH_UNSPECIFIED,BOTH_UNSPECIFIED,공유 특징은 있으나 같은 사건·쟁점 근거 없음. basis=DEFAULT,MEDIUM,NO
PR0041,EC0003,EC0004,SAME_UTTERANCE_COMPONENT+TEMPORALLY_RELATED_BUT_DISTINCT,SAME_UTTERANCE_COMPONENT,TEMPORALLY_RELATED_BUT_DISTINCT,,TRUE,SAME_SURFACE,SAME,UNTAGGED,SAME(AFFIRMED),NONE,BOTH_UNSPECIFIED,BOTH_UNSPECIFIED,같은 서술 흐름 안의 다른 단계. 시간 edge는 만들지 않음. basis=CHAIN:KIM_CUSTODY(3~4)+SHARED_UTTERANCE_GROUP SAME_PARENT_PROPOSITION=P0004,MEDIUM,NO
PR0042,EC0003,EC0005,SAME_UTTERANCE_COMPONENT+TEMPORALLY_RELATED_BUT_DISTINCT,SAME_UTTERANCE_COMPONENT,TEMPORALLY_RELATED_BUT_DISTINCT,,TRUE,SAME_SURFACE,SAME,DIFFERENT_OR_UNTAGGED,SAME(AFFIRMED),NONE,BOTH_UNSPECIFIED,BOTH_UNSPECIFIED,같은 서술 흐름 안의 다른 단계. 시간 edge는 만들지 않음. basis=CHAIN:KIM_CUSTODY(3~5)+SHARED_UTTERANCE_GROUP SAME_PARENT_PROPOSITION=P0004,MEDIUM,NO
PR0043,EC0003,EC0055,DISTINCT,DISTINCT,,,FALSE,DIFFERENT,DIFFERENT(ACTION/TEMPORAL_ATTRIBUTION),DIFFERENT_OR_UNTAGGED,SAME(AFFIRMED),NONE,BOTH_UNSPECIFIED; relative(- / 체포·구금 뒤),BOTH_UNSPECIFIED,공유 특징은 있으나 같은 사건·쟁점 근거 없음. basis=DEFAULT,MEDIUM,NO
PR0044,EC0003,EC0089,DISTINCT,DISTINCT,,,FALSE,DIFFERENT,SAME,UNTAGGED,SAME(AFFIRMED),NONE,ONE_UNSPECIFIED,BOTH_UNSPECIFIED,공유 특징은 있으나 같은 사건·쟁점 근거 없음. basis=DEFAULT,MEDIUM,NO
PR0045,EC0003,EC0090,DISTINCT,DISTINCT,,,FALSE,DIFFERENT,DIFFERENT(ACTION/STATE),UNTAGGED,SAME(AFFIRMED),NONE,ONE_UNSPECIFIED,BOTH_UNSPECIFIED,공유 특징은 있으나 같은 사건·쟁점 근거 없음. basis=DEFAULT,MEDIUM,NO
PR0046,EC0003,EC0096,TEMPORALLY_RELATED_BUT_DISTINCT,TEMPORALLY_RELATED_BUT_DISTINCT,,,FALSE,DIFFERENT,DIFFERENT(ACTION/ORDER),UNTAGGED,SAME(AFFIRMED),NONE,ONE_UNSPECIFIED,BOTH_UNSPECIFIED,같은 서술 흐름 안의 다른 단계. 시간 edge는 만들지 않음. basis=CHAIN:KIM_CUSTODY(3~1),MEDIUM,NO
PR0047,EC0003,EC0097,SAME_OCCURRENCE_CANDIDATE,SAME_OCCURRENCE_CANDIDATE,,,FALSE,DIFFERENT,SAME,UNTAGGED,SAME(AFFIRMED),pair generation only used STRONGLY_SUPPORTED identity (classification does not depend on it): 병사=이광섭,ONE_UNSPECIFIED,BOTH_UNSPECIFIED,"김명신 체포: 병영이 잡음(이형원) vs 장교 일행이 김명신·김갑득을 잡아옴(이진욱, 3월 4일). basis=PAIR_OVERRIDE",MEDIUM,YES
PR0048,EC0003,EC0098,TEMPORALLY_RELATED_BUT_DISTINCT,TEMPORALLY_RELATED_BUT_DISTINCT,,,FALSE,DIFFERENT,SAME,UNTAGGED,SAME(AFFIRMED),NONE,ONE_UNSPECIFIED,ONE_UNSPECIFIED,같은 서술 흐름 안의 다른 단계. 시간 edge는 만들지 않음. basis=CHAIN:KIM_CUSTODY(3~2),MEDIUM,NO
PR0049,EC0003,EC0100,TEMPORALLY_RELATED_BUT_DISTINCT,TEMPORALLY_RELATED_BUT_DISTINCT,,,FALSE,DIFFERENT,DIFFERENT(ACTION/SPEECH_ACT),UNTAGGED,SAME(AFFIRMED),pair generation only used STRONGLY_SUPPORTED identity (classification does not depend on it): 풍각의 상주=김명신,ONE_UNSPECIFIED,BOTH_UNSPECIFIED,같은 서술 흐름 안의 다른 단계. 시간 edge는 만들지 않음. basis=CHAIN:KIM_CUSTODY(3~2.2),MEDIUM,NO
PR0050,EC0003,EC0104,DISTINCT,DISTINCT,,,FALSE,DIFFERENT,SAME,UNTAGGED,SAME(AFFIRMED),NONE,BOTH_UNSPECIFIED,BOTH_UNSPECIFIED,공유 특징은 있으나 같은 사건·쟁점 근거 없음. basis=DEFAULT,MEDIUM,NO
PR0051,EC0004,EC0005,SAME_UTTERANCE_COMPONENT+TEMPORALLY_RELATED_BUT_DISTINCT,SAME_UTTERANCE_COMPONENT,TEMPORALLY_RELATED_BUT_DISTINCT,,TRUE,SAME_SURFACE,SAME,DIFFERENT_OR_UNTAGGED,SAME(AFFIRMED),NONE,BOTH_UNSPECIFIED,BOTH_UNSPECIFIED,같은 서술 흐름 안의 다른 단계. 시간 edge는 만들지 않음. basis=CHAIN:KIM_CUSTODY(4~5)+SHARED_UTTERANCE_GROUP SAME_PARENT_PROPOSITION=P0004,MEDIUM,NO
PR0052,EC0004,EC0106,DISTINCT,DISTINCT,,,FALSE,DIFFERENT,DIFFERENT(ACTION/STATE),UNTAGGED,SAME(AFFIRMED),NONE,BOTH_UNSPECIFIED; relative(- / 신문 뒤),ONE_UNSPECIFIED,공유 특징은 있으나 같은 사건·쟁점 근거 없음. basis=DEFAULT,MEDIUM,NO
PR0053,EC0005,EC0008,DISTINCT,DISTINCT,,,FALSE,DIFFERENT,DIFFERENT(ACTION/TEMPORAL_ATTRIBUTION),DIFFERENT_OR_UNTAGGED,SAME(AFFIRMED),NONE,BOTH_UNSPECIFIED; relative(- / 구금·조사 뒤),BOTH_UNSPECIFIED,공유 특징은 있으나 같은 사건·쟁점 근거 없음. basis=DEFAULT,MEDIUM,NO
PR0054,EC0005,EC0009,SAME_ISSUE_DIFFERENT_CLAIM+COMPATIBLE_CLAIMS,SAME_ISSUE_DIFFERENT_CLAIM,COMPATIBLE_CLAIMS,,FALSE,DIFFERENT,SAME,SAME_ISSUE,SAME(AFFIRMED),NONE,BOTH_UNSPECIFIED,BOTH_UNSPECIFIED,같은 쟁점의 서로 다른 claim으로 상충 근거 없음. basis=ISSUE:TREATMENT(INVESTIGATED~OPENSET_PUNISHED),LOW,NO
PR0055,EC0005,EC0010,SAME_ISSUE_DIFFERENT_CLAIM+COMPATIBLE_CLAIMS,SAME_ISSUE_DIFFERENT_CLAIM,COMPATIBLE_CLAIMS,,FALSE,DIFFERENT,DIFFERENT(ACTION/STATE),SAME_ISSUE,SAME(AFFIRMED),NONE,BOTH_UNSPECIFIED,BOTH_UNSPECIFIED,같은 쟁점의 서로 다른 claim으로 상충 근거 없음. basis=ISSUE:TREATMENT(INVESTIGATED~INNOCENCE),LOW,NO
PR0056,EC0005,EC0056,SAME_ISSUE_DIFFERENT_CLAIM+COMPATIBLE_CLAIMS,SAME_ISSUE_DIFFERENT_CLAIM,COMPATIBLE_CLAIMS,,FALSE,DIFFERENT,SAME,SAME_ISSUE,SAME(AFFIRMED),NONE,BOTH_UNSPECIFIED,BOTH_UNSPECIFIED,같은 쟁점의 서로 다른 claim으로 상충 근거 없음. basis=ISSUE:TREATMENT(INVESTIGATED~OPENSET_PUNISHED),LOW,NO
PR0057,EC0005,EC0093,DISTINCT,DISTINCT,,,FALSE,DIFFERENT,SAME,DIFFERENT_OR_UNTAGGED,SAME(AFFIRMED),NONE,ONE_UNSPECIFIED,ONE_UNSPECIFIED,공유 특징은 있으나 같은 사건·쟁점 근거 없음. basis=DEFAULT,MEDIUM,NO
PR0058,EC0005,EC0105,DISTINCT,DISTINCT,,,FALSE,DIFFERENT,SAME,DIFFERENT_OR_UNTAGGED,SAME(AFFIRMED),NONE,BOTH_UNSPECIFIED,ONE_UNSPECIFIED,공유 특징은 있으나 같은 사건·쟁점 근거 없음. basis=DEFAULT,MEDIUM,NO
PR0059,EC0005,EC0122,DISTINCT,DISTINCT,,,FALSE,DIFFERENT,DIFFERENT(ACTION/SPEECH_ACT),DIFFERENT_OR_UNTAGGED,SAME(AFFIRMED),NONE,BOTH_UNSPECIFIED,BOTH_UNSPECIFIED,공유 특징은 있으나 같은 사건·쟁점 근거 없음. basis=DEFAULT,MEDIUM,NO
PR0060,EC0005,EC0123,DISTINCT,DISTINCT,,,FALSE,DIFFERENT,SAME,DIFFERENT_OR_UNTAGGED,SAME(AFFIRMED),NONE,BOTH_UNSPECIFIED,BOTH_UNSPECIFIED,공유 특징은 있으나 같은 사건·쟁점 근거 없음. basis=DEFAULT,MEDIUM,NO
PR0061,EC0005,EC0124,DISTINCT,DISTINCT,,,FALSE,DIFFERENT,DIFFERENT(ACTION/CAUSE_ATTRIBUTION),DIFFERENT_OR_UNTAGGED,SAME(AFFIRMED),NONE,BOTH_UNSPECIFIED,BOTH_UNSPECIFIED,공유 특징은 있으나 같은 사건·쟁점 근거 없음. basis=DEFAULT,MEDIUM,NO
PR0062,EC0005,EC0146,SAME_ISSUE_DIFFERENT_CLAIM+COMPATIBLE_CLAIMS,SAME_ISSUE_DIFFERENT_CLAIM,COMPATIBLE_CLAIMS,,FALSE,DIFFERENT,SAME,SAME_ISSUE,OPPOSITE(AFFIRMED/NEGATED),NONE,BOTH_UNSPECIFIED,BOTH_UNSPECIFIED,basis=ISSUE:TREATMENT(INVESTIGATED~NOT_BEATEN),MEDIUM,NO
PR0063,EC0005,EC0147,SAME_ISSUE_DIFFERENT_CLAIM+REVIEW_REQUIRED,SAME_ISSUE_DIFFERENT_CLAIM,REVIEW_REQUIRED,CONTRADICTORY_IF_JOSA_EQUALS_SINMUN,FALSE,DIFFERENT,SAME,SAME_ISSUE,OPPOSITE(AFFIRMED/NEGATED),NONE,BOTH_UNSPECIFIED,BOTH_UNSPECIFIED,'조사함'과 '평범한 신문도 받지 않음'은 용어 범위가 다를 수 있음. basis=ISSUE:TREATMENT(INVESTIGATED~NOT_INTERROGATED),LOW,YES
PR0064,EC0006,EC0057,COMPATIBLE_CLAIMS,COMPATIBLE_CLAIMS,,,FALSE,SAME_SURFACE,SAME,SAME_ISSUE,SAME(NEGATED),NONE,BOTH_UNSPECIFIED,BOTH_UNSPECIFIED,둘 다 장물을 찾지 못함(NEGATED)으로 일치. basis=ISSUE:STOLEN_GOODS(NOT_FOUND~NOT_FOUND),HIGH,NO
PR0065,EC0006,EC0136,SAME_ISSUE_DIFFERENT_CLAIM+COMPATIBLE_CLAIMS,SAME_ISSUE_DIFFERENT_CLAIM,COMPATIBLE_CLAIMS,,FALSE,DIFFERENT,SAME,SAME_ISSUE,OPPOSITE(AFFIRMED/NEGATED),NONE,BOTH_UNSPECIFIED,BOTH_UNSPECIFIED,같은 쟁점의 서로 다른 claim으로 상충 근거 없음. basis=ISSUE:STOLEN_GOODS(NOT_FOUND~JUDGED_WITHOUT),LOW,NO
PR0066,EC0006,EC0139,SAME_ISSUE_DIFFERENT_CLAIM+COMPATIBLE_CLAIMS,SAME_ISSUE_DIFFERENT_CLAIM,COMPATIBLE_CLAIMS,,FALSE,DIFFERENT,SAME,SAME_ISSUE,SAME(NEGATED),NONE,BOTH_UNSPECIFIED,BOTH_UNSPECIFIED,같은 쟁점의 서로 다른 claim으로 상충 근거 없음. basis=ISSUE:STOLEN_GOODS(NOT_FOUND~NOT_SECURED),LOW,NO
PR0067,EC0007,EC0008,SAME_UTTERANCE_COMPONENT+DISTINCT,SAME_UTTERANCE_COMPONENT,DISTINCT,,TRUE,SAME_SURFACE,DIFFERENT(DEATH/TEMPORAL_ATTRIBUTION),SAME_ISSUE,SAME(AFFIRMED),NONE,BOTH_UNSPECIFIED; relative(- / 구금·조사 뒤),BOTH_UNSPECIFIED,occurrence/cause/time/place 중 서로 다른 facet이거나 다른 인물 — 같은 event로 묶지 않음. basis=ISSUE:DEATH(KIM_OCC~KIM_TIME)+SHARED_UTTERANCE_GROUP SAME_PARENT_PROPOSITION=P0006,HIGH,NO
PR0068,EC0007,EC0036,SAME_OCCURRENCE_CANDIDATE,SAME_OCCURRENCE_CANDIDATE,,,FALSE,SAME_SURFACE,SAME,SAME_ISSUE,SAME(AFFIRMED),NONE,BOTH_UNSPECIFIED,BOTH_UNSPECIFIED,서로 다른 사료가 각각 김명신 사망을 기록. basis=ISSUE:DEATH(KIM_OCC~KIM_OCC),HIGH,NO
PR0069,EC0007,EC0037,DISTINCT,DISTINCT,,,FALSE,SAME_SURFACE,DIFFERENT(DEATH/PLACE_ATTRIBUTION),RELATED_FACET(KIM_OCC/KIM_PLACE),SAME(AFFIRMED),NONE,BOTH_UNSPECIFIED,ONE_UNSPECIFIED,occurrence/cause/time/place 중 서로 다른 facet이거나 다른 인물 — 같은 event로 묶지 않음. basis=ISSUE:DEATH(KIM_OCC~KIM_PLACE),HIGH,NO
PR0070,EC0007,EC0038,DISTINCT,DISTINCT,,,FALSE,SAME_SURFACE,DIFFERENT(DEATH/CAUSE_ATTRIBUTION),RELATED_FACET(KIM_OCC/KIM_CAUSE_CHARGE),SAME(AFFIRMED),NONE,BOTH_UNSPECIFIED,BOTH_UNSPECIFIED,occurrence/cause/time/place 중 서로 다른 facet이거나 다른 인물 — 같은 event로 묶지 않음. basis=ISSUE:DEATH(KIM_OCC~KIM_CAUSE_CHARGE),HIGH,NO
PR0071,EC0007,EC0039,TEMPORALLY_RELATED_BUT_DISTINCT,TEMPORALLY_RELATED_BUT_DISTINCT,,,FALSE,SAME_ENTITY,SAME,SAME_ISSUE,SAME(AFFIRMED),NONE,BOTH_UNSPECIFIED,BOTH_UNSPECIFIED,다른 인물의 사망. 선후는 EC0040이 말할 뿐 edge는 만들지 않음. basis=ISSUE:DEATH(KIM_OCC~WIFE_OCC),MEDIUM,NO
PR0072,EC0007,EC0040,DISTINCT,DISTINCT,,,FALSE,SAME_ENTITY,DIFFERENT(DEATH/TEMPORAL_ATTRIBUTION),RELATED_FACET(KIM_OCC/WIFE_TIME),SAME(AFFIRMED),NONE,BOTH_UNSPECIFIED; relative(- / 김명신이 죽은 뒤),BOTH_UNSPECIFIED,occurrence/cause/time/place 중 서로 다른 facet이거나 다른 인물 — 같은 event로 묶지 않음. basis=ISSUE:DEATH(KIM_OCC~WIFE_TIME),HIGH,NO
PR0073,EC0007,EC0053,SAME_OCCURRENCE_CANDIDATE,SAME_OCCURRENCE_CANDIDATE,,,FALSE,SAME_SURFACE,SAME,SAME_ISSUE,SAME(AFFIRMED),NONE,BOTH_UNSPECIFIED,BOTH_UNSPECIFIED,서로 다른 사료가 각각 김명신 사망을 기록. basis=ISSUE:DEATH(KIM_OCC~KIM_OCC),HIGH,NO
PR0074,EC0007,EC0054,DISTINCT,DISTINCT,,,FALSE,SAME_SURFACE,DIFFERENT(DEATH/CAUSE_ATTRIBUTION),RELATED_FACET(KIM_OCC/KIM_CAUSE_BYEONG),SAME(AFFIRMED),NONE,BOTH_UNSPECIFIED,BOTH_UNSPECIFIED,occurrence/cause/time/place 중 서로 다른 facet이거나 다른 인물 — 같은 event로 묶지 않음. basis=ISSUE:DEATH(KIM_OCC~KIM_CAUSE_BYEONG),HIGH,NO
PR0075,EC0007,EC0055,DISTINCT,DISTINCT,,,FALSE,SAME_SURFACE,DIFFERENT(DEATH/TEMPORAL_ATTRIBUTION),RELATED_FACET(KIM_OCC/KIM_TIME),SAME(AFFIRMED),NONE,BOTH_UNSPECIFIED; relative(- / 체포·구금 뒤),BOTH_UNSPECIFIED,occurrence/cause/time/place 중 서로 다른 facet이거나 다른 인물 — 같은 event로 묶지 않음. basis=ISSUE:DEATH(KIM_OCC~KIM_TIME),HIGH,NO
PR0076,EC0007,EC0138,DISTINCT,DISTINCT,,,FALSE,SAME_SURFACE,DIFFERENT(DEATH/CAUSE_ATTRIBUTION),RELATED_FACET(KIM_OCC/KIM_CAUSE_JILBYEONG),SAME(AFFIRMED),NONE,BOTH_UNSPECIFIED,BOTH_UNSPECIFIED,occurrence/cause/time/place 중 서로 다른 facet이거나 다른 인물 — 같은 event로 묶지 않음. basis=ISSUE:DEATH(KIM_OCC~KIM_CAUSE_JILBYEONG),HIGH,NO
PR0077,EC0007,EC0144,DISTINCT,DISTINCT,,,FALSE,SAME_SURFACE,DIFFERENT(DEATH/CAUSE_ATTRIBUTION),RELATED_FACET(KIM_OCC/KIM_CAUSE_EPIDEMIC),SAME(AFFIRMED),NONE,BOTH_UNSPECIFIED,BOTH_UNSPECIFIED,occurrence/cause/time/place 중 서로 다른 facet이거나 다른 인물 — 같은 event로 묶지 않음. basis=ISSUE:DEATH(KIM_OCC~KIM_CAUSE_EPIDEMIC),HIGH,NO
PR0078,EC0007,EC0145,DISTINCT,DISTINCT,,,FALSE,SAME_ENTITY,DIFFERENT(DEATH/CAUSE_ATTRIBUTION),RELATED_FACET(KIM_OCC/WIFE_CAUSE_EPIDEMIC),SAME(AFFIRMED),NONE,BOTH_UNSPECIFIED,BOTH_UNSPECIFIED,occurrence/cause/time/place 중 서로 다른 facet이거나 다른 인물 — 같은 event로 묶지 않음. basis=ISSUE:DEATH(KIM_OCC~WIFE_CAUSE_EPIDEMIC),HIGH,NO
PR0079,EC0008,EC0036,DISTINCT,DISTINCT,,,FALSE,SAME_SURFACE,DIFFERENT(TEMPORAL_ATTRIBUTION/DEATH),RELATED_FACET(KIM_TIME/KIM_OCC),SAME(AFFIRMED),NONE,BOTH_UNSPECIFIED; relative(구금·조사 뒤 / -),BOTH_UNSPECIFIED,occurrence/cause/time/place 중 서로 다른 facet이거나 다른 인물 — 같은 event로 묶지 않음. basis=ISSUE:DEATH(KIM_TIME~KIM_OCC),HIGH,NO
PR0080,EC0008,EC0037,DISTINCT,DISTINCT,,,FALSE,SAME_SURFACE,DIFFERENT(TEMPORAL_ATTRIBUTION/PLACE_ATTRIBUTION),RELATED_FACET(KIM_TIME/KIM_PLACE),SAME(AFFIRMED),NONE,BOTH_UNSPECIFIED; relative(구금·조사 뒤 / -),ONE_UNSPECIFIED,occurrence/cause/time/place 중 서로 다른 facet이거나 다른 인물 — 같은 event로 묶지 않음. basis=ISSUE:DEATH(KIM_TIME~KIM_PLACE),HIGH,NO
PR0081,EC0008,EC0038,DISTINCT,DISTINCT,,,FALSE,SAME_SURFACE,DIFFERENT(TEMPORAL_ATTRIBUTION/CAUSE_ATTRIBUTION),RELATED_FACET(KIM_TIME/KIM_CAUSE_CHARGE),SAME(AFFIRMED),NONE,BOTH_UNSPECIFIED; relative(구금·조사 뒤 / -),BOTH_UNSPECIFIED,occurrence/cause/time/place 중 서로 다른 facet이거나 다른 인물 — 같은 event로 묶지 않음. basis=ISSUE:DEATH(KIM_TIME~KIM_CAUSE_CHARGE),HIGH,NO
PR0082,EC0008,EC0039,DISTINCT,DISTINCT,,,FALSE,SAME_ENTITY,DIFFERENT(TEMPORAL_ATTRIBUTION/DEATH),RELATED_FACET(KIM_TIME/WIFE_OCC),SAME(AFFIRMED),NONE,BOTH_UNSPECIFIED; relative(구금·조사 뒤 / -),BOTH_UNSPECIFIED,occurrence/cause/time/place 중 서로 다른 facet이거나 다른 인물 — 같은 event로 묶지 않음. basis=ISSUE:DEATH(KIM_TIME~WIFE_OCC),HIGH,NO
PR0083,EC0008,EC0040,DISTINCT,DISTINCT,,,FALSE,SAME_ENTITY,SAME,RELATED_FACET(KIM_TIME/WIFE_TIME),SAME(AFFIRMED),NONE,BOTH_UNSPECIFIED; relative(구금·조사 뒤 / 김명신이 죽은 뒤),BOTH_UNSPECIFIED,occurrence/cause/time/place 중 서로 다른 facet이거나 다른 인물 — 같은 event로 묶지 않음. basis=ISSUE:DEATH(KIM_TIME~WIFE_TIME),HIGH,NO
PR0084,EC0008,EC0053,DISTINCT,DISTINCT,,,FALSE,SAME_SURFACE,DIFFERENT(TEMPORAL_ATTRIBUTION/DEATH),RELATED_FACET(KIM_TIME/KIM_OCC),SAME(AFFIRMED),NONE,BOTH_UNSPECIFIED; relative(구금·조사 뒤 / -),BOTH_UNSPECIFIED,occurrence/cause/time/place 중 서로 다른 facet이거나 다른 인물 — 같은 event로 묶지 않음. basis=ISSUE:DEATH(KIM_TIME~KIM_OCC),HIGH,NO
PR0085,EC0008,EC0054,DISTINCT,DISTINCT,,,FALSE,SAME_SURFACE,DIFFERENT(TEMPORAL_ATTRIBUTION/CAUSE_ATTRIBUTION),RELATED_FACET(KIM_TIME/KIM_CAUSE_BYEONG),SAME(AFFIRMED),NONE,BOTH_UNSPECIFIED; relative(구금·조사 뒤 / -),BOTH_UNSPECIFIED,occurrence/cause/time/place 중 서로 다른 facet이거나 다른 인물 — 같은 event로 묶지 않음. basis=ISSUE:DEATH(KIM_TIME~KIM_CAUSE_BYEONG),HIGH,NO
PR0086,EC0008,EC0055,COMPATIBLE_CLAIMS,COMPATIBLE_CLAIMS,,,FALSE,SAME_SURFACE,SAME,SAME_ISSUE,SAME(AFFIRMED),NONE,BOTH_UNSPECIFIED; relative(구금·조사 뒤 / 체포·구금 뒤),BOTH_UNSPECIFIED,'구금·조사 뒤' vs '체포·구금 뒤': 같은 시간 귀속의 다른 표현. 시간 edge는 만들지 않음. basis=ISSUE:DEATH(KIM_TIME~KIM_TIME),MEDIUM,NO
PR0087,EC0008,EC0138,DISTINCT,DISTINCT,,,FALSE,SAME_SURFACE,DIFFERENT(TEMPORAL_ATTRIBUTION/CAUSE_ATTRIBUTION),RELATED_FACET(KIM_TIME/KIM_CAUSE_JILBYEONG),SAME(AFFIRMED),NONE,BOTH_UNSPECIFIED; relative(구금·조사 뒤 / -),BOTH_UNSPECIFIED,occurrence/cause/time/place 중 서로 다른 facet이거나 다른 인물 — 같은 event로 묶지 않음. basis=ISSUE:DEATH(KIM_TIME~KIM_CAUSE_JILBYEONG),HIGH,NO
PR0088,EC0008,EC0144,DISTINCT,DISTINCT,,,FALSE,SAME_SURFACE,DIFFERENT(TEMPORAL_ATTRIBUTION/CAUSE_ATTRIBUTION),RELATED_FACET(KIM_TIME/KIM_CAUSE_EPIDEMIC),SAME(AFFIRMED),NONE,BOTH_UNSPECIFIED; relative(구금·조사 뒤 / -),BOTH_UNSPECIFIED,occurrence/cause/time/place 중 서로 다른 facet이거나 다른 인물 — 같은 event로 묶지 않음. basis=ISSUE:DEATH(KIM_TIME~KIM_CAUSE_EPIDEMIC),HIGH,NO
PR0089,EC0008,EC0145,DISTINCT,DISTINCT,,,FALSE,SAME_ENTITY,DIFFERENT(TEMPORAL_ATTRIBUTION/CAUSE_ATTRIBUTION),RELATED_FACET(KIM_TIME/WIFE_CAUSE_EPIDEMIC),SAME(AFFIRMED),NONE,BOTH_UNSPECIFIED; relative(구금·조사 뒤 / -),BOTH_UNSPECIFIED,occurrence/cause/time/place 중 서로 다른 facet이거나 다른 인물 — 같은 event로 묶지 않음. basis=ISSUE:DEATH(KIM_TIME~WIFE_CAUSE_EPIDEMIC),HIGH,NO
PR0090,EC0008,EC0147,DISTINCT,DISTINCT,,,FALSE,SAME_SURFACE,DIFFERENT(TEMPORAL_ATTRIBUTION/ACTION),DIFFERENT_OR_UNTAGGED,OPPOSITE(AFFIRMED/NEGATED),NONE,BOTH_UNSPECIFIED; relative(구금·조사 뒤 / -),BOTH_UNSPECIFIED,공유 특징은 있으나 같은 사건·쟁점 근거 없음. basis=DEFAULT,MEDIUM,NO
PR0091,EC0009,EC0010,SAME_UTTERANCE_COMPONENT+COMPATIBLE_CLAIMS,SAME_UTTERANCE_COMPONENT,COMPATIBLE_CLAIMS,,TRUE,DIFFERENT,DIFFERENT(ACTION/STATE),SAME_ISSUE,SAME(AFFIRMED),NONE,BOTH_UNSPECIFIED,BOTH_UNSPECIFIED,같은 쟁점의 서로 다른 claim으로 상충 근거 없음. basis=ISSUE:TREATMENT(OPENSET_PUNISHED~INNOCENCE)+SHARED_UTTERANCE_GROUP SAME_PARENT_PROPOSITION=P0007,LOW,NO
PR0092,EC0009,EC0056,SAME_OCCURRENCE_CANDIDATE,SAME_OCCURRENCE_CANDIDATE,,,FALSE,DIFFERENT,SAME,SAME_ISSUE,SAME(AFFIRMED),NONE,BOTH_UNSPECIFIED,BOTH_UNSPECIFIED,평민들/여러 죄수의 형벌: 같은 피해를 말할 수 있으나 두 집합 모두 비열거라 구성원 대응 불가. basis=ISSUE:TREATMENT(OPENSET_PUNISHED~OPENSET_PUNISHED),LOW,YES
PR0093,EC0009,EC0146,REVIEW_REQUIRED,REVIEW_REQUIRED,,CONTRADICTORY_IF_OPEN_SET_MEMBER,FALSE,DIFFERENT,SAME,SAME_ISSUE,OPPOSITE(AFFIRMED/NEGATED),NONE,BOTH_UNSPECIFIED,BOTH_UNSPECIFIED,형벌 받은 집단은 비열거 open set — 김명신의 구성원 여부를 추론하지 않음. basis=ISSUE:TREATMENT(OPENSET_PUNISHED~NOT_BEATEN),LOW,YES
PR0094,EC0009,EC0147,REVIEW_REQUIRED,REVIEW_REQUIRED,,CONTRADICTORY_IF_OPEN_SET_MEMBER,FALSE,DIFFERENT,SAME,SAME_ISSUE,OPPOSITE(AFFIRMED/NEGATED),NONE,BOTH_UNSPECIFIED,BOTH_UNSPECIFIED,형벌 받은 집단은 비열거 open set — 김명신의 구성원 여부를 추론하지 않음. basis=ISSUE:TREATMENT(OPENSET_PUNISHED~NOT_INTERROGATED),LOW,YES
PR0095,EC0010,EC0056,SAME_ISSUE_DIFFERENT_CLAIM+COMPATIBLE_CLAIMS,SAME_ISSUE_DIFFERENT_CLAIM,COMPATIBLE_CLAIMS,,FALSE,DIFFERENT,DIFFERENT(STATE/ACTION),SAME_ISSUE,SAME(AFFIRMED),NONE,BOTH_UNSPECIFIED,BOTH_UNSPECIFIED,같은 쟁점의 서로 다른 claim으로 상충 근거 없음. basis=ISSUE:TREATMENT(INNOCENCE~OPENSET_PUNISHED),LOW,NO
PR0096,EC0010,EC0146,SAME_ISSUE_DIFFERENT_CLAIM+COMPATIBLE_CLAIMS,SAME_ISSUE_DIFFERENT_CLAIM,COMPATIBLE_CLAIMS,,FALSE,DIFFERENT,DIFFERENT(STATE/ACTION),SAME_ISSUE,OPPOSITE(AFFIRMED/NEGATED),NONE,BOTH_UNSPECIFIED,BOTH_UNSPECIFIED,같은 쟁점의 서로 다른 claim으로 상충 근거 없음. basis=ISSUE:TREATMENT(INNOCENCE~NOT_BEATEN),LOW,NO
PR0097,EC0010,EC0147,SAME_ISSUE_DIFFERENT_CLAIM+COMPATIBLE_CLAIMS,SAME_ISSUE_DIFFERENT_CLAIM,COMPATIBLE_CLAIMS,,FALSE,DIFFERENT,DIFFERENT(STATE/ACTION),SAME_ISSUE,OPPOSITE(AFFIRMED/NEGATED),NONE,BOTH_UNSPECIFIED,BOTH_UNSPECIFIED,같은 쟁점의 서로 다른 claim으로 상충 근거 없음. basis=ISSUE:TREATMENT(INNOCENCE~NOT_INTERROGATED),LOW,NO
PR0098,EC0011,EC0016,DISTINCT,DISTINCT,,,FALSE,DIFFERENT,SAME,DIFFERENT_OR_UNTAGGED,SAME(AFFIRMED),NONE,BOTH_UNSPECIFIED,BOTH_UNSPECIFIED,공유 특징은 있으나 같은 사건·쟁점 근거 없음. basis=DEFAULT,MEDIUM,NO
PR0099,EC0011,EC0025,SAME_ISSUE_DIFFERENT_CLAIM+COMPATIBLE_CLAIMS,SAME_ISSUE_DIFFERENT_CLAIM,COMPATIBLE_CLAIMS,,FALSE,SAME_ENTITY,SAME,SAME_ISSUE,SAME(AFFIRMED),NONE,BOTH_UNSPECIFIED,BOTH_UNSPECIFIED,같은 쟁점의 서로 다른 claim으로 상충 근거 없음. basis=ISSUE:MOTIVE(ENMITY~NEIGHBOR),LOW,NO
PR0100,EC0011,EC0026,SAME_ISSUE_DIFFERENT_CLAIM+COMPATIBLE_CLAIMS,SAME_ISSUE_DIFFERENT_CLAIM,COMPATIBLE_CLAIMS,,FALSE,SAME_ENTITY,DIFFERENT(STATE/ACTION),SAME_ISSUE,SAME(AFFIRMED),NONE,BOTH_UNSPECIFIED,BOTH_UNSPECIFIED,같은 쟁점의 서로 다른 claim으로 상충 근거 없음. basis=ISSUE:MOTIVE(ENMITY~CRITICISM),LOW,NO
PR0101,EC0011,EC0027,COMPATIBLE_CLAIMS,COMPATIBLE_CLAIMS,,,FALSE,SAME_ENTITY,SAME,SAME_ISSUE,SAME(AFFIRMED),NONE,BOTH_UNSPECIFIED,BOTH_UNSPECIFIED,구순·김명신 사이의 원한(응답자들) vs 구순의 앙심(이조원): 일치 방향. basis=ISSUE:MOTIVE(ENMITY~ENMITY),MEDIUM,NO
PR0102,EC0011,EC0028,SAME_ISSUE_DIFFERENT_CLAIM+COMPATIBLE_CLAIMS,SAME_ISSUE_DIFFERENT_CLAIM,COMPATIBLE_CLAIMS,,FALSE,SAME_ENTITY,DIFFERENT(STATE/CAUSE_ATTRIBUTION),SAME_ISSUE,SAME(AFFIRMED),NONE,BOTH_UNSPECIFIED,BOTH_UNSPECIFIED,같은 쟁점의 서로 다른 claim으로 상충 근거 없음. basis=ISSUE:MOTIVE(ENMITY~GRUDGE_CAUSE),LOW,NO
PR0103,EC0011,EC0029,SAME_ISSUE_DIFFERENT_CLAIM+COMPATIBLE_CLAIMS,SAME_ISSUE_DIFFERENT_CLAIM,COMPATIBLE_CLAIMS,,FALSE,SAME_ENTITY,SAME,SAME_ISSUE,SAME(AFFIRMED),NONE,BOTH_UNSPECIFIED,BOTH_UNSPECIFIED,같은 쟁점의 서로 다른 claim으로 상충 근거 없음. basis=ISSUE:MOTIVE(ENMITY~INTENT),LOW,NO
PR0104,EC0011,EC0046,DISTINCT,DISTINCT,,,FALSE,SAME_ENTITY,SAME,DIFFERENT_OR_UNTAGGED,OPPOSITE(AFFIRMED/NEGATED),NONE,BOTH_UNSPECIFIED,BOTH_UNSPECIFIED,공유 특징은 있으나 같은 사건·쟁점 근거 없음. basis=DEFAULT,MEDIUM,NO
PR0105,EC0011,EC0071,SAME_ISSUE_DIFFERENT_CLAIM+COMPATIBLE_CLAIMS,SAME_ISSUE_DIFFERENT_CLAIM,COMPATIBLE_CLAIMS,,FALSE,SAME_ENTITY,SAME,SAME_ISSUE,SAME(AFFIRMED),NONE,BOTH_UNSPECIFIED,BOTH_UNSPECIFIED,같은 쟁점의 서로 다른 claim으로 상충 근거 없음. basis=ISSUE:MOTIVE(ENMITY~INTIMATE),LOW,NO
PR0106,EC0011,EC0072,SAME_ISSUE_DIFFERENT_CLAIM+COMPATIBLE_CLAIMS,SAME_ISSUE_DIFFERENT_CLAIM,COMPATIBLE_CLAIMS,,FALSE,SAME_ENTITY,DIFFERENT(STATE/ACTION),SAME_ISSUE,SAME(AFFIRMED),NONE,ONE_UNSPECIFIED,BOTH_UNSPECIFIED,같은 쟁점의 서로 다른 claim으로 상충 근거 없음. basis=ISSUE:MOTIVE(ENMITY~LETTER),LOW,NO
PR0107,EC0011,EC0073,SAME_ISSUE_DIFFERENT_CLAIM+COMPATIBLE_CLAIMS,SAME_ISSUE_DIFFERENT_CLAIM,COMPATIBLE_CLAIMS,,FALSE,SAME_ENTITY,SAME,SAME_ISSUE,SAME(AFFIRMED),NONE,ONE_UNSPECIFIED; relative(- / 그 뒤),BOTH_UNSPECIFIED,같은 쟁점의 서로 다른 claim으로 상충 근거 없음. basis=ISSUE:MOTIVE(ENMITY~BREAK),LOW,NO
PR0108,EC0012,EC0013,SAME_UTTERANCE_COMPONENT+COMPATIBLE_CLAIMS,SAME_UTTERANCE_COMPONENT,COMPATIBLE_CLAIMS,,FALSE,SAME_SURFACE,SAME,DIFFERENT_OR_UNTAGGED,SAME(AFFIRMED),NONE,BOTH_UNSPECIFIED,BOTH_UNSPECIFIED,basis=PAIR_OVERRIDE,MEDIUM,NO
PR0109,EC0012,EC0014,DISTINCT,DISTINCT,,,FALSE,SAME_SURFACE,SAME,DIFFERENT_OR_UNTAGGED,SAME(AFFIRMED),NONE,BOTH_UNSPECIFIED,BOTH_UNSPECIFIED,공유 특징은 있으나 같은 사건·쟁점 근거 없음. basis=DEFAULT,MEDIUM,NO
PR0110,EC0012,EC0015,DISTINCT,DISTINCT,,,FALSE,SAME_SURFACE,SAME,DIFFERENT_OR_UNTAGGED,SAME(AFFIRMED),NONE,BOTH_UNSPECIFIED,BOTH_UNSPECIFIED,공유 특징은 있으나 같은 사건·쟁점 근거 없음. basis=DEFAULT,MEDIUM,NO
PR0111,EC0012,EC0022,SAME_ISSUE_DIFFERENT_CLAIM+COMPATIBLE_CLAIMS,SAME_ISSUE_DIFFERENT_CLAIM,COMPATIBLE_CLAIMS,,FALSE,DIFFERENT,DIFFERENT(ACTION/STATE),SAME_ISSUE,OPPOSITE(AFFIRMED/NEGATED),NONE,BOTH_UNSPECIFIED,BOTH_UNSPECIFIED,basis=ISSUE:THEFT_REALITY(FAB~NEG),MEDIUM,NO
PR0112,EC0012,EC0024,SAME_ISSUE_DIFFERENT_CLAIM+COMPATIBLE_CLAIMS,SAME_ISSUE_DIFFERENT_CLAIM,COMPATIBLE_CLAIMS,,FALSE,SAME_ENTITY,SAME,SAME_ISSUE,MIXED(AFFIRMED/DOUBTED),NONE,BOTH_UNSPECIFIED,BOTH_UNSPECIFIED,basis=ISSUE:THEFT_REALITY(FAB~DOUBT),MEDIUM,NO
PR0113,EC0012,EC0030,SAME_OCCURRENCE_CANDIDATE,SAME_OCCURRENCE_CANDIDATE,,,FALSE,SAME_SURFACE,SAME,SAME_ISSUE,SAME(AFFIRMED),NONE,BOTH_UNSPECIFIED,BOTH_UNSPECIFIED,'구순이 도난 상황을 꾸밈'을 서로 다른 화자가 말함. basis=ISSUE:THEFT_REALITY(FAB~FAB),MEDIUM,NO
PR0114,EC0012,EC0031,DISTINCT,DISTINCT,,,FALSE,SAME_SURFACE,SAME,DIFFERENT_OR_UNTAGGED,SAME(AFFIRMED),NONE,BOTH_UNSPECIFIED,BOTH_UNSPECIFIED,공유 특징은 있으나 같은 사건·쟁점 근거 없음. basis=DEFAULT,MEDIUM,NO
PR0115,EC0012,EC0032,DISTINCT,DISTINCT,,,FALSE,SAME_SURFACE,SAME,DIFFERENT_OR_UNTAGGED,SAME(AFFIRMED),NONE,BOTH_UNSPECIFIED,BOTH_UNSPECIFIED,공유 특징은 있으나 같은 사건·쟁점 근거 없음. basis=DEFAULT,MEDIUM,NO
PR0116,EC0012,EC0033,DISTINCT,DISTINCT,,,FALSE,SAME_SURFACE,SAME,DIFFERENT_OR_UNTAGGED,SAME(AFFIRMED),NONE,BOTH_UNSPECIFIED,BOTH_UNSPECIFIED,공유 특징은 있으나 같은 사건·쟁점 근거 없음. basis=DEFAULT,MEDIUM,NO
PR0117,EC0012,EC0035,DISTINCT,DISTINCT,,,FALSE,SAME_SURFACE,SAME,DIFFERENT_OR_UNTAGGED,SAME(AFFIRMED),NONE,BOTH_UNSPECIFIED,BOTH_UNSPECIFIED,공유 특징은 있으나 같은 사건·쟁점 근거 없음. basis=DEFAULT,MEDIUM,NO
PR0118,EC0012,EC0046,SAME_ISSUE_DIFFERENT_CLAIM+COMPATIBLE_CLAIMS,SAME_ISSUE_DIFFERENT_CLAIM,COMPATIBLE_CLAIMS,,FALSE,SAME_ENTITY,DIFFERENT(ACTION/STATE),SAME_ISSUE,OPPOSITE(AFFIRMED/NEGATED),NONE,BOTH_UNSPECIFIED,BOTH_UNSPECIFIED,basis=ISSUE:THEFT_REALITY(FAB~NEG),MEDIUM,NO
PR0119,EC0012,EC0050,SAME_ISSUE_DIFFERENT_CLAIM+REVIEW_REQUIRED,SAME_ISSUE_DIFFERENT_CLAIM,REVIEW_REQUIRED,CONTRADICTORY_IF_FULL_FABRICATION,FALSE,SAME_SURFACE,SAME,SAME_ISSUE,SAME(AFFIRMED),NONE,BOTH_UNSPECIFIED,BOTH_UNSPECIFIED,'꾸밈'이 도난 전체 조작인지 과장인지 미정. basis=ISSUE:THEFT_REALITY(FAB~POS_ACT),LOW,YES
PR0120,EC0012,EC0051,DISTINCT,DISTINCT,,,FALSE,SAME_SURFACE,SAME,DIFFERENT_OR_UNTAGGED,SAME(AFFIRMED),NONE,BOTH_UNSPECIFIED,BOTH_UNSPECIFIED,공유 특징은 있으나 같은 사건·쟁점 근거 없음. basis=DEFAULT,MEDIUM,NO
PR0121,EC0012,EC0052,DISTINCT,DISTINCT,,,FALSE,SAME_SURFACE,SAME,DIFFERENT_OR_UNTAGGED,SAME(AFFIRMED),NONE,BOTH_UNSPECIFIED,BOTH_UNSPECIFIED,공유 특징은 있으나 같은 사건·쟁점 근거 없음. basis=DEFAULT,MEDIUM,NO
PR0122,EC0012,EC0065,DISTINCT,DISTINCT,,,FALSE,DIFFERENT,DIFFERENT(ACTION/SPEECH_ACT),RELATED_FACET(FAB/SPEECH),SAME(AFFIRMED),NONE,ONE_UNSPECIFIED,BOTH_UNSPECIFIED,발화 사건(누가 도난을 말함/진술을 바꿈)과 도난 claim은 다른 대상 — 발화는 도난 실재 여부와 독립. basis=ISSUE:THEFT_REALITY(FAB~SPEECH),MEDIUM,NO
PR0123,EC0012,EC0066,SAME_ISSUE_DIFFERENT_CLAIM+REVIEW_REQUIRED,SAME_ISSUE_DIFFERENT_CLAIM,REVIEW_REQUIRED,CONTRADICTORY_IF_FULL_FABRICATION,FALSE,DIFFERENT,SAME,SAME_ISSUE,SAME(AFFIRMED),NONE,ONE_UNSPECIFIED,BOTH_UNSPECIFIED,basis=ISSUE:THEFT_REALITY(FAB~DETAIL_ENTRY),LOW,YES
PR0124,EC0012,EC0067,SAME_ISSUE_DIFFERENT_CLAIM+REVIEW_REQUIRED,SAME_ISSUE_DIFFERENT_CLAIM,REVIEW_REQUIRED,CONTRADICTORY_IF_FULL_FABRICATION,FALSE,DIFFERENT,DIFFERENT(ACTION/STATE),SAME_ISSUE,SAME(AFFIRMED),NONE,ONE_UNSPECIFIED,BOTH_UNSPECIFIED,basis=ISSUE:THEFT_REALITY(FAB~DETAIL_COUNT),LOW,YES
PR0125,EC0012,EC0068,SAME_ISSUE_DIFFERENT_CLAIM+REVIEW_REQUIRED,SAME_ISSUE_DIFFERENT_CLAIM,REVIEW_REQUIRED,CONTRADICTORY_IF_FULL_FABRICATION,FALSE,DIFFERENT,SAME,SAME_ISSUE,SAME(AFFIRMED),NONE,ONE_UNSPECIFIED,BOTH_UNSPECIFIED,basis=ISSUE:THEFT_REALITY(FAB~DETAIL_TORCH),LOW,YES
PR0126,EC0012,EC0070,SAME_ISSUE_DIFFERENT_CLAIM+REVIEW_REQUIRED,SAME_ISSUE_DIFFERENT_CLAIM,REVIEW_REQUIRED,CONTRADICTORY_IF_FULL_FABRICATION,FALSE,DIFFERENT,SAME,SAME_ISSUE,SAME(AFFIRMED),NONE,ONE_UNSPECIFIED,BOTH_UNSPECIFIED,'꾸밈'이 도난 전체 조작인지 과장인지 미정. basis=ISSUE:THEFT_REALITY(FAB~POS_ACT),LOW,YES
PR0127,EC0012,EC0074,DISTINCT,DISTINCT,,,FALSE,SAME_SURFACE,SAME,DIFFERENT_OR_UNTAGGED,SAME(AFFIRMED),NONE,BOTH_UNSPECIFIED,BOTH_UNSPECIFIED,공유 특징은 있으나 같은 사건·쟁점 근거 없음. basis=DEFAULT,MEDIUM,NO
PR0128,EC0012,EC0076,DISTINCT,DISTINCT,,,FALSE,SAME_SURFACE,SAME,DIFFERENT_OR_UNTAGGED,SAME(AFFIRMED),NONE,BOTH_UNSPECIFIED,ONE_UNSPECIFIED,공유 특징은 있으나 같은 사건·쟁점 근거 없음. basis=DEFAULT,MEDIUM,NO
PR0129,EC0012,EC0079,DISTINCT,DISTINCT,,,FALSE,DIFFERENT,DIFFERENT(ACTION/SPEECH_ACT),RELATED_FACET(FAB/SPEECH),SAME(AFFIRMED),NONE,BOTH_UNSPECIFIED,ONE_UNSPECIFIED,발화 사건(누가 도난을 말함/진술을 바꿈)과 도난 claim은 다른 대상 — 발화는 도난 실재 여부와 독립. basis=ISSUE:THEFT_REALITY(FAB~SPEECH),MEDIUM,NO
PR0130,EC0012,EC0093,DISTINCT,DISTINCT,,,FALSE,DIFFERENT,SAME,DIFFERENT_OR_UNTAGGED,SAME(AFFIRMED),pair generation only used STRONGLY_SUPPORTED identity (classification does not depend on it): 장교 일행=이진욱 등 장교,ONE_UNSPECIFIED,ONE_UNSPECIFIED,공유 특징은 있으나 같은 사건·쟁점 근거 없음. basis=DEFAULT,MEDIUM,NO
PR0131,EC0012,EC0094,DISTINCT,DISTINCT,,,FALSE,SAME_SURFACE,DIFFERENT(ACTION/SPEECH_ACT),RELATED_FACET(FAB/SPEECH),SAME(AFFIRMED),NONE,ONE_UNSPECIFIED,ONE_UNSPECIFIED,발화 사건(누가 도난을 말함/진술을 바꿈)과 도난 claim은 다른 대상 — 발화는 도난 실재 여부와 독립. basis=ISSUE:THEFT_REALITY(FAB~SPEECH),MEDIUM,NO
PR0132,EC0012,EC0095,DISTINCT,DISTINCT,,,FALSE,SAME_SURFACE,DIFFERENT(ACTION/SPEECH_ACT),DIFFERENT_OR_UNTAGGED,SAME(AFFIRMED),NONE,ONE_UNSPECIFIED,ONE_UNSPECIFIED,공유 특징은 있으나 같은 사건·쟁점 근거 없음. basis=DEFAULT,MEDIUM,NO
PR0133,EC0012,EC0101,DISTINCT,DISTINCT,,,FALSE,SAME_SURFACE,DIFFERENT(ACTION/SPEECH_ACT),DIFFERENT_OR_UNTAGGED,SAME(AFFIRMED),NONE,ONE_UNSPECIFIED,BOTH_UNSPECIFIED,공유 특징은 있으나 같은 사건·쟁점 근거 없음. basis=DEFAULT,MEDIUM,NO
PR0134,EC0012,EC0102,DISTINCT,DISTINCT,,,FALSE,SAME_SURFACE,SAME,DIFFERENT_OR_UNTAGGED,SAME(AFFIRMED),pair generation only used STRONGLY_SUPPORTED identity (classification does not depend on it): 병사=이광섭,ONE_UNSPECIFIED,BOTH_UNSPECIFIED,공유 특징은 있으나 같은 사건·쟁점 근거 없음. basis=DEFAULT,MEDIUM,NO
PR0135,EC0012,EC0131,SAME_ISSUE_DIFFERENT_CLAIM+REVIEW_REQUIRED,SAME_ISSUE_DIFFERENT_CLAIM,REVIEW_REQUIRED,CONTRADICTORY_IF_FULL_FABRICATION,FALSE,DIFFERENT,DIFFERENT(ACTION/STATE),SAME_ISSUE,SAME(AFFIRMED),NONE,BOTH_UNSPECIFIED,BOTH_UNSPECIFIED,'꾸밈'이 도난 전체 조작인지 과장인지 미정(홍대협은 과장으로 평가). basis=ISSUE:THEFT_REALITY(FAB~POS_JUDGE),LOW,YES
PR0136,EC0012,EC0132,SAME_ISSUE_DIFFERENT_CLAIM+COMPATIBLE_CLAIMS,SAME_ISSUE_DIFFERENT_CLAIM,COMPATIBLE_CLAIMS,,FALSE,DIFFERENT,DIFFERENT(ACTION/STATE),SAME_ISSUE,SAME(AFFIRMED),NONE,BOTH_UNSPECIFIED,BOTH_UNSPECIFIED,basis=ISSUE:THEFT_REALITY(FAB~SCALE_SMALL),MEDIUM,NO
PR0137,EC0012,EC0133,DISTINCT,DISTINCT,,,FALSE,SAME_SURFACE,SAME,DIFFERENT_OR_UNTAGGED,SAME(AFFIRMED),NONE,BOTH_UNSPECIFIED,BOTH_UNSPECIFIED,공유 특징은 있으나 같은 사건·쟁점 근거 없음. basis=DEFAULT,MEDIUM,NO
PR0138,EC0012,EC0143,SAME_ISSUE_DIFFERENT_CLAIM+REVIEW_REQUIRED,SAME_ISSUE_DIFFERENT_CLAIM,REVIEW_REQUIRED,CONTRADICTORY_IF_FULL_FABRICATION,FALSE,DIFFERENT,DIFFERENT(ACTION/STATE),SAME_ISSUE,SAME(AFFIRMED),NONE,BOTH_UNSPECIFIED,BOTH_UNSPECIFIED,'꾸밈'이 도난 전체 조작인지 과장인지 미정(홍대협은 과장으로 평가). basis=ISSUE:THEFT_REALITY(FAB~POS_JUDGE),LOW,YES
PR0139,EC0012,EC0149,DISTINCT,DISTINCT,,,FALSE,SAME_SURFACE,SAME,DIFFERENT_OR_UNTAGGED,OPPOSITE(AFFIRMED/NEGATED),NONE,BOTH_UNSPECIFIED,BOTH_UNSPECIFIED,공유 특징은 있으나 같은 사건·쟁점 근거 없음. basis=DEFAULT,MEDIUM,NO
PR0140,EC0013,EC0014,SAME_UTTERANCE_COMPONENT+COMPATIBLE_CLAIMS,SAME_UTTERANCE_COMPONENT,COMPATIBLE_CLAIMS,,TRUE,SAME_SURFACE,SAME,SAME_ISSUE,SAME(AFFIRMED),NONE,BOTH_UNSPECIFIED,BOTH_UNSPECIFIED,같은 쟁점의 서로 다른 claim으로 상충 근거 없음. basis=ISSUE:SUSPECT(FRAME~FRAME)+SHARED_UTTERANCE_GROUP SAME_PARENT_PROPOSITION=P0010,LOW,NO
PR0141,EC0013,EC0015,SAME_UTTERANCE_COMPONENT+COMPATIBLE_CLAIMS,SAME_UTTERANCE_COMPONENT,COMPATIBLE_CLAIMS,,TRUE,SAME_SURFACE,SAME,SAME_ISSUE,SAME(AFFIRMED),NONE,BOTH_UNSPECIFIED,BOTH_UNSPECIFIED,같은 쟁점의 서로 다른 claim으로 상충 근거 없음. basis=ISSUE:SUSPECT(FRAME~FRAME)+SHARED_UTTERANCE_GROUP SAME_PARENT_PROPOSITION=P0010,LOW,NO
PR0142,EC0013,EC0016,SAME_ISSUE_DIFFERENT_CLAIM+COMPATIBLE_CLAIMS,SAME_ISSUE_DIFFERENT_CLAIM,COMPATIBLE_CLAIMS,,FALSE,DIFFERENT,DIFFERENT(ACTION/STATE),SAME_ISSUE,SAME(AFFIRMED),NONE,BOTH_UNSPECIFIED,BOTH_UNSPECIFIED,같은 쟁점의 서로 다른 claim으로 상충 근거 없음. basis=ISSUE:SUSPECT(FRAME~TARGETS),LOW,NO
PR0143,EC0013,EC0024,DISTINCT,DISTINCT,,,FALSE,SAME_ENTITY,SAME,DIFFERENT_OR_UNTAGGED,MIXED(AFFIRMED/DOUBTED),NONE,BOTH_UNSPECIFIED,BOTH_UNSPECIFIED,공유 특징은 있으나 같은 사건·쟁점 근거 없음. basis=DEFAULT,MEDIUM,NO
PR0144,EC0013,EC0030,DISTINCT,DISTINCT,,,FALSE,SAME_SURFACE,SAME,DIFFERENT_OR_UNTAGGED,SAME(AFFIRMED),NONE,BOTH_UNSPECIFIED,BOTH_UNSPECIFIED,공유 특징은 있으나 같은 사건·쟁점 근거 없음. basis=DEFAULT,MEDIUM,NO
PR0145,EC0013,EC0031,DISTINCT,DISTINCT,,,FALSE,SAME_SURFACE,SAME,DIFFERENT_OR_UNTAGGED,SAME(AFFIRMED),NONE,BOTH_UNSPECIFIED,BOTH_UNSPECIFIED,공유 특징은 있으나 같은 사건·쟁점 근거 없음. basis=DEFAULT,MEDIUM,NO
PR0146,EC0013,EC0032,DISTINCT,DISTINCT,,,FALSE,SAME_SURFACE,SAME,DIFFERENT_OR_UNTAGGED,SAME(AFFIRMED),NONE,BOTH_UNSPECIFIED,BOTH_UNSPECIFIED,공유 특징은 있으나 같은 사건·쟁점 근거 없음. basis=DEFAULT,MEDIUM,NO
PR0147,EC0013,EC0033,DISTINCT,DISTINCT,,,FALSE,SAME_SURFACE,SAME,DIFFERENT_OR_UNTAGGED,SAME(AFFIRMED),NONE,BOTH_UNSPECIFIED,BOTH_UNSPECIFIED,공유 특징은 있으나 같은 사건·쟁점 근거 없음. basis=DEFAULT,MEDIUM,NO
PR0148,EC0013,EC0035,DISTINCT,DISTINCT,,,FALSE,SAME_SURFACE,SAME,DIFFERENT_OR_UNTAGGED,SAME(AFFIRMED),NONE,BOTH_UNSPECIFIED,BOTH_UNSPECIFIED,공유 특징은 있으나 같은 사건·쟁점 근거 없음. basis=DEFAULT,MEDIUM,NO
PR0149,EC0013,EC0046,DISTINCT,DISTINCT,,,FALSE,SAME_ENTITY,DIFFERENT(ACTION/STATE),DIFFERENT_OR_UNTAGGED,OPPOSITE(AFFIRMED/NEGATED),NONE,BOTH_UNSPECIFIED,BOTH_UNSPECIFIED,공유 특징은 있으나 같은 사건·쟁점 근거 없음. basis=DEFAULT,MEDIUM,NO
PR0150,EC0013,EC0050,DISTINCT,DISTINCT,,,FALSE,SAME_SURFACE,SAME,DIFFERENT_OR_UNTAGGED,SAME(AFFIRMED),NONE,BOTH_UNSPECIFIED,BOTH_UNSPECIFIED,공유 특징은 있으나 같은 사건·쟁점 근거 없음. basis=DEFAULT,MEDIUM,NO
PR0151,EC0013,EC0051,SAME_ISSUE_DIFFERENT_CLAIM+COMPATIBLE_CLAIMS,SAME_ISSUE_DIFFERENT_CLAIM,COMPATIBLE_CLAIMS,,FALSE,SAME_SURFACE,SAME,SAME_ISSUE,SAME(AFFIRMED),NONE,BOTH_UNSPECIFIED,BOTH_UNSPECIFIED,같은 쟁점의 서로 다른 claim으로 상충 근거 없음. basis=ISSUE:SUSPECT(FRAME~SUMMON_YEONGGYO),LOW,NO
PR0152,EC0013,EC0052,SAME_ISSUE_DIFFERENT_CLAIM+COMPATIBLE_CLAIMS,SAME_ISSUE_DIFFERENT_CLAIM,COMPATIBLE_CLAIMS,,FALSE,SAME_SURFACE,SAME,SAME_ISSUE,SAME(AFFIRMED),NONE,BOTH_UNSPECIFIED,BOTH_UNSPECIFIED,같은 쟁점의 서로 다른 claim으로 상충 근거 없음. basis=ISSUE:SUSPECT(FRAME~LIST_GUSUN),LOW,NO
PR0153,EC0013,EC0059,DISTINCT,DISTINCT,,,FALSE,DIFFERENT,DIFFERENT(ACTION/SPEECH_ACT),DIFFERENT_OR_UNTAGGED,SAME(AFFIRMED),NONE,BOTH_UNSPECIFIED,BOTH_UNSPECIFIED,공유 특징은 있으나 같은 사건·쟁점 근거 없음. basis=DEFAULT,MEDIUM,NO
PR0154,EC0013,EC0065,DISTINCT,DISTINCT,,,FALSE,DIFFERENT,DIFFERENT(ACTION/SPEECH_ACT),DIFFERENT_OR_UNTAGGED,SAME(AFFIRMED),NONE,ONE_UNSPECIFIED,BOTH_UNSPECIFIED,공유 특징은 있으나 같은 사건·쟁점 근거 없음. basis=DEFAULT,MEDIUM,NO
PR0155,EC0013,EC0066,DISTINCT,DISTINCT,,,FALSE,DIFFERENT,SAME,DIFFERENT_OR_UNTAGGED,SAME(AFFIRMED),NONE,ONE_UNSPECIFIED,BOTH_UNSPECIFIED,공유 특징은 있으나 같은 사건·쟁점 근거 없음. basis=DEFAULT,MEDIUM,NO
PR0156,EC0013,EC0067,DISTINCT,DISTINCT,,,FALSE,DIFFERENT,DIFFERENT(ACTION/STATE),DIFFERENT_OR_UNTAGGED,SAME(AFFIRMED),NONE,ONE_UNSPECIFIED,BOTH_UNSPECIFIED,공유 특징은 있으나 같은 사건·쟁점 근거 없음. basis=DEFAULT,MEDIUM,NO
PR0157,EC0013,EC0068,DISTINCT,DISTINCT,,,FALSE,DIFFERENT,SAME,DIFFERENT_OR_UNTAGGED,SAME(AFFIRMED),NONE,ONE_UNSPECIFIED,BOTH_UNSPECIFIED,공유 특징은 있으나 같은 사건·쟁점 근거 없음. basis=DEFAULT,MEDIUM,NO
PR0158,EC0013,EC0069,DISTINCT,DISTINCT,,,FALSE,DIFFERENT,DIFFERENT(ACTION/SPEECH_ACT),DIFFERENT_OR_UNTAGGED,SAME(AFFIRMED),NONE,ONE_UNSPECIFIED,BOTH_UNSPECIFIED,공유 특징은 있으나 같은 사건·쟁점 근거 없음. basis=DEFAULT,MEDIUM,NO
PR0159,EC0013,EC0070,DISTINCT,DISTINCT,,,FALSE,DIFFERENT,SAME,DIFFERENT_OR_UNTAGGED,SAME(AFFIRMED),NONE,ONE_UNSPECIFIED,BOTH_UNSPECIFIED,공유 특징은 있으나 같은 사건·쟁점 근거 없음. basis=DEFAULT,MEDIUM,NO
PR0160,EC0013,EC0074,DISTINCT,DISTINCT,,,FALSE,SAME_SURFACE,SAME,DIFFERENT_OR_UNTAGGED,SAME(AFFIRMED),NONE,BOTH_UNSPECIFIED,BOTH_UNSPECIFIED,공유 특징은 있으나 같은 사건·쟁점 근거 없음. basis=DEFAULT,MEDIUM,NO
PR0161,EC0013,EC0076,DISTINCT,DISTINCT,,,FALSE,SAME_SURFACE,SAME,DIFFERENT_OR_UNTAGGED,SAME(AFFIRMED),NONE,BOTH_UNSPECIFIED,ONE_UNSPECIFIED,공유 특징은 있으나 같은 사건·쟁점 근거 없음. basis=DEFAULT,MEDIUM,NO
PR0162,EC0013,EC0079,DISTINCT,DISTINCT,,,FALSE,DIFFERENT,DIFFERENT(ACTION/SPEECH_ACT),DIFFERENT_OR_UNTAGGED,SAME(AFFIRMED),NONE,BOTH_UNSPECIFIED,ONE_UNSPECIFIED,공유 특징은 있으나 같은 사건·쟁점 근거 없음. basis=DEFAULT,MEDIUM,NO
PR0163,EC0013,EC0093,DISTINCT,DISTINCT,,,FALSE,DIFFERENT,SAME,DIFFERENT_OR_UNTAGGED,SAME(AFFIRMED),pair generation only used STRONGLY_SUPPORTED identity (classification does not depend on it): 장교 일행=이진욱 등 장교,ONE_UNSPECIFIED,ONE_UNSPECIFIED,공유 특징은 있으나 같은 사건·쟁점 근거 없음. basis=DEFAULT,MEDIUM,NO
PR0164,EC0013,EC0094,DISTINCT,DISTINCT,,,FALSE,SAME_SURFACE,DIFFERENT(ACTION/SPEECH_ACT),DIFFERENT_OR_UNTAGGED,SAME(AFFIRMED),NONE,ONE_UNSPECIFIED,ONE_UNSPECIFIED,공유 특징은 있으나 같은 사건·쟁점 근거 없음. basis=DEFAULT,MEDIUM,NO
PR0165,EC0013,EC0095,DISTINCT,DISTINCT,,,FALSE,SAME_SURFACE,DIFFERENT(ACTION/SPEECH_ACT),DIFFERENT_OR_UNTAGGED,SAME(AFFIRMED),NONE,ONE_UNSPECIFIED,ONE_UNSPECIFIED,공유 특징은 있으나 같은 사건·쟁점 근거 없음. basis=DEFAULT,MEDIUM,NO
PR0166,EC0013,EC0101,DISTINCT,DISTINCT,,,FALSE,SAME_SURFACE,DIFFERENT(ACTION/SPEECH_ACT),DIFFERENT_OR_UNTAGGED,SAME(AFFIRMED),NONE,ONE_UNSPECIFIED,BOTH_UNSPECIFIED,공유 특징은 있으나 같은 사건·쟁점 근거 없음. basis=DEFAULT,MEDIUM,NO
PR0167,EC0013,EC0102,DISTINCT,DISTINCT,,,FALSE,SAME_SURFACE,SAME,DIFFERENT_OR_UNTAGGED,SAME(AFFIRMED),pair generation only used STRONGLY_SUPPORTED identity (classification does not depend on it): 병사=이광섭,ONE_UNSPECIFIED,BOTH_UNSPECIFIED,공유 특징은 있으나 같은 사건·쟁점 근거 없음. basis=DEFAULT,MEDIUM,NO
PR0168,EC0013,EC0105,DISTINCT,DISTINCT,,,FALSE,DIFFERENT,SAME,DIFFERENT_OR_UNTAGGED,SAME(AFFIRMED),NONE,BOTH_UNSPECIFIED,ONE_UNSPECIFIED,공유 특징은 있으나 같은 사건·쟁점 근거 없음. basis=DEFAULT,MEDIUM,NO
PR0169,EC0013,EC0109,DISTINCT,DISTINCT,,,FALSE,DIFFERENT,DIFFERENT(ACTION/SPEECH_ACT),DIFFERENT_OR_UNTAGGED,SAME(AFFIRMED),NONE,BOTH_UNSPECIFIED,BOTH_UNSPECIFIED,공유 특징은 있으나 같은 사건·쟁점 근거 없음. basis=DEFAULT,MEDIUM,NO
PR0170,EC0013,EC0116,DISTINCT,DISTINCT,,,FALSE,DIFFERENT,DIFFERENT(ACTION/PURPOSE_ATTRIBUTION),DIFFERENT_OR_UNTAGGED,SAME(AFFIRMED),NONE,BOTH_UNSPECIFIED,BOTH_UNSPECIFIED,공유 특징은 있으나 같은 사건·쟁점 근거 없음. basis=DEFAULT,MEDIUM,NO
PR0171,EC0013,EC0117,SAME_ISSUE_DIFFERENT_CLAIM+COMPATIBLE_CLAIMS,SAME_ISSUE_DIFFERENT_CLAIM,COMPATIBLE_CLAIMS,,FALSE,DIFFERENT,SAME,SAME_ISSUE,SAME(AFFIRMED),NONE,BOTH_UNSPECIFIED,BOTH_UNSPECIFIED,같은 쟁점의 서로 다른 claim으로 상충 근거 없음. basis=ISSUE:SUSPECT(FRAME~LIST_YU),LOW,NO
PR0172,EC0013,EC0118,SAME_ISSUE_DIFFERENT_CLAIM+COMPATIBLE_CLAIMS,SAME_ISSUE_DIFFERENT_CLAIM,COMPATIBLE_CLAIMS,,FALSE,DIFFERENT,SAME,SAME_ISSUE,SAME(AFFIRMED),NONE,BOTH_UNSPECIFIED,BOTH_UNSPECIFIED,같은 쟁점의 서로 다른 claim으로 상충 근거 없음. basis=ISSUE:SUSPECT(FRAME~LIST_SOURCE_SELF),LOW,NO
PR0173,EC0013,EC0121,SAME_ISSUE_DIFFERENT_CLAIM+COMPATIBLE_CLAIMS,SAME_ISSUE_DIFFERENT_CLAIM,COMPATIBLE_CLAIMS,,FALSE,DIFFERENT,DIFFERENT(ACTION/SPEECH_ACT),SAME_ISSUE,SAME(AFFIRMED),NONE,BOTH_UNSPECIFIED,BOTH_UNSPECIFIED,같은 쟁점의 서로 다른 claim으로 상충 근거 없음. basis=ISSUE:SUSPECT(FRAME~SPEECH_KIM_CHIEF),LOW,NO
PR0174,EC0013,EC0129,SAME_ISSUE_DIFFERENT_CLAIM+COMPATIBLE_CLAIMS,SAME_ISSUE_DIFFERENT_CLAIM,COMPATIBLE_CLAIMS,,FALSE,SAME_SURFACE,DIFFERENT(ACTION/SPEECH_ACT),SAME_ISSUE,SAME(AFFIRMED),NONE,BOTH_UNSPECIFIED,BOTH_UNSPECIFIED,같은 쟁점의 서로 다른 claim으로 상충 근거 없음. basis=ISSUE:SUSPECT(FRAME~SUSPICION),LOW,NO
PR0175,EC0013,EC0130,SAME_ISSUE_DIFFERENT_CLAIM+COMPATIBLE_CLAIMS,SAME_ISSUE_DIFFERENT_CLAIM,COMPATIBLE_CLAIMS,,FALSE,DIFFERENT,SAME,SAME_ISSUE,SAME(AFFIRMED),NONE,BOTH_UNSPECIFIED,BOTH_UNSPECIFIED,같은 쟁점의 서로 다른 claim으로 상충 근거 없음. basis=ISSUE:SUSPECT(FRAME~LIST_YU_RECORD),LOW,NO
PR0176,EC0013,EC0133,DISTINCT,DISTINCT,,,FALSE,SAME_SURFACE,SAME,DIFFERENT_OR_UNTAGGED,SAME(AFFIRMED),NONE,BOTH_UNSPECIFIED,BOTH_UNSPECIFIED,공유 특징은 있으나 같은 사건·쟁점 근거 없음. basis=DEFAULT,MEDIUM,NO
PR0177,EC0013,EC0137,DISTINCT,DISTINCT,,,FALSE,DIFFERENT,SAME,DIFFERENT_OR_UNTAGGED,SAME(AFFIRMED),NONE,BOTH_UNSPECIFIED,BOTH_UNSPECIFIED,공유 특징은 있으나 같은 사건·쟁점 근거 없음. basis=DEFAULT,MEDIUM,NO
PR0178,EC0013,EC0149,DISTINCT,DISTINCT,,,FALSE,SAME_SURFACE,SAME,DIFFERENT_OR_UNTAGGED,OPPOSITE(AFFIRMED/NEGATED),NONE,BOTH_UNSPECIFIED,BOTH_UNSPECIFIED,공유 특징은 있으나 같은 사건·쟁점 근거 없음. basis=DEFAULT,MEDIUM,NO
PR0179,EC0014,EC0015,SAME_UTTERANCE_COMPONENT+COMPATIBLE_CLAIMS,SAME_UTTERANCE_COMPONENT,COMPATIBLE_CLAIMS,,TRUE,SAME_SURFACE,SAME,SAME_ISSUE,SAME(AFFIRMED),NONE,BOTH_UNSPECIFIED,BOTH_UNSPECIFIED,같은 쟁점의 서로 다른 claim으로 상충 근거 없음. basis=ISSUE:SUSPECT(FRAME~FRAME)+SHARED_UTTERANCE_GROUP SAME_PARENT_PROPOSITION=P0010,LOW,NO
PR0180,EC0014,EC0016,SAME_ISSUE_DIFFERENT_CLAIM+COMPATIBLE_CLAIMS,SAME_ISSUE_DIFFERENT_CLAIM,COMPATIBLE_CLAIMS,,FALSE,DIFFERENT,DIFFERENT(ACTION/STATE),SAME_ISSUE,SAME(AFFIRMED),NONE,BOTH_UNSPECIFIED,BOTH_UNSPECIFIED,같은 쟁점의 서로 다른 claim으로 상충 근거 없음. basis=ISSUE:SUSPECT(FRAME~TARGETS),LOW,NO
PR0181,EC0014,EC0024,DISTINCT,DISTINCT,,,FALSE,SAME_ENTITY,SAME,DIFFERENT_OR_UNTAGGED,MIXED(AFFIRMED/DOUBTED),NONE,BOTH_UNSPECIFIED,BOTH_UNSPECIFIED,공유 특징은 있으나 같은 사건·쟁점 근거 없음. basis=DEFAULT,MEDIUM,NO
PR0182,EC0014,EC0030,DISTINCT,DISTINCT,,,FALSE,SAME_SURFACE,SAME,DIFFERENT_OR_UNTAGGED,SAME(AFFIRMED),NONE,BOTH_UNSPECIFIED,BOTH_UNSPECIFIED,공유 특징은 있으나 같은 사건·쟁점 근거 없음. basis=DEFAULT,MEDIUM,NO
PR0183,EC0014,EC0031,DISTINCT,DISTINCT,,,FALSE,SAME_SURFACE,SAME,DIFFERENT_OR_UNTAGGED,SAME(AFFIRMED),NONE,BOTH_UNSPECIFIED,BOTH_UNSPECIFIED,공유 특징은 있으나 같은 사건·쟁점 근거 없음. basis=DEFAULT,MEDIUM,NO
PR0184,EC0014,EC0032,DISTINCT,DISTINCT,,,FALSE,SAME_SURFACE,SAME,DIFFERENT_OR_UNTAGGED,SAME(AFFIRMED),NONE,BOTH_UNSPECIFIED,BOTH_UNSPECIFIED,공유 특징은 있으나 같은 사건·쟁점 근거 없음. basis=DEFAULT,MEDIUM,NO
PR0185,EC0014,EC0033,DISTINCT,DISTINCT,,,FALSE,SAME_SURFACE,SAME,DIFFERENT_OR_UNTAGGED,SAME(AFFIRMED),NONE,BOTH_UNSPECIFIED,BOTH_UNSPECIFIED,공유 특징은 있으나 같은 사건·쟁점 근거 없음. basis=DEFAULT,MEDIUM,NO
PR0186,EC0014,EC0035,DISTINCT,DISTINCT,,,FALSE,SAME_SURFACE,SAME,DIFFERENT_OR_UNTAGGED,SAME(AFFIRMED),NONE,BOTH_UNSPECIFIED,BOTH_UNSPECIFIED,공유 특징은 있으나 같은 사건·쟁점 근거 없음. basis=DEFAULT,MEDIUM,NO
PR0187,EC0014,EC0050,DISTINCT,DISTINCT,,,FALSE,SAME_SURFACE,SAME,DIFFERENT_OR_UNTAGGED,SAME(AFFIRMED),NONE,BOTH_UNSPECIFIED,BOTH_UNSPECIFIED,공유 특징은 있으나 같은 사건·쟁점 근거 없음. basis=DEFAULT,MEDIUM,NO
PR0188,EC0014,EC0051,SAME_ISSUE_DIFFERENT_CLAIM+COMPATIBLE_CLAIMS,SAME_ISSUE_DIFFERENT_CLAIM,COMPATIBLE_CLAIMS,,FALSE,SAME_SURFACE,SAME,SAME_ISSUE,SAME(AFFIRMED),NONE,BOTH_UNSPECIFIED,BOTH_UNSPECIFIED,같은 쟁점의 서로 다른 claim으로 상충 근거 없음. basis=ISSUE:SUSPECT(FRAME~SUMMON_YEONGGYO),LOW,NO
PR0189,EC0014,EC0052,SAME_ISSUE_DIFFERENT_CLAIM+COMPATIBLE_CLAIMS,SAME_ISSUE_DIFFERENT_CLAIM,COMPATIBLE_CLAIMS,,FALSE,SAME_SURFACE,SAME,SAME_ISSUE,SAME(AFFIRMED),NONE,BOTH_UNSPECIFIED,BOTH_UNSPECIFIED,같은 쟁점의 서로 다른 claim으로 상충 근거 없음. basis=ISSUE:SUSPECT(FRAME~LIST_GUSUN),LOW,NO
PR0190,EC0014,EC0074,DISTINCT,DISTINCT,,,FALSE,SAME_SURFACE,SAME,DIFFERENT_OR_UNTAGGED,SAME(AFFIRMED),NONE,BOTH_UNSPECIFIED,BOTH_UNSPECIFIED,공유 특징은 있으나 같은 사건·쟁점 근거 없음. basis=DEFAULT,MEDIUM,NO
PR0191,EC0014,EC0076,DISTINCT,DISTINCT,,,FALSE,SAME_SURFACE,SAME,DIFFERENT_OR_UNTAGGED,SAME(AFFIRMED),NONE,BOTH_UNSPECIFIED,ONE_UNSPECIFIED,공유 특징은 있으나 같은 사건·쟁점 근거 없음. basis=DEFAULT,MEDIUM,NO
PR0192,EC0014,EC0102,DISTINCT,DISTINCT,,,FALSE,SAME_SURFACE,SAME,DIFFERENT_OR_UNTAGGED,SAME(AFFIRMED),pair generation only used STRONGLY_SUPPORTED identity (classification does not depend on it): 병사=이광섭,ONE_UNSPECIFIED,BOTH_UNSPECIFIED,공유 특징은 있으나 같은 사건·쟁점 근거 없음. basis=DEFAULT,MEDIUM,NO
PR0193,EC0014,EC0117,SAME_ISSUE_DIFFERENT_CLAIM+COMPATIBLE_CLAIMS,SAME_ISSUE_DIFFERENT_CLAIM,COMPATIBLE_CLAIMS,,FALSE,DIFFERENT,SAME,SAME_ISSUE,SAME(AFFIRMED),NONE,BOTH_UNSPECIFIED,BOTH_UNSPECIFIED,같은 쟁점의 서로 다른 claim으로 상충 근거 없음. basis=ISSUE:SUSPECT(FRAME~LIST_YU),LOW,NO
PR0194,EC0014,EC0118,SAME_ISSUE_DIFFERENT_CLAIM+COMPATIBLE_CLAIMS,SAME_ISSUE_DIFFERENT_CLAIM,COMPATIBLE_CLAIMS,,FALSE,DIFFERENT,SAME,SAME_ISSUE,SAME(AFFIRMED),NONE,BOTH_UNSPECIFIED,BOTH_UNSPECIFIED,같은 쟁점의 서로 다른 claim으로 상충 근거 없음. basis=ISSUE:SUSPECT(FRAME~LIST_SOURCE_SELF),LOW,NO
PR0195,EC0014,EC0121,SAME_ISSUE_DIFFERENT_CLAIM+COMPATIBLE_CLAIMS,SAME_ISSUE_DIFFERENT_CLAIM,COMPATIBLE_CLAIMS,,FALSE,DIFFERENT,DIFFERENT(ACTION/SPEECH_ACT),SAME_ISSUE,SAME(AFFIRMED),NONE,BOTH_UNSPECIFIED,BOTH_UNSPECIFIED,같은 쟁점의 서로 다른 claim으로 상충 근거 없음. basis=ISSUE:SUSPECT(FRAME~SPEECH_KIM_CHIEF),LOW,NO
PR0196,EC0014,EC0129,SAME_ISSUE_DIFFERENT_CLAIM+COMPATIBLE_CLAIMS,SAME_ISSUE_DIFFERENT_CLAIM,COMPATIBLE_CLAIMS,,FALSE,SAME_SURFACE,DIFFERENT(ACTION/SPEECH_ACT),SAME_ISSUE,SAME(AFFIRMED),NONE,BOTH_UNSPECIFIED,BOTH_UNSPECIFIED,같은 쟁점의 서로 다른 claim으로 상충 근거 없음. basis=ISSUE:SUSPECT(FRAME~SUSPICION),LOW,NO
PR0197,EC0014,EC0130,SAME_ISSUE_DIFFERENT_CLAIM+COMPATIBLE_CLAIMS,SAME_ISSUE_DIFFERENT_CLAIM,COMPATIBLE_CLAIMS,,FALSE,DIFFERENT,SAME,SAME_ISSUE,SAME(AFFIRMED),NONE,BOTH_UNSPECIFIED,BOTH_UNSPECIFIED,같은 쟁점의 서로 다른 claim으로 상충 근거 없음. basis=ISSUE:SUSPECT(FRAME~LIST_YU_RECORD),LOW,NO
PR0198,EC0014,EC0133,DISTINCT,DISTINCT,,,FALSE,SAME_SURFACE,SAME,DIFFERENT_OR_UNTAGGED,SAME(AFFIRMED),NONE,BOTH_UNSPECIFIED,BOTH_UNSPECIFIED,공유 특징은 있으나 같은 사건·쟁점 근거 없음. basis=DEFAULT,MEDIUM,NO
PR0199,EC0014,EC0149,DISTINCT,DISTINCT,,,FALSE,SAME_SURFACE,SAME,DIFFERENT_OR_UNTAGGED,OPPOSITE(AFFIRMED/NEGATED),NONE,BOTH_UNSPECIFIED,BOTH_UNSPECIFIED,공유 특징은 있으나 같은 사건·쟁점 근거 없음. basis=DEFAULT,MEDIUM,NO
PR0200,EC0015,EC0016,SAME_ISSUE_DIFFERENT_CLAIM+COMPATIBLE_CLAIMS,SAME_ISSUE_DIFFERENT_CLAIM,COMPATIBLE_CLAIMS,,FALSE,DIFFERENT,DIFFERENT(ACTION/STATE),SAME_ISSUE,SAME(AFFIRMED),NONE,BOTH_UNSPECIFIED,BOTH_UNSPECIFIED,같은 쟁점의 서로 다른 claim으로 상충 근거 없음. basis=ISSUE:SUSPECT(FRAME~TARGETS),LOW,NO
PR0201,EC0015,EC0024,DISTINCT,DISTINCT,,,FALSE,SAME_ENTITY,SAME,DIFFERENT_OR_UNTAGGED,MIXED(AFFIRMED/DOUBTED),NONE,BOTH_UNSPECIFIED,BOTH_UNSPECIFIED,공유 특징은 있으나 같은 사건·쟁점 근거 없음. basis=DEFAULT,MEDIUM,NO
PR0202,EC0015,EC0030,DISTINCT,DISTINCT,,,FALSE,SAME_SURFACE,SAME,DIFFERENT_OR_UNTAGGED,SAME(AFFIRMED),NONE,BOTH_UNSPECIFIED,BOTH_UNSPECIFIED,공유 특징은 있으나 같은 사건·쟁점 근거 없음. basis=DEFAULT,MEDIUM,NO
PR0203,EC0015,EC0031,DISTINCT,DISTINCT,,,FALSE,SAME_SURFACE,SAME,DIFFERENT_OR_UNTAGGED,SAME(AFFIRMED),NONE,BOTH_UNSPECIFIED,BOTH_UNSPECIFIED,공유 특징은 있으나 같은 사건·쟁점 근거 없음. basis=DEFAULT,MEDIUM,NO
PR0204,EC0015,EC0032,DISTINCT,DISTINCT,,,FALSE,SAME_SURFACE,SAME,DIFFERENT_OR_UNTAGGED,SAME(AFFIRMED),NONE,BOTH_UNSPECIFIED,BOTH_UNSPECIFIED,공유 특징은 있으나 같은 사건·쟁점 근거 없음. basis=DEFAULT,MEDIUM,NO
PR0205,EC0015,EC0033,DISTINCT,DISTINCT,,,FALSE,SAME_SURFACE,SAME,DIFFERENT_OR_UNTAGGED,SAME(AFFIRMED),NONE,BOTH_UNSPECIFIED,BOTH_UNSPECIFIED,공유 특징은 있으나 같은 사건·쟁점 근거 없음. basis=DEFAULT,MEDIUM,NO
PR0206,EC0015,EC0035,DISTINCT,DISTINCT,,,FALSE,SAME_SURFACE,SAME,DIFFERENT_OR_UNTAGGED,SAME(AFFIRMED),NONE,BOTH_UNSPECIFIED,BOTH_UNSPECIFIED,공유 특징은 있으나 같은 사건·쟁점 근거 없음. basis=DEFAULT,MEDIUM,NO
PR0207,EC0015,EC0050,DISTINCT,DISTINCT,,,FALSE,SAME_SURFACE,SAME,DIFFERENT_OR_UNTAGGED,SAME(AFFIRMED),NONE,BOTH_UNSPECIFIED,BOTH_UNSPECIFIED,공유 특징은 있으나 같은 사건·쟁점 근거 없음. basis=DEFAULT,MEDIUM,NO
PR0208,EC0015,EC0051,SAME_ISSUE_DIFFERENT_CLAIM+COMPATIBLE_CLAIMS,SAME_ISSUE_DIFFERENT_CLAIM,COMPATIBLE_CLAIMS,,FALSE,SAME_SURFACE,SAME,SAME_ISSUE,SAME(AFFIRMED),NONE,BOTH_UNSPECIFIED,BOTH_UNSPECIFIED,같은 쟁점의 서로 다른 claim으로 상충 근거 없음. basis=ISSUE:SUSPECT(FRAME~SUMMON_YEONGGYO),LOW,NO
PR0209,EC0015,EC0052,SAME_ISSUE_DIFFERENT_CLAIM+COMPATIBLE_CLAIMS,SAME_ISSUE_DIFFERENT_CLAIM,COMPATIBLE_CLAIMS,,FALSE,SAME_SURFACE,SAME,SAME_ISSUE,SAME(AFFIRMED),NONE,BOTH_UNSPECIFIED,BOTH_UNSPECIFIED,같은 쟁점의 서로 다른 claim으로 상충 근거 없음. basis=ISSUE:SUSPECT(FRAME~LIST_GUSUN),LOW,NO
PR0210,EC0015,EC0074,DISTINCT,DISTINCT,,,FALSE,SAME_SURFACE,SAME,DIFFERENT_OR_UNTAGGED,SAME(AFFIRMED),NONE,BOTH_UNSPECIFIED,BOTH_UNSPECIFIED,공유 특징은 있으나 같은 사건·쟁점 근거 없음. basis=DEFAULT,MEDIUM,NO
PR0211,EC0015,EC0076,DISTINCT,DISTINCT,,,FALSE,SAME_SURFACE,SAME,DIFFERENT_OR_UNTAGGED,SAME(AFFIRMED),NONE,BOTH_UNSPECIFIED,ONE_UNSPECIFIED,공유 특징은 있으나 같은 사건·쟁점 근거 없음. basis=DEFAULT,MEDIUM,NO
PR0212,EC0015,EC0102,DISTINCT,DISTINCT,,,FALSE,SAME_SURFACE,SAME,DIFFERENT_OR_UNTAGGED,SAME(AFFIRMED),pair generation only used STRONGLY_SUPPORTED identity (classification does not depend on it): 병사=이광섭,ONE_UNSPECIFIED,BOTH_UNSPECIFIED,공유 특징은 있으나 같은 사건·쟁점 근거 없음. basis=DEFAULT,MEDIUM,NO
PR0213,EC0015,EC0117,SAME_ISSUE_DIFFERENT_CLAIM+COMPATIBLE_CLAIMS,SAME_ISSUE_DIFFERENT_CLAIM,COMPATIBLE_CLAIMS,,FALSE,DIFFERENT,SAME,SAME_ISSUE,SAME(AFFIRMED),NONE,BOTH_UNSPECIFIED,BOTH_UNSPECIFIED,같은 쟁점의 서로 다른 claim으로 상충 근거 없음. basis=ISSUE:SUSPECT(FRAME~LIST_YU),LOW,NO
PR0214,EC0015,EC0118,SAME_ISSUE_DIFFERENT_CLAIM+COMPATIBLE_CLAIMS,SAME_ISSUE_DIFFERENT_CLAIM,COMPATIBLE_CLAIMS,,FALSE,DIFFERENT,SAME,SAME_ISSUE,SAME(AFFIRMED),NONE,BOTH_UNSPECIFIED,BOTH_UNSPECIFIED,같은 쟁점의 서로 다른 claim으로 상충 근거 없음. basis=ISSUE:SUSPECT(FRAME~LIST_SOURCE_SELF),LOW,NO
PR0215,EC0015,EC0121,SAME_ISSUE_DIFFERENT_CLAIM+COMPATIBLE_CLAIMS,SAME_ISSUE_DIFFERENT_CLAIM,COMPATIBLE_CLAIMS,,FALSE,DIFFERENT,DIFFERENT(ACTION/SPEECH_ACT),SAME_ISSUE,SAME(AFFIRMED),NONE,BOTH_UNSPECIFIED,BOTH_UNSPECIFIED,같은 쟁점의 서로 다른 claim으로 상충 근거 없음. basis=ISSUE:SUSPECT(FRAME~SPEECH_KIM_CHIEF),LOW,NO
PR0216,EC0015,EC0129,SAME_ISSUE_DIFFERENT_CLAIM+COMPATIBLE_CLAIMS,SAME_ISSUE_DIFFERENT_CLAIM,COMPATIBLE_CLAIMS,,FALSE,SAME_SURFACE,DIFFERENT(ACTION/SPEECH_ACT),SAME_ISSUE,SAME(AFFIRMED),NONE,BOTH_UNSPECIFIED,BOTH_UNSPECIFIED,같은 쟁점의 서로 다른 claim으로 상충 근거 없음. basis=ISSUE:SUSPECT(FRAME~SUSPICION),LOW,NO
PR0217,EC0015,EC0130,SAME_ISSUE_DIFFERENT_CLAIM+COMPATIBLE_CLAIMS,SAME_ISSUE_DIFFERENT_CLAIM,COMPATIBLE_CLAIMS,,FALSE,DIFFERENT,SAME,SAME_ISSUE,SAME(AFFIRMED),NONE,BOTH_UNSPECIFIED,BOTH_UNSPECIFIED,같은 쟁점의 서로 다른 claim으로 상충 근거 없음. basis=ISSUE:SUSPECT(FRAME~LIST_YU_RECORD),LOW,NO
PR0218,EC0015,EC0133,DISTINCT,DISTINCT,,,FALSE,SAME_SURFACE,SAME,DIFFERENT_OR_UNTAGGED,SAME(AFFIRMED),NONE,BOTH_UNSPECIFIED,BOTH_UNSPECIFIED,공유 특징은 있으나 같은 사건·쟁점 근거 없음. basis=DEFAULT,MEDIUM,NO
PR0219,EC0015,EC0149,DISTINCT,DISTINCT,,,FALSE,SAME_SURFACE,SAME,DIFFERENT_OR_UNTAGGED,OPPOSITE(AFFIRMED/NEGATED),NONE,BOTH_UNSPECIFIED,BOTH_UNSPECIFIED,공유 특징은 있으나 같은 사건·쟁점 근거 없음. basis=DEFAULT,MEDIUM,NO
PR0220,EC0016,EC0023,DISTINCT,DISTINCT,,,FALSE,DIFFERENT,DIFFERENT(STATE/ORDER),DIFFERENT_OR_UNTAGGED,SAME(AFFIRMED),NONE,BOTH_UNSPECIFIED,BOTH_UNSPECIFIED,공유 특징은 있으나 같은 사건·쟁점 근거 없음. basis=DEFAULT,MEDIUM,NO
PR0221,EC0016,EC0027,DISTINCT,DISTINCT,,,FALSE,DIFFERENT,SAME,DIFFERENT_OR_UNTAGGED,SAME(AFFIRMED),NONE,BOTH_UNSPECIFIED,BOTH_UNSPECIFIED,공유 특징은 있으나 같은 사건·쟁점 근거 없음. basis=DEFAULT,MEDIUM,NO
PR0222,EC0016,EC0028,DISTINCT,DISTINCT,,,FALSE,DIFFERENT,DIFFERENT(STATE/CAUSE_ATTRIBUTION),DIFFERENT_OR_UNTAGGED,SAME(AFFIRMED),NONE,BOTH_UNSPECIFIED,BOTH_UNSPECIFIED,공유 특징은 있으나 같은 사건·쟁점 근거 없음. basis=DEFAULT,MEDIUM,NO
PR0223,EC0016,EC0029,DISTINCT,DISTINCT,,,FALSE,DIFFERENT,SAME,DIFFERENT_OR_UNTAGGED,SAME(AFFIRMED),NONE,BOTH_UNSPECIFIED,BOTH_UNSPECIFIED,공유 특징은 있으나 같은 사건·쟁점 근거 없음. basis=DEFAULT,MEDIUM,NO
PR0224,EC0016,EC0051,SAME_ISSUE_DIFFERENT_CLAIM+COMPATIBLE_CLAIMS,SAME_ISSUE_DIFFERENT_CLAIM,COMPATIBLE_CLAIMS,,FALSE,DIFFERENT,DIFFERENT(STATE/ACTION),SAME_ISSUE,SAME(AFFIRMED),NONE,BOTH_UNSPECIFIED,BOTH_UNSPECIFIED,같은 쟁점의 서로 다른 claim으로 상충 근거 없음. basis=ISSUE:SUSPECT(TARGETS~SUMMON_YEONGGYO),LOW,NO
PR0225,EC0016,EC0052,SAME_ISSUE_DIFFERENT_CLAIM+COMPATIBLE_CLAIMS,SAME_ISSUE_DIFFERENT_CLAIM,COMPATIBLE_CLAIMS,,FALSE,DIFFERENT,DIFFERENT(STATE/ACTION),SAME_ISSUE,SAME(AFFIRMED),NONE,BOTH_UNSPECIFIED,BOTH_UNSPECIFIED,같은 쟁점의 서로 다른 claim으로 상충 근거 없음. basis=ISSUE:SUSPECT(TARGETS~LIST_GUSUN),LOW,NO
PR0226,EC0016,EC0098,DISTINCT,DISTINCT,,,FALSE,DIFFERENT,DIFFERENT(STATE/ACTION),DIFFERENT_OR_UNTAGGED,SAME(AFFIRMED),NONE,ONE_UNSPECIFIED,ONE_UNSPECIFIED,공유 특징은 있으나 같은 사건·쟁점 근거 없음. basis=DEFAULT,MEDIUM,NO
PR0227,EC0016,EC0117,SAME_ISSUE_DIFFERENT_CLAIM+COMPATIBLE_CLAIMS,SAME_ISSUE_DIFFERENT_CLAIM,COMPATIBLE_CLAIMS,,FALSE,DIFFERENT,DIFFERENT(STATE/ACTION),SAME_ISSUE,SAME(AFFIRMED),NONE,BOTH_UNSPECIFIED,BOTH_UNSPECIFIED,같은 쟁점의 서로 다른 claim으로 상충 근거 없음. basis=ISSUE:SUSPECT(TARGETS~LIST_YU),LOW,NO
PR0228,EC0016,EC0118,SAME_ISSUE_DIFFERENT_CLAIM+COMPATIBLE_CLAIMS,SAME_ISSUE_DIFFERENT_CLAIM,COMPATIBLE_CLAIMS,,FALSE,DIFFERENT,DIFFERENT(STATE/ACTION),SAME_ISSUE,SAME(AFFIRMED),NONE,BOTH_UNSPECIFIED,BOTH_UNSPECIFIED,같은 쟁점의 서로 다른 claim으로 상충 근거 없음. basis=ISSUE:SUSPECT(TARGETS~LIST_SOURCE_SELF),LOW,NO
PR0229,EC0016,EC0121,SAME_ISSUE_DIFFERENT_CLAIM+COMPATIBLE_CLAIMS,SAME_ISSUE_DIFFERENT_CLAIM,COMPATIBLE_CLAIMS,,FALSE,DIFFERENT,DIFFERENT(STATE/SPEECH_ACT),SAME_ISSUE,SAME(AFFIRMED),NONE,BOTH_UNSPECIFIED,BOTH_UNSPECIFIED,같은 쟁점의 서로 다른 claim으로 상충 근거 없음. basis=ISSUE:SUSPECT(TARGETS~SPEECH_KIM_CHIEF),LOW,NO
PR0230,EC0016,EC0129,SAME_ISSUE_DIFFERENT_CLAIM+COMPATIBLE_CLAIMS,SAME_ISSUE_DIFFERENT_CLAIM,COMPATIBLE_CLAIMS,,FALSE,DIFFERENT,DIFFERENT(STATE/SPEECH_ACT),SAME_ISSUE,SAME(AFFIRMED),NONE,BOTH_UNSPECIFIED,BOTH_UNSPECIFIED,같은 쟁점의 서로 다른 claim으로 상충 근거 없음. basis=ISSUE:SUSPECT(TARGETS~SUSPICION),LOW,NO
PR0231,EC0016,EC0130,SAME_ISSUE_DIFFERENT_CLAIM+COMPATIBLE_CLAIMS,SAME_ISSUE_DIFFERENT_CLAIM,COMPATIBLE_CLAIMS,,FALSE,DIFFERENT,DIFFERENT(STATE/ACTION),SAME_ISSUE,SAME(AFFIRMED),NONE,BOTH_UNSPECIFIED,BOTH_UNSPECIFIED,같은 쟁점의 서로 다른 claim으로 상충 근거 없음. basis=ISSUE:SUSPECT(TARGETS~LIST_YU_RECORD),LOW,NO
PR0232,EC0017,EC0018,SAME_ISSUE_DIFFERENT_CLAIM+COMPATIBLE_CLAIMS,SAME_ISSUE_DIFFERENT_CLAIM,COMPATIBLE_CLAIMS,,FALSE,DIFFERENT,DIFFERENT(ACTION/STATE),SAME_ISSUE,SAME(AFFIRMED),NONE,BOTH_UNSPECIFIED,BOTH_UNSPECIFIED,같은 쟁점의 서로 다른 claim으로 상충 근거 없음. basis=ISSUE:INVESTIGATION_CONDUCT(MUNHYEOP~GWANGSEOP),LOW,NO
PR0233,EC0017,EC0019,SAME_ISSUE_DIFFERENT_CLAIM+COMPATIBLE_CLAIMS,SAME_ISSUE_DIFFERENT_CLAIM,COMPATIBLE_CLAIMS,,FALSE,DIFFERENT,SAME,SAME_ISSUE,SAME(AFFIRMED),NONE,BOTH_UNSPECIFIED,BOTH_UNSPECIFIED,같은 쟁점의 서로 다른 claim으로 상충 근거 없음. basis=ISSUE:INVESTIGATION_CONDUCT(MUNHYEOP~GWANGSEOP),LOW,NO
PR0234,EC0017,EC0041,SAME_ISSUE_DIFFERENT_CLAIM+COMPATIBLE_CLAIMS,SAME_ISSUE_DIFFERENT_CLAIM,COMPATIBLE_CLAIMS,,FALSE,DIFFERENT,SAME,SAME_ISSUE,OPPOSITE(AFFIRMED/NEGATED),NONE,BOTH_UNSPECIFIED,BOTH_UNSPECIFIED,같은 쟁점의 서로 다른 claim으로 상충 근거 없음. basis=ISSUE:INVESTIGATION_CONDUCT(MUNHYEOP~BYEONGSA),LOW,NO
PR0235,EC0017,EC0042,SAME_ISSUE_DIFFERENT_CLAIM+COMPATIBLE_CLAIMS,SAME_ISSUE_DIFFERENT_CLAIM,COMPATIBLE_CLAIMS,,FALSE,DIFFERENT,SAME,SAME_ISSUE,SAME(AFFIRMED),NONE,BOTH_UNSPECIFIED,BOTH_UNSPECIFIED,같은 쟁점의 서로 다른 claim으로 상충 근거 없음. basis=ISSUE:INVESTIGATION_CONDUCT(MUNHYEOP~BYEONGSA),LOW,NO
PR0236,EC0017,EC0133,SAME_ISSUE_DIFFERENT_CLAIM+COMPATIBLE_CLAIMS,SAME_ISSUE_DIFFERENT_CLAIM,COMPATIBLE_CLAIMS,,FALSE,DIFFERENT,SAME,SAME_ISSUE,SAME(AFFIRMED),NONE,BOTH_UNSPECIFIED,BOTH_UNSPECIFIED,같은 쟁점의 서로 다른 claim으로 상충 근거 없음. basis=ISSUE:INVESTIGATION_CONDUCT(MUNHYEOP~BLAME_OTHERS),LOW,NO
PR0237,EC0017,EC0134,SAME_ISSUE_DIFFERENT_CLAIM+COMPATIBLE_CLAIMS,SAME_ISSUE_DIFFERENT_CLAIM,COMPATIBLE_CLAIMS,,FALSE,DIFFERENT,SAME,SAME_ISSUE,SAME(AFFIRMED),NONE,BOTH_UNSPECIFIED,BOTH_UNSPECIFIED,같은 쟁점의 서로 다른 claim으로 상충 근거 없음. basis=ISSUE:INVESTIGATION_CONDUCT(MUNHYEOP~BLAME_OTHERS),LOW,NO
PR0238,EC0017,EC0135,SAME_ISSUE_DIFFERENT_CLAIM+COMPATIBLE_CLAIMS,SAME_ISSUE_DIFFERENT_CLAIM,COMPATIBLE_CLAIMS,,FALSE,DIFFERENT,DIFFERENT(ACTION/STATE),SAME_ISSUE,SAME(AFFIRMED),NONE,BOTH_UNSPECIFIED,BOTH_UNSPECIFIED,같은 쟁점의 서로 다른 claim으로 상충 근거 없음. basis=ISSUE:INVESTIGATION_CONDUCT(MUNHYEOP~GWANGSEOP),LOW,NO
PR0239,EC0017,EC0137,SAME_ISSUE_DIFFERENT_CLAIM+COMPATIBLE_CLAIMS,SAME_ISSUE_DIFFERENT_CLAIM,COMPATIBLE_CLAIMS,,FALSE,DIFFERENT,SAME,SAME_ISSUE,SAME(AFFIRMED),NONE,BOTH_UNSPECIFIED,BOTH_UNSPECIFIED,같은 쟁점의 서로 다른 claim으로 상충 근거 없음. basis=ISSUE:INVESTIGATION_CONDUCT(MUNHYEOP~GWANGSEOP),LOW,NO
PR0240,EC0017,EC0139,DISTINCT,DISTINCT,,,FALSE,SAME_SURFACE,SAME,DIFFERENT_OR_UNTAGGED,OPPOSITE(AFFIRMED/NEGATED),NONE,BOTH_UNSPECIFIED,BOTH_UNSPECIFIED,공유 특징은 있으나 같은 사건·쟁점 근거 없음. basis=DEFAULT,MEDIUM,NO
PR0241,EC0017,EC0140,SAME_ISSUE_DIFFERENT_CLAIM+COMPATIBLE_CLAIMS,SAME_ISSUE_DIFFERENT_CLAIM,COMPATIBLE_CLAIMS,,FALSE,SAME_SURFACE,SAME,SAME_ISSUE,SAME(AFFIRMED),NONE,BOTH_UNSPECIFIED,BOTH_UNSPECIFIED,같은 쟁점의 서로 다른 claim으로 상충 근거 없음. basis=ISSUE:INVESTIGATION_CONDUCT(MUNHYEOP~MUNHYEOP),LOW,NO
PR0242,EC0017,EC0141,SAME_ISSUE_DIFFERENT_CLAIM+COMPATIBLE_CLAIMS,SAME_ISSUE_DIFFERENT_CLAIM,COMPATIBLE_CLAIMS,,FALSE,DIFFERENT,SAME,SAME_ISSUE,SAME(AFFIRMED),NONE,BOTH_UNSPECIFIED,BOTH_UNSPECIFIED,같은 쟁점의 서로 다른 claim으로 상충 근거 없음. basis=ISSUE:INVESTIGATION_CONDUCT(MUNHYEOP~BIJANG_DIRECTION),LOW,NO
PR0243,EC0017,EC0142,SAME_ISSUE_DIFFERENT_CLAIM+COMPATIBLE_CLAIMS,SAME_ISSUE_DIFFERENT_CLAIM,COMPATIBLE_CLAIMS,,FALSE,SAME_SURFACE,SAME,SAME_ISSUE,SAME(AFFIRMED),NONE,BOTH_UNSPECIFIED,BOTH_UNSPECIFIED,이문협이 병영 비장에게 수사를 맡김(이형원) vs 병영 비장 지휘대로 죄를 얽음(홍대협). basis=PAIR_OVERRIDE,MEDIUM,NO
PR0244,EC0018,EC0019,SAME_UTTERANCE_COMPONENT+COMPATIBLE_CLAIMS,SAME_UTTERANCE_COMPONENT,COMPATIBLE_CLAIMS,,TRUE,SAME_ENTITY,DIFFERENT(STATE/ACTION),SAME_ISSUE,SAME(AFFIRMED),NONE,BOTH_UNSPECIFIED,BOTH_UNSPECIFIED,같은 쟁점의 서로 다른 claim으로 상충 근거 없음. basis=ISSUE:INVESTIGATION_CONDUCT(GWANGSEOP~GWANGSEOP)+SHARED_UTTERANCE_GROUP SAME_PARENT_PROPOSITION=P0013,LOW,NO
PR0245,EC0018,EC0041,SAME_ISSUE_DIFFERENT_CLAIM+COMPATIBLE_CLAIMS,SAME_ISSUE_DIFFERENT_CLAIM,COMPATIBLE_CLAIMS,,FALSE,SAME_IF_IDENTITY_ASSUMED,DIFFERENT(STATE/ACTION),SAME_ISSUE,OPPOSITE(AFFIRMED/NEGATED),"병사=이광섭 (STRONGLY_SUPPORTED, identity assumption)",BOTH_UNSPECIFIED,BOTH_UNSPECIFIED,basis=ISSUE:INVESTIGATION_CONDUCT(GWANGSEOP~BYEONGSA),LOW,YES
PR0246,EC0018,EC0042,SAME_ISSUE_DIFFERENT_CLAIM+COMPATIBLE_CLAIMS,SAME_ISSUE_DIFFERENT_CLAIM,COMPATIBLE_CLAIMS,,FALSE,SAME_IF_IDENTITY_ASSUMED,DIFFERENT(STATE/ACTION),SAME_ISSUE,SAME(AFFIRMED),"병사=이광섭 (STRONGLY_SUPPORTED, identity assumption)",BOTH_UNSPECIFIED,BOTH_UNSPECIFIED,basis=ISSUE:INVESTIGATION_CONDUCT(GWANGSEOP~BYEONGSA),LOW,YES
PR0247,EC0018,EC0133,SAME_ISSUE_DIFFERENT_CLAIM+COMPATIBLE_CLAIMS,SAME_ISSUE_DIFFERENT_CLAIM,COMPATIBLE_CLAIMS,,FALSE,DIFFERENT,DIFFERENT(STATE/ACTION),SAME_ISSUE,SAME(AFFIRMED),NONE,BOTH_UNSPECIFIED,BOTH_UNSPECIFIED,같은 쟁점의 서로 다른 claim으로 상충 근거 없음. basis=ISSUE:INVESTIGATION_CONDUCT(GWANGSEOP~BLAME_OTHERS),LOW,NO
PR0248,EC0018,EC0134,SAME_ISSUE_DIFFERENT_CLAIM+COMPATIBLE_CLAIMS,SAME_ISSUE_DIFFERENT_CLAIM,COMPATIBLE_CLAIMS,,FALSE,DIFFERENT,DIFFERENT(STATE/ACTION),SAME_ISSUE,SAME(AFFIRMED),NONE,BOTH_UNSPECIFIED,BOTH_UNSPECIFIED,같은 쟁점의 서로 다른 claim으로 상충 근거 없음. basis=ISSUE:INVESTIGATION_CONDUCT(GWANGSEOP~BLAME_OTHERS),LOW,NO
PR0249,EC0018,EC0135,COMPATIBLE_CLAIMS,COMPATIBLE_CLAIMS,,,FALSE,SAME_ENTITY,SAME,SAME_ISSUE,SAME(AFFIRMED),NONE,BOTH_UNSPECIFIED,BOTH_UNSPECIFIED,이광섭이 믿은 말이 허황(이형원) vs 구순의 과장·아전의 거짓 보고를 믿음(홍대협): 일치 방향. basis=PAIR_OVERRIDE,MEDIUM,NO
PR0250,EC0018,EC0137,SAME_ISSUE_DIFFERENT_CLAIM+COMPATIBLE_CLAIMS,SAME_ISSUE_DIFFERENT_CLAIM,COMPATIBLE_CLAIMS,,FALSE,SAME_ENTITY,DIFFERENT(STATE/ACTION),SAME_ISSUE,SAME(AFFIRMED),NONE,BOTH_UNSPECIFIED,BOTH_UNSPECIFIED,같은 쟁점의 서로 다른 claim으로 상충 근거 없음. basis=ISSUE:INVESTIGATION_CONDUCT(GWANGSEOP~GWANGSEOP),LOW,NO
PR0251,EC0018,EC0140,SAME_ISSUE_DIFFERENT_CLAIM+COMPATIBLE_CLAIMS,SAME_ISSUE_DIFFERENT_CLAIM,COMPATIBLE_CLAIMS,,FALSE,DIFFERENT,DIFFERENT(STATE/ACTION),SAME_ISSUE,SAME(AFFIRMED),NONE,BOTH_UNSPECIFIED,BOTH_UNSPECIFIED,같은 쟁점의 서로 다른 claim으로 상충 근거 없음. basis=ISSUE:INVESTIGATION_CONDUCT(GWANGSEOP~MUNHYEOP),LOW,NO
PR0252,EC0018,EC0141,SAME_ISSUE_DIFFERENT_CLAIM+COMPATIBLE_CLAIMS,SAME_ISSUE_DIFFERENT_CLAIM,COMPATIBLE_CLAIMS,,FALSE,DIFFERENT,DIFFERENT(STATE/ACTION),SAME_ISSUE,SAME(AFFIRMED),NONE,BOTH_UNSPECIFIED,BOTH_UNSPECIFIED,같은 쟁점의 서로 다른 claim으로 상충 근거 없음. basis=ISSUE:INVESTIGATION_CONDUCT(GWANGSEOP~BIJANG_DIRECTION),LOW,NO
PR0253,EC0018,EC0142,SAME_ISSUE_DIFFERENT_CLAIM+COMPATIBLE_CLAIMS,SAME_ISSUE_DIFFERENT_CLAIM,COMPATIBLE_CLAIMS,,FALSE,DIFFERENT,DIFFERENT(STATE/ACTION),SAME_ISSUE,SAME(AFFIRMED),NONE,BOTH_UNSPECIFIED,BOTH_UNSPECIFIED,같은 쟁점의 서로 다른 claim으로 상충 근거 없음. basis=ISSUE:INVESTIGATION_CONDUCT(GWANGSEOP~MUNHYEOP),LOW,NO
PR0254,EC0019,EC0041,SAME_ISSUE_DIFFERENT_CLAIM+COMPATIBLE_CLAIMS,SAME_ISSUE_DIFFERENT_CLAIM,COMPATIBLE_CLAIMS,,FALSE,SAME_IF_IDENTITY_ASSUMED,SAME,SAME_ISSUE,OPPOSITE(AFFIRMED/NEGATED),"병사=이광섭 (STRONGLY_SUPPORTED, identity assumption)",BOTH_UNSPECIFIED,BOTH_UNSPECIFIED,basis=ISSUE:INVESTIGATION_CONDUCT(GWANGSEOP~BYEONGSA),LOW,YES
PR0255,EC0019,EC0042,SAME_ISSUE_DIFFERENT_CLAIM+COMPATIBLE_CLAIMS,SAME_ISSUE_DIFFERENT_CLAIM,COMPATIBLE_CLAIMS,,FALSE,SAME_IF_IDENTITY_ASSUMED,SAME,SAME_ISSUE,SAME(AFFIRMED),"병사=이광섭 (STRONGLY_SUPPORTED, identity assumption)",BOTH_UNSPECIFIED,BOTH_UNSPECIFIED,basis=ISSUE:INVESTIGATION_CONDUCT(GWANGSEOP~BYEONGSA),LOW,YES
PR0256,EC0019,EC0096,DISTINCT,DISTINCT,,,FALSE,SAME_ENTITY,DIFFERENT(ACTION/ORDER),DIFFERENT_OR_UNTAGGED,SAME(AFFIRMED),NONE,ONE_UNSPECIFIED,BOTH_UNSPECIFIED,공유 특징은 있으나 같은 사건·쟁점 근거 없음. basis=DEFAULT,MEDIUM,NO
PR0257,EC0019,EC0097,DISTINCT,DISTINCT,,,FALSE,DIFFERENT,SAME,DIFFERENT_OR_UNTAGGED,SAME(AFFIRMED),pair generation only used STRONGLY_SUPPORTED identity (classification does not depend on it): 병사=이광섭,ONE_UNSPECIFIED,BOTH_UNSPECIFIED,공유 특징은 있으나 같은 사건·쟁점 근거 없음. basis=DEFAULT,MEDIUM,NO
PR0258,EC0019,EC0133,SAME_ISSUE_DIFFERENT_CLAIM+COMPATIBLE_CLAIMS,SAME_ISSUE_DIFFERENT_CLAIM,COMPATIBLE_CLAIMS,,FALSE,DIFFERENT,SAME,SAME_ISSUE,SAME(AFFIRMED),NONE,BOTH_UNSPECIFIED,BOTH_UNSPECIFIED,같은 쟁점의 서로 다른 claim으로 상충 근거 없음. basis=ISSUE:INVESTIGATION_CONDUCT(GWANGSEOP~BLAME_OTHERS),LOW,NO
PR0259,EC0019,EC0134,SAME_ISSUE_DIFFERENT_CLAIM+COMPATIBLE_CLAIMS,SAME_ISSUE_DIFFERENT_CLAIM,COMPATIBLE_CLAIMS,,FALSE,DIFFERENT,SAME,SAME_ISSUE,SAME(AFFIRMED),NONE,BOTH_UNSPECIFIED,BOTH_UNSPECIFIED,같은 쟁점의 서로 다른 claim으로 상충 근거 없음. basis=ISSUE:INVESTIGATION_CONDUCT(GWANGSEOP~BLAME_OTHERS),LOW,NO
PR0260,EC0019,EC0135,SAME_ISSUE_DIFFERENT_CLAIM+COMPATIBLE_CLAIMS,SAME_ISSUE_DIFFERENT_CLAIM,COMPATIBLE_CLAIMS,,FALSE,SAME_SURFACE,DIFFERENT(ACTION/STATE),SAME_ISSUE,SAME(AFFIRMED),NONE,BOTH_UNSPECIFIED,BOTH_UNSPECIFIED,같은 쟁점의 서로 다른 claim으로 상충 근거 없음. basis=ISSUE:INVESTIGATION_CONDUCT(GWANGSEOP~GWANGSEOP),LOW,NO
PR0261,EC0019,EC0136,DISTINCT,DISTINCT,,,FALSE,SAME_SURFACE,SAME,DIFFERENT_OR_UNTAGGED,SAME(AFFIRMED),NONE,BOTH_UNSPECIFIED,BOTH_UNSPECIFIED,공유 특징은 있으나 같은 사건·쟁점 근거 없음. basis=DEFAULT,MEDIUM,NO
PR0262,EC0019,EC0137,SAME_ISSUE_DIFFERENT_CLAIM+COMPATIBLE_CLAIMS,SAME_ISSUE_DIFFERENT_CLAIM,COMPATIBLE_CLAIMS,,FALSE,SAME_SURFACE,SAME,SAME_ISSUE,SAME(AFFIRMED),NONE,BOTH_UNSPECIFIED,BOTH_UNSPECIFIED,basis=PAIR_OVERRIDE,MEDIUM,NO
PR0263,EC0019,EC0140,SAME_ISSUE_DIFFERENT_CLAIM+COMPATIBLE_CLAIMS,SAME_ISSUE_DIFFERENT_CLAIM,COMPATIBLE_CLAIMS,,FALSE,DIFFERENT,SAME,SAME_ISSUE,SAME(AFFIRMED),NONE,BOTH_UNSPECIFIED,BOTH_UNSPECIFIED,같은 쟁점의 서로 다른 claim으로 상충 근거 없음. basis=ISSUE:INVESTIGATION_CONDUCT(GWANGSEOP~MUNHYEOP),LOW,NO
PR0264,EC0019,EC0141,SAME_ISSUE_DIFFERENT_CLAIM+COMPATIBLE_CLAIMS,SAME_ISSUE_DIFFERENT_CLAIM,COMPATIBLE_CLAIMS,,FALSE,DIFFERENT,SAME,SAME_ISSUE,SAME(AFFIRMED),NONE,BOTH_UNSPECIFIED,BOTH_UNSPECIFIED,같은 쟁점의 서로 다른 claim으로 상충 근거 없음. basis=ISSUE:INVESTIGATION_CONDUCT(GWANGSEOP~BIJANG_DIRECTION),LOW,NO
PR0265,EC0019,EC0142,SAME_ISSUE_DIFFERENT_CLAIM+COMPATIBLE_CLAIMS,SAME_ISSUE_DIFFERENT_CLAIM,COMPATIBLE_CLAIMS,,FALSE,DIFFERENT,SAME,SAME_ISSUE,SAME(AFFIRMED),NONE,BOTH_UNSPECIFIED,BOTH_UNSPECIFIED,같은 쟁점의 서로 다른 claim으로 상충 근거 없음. basis=ISSUE:INVESTIGATION_CONDUCT(GWANGSEOP~MUNHYEOP),LOW,NO
PR0266,EC0020,EC0021,TEMPORALLY_RELATED_BUT_DISTINCT,TEMPORALLY_RELATED_BUT_DISTINCT,,,FALSE,DIFFERENT,DIFFERENT(REQUEST/ORDER),UNTAGGED,SAME(AFFIRMED),NONE,BOTH_UNSPECIFIED,BOTH_UNSPECIFIED,같은 서술 흐름 안의 다른 단계. 시간 edge는 만들지 않음. basis=CHAIN:ADMIN_IGWANGSEOP(1~2),MEDIUM,NO
PR0267,EC0020,EC0152,TEMPORALLY_RELATED_BUT_DISTINCT,TEMPORALLY_RELATED_BUT_DISTINCT,,,FALSE,DIFFERENT,DIFFERENT(REQUEST/ORDER),UNTAGGED,SAME(AFFIRMED),NONE,BOTH_UNSPECIFIED,ONE_UNSPECIFIED,같은 서술 흐름 안의 다른 단계. 시간 edge는 만들지 않음. basis=CHAIN:ADMIN_IGWANGSEOP(1~3),MEDIUM,NO
PR0268,EC0021,EC0152,TEMPORALLY_RELATED_BUT_DISTINCT,TEMPORALLY_RELATED_BUT_DISTINCT,,,FALSE,SAME_SURFACE,SAME,UNTAGGED,SAME(AFFIRMED),NONE,BOTH_UNSPECIFIED,ONE_UNSPECIFIED,같은 서술 흐름 안의 다른 단계. 시간 edge는 만들지 않음. basis=CHAIN:ADMIN_IGWANGSEOP(2~3),MEDIUM,NO
PR0269,EC0022,EC0024,SAME_ISSUE_DIFFERENT_CLAIM+COMPATIBLE_CLAIMS,SAME_ISSUE_DIFFERENT_CLAIM,COMPATIBLE_CLAIMS,,FALSE,DIFFERENT,DIFFERENT(STATE/ACTION),SAME_ISSUE,MIXED(NEGATED/DOUBTED),NONE,BOTH_UNSPECIFIED,BOTH_UNSPECIFIED,'화적이 들었다는 설명이 이치에 맞지 않음'(DOUBTED)은 부정 판단과 양립하지만 같은 명제는 아님. basis=ISSUE:THEFT_REALITY(NEG~DOUBT),MEDIUM,NO
PR0270,EC0022,EC0030,SAME_ISSUE_DIFFERENT_CLAIM+COMPATIBLE_CLAIMS,SAME_ISSUE_DIFFERENT_CLAIM,COMPATIBLE_CLAIMS,,FALSE,DIFFERENT,DIFFERENT(STATE/ACTION),SAME_ISSUE,OPPOSITE(AFFIRMED/NEGATED),NONE,BOTH_UNSPECIFIED,BOTH_UNSPECIFIED,basis=ISSUE:THEFT_REALITY(NEG~FAB),MEDIUM,NO
PR0271,EC0022,EC0046,COMPATIBLE_CLAIMS,COMPATIBLE_CLAIMS,,,FALSE,DIFFERENT,SAME,SAME_ISSUE,SAME(NEGATED),NONE,BOTH_UNSPECIFIED,BOTH_UNSPECIFIED,둘 다 도난 부재 방향(같은 판단의 서로 다른 기록). basis=ISSUE:THEFT_REALITY(NEG~NEG),HIGH,NO
PR0272,EC0022,EC0050,SAME_ISSUE_DIFFERENT_CLAIM+CONTRADICTORY_CLAIMS,SAME_ISSUE_DIFFERENT_CLAIM,CONTRADICTORY_CLAIMS,,FALSE,DIFFERENT,DIFFERENT(STATE/ACTION),SAME_ISSUE,OPPOSITE(AFFIRMED/NEGATED),NONE,BOTH_UNSPECIFIED,BOTH_UNSPECIFIED,도적이 훔쳤다/만났다 vs 도난이 없었다. basis=ISSUE:THEFT_REALITY(NEG~POS_ACT),MEDIUM,NO
PR0273,EC0022,EC0065,DISTINCT,DISTINCT,,,FALSE,DIFFERENT,DIFFERENT(STATE/SPEECH_ACT),RELATED_FACET(NEG/SPEECH),OPPOSITE(AFFIRMED/NEGATED),NONE,ONE_UNSPECIFIED,BOTH_UNSPECIFIED,발화 사건(누가 도난을 말함/진술을 바꿈)과 도난 claim은 다른 대상 — 발화는 도난 실재 여부와 독립. basis=ISSUE:THEFT_REALITY(NEG~SPEECH),MEDIUM,NO
PR0274,EC0022,EC0066,SAME_ISSUE_DIFFERENT_CLAIM+CONTRADICTORY_CLAIMS,SAME_ISSUE_DIFFERENT_CLAIM,CONTRADICTORY_CLAIMS,,FALSE,DIFFERENT,DIFFERENT(STATE/ACTION),SAME_ISSUE,OPPOSITE(AFFIRMED/NEGATED),NONE,ONE_UNSPECIFIED,BOTH_UNSPECIFIED,도난 부재 판단과 도적 침입 서술. basis=ISSUE:THEFT_REALITY(NEG~DETAIL_ENTRY),MEDIUM,NO
PR0275,EC0022,EC0067,SAME_ISSUE_DIFFERENT_CLAIM+CONTRADICTORY_CLAIMS,SAME_ISSUE_DIFFERENT_CLAIM,CONTRADICTORY_CLAIMS,,FALSE,DIFFERENT,SAME,SAME_ISSUE,OPPOSITE(AFFIRMED/NEGATED),NONE,ONE_UNSPECIFIED,BOTH_UNSPECIFIED,basis=ISSUE:THEFT_REALITY(NEG~DETAIL_COUNT),MEDIUM,NO
PR0276,EC0022,EC0068,SAME_ISSUE_DIFFERENT_CLAIM+CONTRADICTORY_CLAIMS,SAME_ISSUE_DIFFERENT_CLAIM,CONTRADICTORY_CLAIMS,,FALSE,DIFFERENT,DIFFERENT(STATE/ACTION),SAME_ISSUE,OPPOSITE(AFFIRMED/NEGATED),NONE,ONE_UNSPECIFIED,BOTH_UNSPECIFIED,basis=ISSUE:THEFT_REALITY(NEG~DETAIL_TORCH),MEDIUM,NO
PR0277,EC0022,EC0070,SAME_ISSUE_DIFFERENT_CLAIM+CONTRADICTORY_CLAIMS,SAME_ISSUE_DIFFERENT_CLAIM,CONTRADICTORY_CLAIMS,,FALSE,DIFFERENT,DIFFERENT(STATE/ACTION),SAME_ISSUE,OPPOSITE(AFFIRMED/NEGATED),NONE,ONE_UNSPECIFIED,BOTH_UNSPECIFIED,도적이 훔쳤다/만났다 vs 도난이 없었다. basis=ISSUE:THEFT_REALITY(NEG~POS_ACT),MEDIUM,NO
PR0278,EC0022,EC0079,DISTINCT,DISTINCT,,,FALSE,DIFFERENT,DIFFERENT(STATE/SPEECH_ACT),RELATED_FACET(NEG/SPEECH),OPPOSITE(AFFIRMED/NEGATED),NONE,BOTH_UNSPECIFIED,ONE_UNSPECIFIED,발화 사건(누가 도난을 말함/진술을 바꿈)과 도난 claim은 다른 대상 — 발화는 도난 실재 여부와 독립. basis=ISSUE:THEFT_REALITY(NEG~SPEECH),MEDIUM,NO
PR0279,EC0022,EC0094,DISTINCT,DISTINCT,,,FALSE,DIFFERENT,DIFFERENT(STATE/SPEECH_ACT),RELATED_FACET(NEG/SPEECH),OPPOSITE(AFFIRMED/NEGATED),NONE,ONE_UNSPECIFIED,ONE_UNSPECIFIED,발화 사건(누가 도난을 말함/진술을 바꿈)과 도난 claim은 다른 대상 — 발화는 도난 실재 여부와 독립. basis=ISSUE:THEFT_REALITY(NEG~SPEECH),MEDIUM,NO
PR0280,EC0022,EC0131,SAME_ISSUE_DIFFERENT_CLAIM+CONTRADICTORY_CLAIMS,SAME_ISSUE_DIFFERENT_CLAIM,CONTRADICTORY_CLAIMS,,FALSE,DIFFERENT,SAME,SAME_ISSUE,OPPOSITE(AFFIRMED/NEGATED),NONE,BOTH_UNSPECIFIED,BOTH_UNSPECIFIED,도난 있었다 vs 없었다(판단끼리). basis=ISSUE:THEFT_REALITY(NEG~POS_JUDGE),HIGH,NO
PR0281,EC0022,EC0132,SAME_ISSUE_DIFFERENT_CLAIM+CONTRADICTORY_CLAIMS,SAME_ISSUE_DIFFERENT_CLAIM,CONTRADICTORY_CLAIMS,,FALSE,DIFFERENT,SAME,SAME_ISSUE,OPPOSITE(AFFIRMED/NEGATED),NONE,BOTH_UNSPECIFIED,BOTH_UNSPECIFIED,'좀도둑 수준' 평가는 도난 발생을 전제. basis=ISSUE:THEFT_REALITY(NEG~SCALE_SMALL),MEDIUM,NO
PR0282,EC0022,EC0143,SAME_ISSUE_DIFFERENT_CLAIM+CONTRADICTORY_CLAIMS,SAME_ISSUE_DIFFERENT_CLAIM,CONTRADICTORY_CLAIMS,,FALSE,DIFFERENT,SAME,SAME_ISSUE,OPPOSITE(AFFIRMED/NEGATED),NONE,BOTH_UNSPECIFIED,BOTH_UNSPECIFIED,도난 있었다 vs 없었다(판단끼리). basis=ISSUE:THEFT_REALITY(NEG~POS_JUDGE),HIGH,NO
PR0283,EC0023,EC0045,TEMPORALLY_RELATED_BUT_DISTINCT,TEMPORALLY_RELATED_BUT_DISTINCT,,,FALSE,SAME_SURFACE,SAME,UNTAGGED,SAME(AFFIRMED),NONE,BOTH_UNSPECIFIED,BOTH_UNSPECIFIED,5/12와 5/27의 의금부 구금·신문 왕명: 반복 명령. basis=PAIR_OVERRIDE,MEDIUM,NO
PR0284,EC0023,EC0093,DISTINCT,DISTINCT,,,FALSE,DIFFERENT,DIFFERENT(ORDER/ACTION),UNTAGGED,SAME(AFFIRMED),pair generation only used STRONGLY_SUPPORTED identity (classification does not depend on it): 장교 일행=이진욱 등 장교,ONE_UNSPECIFIED,ONE_UNSPECIFIED,공유 특징은 있으나 같은 사건·쟁점 근거 없음. basis=DEFAULT,MEDIUM,NO
PR0285,EC0023,EC0098,DISTINCT,DISTINCT,,,FALSE,DIFFERENT,DIFFERENT(ORDER/ACTION),UNTAGGED,SAME(AFFIRMED),NONE,ONE_UNSPECIFIED,ONE_UNSPECIFIED,공유 특징은 있으나 같은 사건·쟁점 근거 없음. basis=DEFAULT,MEDIUM,NO
PR0286,EC0023,EC0099,DISTINCT,DISTINCT,,,FALSE,DIFFERENT,DIFFERENT(ORDER/SPEECH_ACT),UNTAGGED,SAME(AFFIRMED),NONE,ONE_UNSPECIFIED,BOTH_UNSPECIFIED,공유 특징은 있으나 같은 사건·쟁점 근거 없음. basis=DEFAULT,MEDIUM,NO
PR0287,EC0024,EC0030,SAME_ISSUE_DIFFERENT_CLAIM+COMPATIBLE_CLAIMS,SAME_ISSUE_DIFFERENT_CLAIM,COMPATIBLE_CLAIMS,,FALSE,SAME_ENTITY,SAME,SAME_ISSUE,MIXED(DOUBTED/AFFIRMED),NONE,BOTH_UNSPECIFIED,BOTH_UNSPECIFIED,basis=ISSUE:THEFT_REALITY(DOUBT~FAB),MEDIUM,NO
PR0288,EC0024,EC0031,DISTINCT,DISTINCT,,,FALSE,SAME_ENTITY,SAME,DIFFERENT_OR_UNTAGGED,MIXED(DOUBTED/AFFIRMED),NONE,BOTH_UNSPECIFIED,BOTH_UNSPECIFIED,공유 특징은 있으나 같은 사건·쟁점 근거 없음. basis=DEFAULT,MEDIUM,NO
PR0289,EC0024,EC0032,DISTINCT,DISTINCT,,,FALSE,SAME_ENTITY,SAME,DIFFERENT_OR_UNTAGGED,MIXED(DOUBTED/AFFIRMED),NONE,BOTH_UNSPECIFIED,BOTH_UNSPECIFIED,공유 특징은 있으나 같은 사건·쟁점 근거 없음. basis=DEFAULT,MEDIUM,NO
PR0290,EC0024,EC0033,DISTINCT,DISTINCT,,,FALSE,SAME_ENTITY,SAME,DIFFERENT_OR_UNTAGGED,MIXED(DOUBTED/AFFIRMED),NONE,BOTH_UNSPECIFIED,BOTH_UNSPECIFIED,공유 특징은 있으나 같은 사건·쟁점 근거 없음. basis=DEFAULT,MEDIUM,NO
PR0291,EC0024,EC0035,DISTINCT,DISTINCT,,,FALSE,SAME_ENTITY,SAME,DIFFERENT_OR_UNTAGGED,MIXED(DOUBTED/AFFIRMED),NONE,BOTH_UNSPECIFIED,BOTH_UNSPECIFIED,공유 특징은 있으나 같은 사건·쟁점 근거 없음. basis=DEFAULT,MEDIUM,NO
PR0292,EC0024,EC0046,SAME_ISSUE_DIFFERENT_CLAIM+COMPATIBLE_CLAIMS,SAME_ISSUE_DIFFERENT_CLAIM,COMPATIBLE_CLAIMS,,FALSE,SAME_ENTITY,DIFFERENT(ACTION/STATE),SAME_ISSUE,MIXED(DOUBTED/NEGATED),NONE,BOTH_UNSPECIFIED,BOTH_UNSPECIFIED,'화적이 들었다는 설명이 이치에 맞지 않음'(DOUBTED)은 부정 판단과 양립하지만 같은 명제는 아님. basis=ISSUE:THEFT_REALITY(DOUBT~NEG),MEDIUM,NO
PR0293,EC0024,EC0050,SAME_ISSUE_DIFFERENT_CLAIM+REVIEW_REQUIRED,SAME_ISSUE_DIFFERENT_CLAIM,REVIEW_REQUIRED,,FALSE,SAME_ENTITY,SAME,SAME_ISSUE,MIXED(DOUBTED/AFFIRMED),NONE,BOTH_UNSPECIFIED,BOTH_UNSPECIFIED,의심 대상인 '화적' 설명과 구순·나복의 도적 서술: DOUBTED는 부정 단정이 아님. basis=ISSUE:THEFT_REALITY(DOUBT~POS_ACT),LOW,YES
PR0294,EC0024,EC0051,DISTINCT,DISTINCT,,,FALSE,SAME_ENTITY,SAME,DIFFERENT_OR_UNTAGGED,MIXED(DOUBTED/AFFIRMED),NONE,BOTH_UNSPECIFIED,BOTH_UNSPECIFIED,공유 특징은 있으나 같은 사건·쟁점 근거 없음. basis=DEFAULT,MEDIUM,NO
PR0295,EC0024,EC0052,DISTINCT,DISTINCT,,,FALSE,SAME_ENTITY,SAME,DIFFERENT_OR_UNTAGGED,MIXED(DOUBTED/AFFIRMED),NONE,BOTH_UNSPECIFIED,BOTH_UNSPECIFIED,공유 특징은 있으나 같은 사건·쟁점 근거 없음. basis=DEFAULT,MEDIUM,NO
PR0296,EC0024,EC0065,DISTINCT,DISTINCT,,,FALSE,DIFFERENT,DIFFERENT(ACTION/SPEECH_ACT),RELATED_FACET(DOUBT/SPEECH),MIXED(DOUBTED/AFFIRMED),NONE,ONE_UNSPECIFIED,BOTH_UNSPECIFIED,발화 사건(누가 도난을 말함/진술을 바꿈)과 도난 claim은 다른 대상 — 발화는 도난 실재 여부와 독립. basis=ISSUE:THEFT_REALITY(DOUBT~SPEECH),MEDIUM,NO
PR0297,EC0024,EC0066,SAME_ISSUE_DIFFERENT_CLAIM+REVIEW_REQUIRED,SAME_ISSUE_DIFFERENT_CLAIM,REVIEW_REQUIRED,,FALSE,DIFFERENT,SAME,SAME_ISSUE,MIXED(DOUBTED/AFFIRMED),NONE,ONE_UNSPECIFIED,BOTH_UNSPECIFIED,의심 대상인 '화적' 설명과 나복의 침입 서술: DOUBTED는 부정 단정이 아님. basis=ISSUE:THEFT_REALITY(DOUBT~DETAIL_ENTRY),LOW,YES
PR0298,EC0024,EC0067,SAME_ISSUE_DIFFERENT_CLAIM+REVIEW_REQUIRED,SAME_ISSUE_DIFFERENT_CLAIM,REVIEW_REQUIRED,,FALSE,DIFFERENT,DIFFERENT(ACTION/STATE),SAME_ISSUE,MIXED(DOUBTED/AFFIRMED),NONE,ONE_UNSPECIFIED,BOTH_UNSPECIFIED,의심 대상인 '화적' 설명과 나복의 30여 명 서술: DOUBTED는 부정 단정이 아님. basis=ISSUE:THEFT_REALITY(DOUBT~DETAIL_COUNT),LOW,YES
PR0299,EC0024,EC0068,SAME_ISSUE_DIFFERENT_CLAIM+REVIEW_REQUIRED,SAME_ISSUE_DIFFERENT_CLAIM,REVIEW_REQUIRED,,FALSE,DIFFERENT,SAME,SAME_ISSUE,MIXED(DOUBTED/AFFIRMED),NONE,ONE_UNSPECIFIED,BOTH_UNSPECIFIED,의심 대상인 '화적' 설명과 나복의 횃불 서술: DOUBTED는 부정 단정이 아님. basis=ISSUE:THEFT_REALITY(DOUBT~DETAIL_TORCH),LOW,YES
PR0300,EC0024,EC0070,SAME_ISSUE_DIFFERENT_CLAIM+REVIEW_REQUIRED,SAME_ISSUE_DIFFERENT_CLAIM,REVIEW_REQUIRED,,FALSE,DIFFERENT,SAME,SAME_ISSUE,MIXED(DOUBTED/AFFIRMED),NONE,ONE_UNSPECIFIED,BOTH_UNSPECIFIED,의심 대상인 '화적' 설명과 구순·나복의 도적 서술: DOUBTED는 부정 단정이 아님. basis=ISSUE:THEFT_REALITY(DOUBT~POS_ACT),LOW,YES
PR0301,EC0024,EC0074,DISTINCT,DISTINCT,,,FALSE,SAME_ENTITY,SAME,DIFFERENT_OR_UNTAGGED,MIXED(DOUBTED/AFFIRMED),NONE,BOTH_UNSPECIFIED,BOTH_UNSPECIFIED,공유 특징은 있으나 같은 사건·쟁점 근거 없음. basis=DEFAULT,MEDIUM,NO
PR0302,EC0024,EC0076,DISTINCT,DISTINCT,,,FALSE,SAME_ENTITY,SAME,DIFFERENT_OR_UNTAGGED,MIXED(DOUBTED/AFFIRMED),NONE,BOTH_UNSPECIFIED,ONE_UNSPECIFIED,공유 특징은 있으나 같은 사건·쟁점 근거 없음. basis=DEFAULT,MEDIUM,NO
PR0303,EC0024,EC0079,DISTINCT,DISTINCT,,,FALSE,DIFFERENT,DIFFERENT(ACTION/SPEECH_ACT),RELATED_FACET(DOUBT/SPEECH),MIXED(DOUBTED/AFFIRMED),NONE,BOTH_UNSPECIFIED,ONE_UNSPECIFIED,발화 사건(누가 도난을 말함/진술을 바꿈)과 도난 claim은 다른 대상 — 발화는 도난 실재 여부와 독립. basis=ISSUE:THEFT_REALITY(DOUBT~SPEECH),MEDIUM,NO
PR0304,EC0024,EC0093,DISTINCT,DISTINCT,,,FALSE,DIFFERENT,SAME,DIFFERENT_OR_UNTAGGED,MIXED(DOUBTED/AFFIRMED),pair generation only used STRONGLY_SUPPORTED identity (classification does not depend on it): 장교 일행=이진욱 등 장교,ONE_UNSPECIFIED,ONE_UNSPECIFIED,공유 특징은 있으나 같은 사건·쟁점 근거 없음. basis=DEFAULT,MEDIUM,NO
PR0305,EC0024,EC0094,DISTINCT,DISTINCT,,,FALSE,SAME_ENTITY,DIFFERENT(ACTION/SPEECH_ACT),RELATED_FACET(DOUBT/SPEECH),MIXED(DOUBTED/AFFIRMED),NONE,ONE_UNSPECIFIED,ONE_UNSPECIFIED,발화 사건(누가 도난을 말함/진술을 바꿈)과 도난 claim은 다른 대상 — 발화는 도난 실재 여부와 독립. basis=ISSUE:THEFT_REALITY(DOUBT~SPEECH),MEDIUM,NO
PR0306,EC0024,EC0095,DISTINCT,DISTINCT,,,FALSE,SAME_ENTITY,DIFFERENT(ACTION/SPEECH_ACT),DIFFERENT_OR_UNTAGGED,MIXED(DOUBTED/AFFIRMED),NONE,ONE_UNSPECIFIED,ONE_UNSPECIFIED,공유 특징은 있으나 같은 사건·쟁점 근거 없음. basis=DEFAULT,MEDIUM,NO
PR0307,EC0024,EC0101,DISTINCT,DISTINCT,,,FALSE,SAME_ENTITY,DIFFERENT(ACTION/SPEECH_ACT),DIFFERENT_OR_UNTAGGED,MIXED(DOUBTED/AFFIRMED),NONE,ONE_UNSPECIFIED,BOTH_UNSPECIFIED,공유 특징은 있으나 같은 사건·쟁점 근거 없음. basis=DEFAULT,MEDIUM,NO
PR0308,EC0024,EC0102,DISTINCT,DISTINCT,,,FALSE,SAME_IF_IDENTITY_ASSUMED,SAME,DIFFERENT_OR_UNTAGGED,MIXED(DOUBTED/AFFIRMED),pair generation only used STRONGLY_SUPPORTED identity (classification does not depend on it): 병사=이광섭,ONE_UNSPECIFIED,BOTH_UNSPECIFIED,공유 특징은 있으나 같은 사건·쟁점 근거 없음. basis=DEFAULT,MEDIUM,NO
PR0309,EC0024,EC0131,SAME_ISSUE_DIFFERENT_CLAIM+COMPATIBLE_CLAIMS,SAME_ISSUE_DIFFERENT_CLAIM,COMPATIBLE_CLAIMS,,FALSE,DIFFERENT,DIFFERENT(ACTION/STATE),SAME_ISSUE,MIXED(DOUBTED/AFFIRMED),NONE,BOTH_UNSPECIFIED,BOTH_UNSPECIFIED,"의심 대상은 '화적' 설명이며, '약간의 도난이 실제였다'는 판단과 양립. basis=ISSUE:THEFT_REALITY(DOUBT~POS_JUDGE)",MEDIUM,NO
PR0310,EC0024,EC0132,SAME_ISSUE_DIFFERENT_CLAIM+COMPATIBLE_CLAIMS,SAME_ISSUE_DIFFERENT_CLAIM,COMPATIBLE_CLAIMS,,FALSE,DIFFERENT,DIFFERENT(ACTION/STATE),SAME_ISSUE,MIXED(DOUBTED/AFFIRMED),NONE,BOTH_UNSPECIFIED,BOTH_UNSPECIFIED,화적 설명을 의심하는 것과 '좀도둑 수준' 평가는 양립. basis=ISSUE:THEFT_REALITY(DOUBT~SCALE_SMALL),MEDIUM,NO
PR0311,EC0024,EC0133,DISTINCT,DISTINCT,,,FALSE,SAME_ENTITY,SAME,DIFFERENT_OR_UNTAGGED,MIXED(DOUBTED/AFFIRMED),NONE,BOTH_UNSPECIFIED,BOTH_UNSPECIFIED,공유 특징은 있으나 같은 사건·쟁점 근거 없음. basis=DEFAULT,MEDIUM,NO
PR0312,EC0024,EC0143,SAME_ISSUE_DIFFERENT_CLAIM+COMPATIBLE_CLAIMS,SAME_ISSUE_DIFFERENT_CLAIM,COMPATIBLE_CLAIMS,,FALSE,DIFFERENT,DIFFERENT(ACTION/STATE),SAME_ISSUE,MIXED(DOUBTED/AFFIRMED),NONE,BOTH_UNSPECIFIED,BOTH_UNSPECIFIED,"의심 대상은 '화적' 설명이며, '약간의 도난이 실제였다'는 판단과 양립. basis=ISSUE:THEFT_REALITY(DOUBT~POS_JUDGE)",MEDIUM,NO
PR0313,EC0024,EC0149,DISTINCT,DISTINCT,,,FALSE,SAME_ENTITY,SAME,DIFFERENT_OR_UNTAGGED,MIXED(DOUBTED/NEGATED),NONE,BOTH_UNSPECIFIED,BOTH_UNSPECIFIED,공유 특징은 있으나 같은 사건·쟁점 근거 없음. basis=DEFAULT,MEDIUM,NO
PR0314,EC0025,EC0026,SAME_UTTERANCE_COMPONENT+COMPATIBLE_CLAIMS,SAME_UTTERANCE_COMPONENT,COMPATIBLE_CLAIMS,,TRUE,SAME_SURFACE,DIFFERENT(STATE/ACTION),SAME_ISSUE,SAME(AFFIRMED),NONE,BOTH_UNSPECIFIED,BOTH_UNSPECIFIED,같은 쟁점의 서로 다른 claim으로 상충 근거 없음. basis=ISSUE:MOTIVE(NEIGHBOR~CRITICISM)+SHARED_UTTERANCE_GROUP SAME_PARENT_PROPOSITION=P0019,LOW,NO
PR0315,EC0025,EC0027,SAME_ISSUE_DIFFERENT_CLAIM+COMPATIBLE_CLAIMS,SAME_ISSUE_DIFFERENT_CLAIM,COMPATIBLE_CLAIMS,,FALSE,DIFFERENT,SAME,SAME_ISSUE,SAME(AFFIRMED),NONE,BOTH_UNSPECIFIED,BOTH_UNSPECIFIED,같은 쟁점의 서로 다른 claim으로 상충 근거 없음. basis=ISSUE:MOTIVE(NEIGHBOR~ENMITY),LOW,NO
PR0316,EC0025,EC0028,SAME_ISSUE_DIFFERENT_CLAIM+COMPATIBLE_CLAIMS,SAME_ISSUE_DIFFERENT_CLAIM,COMPATIBLE_CLAIMS,,FALSE,DIFFERENT,DIFFERENT(STATE/CAUSE_ATTRIBUTION),SAME_ISSUE,SAME(AFFIRMED),NONE,BOTH_UNSPECIFIED,BOTH_UNSPECIFIED,같은 쟁점의 서로 다른 claim으로 상충 근거 없음. basis=ISSUE:MOTIVE(NEIGHBOR~GRUDGE_CAUSE),LOW,NO
PR0317,EC0025,EC0029,SAME_ISSUE_DIFFERENT_CLAIM+COMPATIBLE_CLAIMS,SAME_ISSUE_DIFFERENT_CLAIM,COMPATIBLE_CLAIMS,,FALSE,DIFFERENT,SAME,SAME_ISSUE,SAME(AFFIRMED),NONE,BOTH_UNSPECIFIED,BOTH_UNSPECIFIED,같은 쟁점의 서로 다른 claim으로 상충 근거 없음. basis=ISSUE:MOTIVE(NEIGHBOR~INTENT),LOW,NO
PR0318,EC0025,EC0043,DISTINCT,DISTINCT,,,FALSE,DIFFERENT,SAME,DIFFERENT_OR_UNTAGGED,SAME(AFFIRMED),NONE,BOTH_UNSPECIFIED,BOTH_UNSPECIFIED,공유 특징은 있으나 같은 사건·쟁점 근거 없음. basis=DEFAULT,MEDIUM,NO
PR0319,EC0025,EC0071,SAME_ISSUE_DIFFERENT_CLAIM+COMPATIBLE_CLAIMS,SAME_ISSUE_DIFFERENT_CLAIM,COMPATIBLE_CLAIMS,,FALSE,SAME_SURFACE,SAME,SAME_ISSUE,SAME(AFFIRMED),NONE,BOTH_UNSPECIFIED,BOTH_UNSPECIFIED,같은 쟁점의 서로 다른 claim으로 상충 근거 없음. basis=ISSUE:MOTIVE(NEIGHBOR~INTIMATE),LOW,NO
PR0320,EC0025,EC0072,SAME_ISSUE_DIFFERENT_CLAIM+COMPATIBLE_CLAIMS,SAME_ISSUE_DIFFERENT_CLAIM,COMPATIBLE_CLAIMS,,FALSE,SAME_SURFACE,DIFFERENT(STATE/ACTION),SAME_ISSUE,SAME(AFFIRMED),NONE,ONE_UNSPECIFIED,BOTH_UNSPECIFIED,같은 쟁점의 서로 다른 claim으로 상충 근거 없음. basis=ISSUE:MOTIVE(NEIGHBOR~LETTER),LOW,NO
PR0321,EC0025,EC0073,SAME_ISSUE_DIFFERENT_CLAIM+COMPATIBLE_CLAIMS,SAME_ISSUE_DIFFERENT_CLAIM,COMPATIBLE_CLAIMS,,FALSE,SAME_ENTITY,SAME,SAME_ISSUE,SAME(AFFIRMED),NONE,ONE_UNSPECIFIED; relative(- / 그 뒤),BOTH_UNSPECIFIED,같은 쟁점의 서로 다른 claim으로 상충 근거 없음. basis=ISSUE:MOTIVE(NEIGHBOR~BREAK),LOW,NO
PR0322,EC0025,EC0127,DISTINCT,DISTINCT,,,FALSE,DIFFERENT,SAME,DIFFERENT_OR_UNTAGGED,OPPOSITE(AFFIRMED/NEGATED),NONE,BOTH_UNSPECIFIED,BOTH_UNSPECIFIED,공유 특징은 있으나 같은 사건·쟁점 근거 없음. basis=DEFAULT,MEDIUM,NO
PR0323,EC0026,EC0027,SAME_ISSUE_DIFFERENT_CLAIM+COMPATIBLE_CLAIMS,SAME_ISSUE_DIFFERENT_CLAIM,COMPATIBLE_CLAIMS,,FALSE,DIFFERENT,DIFFERENT(ACTION/STATE),SAME_ISSUE,SAME(AFFIRMED),NONE,BOTH_UNSPECIFIED,BOTH_UNSPECIFIED,같은 쟁점의 서로 다른 claim으로 상충 근거 없음. basis=ISSUE:MOTIVE(CRITICISM~ENMITY),LOW,NO
PR0324,EC0026,EC0028,SAME_ISSUE_DIFFERENT_CLAIM+COMPATIBLE_CLAIMS,SAME_ISSUE_DIFFERENT_CLAIM,COMPATIBLE_CLAIMS,,FALSE,DIFFERENT,DIFFERENT(ACTION/CAUSE_ATTRIBUTION),SAME_ISSUE,SAME(AFFIRMED),NONE,BOTH_UNSPECIFIED,BOTH_UNSPECIFIED,같은 쟁점의 서로 다른 claim으로 상충 근거 없음. basis=ISSUE:MOTIVE(CRITICISM~GRUDGE_CAUSE),LOW,NO
PR0325,EC0026,EC0029,SAME_ISSUE_DIFFERENT_CLAIM+COMPATIBLE_CLAIMS,SAME_ISSUE_DIFFERENT_CLAIM,COMPATIBLE_CLAIMS,,FALSE,DIFFERENT,DIFFERENT(ACTION/STATE),SAME_ISSUE,SAME(AFFIRMED),NONE,BOTH_UNSPECIFIED,BOTH_UNSPECIFIED,같은 쟁점의 서로 다른 claim으로 상충 근거 없음. basis=ISSUE:MOTIVE(CRITICISM~INTENT),LOW,NO
PR0326,EC0026,EC0043,DISTINCT,DISTINCT,,,FALSE,DIFFERENT,DIFFERENT(ACTION/STATE),DIFFERENT_OR_UNTAGGED,SAME(AFFIRMED),NONE,BOTH_UNSPECIFIED,BOTH_UNSPECIFIED,공유 특징은 있으나 같은 사건·쟁점 근거 없음. basis=DEFAULT,MEDIUM,NO
PR0327,EC0026,EC0071,SAME_ISSUE_DIFFERENT_CLAIM+COMPATIBLE_CLAIMS,SAME_ISSUE_DIFFERENT_CLAIM,COMPATIBLE_CLAIMS,,FALSE,SAME_SURFACE,DIFFERENT(ACTION/STATE),SAME_ISSUE,SAME(AFFIRMED),NONE,BOTH_UNSPECIFIED,BOTH_UNSPECIFIED,같은 쟁점의 서로 다른 claim으로 상충 근거 없음. basis=ISSUE:MOTIVE(CRITICISM~INTIMATE),LOW,NO
PR0328,EC0026,EC0072,SAME_OCCURRENCE_CANDIDATE,SAME_OCCURRENCE_CANDIDATE,,,FALSE,SAME_SURFACE,SAME,SAME_ISSUE,SAME(AFFIRMED),NONE,ONE_UNSPECIFIED,BOTH_UNSPECIFIED,'행실 비판'(이조원) vs '박거사 일로 편지 힐책'(명업): 같은 비판 행위일 가능성. 주제 표현이 달라 검토 필요. basis=ISSUE:MOTIVE(CRITICISM~LETTER),MEDIUM,YES
PR0329,EC0026,EC0073,SAME_ISSUE_DIFFERENT_CLAIM+COMPATIBLE_CLAIMS,SAME_ISSUE_DIFFERENT_CLAIM,COMPATIBLE_CLAIMS,,FALSE,SAME_ENTITY,DIFFERENT(ACTION/STATE),SAME_ISSUE,SAME(AFFIRMED),NONE,ONE_UNSPECIFIED; relative(- / 그 뒤),BOTH_UNSPECIFIED,같은 쟁점의 서로 다른 claim으로 상충 근거 없음. basis=ISSUE:MOTIVE(CRITICISM~BREAK),LOW,NO
PR0330,EC0026,EC0127,DISTINCT,DISTINCT,,,FALSE,DIFFERENT,DIFFERENT(ACTION/STATE),DIFFERENT_OR_UNTAGGED,OPPOSITE(AFFIRMED/NEGATED),NONE,BOTH_UNSPECIFIED,BOTH_UNSPECIFIED,공유 특징은 있으나 같은 사건·쟁점 근거 없음. basis=DEFAULT,MEDIUM,NO
PR0331,EC0026,EC0146,DISTINCT,DISTINCT,,,FALSE,SAME_SURFACE,SAME,DIFFERENT_OR_UNTAGGED,OPPOSITE(AFFIRMED/NEGATED),NONE,BOTH_UNSPECIFIED,BOTH_UNSPECIFIED,공유 특징은 있으나 같은 사건·쟁점 근거 없음. basis=DEFAULT,MEDIUM,NO
PR0332,EC0026,EC0147,DISTINCT,DISTINCT,,,FALSE,SAME_SURFACE,SAME,DIFFERENT_OR_UNTAGGED,OPPOSITE(AFFIRMED/NEGATED),NONE,BOTH_UNSPECIFIED,BOTH_UNSPECIFIED,공유 특징은 있으나 같은 사건·쟁점 근거 없음. basis=DEFAULT,MEDIUM,NO
PR0333,EC0027,EC0028,SAME_UTTERANCE_COMPONENT+COMPATIBLE_CLAIMS,SAME_UTTERANCE_COMPONENT,COMPATIBLE_CLAIMS,,TRUE,SAME_SURFACE,DIFFERENT(STATE/CAUSE_ATTRIBUTION),SAME_ISSUE,SAME(AFFIRMED),NONE,BOTH_UNSPECIFIED,BOTH_UNSPECIFIED,같은 쟁점의 서로 다른 claim으로 상충 근거 없음. basis=ISSUE:MOTIVE(ENMITY~GRUDGE_CAUSE)+SHARED_UTTERANCE_GROUP SAME_PARENT_PROPOSITION=P0020,LOW,NO
PR0334,EC0027,EC0029,SAME_UTTERANCE_COMPONENT+COMPATIBLE_CLAIMS,SAME_UTTERANCE_COMPONENT,COMPATIBLE_CLAIMS,,TRUE,SAME_SURFACE,SAME,SAME_ISSUE,SAME(AFFIRMED),NONE,BOTH_UNSPECIFIED,BOTH_UNSPECIFIED,같은 쟁점의 서로 다른 claim으로 상충 근거 없음. basis=ISSUE:MOTIVE(ENMITY~INTENT)+SHARED_UTTERANCE_GROUP SAME_PARENT_PROPOSITION=P0020,LOW,NO
PR0335,EC0027,EC0046,DISTINCT,DISTINCT,,,FALSE,SAME_ENTITY,SAME,DIFFERENT_OR_UNTAGGED,OPPOSITE(AFFIRMED/NEGATED),NONE,BOTH_UNSPECIFIED,BOTH_UNSPECIFIED,공유 특징은 있으나 같은 사건·쟁점 근거 없음. basis=DEFAULT,MEDIUM,NO
PR0336,EC0027,EC0071,SAME_ISSUE_DIFFERENT_CLAIM+COMPATIBLE_CLAIMS,SAME_ISSUE_DIFFERENT_CLAIM,COMPATIBLE_CLAIMS,,FALSE,DIFFERENT,SAME,SAME_ISSUE,SAME(AFFIRMED),NONE,BOTH_UNSPECIFIED,BOTH_UNSPECIFIED,같은 쟁점의 서로 다른 claim으로 상충 근거 없음. basis=ISSUE:MOTIVE(ENMITY~INTIMATE),LOW,NO
PR0337,EC0027,EC0072,SAME_ISSUE_DIFFERENT_CLAIM+COMPATIBLE_CLAIMS,SAME_ISSUE_DIFFERENT_CLAIM,COMPATIBLE_CLAIMS,,FALSE,DIFFERENT,DIFFERENT(STATE/ACTION),SAME_ISSUE,SAME(AFFIRMED),NONE,ONE_UNSPECIFIED,BOTH_UNSPECIFIED,같은 쟁점의 서로 다른 claim으로 상충 근거 없음. basis=ISSUE:MOTIVE(ENMITY~LETTER),LOW,NO
PR0338,EC0027,EC0073,SAME_ISSUE_DIFFERENT_CLAIM+COMPATIBLE_CLAIMS,SAME_ISSUE_DIFFERENT_CLAIM,COMPATIBLE_CLAIMS,,FALSE,SAME_ENTITY,SAME,SAME_ISSUE,SAME(AFFIRMED),NONE,ONE_UNSPECIFIED; relative(- / 그 뒤),BOTH_UNSPECIFIED,같은 쟁점의 서로 다른 claim으로 상충 근거 없음. basis=ISSUE:MOTIVE(ENMITY~BREAK),LOW,NO
PR0339,EC0028,EC0029,SAME_UTTERANCE_COMPONENT+COMPATIBLE_CLAIMS,SAME_UTTERANCE_COMPONENT,COMPATIBLE_CLAIMS,,TRUE,SAME_SURFACE,DIFFERENT(CAUSE_ATTRIBUTION/STATE),SAME_ISSUE,SAME(AFFIRMED),NONE,BOTH_UNSPECIFIED,BOTH_UNSPECIFIED,같은 쟁점의 서로 다른 claim으로 상충 근거 없음. basis=ISSUE:MOTIVE(GRUDGE_CAUSE~INTENT)+SHARED_UTTERANCE_GROUP SAME_PARENT_PROPOSITION=P0020,LOW,NO
PR0340,EC0028,EC0043,DISTINCT,DISTINCT,,,FALSE,DIFFERENT,DIFFERENT(CAUSE_ATTRIBUTION/STATE),DIFFERENT_OR_UNTAGGED,SAME(AFFIRMED),NONE,BOTH_UNSPECIFIED,BOTH_UNSPECIFIED,공유 특징은 있으나 같은 사건·쟁점 근거 없음. basis=DEFAULT,MEDIUM,NO
PR0341,EC0028,EC0071,SAME_ISSUE_DIFFERENT_CLAIM+COMPATIBLE_CLAIMS,SAME_ISSUE_DIFFERENT_CLAIM,COMPATIBLE_CLAIMS,,FALSE,DIFFERENT,DIFFERENT(CAUSE_ATTRIBUTION/STATE),SAME_ISSUE,SAME(AFFIRMED),NONE,BOTH_UNSPECIFIED,BOTH_UNSPECIFIED,같은 쟁점의 서로 다른 claim으로 상충 근거 없음. basis=ISSUE:MOTIVE(GRUDGE_CAUSE~INTIMATE),LOW,NO
PR0342,EC0028,EC0072,SAME_ISSUE_DIFFERENT_CLAIM+COMPATIBLE_CLAIMS,SAME_ISSUE_DIFFERENT_CLAIM,COMPATIBLE_CLAIMS,,FALSE,DIFFERENT,DIFFERENT(CAUSE_ATTRIBUTION/ACTION),SAME_ISSUE,SAME(AFFIRMED),NONE,ONE_UNSPECIFIED,BOTH_UNSPECIFIED,같은 쟁점의 서로 다른 claim으로 상충 근거 없음. basis=ISSUE:MOTIVE(GRUDGE_CAUSE~LETTER),LOW,NO
PR0343,EC0028,EC0073,SAME_ISSUE_DIFFERENT_CLAIM+COMPATIBLE_CLAIMS,SAME_ISSUE_DIFFERENT_CLAIM,COMPATIBLE_CLAIMS,,FALSE,SAME_ENTITY,DIFFERENT(CAUSE_ATTRIBUTION/STATE),SAME_ISSUE,SAME(AFFIRMED),NONE,ONE_UNSPECIFIED; relative(- / 그 뒤),BOTH_UNSPECIFIED,같은 쟁점의 서로 다른 claim으로 상충 근거 없음. basis=ISSUE:MOTIVE(GRUDGE_CAUSE~BREAK),LOW,NO
PR0344,EC0028,EC0127,DISTINCT,DISTINCT,,,FALSE,DIFFERENT,DIFFERENT(CAUSE_ATTRIBUTION/STATE),DIFFERENT_OR_UNTAGGED,OPPOSITE(AFFIRMED/NEGATED),NONE,BOTH_UNSPECIFIED,BOTH_UNSPECIFIED,공유 특징은 있으나 같은 사건·쟁점 근거 없음. basis=DEFAULT,MEDIUM,NO
PR0345,EC0029,EC0046,DISTINCT,DISTINCT,,,FALSE,SAME_ENTITY,SAME,DIFFERENT_OR_UNTAGGED,OPPOSITE(AFFIRMED/NEGATED),NONE,BOTH_UNSPECIFIED,BOTH_UNSPECIFIED,공유 특징은 있으나 같은 사건·쟁점 근거 없음. basis=DEFAULT,MEDIUM,NO
PR0346,EC0029,EC0071,SAME_ISSUE_DIFFERENT_CLAIM+COMPATIBLE_CLAIMS,SAME_ISSUE_DIFFERENT_CLAIM,COMPATIBLE_CLAIMS,,FALSE,DIFFERENT,SAME,SAME_ISSUE,SAME(AFFIRMED),NONE,BOTH_UNSPECIFIED,BOTH_UNSPECIFIED,같은 쟁점의 서로 다른 claim으로 상충 근거 없음. basis=ISSUE:MOTIVE(INTENT~INTIMATE),LOW,NO
PR0347,EC0029,EC0072,SAME_ISSUE_DIFFERENT_CLAIM+COMPATIBLE_CLAIMS,SAME_ISSUE_DIFFERENT_CLAIM,COMPATIBLE_CLAIMS,,FALSE,DIFFERENT,DIFFERENT(STATE/ACTION),SAME_ISSUE,SAME(AFFIRMED),NONE,ONE_UNSPECIFIED,BOTH_UNSPECIFIED,같은 쟁점의 서로 다른 claim으로 상충 근거 없음. basis=ISSUE:MOTIVE(INTENT~LETTER),LOW,NO
PR0348,EC0029,EC0073,SAME_ISSUE_DIFFERENT_CLAIM+COMPATIBLE_CLAIMS,SAME_ISSUE_DIFFERENT_CLAIM,COMPATIBLE_CLAIMS,,FALSE,SAME_ENTITY,SAME,SAME_ISSUE,SAME(AFFIRMED),NONE,ONE_UNSPECIFIED; relative(- / 그 뒤),BOTH_UNSPECIFIED,같은 쟁점의 서로 다른 claim으로 상충 근거 없음. basis=ISSUE:MOTIVE(INTENT~BREAK),LOW,NO
PR0349,EC0030,EC0031,DISTINCT,DISTINCT,,,FALSE,SAME_SURFACE,SAME,DIFFERENT_OR_UNTAGGED,SAME(AFFIRMED),NONE,BOTH_UNSPECIFIED,BOTH_UNSPECIFIED,공유 특징은 있으나 같은 사건·쟁점 근거 없음. basis=DEFAULT,MEDIUM,NO
PR0350,EC0030,EC0032,DISTINCT,DISTINCT,,,FALSE,SAME_SURFACE,SAME,DIFFERENT_OR_UNTAGGED,SAME(AFFIRMED),NONE,BOTH_UNSPECIFIED,BOTH_UNSPECIFIED,공유 특징은 있으나 같은 사건·쟁점 근거 없음. basis=DEFAULT,MEDIUM,NO
PR0351,EC0030,EC0033,DISTINCT,DISTINCT,,,FALSE,SAME_SURFACE,SAME,DIFFERENT_OR_UNTAGGED,SAME(AFFIRMED),NONE,BOTH_UNSPECIFIED,BOTH_UNSPECIFIED,공유 특징은 있으나 같은 사건·쟁점 근거 없음. basis=DEFAULT,MEDIUM,NO
PR0352,EC0030,EC0035,DISTINCT,DISTINCT,,,FALSE,SAME_SURFACE,SAME,DIFFERENT_OR_UNTAGGED,SAME(AFFIRMED),NONE,BOTH_UNSPECIFIED,BOTH_UNSPECIFIED,공유 특징은 있으나 같은 사건·쟁점 근거 없음. basis=DEFAULT,MEDIUM,NO
PR0353,EC0030,EC0046,SAME_ISSUE_DIFFERENT_CLAIM+COMPATIBLE_CLAIMS,SAME_ISSUE_DIFFERENT_CLAIM,COMPATIBLE_CLAIMS,,FALSE,SAME_ENTITY,DIFFERENT(ACTION/STATE),SAME_ISSUE,OPPOSITE(AFFIRMED/NEGATED),NONE,BOTH_UNSPECIFIED,BOTH_UNSPECIFIED,basis=ISSUE:THEFT_REALITY(FAB~NEG),MEDIUM,NO
PR0354,EC0030,EC0050,SAME_ISSUE_DIFFERENT_CLAIM+REVIEW_REQUIRED,SAME_ISSUE_DIFFERENT_CLAIM,REVIEW_REQUIRED,CONTRADICTORY_IF_FULL_FABRICATION,FALSE,SAME_SURFACE,SAME,SAME_ISSUE,SAME(AFFIRMED),NONE,BOTH_UNSPECIFIED,BOTH_UNSPECIFIED,'꾸밈'이 도난 전체 조작인지 과장인지 미정. basis=ISSUE:THEFT_REALITY(FAB~POS_ACT),LOW,YES
PR0355,EC0030,EC0051,DISTINCT,DISTINCT,,,FALSE,SAME_SURFACE,SAME,DIFFERENT_OR_UNTAGGED,SAME(AFFIRMED),NONE,BOTH_UNSPECIFIED,BOTH_UNSPECIFIED,공유 특징은 있으나 같은 사건·쟁점 근거 없음. basis=DEFAULT,MEDIUM,NO
PR0356,EC0030,EC0052,DISTINCT,DISTINCT,,,FALSE,SAME_SURFACE,SAME,DIFFERENT_OR_UNTAGGED,SAME(AFFIRMED),NONE,BOTH_UNSPECIFIED,BOTH_UNSPECIFIED,공유 특징은 있으나 같은 사건·쟁점 근거 없음. basis=DEFAULT,MEDIUM,NO
PR0357,EC0030,EC0065,DISTINCT,DISTINCT,,,FALSE,DIFFERENT,DIFFERENT(ACTION/SPEECH_ACT),RELATED_FACET(FAB/SPEECH),SAME(AFFIRMED),NONE,ONE_UNSPECIFIED,BOTH_UNSPECIFIED,발화 사건(누가 도난을 말함/진술을 바꿈)과 도난 claim은 다른 대상 — 발화는 도난 실재 여부와 독립. basis=ISSUE:THEFT_REALITY(FAB~SPEECH),MEDIUM,NO
PR0358,EC0030,EC0066,SAME_ISSUE_DIFFERENT_CLAIM+REVIEW_REQUIRED,SAME_ISSUE_DIFFERENT_CLAIM,REVIEW_REQUIRED,CONTRADICTORY_IF_FULL_FABRICATION,FALSE,DIFFERENT,SAME,SAME_ISSUE,SAME(AFFIRMED),NONE,ONE_UNSPECIFIED,BOTH_UNSPECIFIED,basis=ISSUE:THEFT_REALITY(FAB~DETAIL_ENTRY),LOW,YES
PR0359,EC0030,EC0067,SAME_ISSUE_DIFFERENT_CLAIM+REVIEW_REQUIRED,SAME_ISSUE_DIFFERENT_CLAIM,REVIEW_REQUIRED,CONTRADICTORY_IF_FULL_FABRICATION,FALSE,DIFFERENT,DIFFERENT(ACTION/STATE),SAME_ISSUE,SAME(AFFIRMED),NONE,ONE_UNSPECIFIED,BOTH_UNSPECIFIED,basis=ISSUE:THEFT_REALITY(FAB~DETAIL_COUNT),LOW,YES
PR0360,EC0030,EC0068,SAME_ISSUE_DIFFERENT_CLAIM+REVIEW_REQUIRED,SAME_ISSUE_DIFFERENT_CLAIM,REVIEW_REQUIRED,CONTRADICTORY_IF_FULL_FABRICATION,FALSE,DIFFERENT,SAME,SAME_ISSUE,SAME(AFFIRMED),NONE,ONE_UNSPECIFIED,BOTH_UNSPECIFIED,basis=ISSUE:THEFT_REALITY(FAB~DETAIL_TORCH),LOW,YES
PR0361,EC0030,EC0070,SAME_ISSUE_DIFFERENT_CLAIM+REVIEW_REQUIRED,SAME_ISSUE_DIFFERENT_CLAIM,REVIEW_REQUIRED,CONTRADICTORY_IF_FULL_FABRICATION,FALSE,DIFFERENT,SAME,SAME_ISSUE,SAME(AFFIRMED),NONE,ONE_UNSPECIFIED,BOTH_UNSPECIFIED,'꾸밈'이 도난 전체 조작인지 과장인지 미정. basis=ISSUE:THEFT_REALITY(FAB~POS_ACT),LOW,YES
PR0362,EC0030,EC0074,DISTINCT,DISTINCT,,,FALSE,SAME_SURFACE,SAME,DIFFERENT_OR_UNTAGGED,SAME(AFFIRMED),NONE,BOTH_UNSPECIFIED,BOTH_UNSPECIFIED,공유 특징은 있으나 같은 사건·쟁점 근거 없음. basis=DEFAULT,MEDIUM,NO
PR0363,EC0030,EC0076,DISTINCT,DISTINCT,,,FALSE,SAME_SURFACE,SAME,DIFFERENT_OR_UNTAGGED,SAME(AFFIRMED),NONE,BOTH_UNSPECIFIED,ONE_UNSPECIFIED,공유 특징은 있으나 같은 사건·쟁점 근거 없음. basis=DEFAULT,MEDIUM,NO
PR0364,EC0030,EC0079,DISTINCT,DISTINCT,,,FALSE,DIFFERENT,DIFFERENT(ACTION/SPEECH_ACT),RELATED_FACET(FAB/SPEECH),SAME(AFFIRMED),NONE,BOTH_UNSPECIFIED,ONE_UNSPECIFIED,발화 사건(누가 도난을 말함/진술을 바꿈)과 도난 claim은 다른 대상 — 발화는 도난 실재 여부와 독립. basis=ISSUE:THEFT_REALITY(FAB~SPEECH),MEDIUM,NO
PR0365,EC0030,EC0093,DISTINCT,DISTINCT,,,FALSE,DIFFERENT,SAME,DIFFERENT_OR_UNTAGGED,SAME(AFFIRMED),pair generation only used STRONGLY_SUPPORTED identity (classification does not depend on it): 장교 일행=이진욱 등 장교,ONE_UNSPECIFIED,ONE_UNSPECIFIED,공유 특징은 있으나 같은 사건·쟁점 근거 없음. basis=DEFAULT,MEDIUM,NO
PR0366,EC0030,EC0094,DISTINCT,DISTINCT,,,FALSE,SAME_SURFACE,DIFFERENT(ACTION/SPEECH_ACT),RELATED_FACET(FAB/SPEECH),SAME(AFFIRMED),NONE,ONE_UNSPECIFIED,ONE_UNSPECIFIED,발화 사건(누가 도난을 말함/진술을 바꿈)과 도난 claim은 다른 대상 — 발화는 도난 실재 여부와 독립. basis=ISSUE:THEFT_REALITY(FAB~SPEECH),MEDIUM,NO
PR0367,EC0030,EC0095,DISTINCT,DISTINCT,,,FALSE,SAME_SURFACE,DIFFERENT(ACTION/SPEECH_ACT),DIFFERENT_OR_UNTAGGED,SAME(AFFIRMED),NONE,ONE_UNSPECIFIED,ONE_UNSPECIFIED,공유 특징은 있으나 같은 사건·쟁점 근거 없음. basis=DEFAULT,MEDIUM,NO
PR0368,EC0030,EC0101,DISTINCT,DISTINCT,,,FALSE,SAME_SURFACE,DIFFERENT(ACTION/SPEECH_ACT),DIFFERENT_OR_UNTAGGED,SAME(AFFIRMED),NONE,ONE_UNSPECIFIED,BOTH_UNSPECIFIED,공유 특징은 있으나 같은 사건·쟁점 근거 없음. basis=DEFAULT,MEDIUM,NO
PR0369,EC0030,EC0102,DISTINCT,DISTINCT,,,FALSE,SAME_SURFACE,SAME,DIFFERENT_OR_UNTAGGED,SAME(AFFIRMED),pair generation only used STRONGLY_SUPPORTED identity (classification does not depend on it): 병사=이광섭,ONE_UNSPECIFIED,BOTH_UNSPECIFIED,공유 특징은 있으나 같은 사건·쟁점 근거 없음. basis=DEFAULT,MEDIUM,NO
PR0370,EC0030,EC0131,SAME_ISSUE_DIFFERENT_CLAIM+REVIEW_REQUIRED,SAME_ISSUE_DIFFERENT_CLAIM,REVIEW_REQUIRED,CONTRADICTORY_IF_FULL_FABRICATION,FALSE,DIFFERENT,DIFFERENT(ACTION/STATE),SAME_ISSUE,SAME(AFFIRMED),NONE,BOTH_UNSPECIFIED,BOTH_UNSPECIFIED,'꾸밈'이 도난 전체 조작인지 과장인지 미정(홍대협은 과장으로 평가). basis=ISSUE:THEFT_REALITY(FAB~POS_JUDGE),LOW,YES
PR0371,EC0030,EC0132,SAME_ISSUE_DIFFERENT_CLAIM+COMPATIBLE_CLAIMS,SAME_ISSUE_DIFFERENT_CLAIM,COMPATIBLE_CLAIMS,,FALSE,DIFFERENT,DIFFERENT(ACTION/STATE),SAME_ISSUE,SAME(AFFIRMED),NONE,BOTH_UNSPECIFIED,BOTH_UNSPECIFIED,basis=ISSUE:THEFT_REALITY(FAB~SCALE_SMALL),MEDIUM,NO
PR0372,EC0030,EC0133,DISTINCT,DISTINCT,,,FALSE,SAME_SURFACE,SAME,DIFFERENT_OR_UNTAGGED,SAME(AFFIRMED),NONE,BOTH_UNSPECIFIED,BOTH_UNSPECIFIED,공유 특징은 있으나 같은 사건·쟁점 근거 없음. basis=DEFAULT,MEDIUM,NO
PR0373,EC0030,EC0143,SAME_ISSUE_DIFFERENT_CLAIM+REVIEW_REQUIRED,SAME_ISSUE_DIFFERENT_CLAIM,REVIEW_REQUIRED,CONTRADICTORY_IF_FULL_FABRICATION,FALSE,DIFFERENT,DIFFERENT(ACTION/STATE),SAME_ISSUE,SAME(AFFIRMED),NONE,BOTH_UNSPECIFIED,BOTH_UNSPECIFIED,'꾸밈'이 도난 전체 조작인지 과장인지 미정(홍대협은 과장으로 평가). basis=ISSUE:THEFT_REALITY(FAB~POS_JUDGE),LOW,YES
PR0374,EC0030,EC0149,DISTINCT,DISTINCT,,,FALSE,SAME_SURFACE,SAME,DIFFERENT_OR_UNTAGGED,OPPOSITE(AFFIRMED/NEGATED),NONE,BOTH_UNSPECIFIED,BOTH_UNSPECIFIED,공유 특징은 있으나 같은 사건·쟁점 근거 없음. basis=DEFAULT,MEDIUM,NO
PR0375,EC0031,EC0032,SAME_UTTERANCE_COMPONENT+COMPATIBLE_CLAIMS,SAME_UTTERANCE_COMPONENT,COMPATIBLE_CLAIMS,,TRUE,SAME_SURFACE,SAME,SAME_ISSUE,SAME(AFFIRMED),NONE,BOTH_UNSPECIFIED,BOTH_UNSPECIFIED,같은 쟁점의 서로 다른 claim으로 상충 근거 없음. basis=ISSUE:JISE_ORIGIN(INVENT_POS~SPREAD)+SHARED_UTTERANCE_GROUP SAME_PARENT_PROPOSITION=P0022,LOW,NO
PR0376,EC0031,EC0033,DISTINCT,DISTINCT,,,FALSE,SAME_SURFACE,SAME,DIFFERENT_OR_UNTAGGED,SAME(AFFIRMED),NONE,BOTH_UNSPECIFIED,BOTH_UNSPECIFIED,공유 특징은 있으나 같은 사건·쟁점 근거 없음. basis=DEFAULT,MEDIUM,NO
PR0377,EC0031,EC0035,DISTINCT,DISTINCT,,,FALSE,SAME_SURFACE,SAME,DIFFERENT_OR_UNTAGGED,SAME(AFFIRMED),NONE,BOTH_UNSPECIFIED,BOTH_UNSPECIFIED,공유 특징은 있으나 같은 사건·쟁점 근거 없음. basis=DEFAULT,MEDIUM,NO
PR0378,EC0031,EC0047,SAME_ISSUE_DIFFERENT_CLAIM+CONTRADICTORY_CLAIMS,SAME_ISSUE_DIFFERENT_CLAIM,CONTRADICTORY_CLAIMS,,FALSE,DIFFERENT,SAME,SAME_ISSUE,SAME(AFFIRMED),NONE,BOTH_UNSPECIFIED,BOTH_UNSPECIFIED,예전부터 쓰이던 호칭이면 구순이 새로 만들었다는 주장과 충돌('만들었다'를 창작으로 읽을 때). basis=ISSUE:JISE_ORIGIN(INVENT_POS~PRIOR),MEDIUM,NO
PR0379,EC0031,EC0050,DISTINCT,DISTINCT,,,FALSE,SAME_SURFACE,SAME,DIFFERENT_OR_UNTAGGED,SAME(AFFIRMED),NONE,BOTH_UNSPECIFIED,BOTH_UNSPECIFIED,공유 특징은 있으나 같은 사건·쟁점 근거 없음. basis=DEFAULT,MEDIUM,NO
PR0380,EC0031,EC0051,DISTINCT,DISTINCT,,,FALSE,SAME_SURFACE,SAME,DIFFERENT_OR_UNTAGGED,SAME(AFFIRMED),NONE,BOTH_UNSPECIFIED,BOTH_UNSPECIFIED,공유 특징은 있으나 같은 사건·쟁점 근거 없음. basis=DEFAULT,MEDIUM,NO
PR0381,EC0031,EC0052,DISTINCT,DISTINCT,,,FALSE,SAME_SURFACE,SAME,DIFFERENT_OR_UNTAGGED,SAME(AFFIRMED),NONE,BOTH_UNSPECIFIED,BOTH_UNSPECIFIED,공유 특징은 있으나 같은 사건·쟁점 근거 없음. basis=DEFAULT,MEDIUM,NO
PR0382,EC0031,EC0069,SAME_ISSUE_DIFFERENT_CLAIM+REVIEW_REQUIRED,SAME_ISSUE_DIFFERENT_CLAIM,REVIEW_REQUIRED,,FALSE,DIFFERENT,DIFFERENT(ACTION/SPEECH_ACT),SAME_ISSUE,SAME(AFFIRMED),NONE,ONE_UNSPECIFIED,BOTH_UNSPECIFIED,구순 창작설이면 도적 자칭 서술이 흔들리나 호칭도 다름(지세랑 vs 지세대감/지세대사). basis=ISSUE:JISE_ORIGIN(INVENT_POS~SELFNAME),LOW,YES
PR0383,EC0031,EC0074,DISTINCT,DISTINCT,,,FALSE,SAME_SURFACE,SAME,DIFFERENT_OR_UNTAGGED,SAME(AFFIRMED),NONE,BOTH_UNSPECIFIED,BOTH_UNSPECIFIED,공유 특징은 있으나 같은 사건·쟁점 근거 없음. basis=DEFAULT,MEDIUM,NO
PR0384,EC0031,EC0076,DISTINCT,DISTINCT,,,FALSE,SAME_SURFACE,SAME,DIFFERENT_OR_UNTAGGED,SAME(AFFIRMED),NONE,BOTH_UNSPECIFIED,ONE_UNSPECIFIED,공유 특징은 있으나 같은 사건·쟁점 근거 없음. basis=DEFAULT,MEDIUM,NO
PR0385,EC0031,EC0095,SAME_ISSUE_DIFFERENT_CLAIM+REVIEW_REQUIRED,SAME_ISSUE_DIFFERENT_CLAIM,REVIEW_REQUIRED,,FALSE,SAME_SURFACE,DIFFERENT(ACTION/SPEECH_ACT),SAME_ISSUE,SAME(AFFIRMED),NONE,ONE_UNSPECIFIED,ONE_UNSPECIFIED,구순 창작설이면 도적 자칭 서술이 흔들리나 호칭도 다름(지세랑 vs 지세대감/지세대사). basis=ISSUE:JISE_ORIGIN(INVENT_POS~SELFNAME),LOW,YES
PR0386,EC0031,EC0102,DISTINCT,DISTINCT,,,FALSE,SAME_SURFACE,SAME,DIFFERENT_OR_UNTAGGED,SAME(AFFIRMED),pair generation only used STRONGLY_SUPPORTED identity (classification does not depend on it): 병사=이광섭,ONE_UNSPECIFIED,BOTH_UNSPECIFIED,공유 특징은 있으나 같은 사건·쟁점 근거 없음. basis=DEFAULT,MEDIUM,NO
PR0387,EC0031,EC0133,DISTINCT,DISTINCT,,,FALSE,SAME_SURFACE,SAME,DIFFERENT_OR_UNTAGGED,SAME(AFFIRMED),NONE,BOTH_UNSPECIFIED,BOTH_UNSPECIFIED,공유 특징은 있으나 같은 사건·쟁점 근거 없음. basis=DEFAULT,MEDIUM,NO
PR0388,EC0031,EC0148,SAME_ISSUE_DIFFERENT_CLAIM+CONTRADICTORY_CLAIMS,SAME_ISSUE_DIFFERENT_CLAIM,CONTRADICTORY_CLAIMS,,FALSE,DIFFERENT,SAME,SAME_ISSUE,SAME(AFFIRMED),NONE,BOTH_UNSPECIFIED,BOTH_UNSPECIFIED,예전부터 쓰이던 호칭이면 구순이 새로 만들었다는 주장과 충돌('만들었다'를 창작으로 읽을 때). basis=ISSUE:JISE_ORIGIN(INVENT_POS~PRIOR),MEDIUM,NO
PR0389,EC0031,EC0149,SAME_ISSUE_DIFFERENT_CLAIM+CONTRADICTORY_CLAIMS,SAME_ISSUE_DIFFERENT_CLAIM,CONTRADICTORY_CLAIMS,,FALSE,SAME_SURFACE,SAME,SAME_ISSUE,OPPOSITE(AFFIRMED/NEGATED),NONE,BOTH_UNSPECIFIED,BOTH_UNSPECIFIED,구순이 호칭을 만들었다 vs 그 죄를 면함(창작 혐의 불인정). basis=ISSUE:JISE_ORIGIN(INVENT_POS~INVENT_NEG),HIGH,NO
PR0390,EC0032,EC0033,DISTINCT,DISTINCT,,,FALSE,SAME_SURFACE,SAME,DIFFERENT_OR_UNTAGGED,SAME(AFFIRMED),NONE,BOTH_UNSPECIFIED,BOTH_UNSPECIFIED,공유 특징은 있으나 같은 사건·쟁점 근거 없음. basis=DEFAULT,MEDIUM,NO
PR0391,EC0032,EC0035,DISTINCT,DISTINCT,,,FALSE,SAME_SURFACE,SAME,DIFFERENT_OR_UNTAGGED,SAME(AFFIRMED),NONE,BOTH_UNSPECIFIED,BOTH_UNSPECIFIED,공유 특징은 있으나 같은 사건·쟁점 근거 없음. basis=DEFAULT,MEDIUM,NO
PR0392,EC0032,EC0047,SAME_ISSUE_DIFFERENT_CLAIM+COMPATIBLE_CLAIMS,SAME_ISSUE_DIFFERENT_CLAIM,COMPATIBLE_CLAIMS,,FALSE,DIFFERENT,SAME,SAME_ISSUE,SAME(AFFIRMED),NONE,BOTH_UNSPECIFIED,BOTH_UNSPECIFIED,basis=ISSUE:JISE_ORIGIN(SPREAD~PRIOR),MEDIUM,NO
PR0393,EC0032,EC0050,DISTINCT,DISTINCT,,,FALSE,SAME_SURFACE,SAME,DIFFERENT_OR_UNTAGGED,SAME(AFFIRMED),NONE,BOTH_UNSPECIFIED,BOTH_UNSPECIFIED,공유 특징은 있으나 같은 사건·쟁점 근거 없음. basis=DEFAULT,MEDIUM,NO
PR0394,EC0032,EC0051,DISTINCT,DISTINCT,,,FALSE,SAME_SURFACE,SAME,DIFFERENT_OR_UNTAGGED,SAME(AFFIRMED),NONE,BOTH_UNSPECIFIED,BOTH_UNSPECIFIED,공유 특징은 있으나 같은 사건·쟁점 근거 없음. basis=DEFAULT,MEDIUM,NO
PR0395,EC0032,EC0052,DISTINCT,DISTINCT,,,FALSE,SAME_SURFACE,SAME,DIFFERENT_OR_UNTAGGED,SAME(AFFIRMED),NONE,BOTH_UNSPECIFIED,BOTH_UNSPECIFIED,공유 특징은 있으나 같은 사건·쟁점 근거 없음. basis=DEFAULT,MEDIUM,NO
PR0396,EC0032,EC0069,SAME_ISSUE_DIFFERENT_CLAIM+COMPATIBLE_CLAIMS,SAME_ISSUE_DIFFERENT_CLAIM,COMPATIBLE_CLAIMS,,FALSE,DIFFERENT,DIFFERENT(ACTION/SPEECH_ACT),SAME_ISSUE,SAME(AFFIRMED),NONE,ONE_UNSPECIFIED,BOTH_UNSPECIFIED,basis=ISSUE:JISE_ORIGIN(SPREAD~SELFNAME),LOW,NO
PR0397,EC0032,EC0074,DISTINCT,DISTINCT,,,FALSE,SAME_SURFACE,SAME,DIFFERENT_OR_UNTAGGED,SAME(AFFIRMED),NONE,BOTH_UNSPECIFIED,BOTH_UNSPECIFIED,공유 특징은 있으나 같은 사건·쟁점 근거 없음. basis=DEFAULT,MEDIUM,NO
PR0398,EC0032,EC0076,DISTINCT,DISTINCT,,,FALSE,SAME_SURFACE,SAME,DIFFERENT_OR_UNTAGGED,SAME(AFFIRMED),NONE,BOTH_UNSPECIFIED,ONE_UNSPECIFIED,공유 특징은 있으나 같은 사건·쟁점 근거 없음. basis=DEFAULT,MEDIUM,NO
PR0399,EC0032,EC0095,SAME_ISSUE_DIFFERENT_CLAIM+COMPATIBLE_CLAIMS,SAME_ISSUE_DIFFERENT_CLAIM,COMPATIBLE_CLAIMS,,FALSE,SAME_SURFACE,DIFFERENT(ACTION/SPEECH_ACT),SAME_ISSUE,SAME(AFFIRMED),NONE,ONE_UNSPECIFIED,ONE_UNSPECIFIED,basis=ISSUE:JISE_ORIGIN(SPREAD~SELFNAME),LOW,NO
PR0400,EC0032,EC0102,DISTINCT,DISTINCT,,,FALSE,SAME_SURFACE,SAME,DIFFERENT_OR_UNTAGGED,SAME(AFFIRMED),pair generation only used STRONGLY_SUPPORTED identity (classification does not depend on it): 병사=이광섭,ONE_UNSPECIFIED,BOTH_UNSPECIFIED,공유 특징은 있으나 같은 사건·쟁점 근거 없음. basis=DEFAULT,MEDIUM,NO
PR0401,EC0032,EC0133,DISTINCT,DISTINCT,,,FALSE,SAME_SURFACE,SAME,DIFFERENT_OR_UNTAGGED,SAME(AFFIRMED),NONE,BOTH_UNSPECIFIED,BOTH_UNSPECIFIED,공유 특징은 있으나 같은 사건·쟁점 근거 없음. basis=DEFAULT,MEDIUM,NO
PR0402,EC0032,EC0148,SAME_ISSUE_DIFFERENT_CLAIM+COMPATIBLE_CLAIMS,SAME_ISSUE_DIFFERENT_CLAIM,COMPATIBLE_CLAIMS,,FALSE,DIFFERENT,SAME,SAME_ISSUE,SAME(AFFIRMED),NONE,BOTH_UNSPECIFIED,BOTH_UNSPECIFIED,basis=ISSUE:JISE_ORIGIN(SPREAD~PRIOR),MEDIUM,NO
PR0403,EC0032,EC0149,SAME_ISSUE_DIFFERENT_CLAIM+COMPATIBLE_CLAIMS,SAME_ISSUE_DIFFERENT_CLAIM,COMPATIBLE_CLAIMS,,FALSE,SAME_SURFACE,SAME,SAME_ISSUE,OPPOSITE(AFFIRMED/NEGATED),NONE,BOTH_UNSPECIFIED,BOTH_UNSPECIFIED,창작 혐의 불인정은 유포 여부를 다루지 않음. basis=ISSUE:JISE_ORIGIN(SPREAD~INVENT_NEG),MEDIUM,NO
PR0404,EC0033,EC0034,SAME_ISSUE_DIFFERENT_CLAIM+COMPATIBLE_CLAIMS,SAME_ISSUE_DIFFERENT_CLAIM,COMPATIBLE_CLAIMS,,FALSE,DIFFERENT,DIFFERENT(ACTION/STATE),SAME_ISSUE,SAME(AFFIRMED),NONE,BOTH_UNSPECIFIED,BOTH_UNSPECIFIED,같은 쟁점의 서로 다른 claim으로 상충 근거 없음. basis=ISSUE:EVIDENCE_FABRICATION(FAB_MONEY~WOUND_BASE),LOW,NO
PR0405,EC0033,EC0035,SAME_ISSUE_DIFFERENT_CLAIM+COMPATIBLE_CLAIMS,SAME_ISSUE_DIFFERENT_CLAIM,COMPATIBLE_CLAIMS,,FALSE,SAME_SURFACE,SAME,SAME_ISSUE,SAME(AFFIRMED),NONE,BOTH_UNSPECIFIED,BOTH_UNSPECIFIED,같은 쟁점의 서로 다른 claim으로 상충 근거 없음. basis=ISSUE:EVIDENCE_FABRICATION(FAB_MONEY~FAB_WOUND),LOW,NO
PR0406,EC0033,EC0046,DISTINCT,DISTINCT,,,FALSE,SAME_ENTITY,DIFFERENT(ACTION/STATE),DIFFERENT_OR_UNTAGGED,OPPOSITE(AFFIRMED/NEGATED),NONE,BOTH_UNSPECIFIED,BOTH_UNSPECIFIED,공유 특징은 있으나 같은 사건·쟁점 근거 없음. basis=DEFAULT,MEDIUM,NO
PR0407,EC0033,EC0050,DISTINCT,DISTINCT,,,FALSE,SAME_SURFACE,SAME,DIFFERENT_OR_UNTAGGED,SAME(AFFIRMED),NONE,BOTH_UNSPECIFIED,BOTH_UNSPECIFIED,공유 특징은 있으나 같은 사건·쟁점 근거 없음. basis=DEFAULT,MEDIUM,NO
PR0408,EC0033,EC0051,DISTINCT,DISTINCT,,,FALSE,SAME_SURFACE,SAME,DIFFERENT_OR_UNTAGGED,SAME(AFFIRMED),NONE,BOTH_UNSPECIFIED,BOTH_UNSPECIFIED,공유 특징은 있으나 같은 사건·쟁점 근거 없음. basis=DEFAULT,MEDIUM,NO
PR0409,EC0033,EC0052,DISTINCT,DISTINCT,,,FALSE,SAME_SURFACE,SAME,DIFFERENT_OR_UNTAGGED,SAME(AFFIRMED),NONE,BOTH_UNSPECIFIED,BOTH_UNSPECIFIED,공유 특징은 있으나 같은 사건·쟁점 근거 없음. basis=DEFAULT,MEDIUM,NO
PR0410,EC0033,EC0074,DISTINCT,DISTINCT,,,FALSE,SAME_SURFACE,SAME,DIFFERENT_OR_UNTAGGED,SAME(AFFIRMED),NONE,BOTH_UNSPECIFIED,BOTH_UNSPECIFIED,공유 특징은 있으나 같은 사건·쟁점 근거 없음. basis=DEFAULT,MEDIUM,NO
PR0411,EC0033,EC0076,DISTINCT,DISTINCT,,,FALSE,SAME_SURFACE,SAME,DIFFERENT_OR_UNTAGGED,SAME(AFFIRMED),NONE,BOTH_UNSPECIFIED,ONE_UNSPECIFIED,공유 특징은 있으나 같은 사건·쟁점 근거 없음. basis=DEFAULT,MEDIUM,NO
PR0412,EC0033,EC0093,DISTINCT,DISTINCT,,,FALSE,DIFFERENT,SAME,DIFFERENT_OR_UNTAGGED,SAME(AFFIRMED),pair generation only used STRONGLY_SUPPORTED identity (classification does not depend on it): 장교 일행=이진욱 등 장교,ONE_UNSPECIFIED,ONE_UNSPECIFIED,공유 특징은 있으나 같은 사건·쟁점 근거 없음. basis=DEFAULT,MEDIUM,NO
PR0413,EC0033,EC0094,DISTINCT,DISTINCT,,,FALSE,SAME_SURFACE,DIFFERENT(ACTION/SPEECH_ACT),DIFFERENT_OR_UNTAGGED,SAME(AFFIRMED),NONE,ONE_UNSPECIFIED,ONE_UNSPECIFIED,공유 특징은 있으나 같은 사건·쟁점 근거 없음. basis=DEFAULT,MEDIUM,NO
PR0414,EC0033,EC0095,DISTINCT,DISTINCT,,,FALSE,SAME_SURFACE,DIFFERENT(ACTION/SPEECH_ACT),DIFFERENT_OR_UNTAGGED,SAME(AFFIRMED),NONE,ONE_UNSPECIFIED,ONE_UNSPECIFIED,공유 특징은 있으나 같은 사건·쟁점 근거 없음. basis=DEFAULT,MEDIUM,NO
PR0415,EC0033,EC0101,DISTINCT,DISTINCT,,,FALSE,SAME_SURFACE,DIFFERENT(ACTION/SPEECH_ACT),DIFFERENT_OR_UNTAGGED,SAME(AFFIRMED),NONE,ONE_UNSPECIFIED,BOTH_UNSPECIFIED,공유 특징은 있으나 같은 사건·쟁점 근거 없음. basis=DEFAULT,MEDIUM,NO
PR0416,EC0033,EC0102,DISTINCT,DISTINCT,,,FALSE,SAME_SURFACE,SAME,DIFFERENT_OR_UNTAGGED,SAME(AFFIRMED),pair generation only used STRONGLY_SUPPORTED identity (classification does not depend on it): 병사=이광섭,ONE_UNSPECIFIED,BOTH_UNSPECIFIED,공유 특징은 있으나 같은 사건·쟁점 근거 없음. basis=DEFAULT,MEDIUM,NO
PR0417,EC0033,EC0133,DISTINCT,DISTINCT,,,FALSE,SAME_SURFACE,SAME,DIFFERENT_OR_UNTAGGED,SAME(AFFIRMED),NONE,BOTH_UNSPECIFIED,BOTH_UNSPECIFIED,공유 특징은 있으나 같은 사건·쟁점 근거 없음. basis=DEFAULT,MEDIUM,NO
PR0418,EC0033,EC0149,DISTINCT,DISTINCT,,,FALSE,SAME_SURFACE,SAME,DIFFERENT_OR_UNTAGGED,OPPOSITE(AFFIRMED/NEGATED),NONE,BOTH_UNSPECIFIED,BOTH_UNSPECIFIED,공유 특징은 있으나 같은 사건·쟁점 근거 없음. basis=DEFAULT,MEDIUM,NO
PR0419,EC0034,EC0035,SAME_UTTERANCE_COMPONENT+COMPATIBLE_CLAIMS,SAME_UTTERANCE_COMPONENT,COMPATIBLE_CLAIMS,,TRUE,DIFFERENT,DIFFERENT(STATE/ACTION),SAME_ISSUE,SAME(AFFIRMED),NONE,BOTH_UNSPECIFIED,BOTH_UNSPECIFIED,같은 쟁점의 서로 다른 claim으로 상충 근거 없음. basis=ISSUE:EVIDENCE_FABRICATION(WOUND_BASE~FAB_WOUND)+SHARED_UTTERANCE_GROUP SAME_PARENT_PROPOSITION=P0024,LOW,NO
PR0420,EC0035,EC0050,DISTINCT,DISTINCT,,,FALSE,SAME_SURFACE,SAME,DIFFERENT_OR_UNTAGGED,SAME(AFFIRMED),NONE,BOTH_UNSPECIFIED,BOTH_UNSPECIFIED,공유 특징은 있으나 같은 사건·쟁점 근거 없음. basis=DEFAULT,MEDIUM,NO
PR0421,EC0035,EC0051,DISTINCT,DISTINCT,,,FALSE,SAME_SURFACE,SAME,DIFFERENT_OR_UNTAGGED,SAME(AFFIRMED),NONE,BOTH_UNSPECIFIED,BOTH_UNSPECIFIED,공유 특징은 있으나 같은 사건·쟁점 근거 없음. basis=DEFAULT,MEDIUM,NO
PR0422,EC0035,EC0052,DISTINCT,DISTINCT,,,FALSE,SAME_SURFACE,SAME,DIFFERENT_OR_UNTAGGED,SAME(AFFIRMED),NONE,BOTH_UNSPECIFIED,BOTH_UNSPECIFIED,공유 특징은 있으나 같은 사건·쟁점 근거 없음. basis=DEFAULT,MEDIUM,NO
PR0423,EC0035,EC0074,DISTINCT,DISTINCT,,,FALSE,SAME_SURFACE,SAME,DIFFERENT_OR_UNTAGGED,SAME(AFFIRMED),NONE,BOTH_UNSPECIFIED,BOTH_UNSPECIFIED,공유 특징은 있으나 같은 사건·쟁점 근거 없음. basis=DEFAULT,MEDIUM,NO
PR0424,EC0035,EC0076,DISTINCT,DISTINCT,,,FALSE,SAME_SURFACE,SAME,DIFFERENT_OR_UNTAGGED,SAME(AFFIRMED),NONE,BOTH_UNSPECIFIED,ONE_UNSPECIFIED,공유 특징은 있으나 같은 사건·쟁점 근거 없음. basis=DEFAULT,MEDIUM,NO
PR0425,EC0035,EC0102,DISTINCT,DISTINCT,,,FALSE,SAME_SURFACE,SAME,DIFFERENT_OR_UNTAGGED,SAME(AFFIRMED),pair generation only used STRONGLY_SUPPORTED identity (classification does not depend on it): 병사=이광섭,ONE_UNSPECIFIED,BOTH_UNSPECIFIED,공유 특징은 있으나 같은 사건·쟁점 근거 없음. basis=DEFAULT,MEDIUM,NO
PR0426,EC0035,EC0133,DISTINCT,DISTINCT,,,FALSE,SAME_SURFACE,SAME,DIFFERENT_OR_UNTAGGED,SAME(AFFIRMED),NONE,BOTH_UNSPECIFIED,BOTH_UNSPECIFIED,공유 특징은 있으나 같은 사건·쟁점 근거 없음. basis=DEFAULT,MEDIUM,NO
PR0427,EC0035,EC0149,DISTINCT,DISTINCT,,,FALSE,SAME_SURFACE,SAME,DIFFERENT_OR_UNTAGGED,OPPOSITE(AFFIRMED/NEGATED),NONE,BOTH_UNSPECIFIED,BOTH_UNSPECIFIED,공유 특징은 있으나 같은 사건·쟁점 근거 없음. basis=DEFAULT,MEDIUM,NO
PR0428,EC0036,EC0037,SAME_UTTERANCE_COMPONENT+DISTINCT,SAME_UTTERANCE_COMPONENT,DISTINCT,,TRUE,SAME_SURFACE,DIFFERENT(DEATH/PLACE_ATTRIBUTION),SAME_ISSUE,SAME(AFFIRMED),NONE,BOTH_UNSPECIFIED,ONE_UNSPECIFIED,occurrence/cause/time/place 중 서로 다른 facet이거나 다른 인물 — 같은 event로 묶지 않음. basis=ISSUE:DEATH(KIM_OCC~KIM_PLACE)+SHARED_UTTERANCE_GROUP SAME_PARENT_PROPOSITION=P0025,HIGH,NO
PR0429,EC0036,EC0038,SAME_UTTERANCE_COMPONENT+DISTINCT,SAME_UTTERANCE_COMPONENT,DISTINCT,,TRUE,SAME_SURFACE,DIFFERENT(DEATH/CAUSE_ATTRIBUTION),SAME_ISSUE,SAME(AFFIRMED),NONE,BOTH_UNSPECIFIED,BOTH_UNSPECIFIED,occurrence/cause/time/place 중 서로 다른 facet이거나 다른 인물 — 같은 event로 묶지 않음. basis=ISSUE:DEATH(KIM_OCC~KIM_CAUSE_CHARGE)+SHARED_UTTERANCE_GROUP SAME_PARENT_PROPOSITION=P0025,HIGH,NO
PR0430,EC0036,EC0039,TEMPORALLY_RELATED_BUT_DISTINCT,TEMPORALLY_RELATED_BUT_DISTINCT,,,FALSE,SAME_ENTITY,SAME,SAME_ISSUE,SAME(AFFIRMED),NONE,BOTH_UNSPECIFIED,BOTH_UNSPECIFIED,다른 인물의 사망. 선후는 EC0040이 말할 뿐 edge는 만들지 않음. basis=ISSUE:DEATH(KIM_OCC~WIFE_OCC),MEDIUM,NO
PR0431,EC0036,EC0040,DISTINCT,DISTINCT,,,FALSE,SAME_ENTITY,DIFFERENT(DEATH/TEMPORAL_ATTRIBUTION),RELATED_FACET(KIM_OCC/WIFE_TIME),SAME(AFFIRMED),NONE,BOTH_UNSPECIFIED; relative(- / 김명신이 죽은 뒤),BOTH_UNSPECIFIED,occurrence/cause/time/place 중 서로 다른 facet이거나 다른 인물 — 같은 event로 묶지 않음. basis=ISSUE:DEATH(KIM_OCC~WIFE_TIME),HIGH,NO
PR0432,EC0036,EC0053,SAME_OCCURRENCE_CANDIDATE,SAME_OCCURRENCE_CANDIDATE,,,FALSE,SAME_SURFACE,SAME,SAME_ISSUE,SAME(AFFIRMED),NONE,BOTH_UNSPECIFIED,BOTH_UNSPECIFIED,서로 다른 사료가 각각 김명신 사망을 기록. basis=ISSUE:DEATH(KIM_OCC~KIM_OCC),HIGH,NO
PR0433,EC0036,EC0054,DISTINCT,DISTINCT,,,FALSE,SAME_SURFACE,DIFFERENT(DEATH/CAUSE_ATTRIBUTION),RELATED_FACET(KIM_OCC/KIM_CAUSE_BYEONG),SAME(AFFIRMED),NONE,BOTH_UNSPECIFIED,BOTH_UNSPECIFIED,occurrence/cause/time/place 중 서로 다른 facet이거나 다른 인물 — 같은 event로 묶지 않음. basis=ISSUE:DEATH(KIM_OCC~KIM_CAUSE_BYEONG),HIGH,NO
PR0434,EC0036,EC0055,DISTINCT,DISTINCT,,,FALSE,SAME_SURFACE,DIFFERENT(DEATH/TEMPORAL_ATTRIBUTION),RELATED_FACET(KIM_OCC/KIM_TIME),SAME(AFFIRMED),NONE,BOTH_UNSPECIFIED; relative(- / 체포·구금 뒤),BOTH_UNSPECIFIED,occurrence/cause/time/place 중 서로 다른 facet이거나 다른 인물 — 같은 event로 묶지 않음. basis=ISSUE:DEATH(KIM_OCC~KIM_TIME),HIGH,NO
PR0435,EC0036,EC0138,DISTINCT,DISTINCT,,,FALSE,SAME_SURFACE,DIFFERENT(DEATH/CAUSE_ATTRIBUTION),RELATED_FACET(KIM_OCC/KIM_CAUSE_JILBYEONG),SAME(AFFIRMED),NONE,BOTH_UNSPECIFIED,BOTH_UNSPECIFIED,occurrence/cause/time/place 중 서로 다른 facet이거나 다른 인물 — 같은 event로 묶지 않음. basis=ISSUE:DEATH(KIM_OCC~KIM_CAUSE_JILBYEONG),HIGH,NO
PR0436,EC0036,EC0144,DISTINCT,DISTINCT,,,FALSE,SAME_SURFACE,DIFFERENT(DEATH/CAUSE_ATTRIBUTION),RELATED_FACET(KIM_OCC/KIM_CAUSE_EPIDEMIC),SAME(AFFIRMED),NONE,BOTH_UNSPECIFIED,BOTH_UNSPECIFIED,occurrence/cause/time/place 중 서로 다른 facet이거나 다른 인물 — 같은 event로 묶지 않음. basis=ISSUE:DEATH(KIM_OCC~KIM_CAUSE_EPIDEMIC),HIGH,NO
PR0437,EC0036,EC0145,DISTINCT,DISTINCT,,,FALSE,SAME_ENTITY,DIFFERENT(DEATH/CAUSE_ATTRIBUTION),RELATED_FACET(KIM_OCC/WIFE_CAUSE_EPIDEMIC),SAME(AFFIRMED),NONE,BOTH_UNSPECIFIED,BOTH_UNSPECIFIED,occurrence/cause/time/place 중 서로 다른 facet이거나 다른 인물 — 같은 event로 묶지 않음. basis=ISSUE:DEATH(KIM_OCC~WIFE_CAUSE_EPIDEMIC),HIGH,NO
PR0438,EC0037,EC0038,SAME_UTTERANCE_COMPONENT+DISTINCT,SAME_UTTERANCE_COMPONENT,DISTINCT,,TRUE,SAME_SURFACE,DIFFERENT(PLACE_ATTRIBUTION/CAUSE_ATTRIBUTION),SAME_ISSUE,SAME(AFFIRMED),NONE,BOTH_UNSPECIFIED,ONE_UNSPECIFIED,occurrence/cause/time/place 중 서로 다른 facet이거나 다른 인물 — 같은 event로 묶지 않음. basis=ISSUE:DEATH(KIM_PLACE~KIM_CAUSE_CHARGE)+SHARED_UTTERANCE_GROUP SAME_PARENT_PROPOSITION=P0025,HIGH,NO
PR0439,EC0037,EC0039,DISTINCT,DISTINCT,,,FALSE,SAME_ENTITY,DIFFERENT(PLACE_ATTRIBUTION/DEATH),RELATED_FACET(KIM_PLACE/WIFE_OCC),SAME(AFFIRMED),NONE,BOTH_UNSPECIFIED,ONE_UNSPECIFIED,occurrence/cause/time/place 중 서로 다른 facet이거나 다른 인물 — 같은 event로 묶지 않음. basis=ISSUE:DEATH(KIM_PLACE~WIFE_OCC),HIGH,NO
PR0440,EC0037,EC0040,DISTINCT,DISTINCT,,,FALSE,SAME_ENTITY,DIFFERENT(PLACE_ATTRIBUTION/TEMPORAL_ATTRIBUTION),RELATED_FACET(KIM_PLACE/WIFE_TIME),SAME(AFFIRMED),NONE,BOTH_UNSPECIFIED; relative(- / 김명신이 죽은 뒤),ONE_UNSPECIFIED,occurrence/cause/time/place 중 서로 다른 facet이거나 다른 인물 — 같은 event로 묶지 않음. basis=ISSUE:DEATH(KIM_PLACE~WIFE_TIME),HIGH,NO
PR0441,EC0037,EC0053,DISTINCT,DISTINCT,,,FALSE,SAME_SURFACE,DIFFERENT(PLACE_ATTRIBUTION/DEATH),RELATED_FACET(KIM_PLACE/KIM_OCC),SAME(AFFIRMED),NONE,BOTH_UNSPECIFIED,ONE_UNSPECIFIED,occurrence/cause/time/place 중 서로 다른 facet이거나 다른 인물 — 같은 event로 묶지 않음. basis=ISSUE:DEATH(KIM_PLACE~KIM_OCC),HIGH,NO
PR0442,EC0037,EC0054,DISTINCT,DISTINCT,,,FALSE,SAME_SURFACE,DIFFERENT(PLACE_ATTRIBUTION/CAUSE_ATTRIBUTION),RELATED_FACET(KIM_PLACE/KIM_CAUSE_BYEONG),SAME(AFFIRMED),NONE,BOTH_UNSPECIFIED,ONE_UNSPECIFIED,occurrence/cause/time/place 중 서로 다른 facet이거나 다른 인물 — 같은 event로 묶지 않음. basis=ISSUE:DEATH(KIM_PLACE~KIM_CAUSE_BYEONG),HIGH,NO
PR0443,EC0037,EC0055,DISTINCT,DISTINCT,,,FALSE,SAME_SURFACE,DIFFERENT(PLACE_ATTRIBUTION/TEMPORAL_ATTRIBUTION),RELATED_FACET(KIM_PLACE/KIM_TIME),SAME(AFFIRMED),NONE,BOTH_UNSPECIFIED; relative(- / 체포·구금 뒤),ONE_UNSPECIFIED,occurrence/cause/time/place 중 서로 다른 facet이거나 다른 인물 — 같은 event로 묶지 않음. basis=ISSUE:DEATH(KIM_PLACE~KIM_TIME),HIGH,NO
PR0444,EC0037,EC0138,DISTINCT,DISTINCT,,,FALSE,SAME_SURFACE,DIFFERENT(PLACE_ATTRIBUTION/CAUSE_ATTRIBUTION),RELATED_FACET(KIM_PLACE/KIM_CAUSE_JILBYEONG),SAME(AFFIRMED),NONE,BOTH_UNSPECIFIED,ONE_UNSPECIFIED,occurrence/cause/time/place 중 서로 다른 facet이거나 다른 인물 — 같은 event로 묶지 않음. basis=ISSUE:DEATH(KIM_PLACE~KIM_CAUSE_JILBYEONG),HIGH,NO
PR0445,EC0037,EC0144,DISTINCT,DISTINCT,,,FALSE,SAME_SURFACE,DIFFERENT(PLACE_ATTRIBUTION/CAUSE_ATTRIBUTION),RELATED_FACET(KIM_PLACE/KIM_CAUSE_EPIDEMIC),SAME(AFFIRMED),NONE,BOTH_UNSPECIFIED,ONE_UNSPECIFIED,occurrence/cause/time/place 중 서로 다른 facet이거나 다른 인물 — 같은 event로 묶지 않음. basis=ISSUE:DEATH(KIM_PLACE~KIM_CAUSE_EPIDEMIC),HIGH,NO
PR0446,EC0037,EC0145,DISTINCT,DISTINCT,,,FALSE,SAME_ENTITY,DIFFERENT(PLACE_ATTRIBUTION/CAUSE_ATTRIBUTION),RELATED_FACET(KIM_PLACE/WIFE_CAUSE_EPIDEMIC),SAME(AFFIRMED),NONE,BOTH_UNSPECIFIED,ONE_UNSPECIFIED,occurrence/cause/time/place 중 서로 다른 facet이거나 다른 인물 — 같은 event로 묶지 않음. basis=ISSUE:DEATH(KIM_PLACE~WIFE_CAUSE_EPIDEMIC),HIGH,NO
PR0447,EC0038,EC0039,DISTINCT,DISTINCT,,,FALSE,SAME_ENTITY,DIFFERENT(CAUSE_ATTRIBUTION/DEATH),RELATED_FACET(KIM_CAUSE_CHARGE/WIFE_OCC),SAME(AFFIRMED),NONE,BOTH_UNSPECIFIED,BOTH_UNSPECIFIED,occurrence/cause/time/place 중 서로 다른 facet이거나 다른 인물 — 같은 event로 묶지 않음. basis=ISSUE:DEATH(KIM_CAUSE_CHARGE~WIFE_OCC),HIGH,NO
PR0448,EC0038,EC0040,DISTINCT,DISTINCT,,,FALSE,SAME_ENTITY,DIFFERENT(CAUSE_ATTRIBUTION/TEMPORAL_ATTRIBUTION),RELATED_FACET(KIM_CAUSE_CHARGE/WIFE_TIME),SAME(AFFIRMED),NONE,BOTH_UNSPECIFIED; relative(- / 김명신이 죽은 뒤),BOTH_UNSPECIFIED,occurrence/cause/time/place 중 서로 다른 facet이거나 다른 인물 — 같은 event로 묶지 않음. basis=ISSUE:DEATH(KIM_CAUSE_CHARGE~WIFE_TIME),HIGH,NO
PR0449,EC0038,EC0053,DISTINCT,DISTINCT,,,FALSE,SAME_SURFACE,DIFFERENT(CAUSE_ATTRIBUTION/DEATH),RELATED_FACET(KIM_CAUSE_CHARGE/KIM_OCC),SAME(AFFIRMED),NONE,BOTH_UNSPECIFIED,BOTH_UNSPECIFIED,occurrence/cause/time/place 중 서로 다른 facet이거나 다른 인물 — 같은 event로 묶지 않음. basis=ISSUE:DEATH(KIM_CAUSE_CHARGE~KIM_OCC),HIGH,NO
PR0450,EC0038,EC0054,SAME_ISSUE_DIFFERENT_CLAIM+REVIEW_REQUIRED,SAME_ISSUE_DIFFERENT_CLAIM,REVIEW_REQUIRED,CONTRADICTORY_IF_SAME_CAUSAL_LEVEL,FALSE,SAME_SURFACE,SAME,SAME_ISSUE,SAME(AFFIRMED),NONE,BOTH_UNSPECIFIED,BOTH_UNSPECIFIED,'구순이 구성한 죄안 때문'은 책임 귀속일 수 있고 '병'은 직접 사인일 수 있음. basis=ISSUE:DEATH(KIM_CAUSE_CHARGE~KIM_CAUSE_BYEONG),LOW,YES
PR0451,EC0038,EC0055,DISTINCT,DISTINCT,,,FALSE,SAME_SURFACE,DIFFERENT(CAUSE_ATTRIBUTION/TEMPORAL_ATTRIBUTION),RELATED_FACET(KIM_CAUSE_CHARGE/KIM_TIME),SAME(AFFIRMED),NONE,BOTH_UNSPECIFIED; relative(- / 체포·구금 뒤),BOTH_UNSPECIFIED,occurrence/cause/time/place 중 서로 다른 facet이거나 다른 인물 — 같은 event로 묶지 않음. basis=ISSUE:DEATH(KIM_CAUSE_CHARGE~KIM_TIME),HIGH,NO
PR0452,EC0038,EC0138,SAME_ISSUE_DIFFERENT_CLAIM+REVIEW_REQUIRED,SAME_ISSUE_DIFFERENT_CLAIM,REVIEW_REQUIRED,CONTRADICTORY_IF_SAME_CAUSAL_LEVEL,FALSE,SAME_SURFACE,SAME,SAME_ISSUE,SAME(AFFIRMED),NONE,BOTH_UNSPECIFIED,BOTH_UNSPECIFIED,책임 귀속(죄안) vs 직접 사인(질병) 층위가 다를 수 있음. basis=ISSUE:DEATH(KIM_CAUSE_CHARGE~KIM_CAUSE_JILBYEONG),LOW,YES
PR0453,EC0038,EC0144,SAME_ISSUE_DIFFERENT_CLAIM+REVIEW_REQUIRED,SAME_ISSUE_DIFFERENT_CLAIM,REVIEW_REQUIRED,CONTRADICTORY_IF_SAME_CAUSAL_LEVEL,FALSE,SAME_SURFACE,SAME,SAME_ISSUE,SAME(AFFIRMED),NONE,BOTH_UNSPECIFIED,BOTH_UNSPECIFIED,책임 귀속(죄안) vs 직접 사인(전염병) 층위가 다를 수 있음. basis=ISSUE:DEATH(KIM_CAUSE_CHARGE~KIM_CAUSE_EPIDEMIC),LOW,YES
PR0454,EC0038,EC0145,DISTINCT,DISTINCT,,,FALSE,SAME_ENTITY,SAME,RELATED_FACET(KIM_CAUSE_CHARGE/WIFE_CAUSE_EPIDEMIC),SAME(AFFIRMED),NONE,BOTH_UNSPECIFIED,BOTH_UNSPECIFIED,occurrence/cause/time/place 중 서로 다른 facet이거나 다른 인물 — 같은 event로 묶지 않음. basis=ISSUE:DEATH(KIM_CAUSE_CHARGE~WIFE_CAUSE_EPIDEMIC),HIGH,NO
PR0455,EC0039,EC0040,SAME_UTTERANCE_COMPONENT+DISTINCT,SAME_UTTERANCE_COMPONENT,DISTINCT,,TRUE,SAME_SURFACE,DIFFERENT(DEATH/TEMPORAL_ATTRIBUTION),SAME_ISSUE,SAME(AFFIRMED),NONE,BOTH_UNSPECIFIED; relative(- / 김명신이 죽은 뒤),BOTH_UNSPECIFIED,occurrence vs temporal attribution. basis=ISSUE:DEATH(WIFE_OCC~WIFE_TIME)+SHARED_UTTERANCE_GROUP SAME_PARENT_PROPOSITION=P0026,HIGH,NO
PR0456,EC0039,EC0053,TEMPORALLY_RELATED_BUT_DISTINCT,TEMPORALLY_RELATED_BUT_DISTINCT,,,FALSE,SAME_ENTITY,SAME,SAME_ISSUE,SAME(AFFIRMED),NONE,BOTH_UNSPECIFIED,BOTH_UNSPECIFIED,다른 인물의 사망. 선후는 EC0040이 말할 뿐 edge는 만들지 않음. basis=ISSUE:DEATH(WIFE_OCC~KIM_OCC),MEDIUM,NO
PR0457,EC0039,EC0054,DISTINCT,DISTINCT,,,FALSE,SAME_ENTITY,DIFFERENT(DEATH/CAUSE_ATTRIBUTION),RELATED_FACET(WIFE_OCC/KIM_CAUSE_BYEONG),SAME(AFFIRMED),NONE,BOTH_UNSPECIFIED,BOTH_UNSPECIFIED,occurrence/cause/time/place 중 서로 다른 facet이거나 다른 인물 — 같은 event로 묶지 않음. basis=ISSUE:DEATH(WIFE_OCC~KIM_CAUSE_BYEONG),HIGH,NO
PR0458,EC0039,EC0055,DISTINCT,DISTINCT,,,FALSE,SAME_ENTITY,DIFFERENT(DEATH/TEMPORAL_ATTRIBUTION),RELATED_FACET(WIFE_OCC/KIM_TIME),SAME(AFFIRMED),NONE,BOTH_UNSPECIFIED; relative(- / 체포·구금 뒤),BOTH_UNSPECIFIED,occurrence/cause/time/place 중 서로 다른 facet이거나 다른 인물 — 같은 event로 묶지 않음. basis=ISSUE:DEATH(WIFE_OCC~KIM_TIME),HIGH,NO
PR0459,EC0039,EC0138,DISTINCT,DISTINCT,,,FALSE,SAME_ENTITY,DIFFERENT(DEATH/CAUSE_ATTRIBUTION),RELATED_FACET(WIFE_OCC/KIM_CAUSE_JILBYEONG),SAME(AFFIRMED),NONE,BOTH_UNSPECIFIED,BOTH_UNSPECIFIED,occurrence/cause/time/place 중 서로 다른 facet이거나 다른 인물 — 같은 event로 묶지 않음. basis=ISSUE:DEATH(WIFE_OCC~KIM_CAUSE_JILBYEONG),HIGH,NO
PR0460,EC0039,EC0144,DISTINCT,DISTINCT,,,FALSE,SAME_ENTITY,DIFFERENT(DEATH/CAUSE_ATTRIBUTION),RELATED_FACET(WIFE_OCC/KIM_CAUSE_EPIDEMIC),SAME(AFFIRMED),NONE,BOTH_UNSPECIFIED,BOTH_UNSPECIFIED,occurrence/cause/time/place 중 서로 다른 facet이거나 다른 인물 — 같은 event로 묶지 않음. basis=ISSUE:DEATH(WIFE_OCC~KIM_CAUSE_EPIDEMIC),HIGH,NO
PR0461,EC0039,EC0145,DISTINCT,DISTINCT,,,FALSE,SAME_ENTITY,DIFFERENT(DEATH/CAUSE_ATTRIBUTION),RELATED_FACET(WIFE_OCC/WIFE_CAUSE_EPIDEMIC),SAME(AFFIRMED),NONE,BOTH_UNSPECIFIED,BOTH_UNSPECIFIED,occurrence vs cause attribution(같은 사망을 대상으로 할 수 있으나 다른 semantic object). basis=ISSUE:DEATH(WIFE_OCC~WIFE_CAUSE_EPIDEMIC),HIGH,NO
PR0462,EC0040,EC0053,DISTINCT,DISTINCT,,,FALSE,SAME_ENTITY,DIFFERENT(TEMPORAL_ATTRIBUTION/DEATH),RELATED_FACET(WIFE_TIME/KIM_OCC),SAME(AFFIRMED),NONE,BOTH_UNSPECIFIED; relative(김명신이 죽은 뒤 / -),BOTH_UNSPECIFIED,occurrence/cause/time/place 중 서로 다른 facet이거나 다른 인물 — 같은 event로 묶지 않음. basis=ISSUE:DEATH(WIFE_TIME~KIM_OCC),HIGH,NO
PR0463,EC0040,EC0054,DISTINCT,DISTINCT,,,FALSE,SAME_ENTITY,DIFFERENT(TEMPORAL_ATTRIBUTION/CAUSE_ATTRIBUTION),RELATED_FACET(WIFE_TIME/KIM_CAUSE_BYEONG),SAME(AFFIRMED),NONE,BOTH_UNSPECIFIED; relative(김명신이 죽은 뒤 / -),BOTH_UNSPECIFIED,occurrence/cause/time/place 중 서로 다른 facet이거나 다른 인물 — 같은 event로 묶지 않음. basis=ISSUE:DEATH(WIFE_TIME~KIM_CAUSE_BYEONG),HIGH,NO
PR0464,EC0040,EC0055,DISTINCT,DISTINCT,,,FALSE,SAME_ENTITY,SAME,RELATED_FACET(WIFE_TIME/KIM_TIME),SAME(AFFIRMED),NONE,BOTH_UNSPECIFIED; relative(김명신이 죽은 뒤 / 체포·구금 뒤),BOTH_UNSPECIFIED,occurrence/cause/time/place 중 서로 다른 facet이거나 다른 인물 — 같은 event로 묶지 않음. basis=ISSUE:DEATH(WIFE_TIME~KIM_TIME),HIGH,NO
PR0465,EC0040,EC0138,DISTINCT,DISTINCT,,,FALSE,SAME_ENTITY,DIFFERENT(TEMPORAL_ATTRIBUTION/CAUSE_ATTRIBUTION),RELATED_FACET(WIFE_TIME/KIM_CAUSE_JILBYEONG),SAME(AFFIRMED),NONE,BOTH_UNSPECIFIED; relative(김명신이 죽은 뒤 / -),BOTH_UNSPECIFIED,occurrence/cause/time/place 중 서로 다른 facet이거나 다른 인물 — 같은 event로 묶지 않음. basis=ISSUE:DEATH(WIFE_TIME~KIM_CAUSE_JILBYEONG),HIGH,NO
PR0466,EC0040,EC0144,DISTINCT,DISTINCT,,,FALSE,SAME_ENTITY,DIFFERENT(TEMPORAL_ATTRIBUTION/CAUSE_ATTRIBUTION),RELATED_FACET(WIFE_TIME/KIM_CAUSE_EPIDEMIC),SAME(AFFIRMED),NONE,BOTH_UNSPECIFIED; relative(김명신이 죽은 뒤 / -),BOTH_UNSPECIFIED,occurrence/cause/time/place 중 서로 다른 facet이거나 다른 인물 — 같은 event로 묶지 않음. basis=ISSUE:DEATH(WIFE_TIME~KIM_CAUSE_EPIDEMIC),HIGH,NO
PR0467,EC0040,EC0145,SAME_ISSUE_DIFFERENT_CLAIM+REVIEW_REQUIRED,SAME_ISSUE_DIFFERENT_CLAIM,REVIEW_REQUIRED,,FALSE,SAME_ENTITY,DIFFERENT(TEMPORAL_ATTRIBUTION/CAUSE_ATTRIBUTION),SAME_ISSUE,SAME(AFFIRMED),NONE,BOTH_UNSPECIFIED; relative(김명신이 죽은 뒤 / -),BOTH_UNSPECIFIED,'따라 죽었다'의 의미(단순 선후/인과) 미판정이라 전염병 사인과의 관계를 정하지 않음. basis=ISSUE:DEATH(WIFE_TIME~WIFE_CAUSE_EPIDEMIC),LOW,YES
PR0468,EC0041,EC0042,SAME_UTTERANCE_COMPONENT+COMPATIBLE_CLAIMS,SAME_UTTERANCE_COMPONENT,COMPATIBLE_CLAIMS,,TRUE,SAME_SURFACE,SAME,SAME_ISSUE,OPPOSITE(AFFIRMED/NEGATED),pair generation only used STRONGLY_SUPPORTED identity (classification does not depend on it): 병사=이광섭,BOTH_UNSPECIFIED,BOTH_UNSPECIFIED,같은 쟁점의 서로 다른 claim으로 상충 근거 없음. basis=ISSUE:INVESTIGATION_CONDUCT(BYEONGSA~BYEONGSA)+SHARED_UTTERANCE_GROUP SAME_PARENT_PROPOSITION=P0027,LOW,NO
PR0469,EC0041,EC0133,SAME_ISSUE_DIFFERENT_CLAIM+COMPATIBLE_CLAIMS,SAME_ISSUE_DIFFERENT_CLAIM,COMPATIBLE_CLAIMS,,FALSE,DIFFERENT,SAME,SAME_ISSUE,OPPOSITE(AFFIRMED/NEGATED),NONE,BOTH_UNSPECIFIED,BOTH_UNSPECIFIED,같은 쟁점의 서로 다른 claim으로 상충 근거 없음. basis=ISSUE:INVESTIGATION_CONDUCT(BYEONGSA~BLAME_OTHERS),LOW,NO
PR0470,EC0041,EC0134,SAME_ISSUE_DIFFERENT_CLAIM+COMPATIBLE_CLAIMS,SAME_ISSUE_DIFFERENT_CLAIM,COMPATIBLE_CLAIMS,,FALSE,DIFFERENT,SAME,SAME_ISSUE,OPPOSITE(AFFIRMED/NEGATED),NONE,BOTH_UNSPECIFIED,BOTH_UNSPECIFIED,같은 쟁점의 서로 다른 claim으로 상충 근거 없음. basis=ISSUE:INVESTIGATION_CONDUCT(BYEONGSA~BLAME_OTHERS),LOW,NO
PR0471,EC0041,EC0135,SAME_ISSUE_DIFFERENT_CLAIM+COMPATIBLE_CLAIMS,SAME_ISSUE_DIFFERENT_CLAIM,COMPATIBLE_CLAIMS,,FALSE,SAME_IF_IDENTITY_ASSUMED,DIFFERENT(ACTION/STATE),SAME_ISSUE,OPPOSITE(AFFIRMED/NEGATED),"병사=이광섭 (STRONGLY_SUPPORTED, identity assumption)",BOTH_UNSPECIFIED,BOTH_UNSPECIFIED,basis=ISSUE:INVESTIGATION_CONDUCT(BYEONGSA~GWANGSEOP),LOW,YES
PR0472,EC0041,EC0136,DISTINCT,DISTINCT,,,FALSE,SAME_IF_IDENTITY_ASSUMED,SAME,DIFFERENT_OR_UNTAGGED,OPPOSITE(AFFIRMED/NEGATED),pair generation only used STRONGLY_SUPPORTED identity (classification does not depend on it): 병사=이광섭,BOTH_UNSPECIFIED,BOTH_UNSPECIFIED,공유 특징은 있으나 같은 사건·쟁점 근거 없음. basis=DEFAULT,MEDIUM,NO
PR0473,EC0041,EC0137,SAME_ISSUE_DIFFERENT_CLAIM+COMPATIBLE_CLAIMS,SAME_ISSUE_DIFFERENT_CLAIM,COMPATIBLE_CLAIMS,,FALSE,SAME_IF_IDENTITY_ASSUMED,SAME,SAME_ISSUE,OPPOSITE(AFFIRMED/NEGATED),"병사=이광섭 (STRONGLY_SUPPORTED, identity assumption)",BOTH_UNSPECIFIED,BOTH_UNSPECIFIED,basis=ISSUE:INVESTIGATION_CONDUCT(BYEONGSA~GWANGSEOP),LOW,YES
PR0474,EC0041,EC0140,SAME_ISSUE_DIFFERENT_CLAIM+COMPATIBLE_CLAIMS,SAME_ISSUE_DIFFERENT_CLAIM,COMPATIBLE_CLAIMS,,FALSE,DIFFERENT,SAME,SAME_ISSUE,OPPOSITE(AFFIRMED/NEGATED),NONE,BOTH_UNSPECIFIED,BOTH_UNSPECIFIED,같은 쟁점의 서로 다른 claim으로 상충 근거 없음. basis=ISSUE:INVESTIGATION_CONDUCT(BYEONGSA~MUNHYEOP),LOW,NO
PR0475,EC0041,EC0141,SAME_ISSUE_DIFFERENT_CLAIM+COMPATIBLE_CLAIMS,SAME_ISSUE_DIFFERENT_CLAIM,COMPATIBLE_CLAIMS,,FALSE,DIFFERENT,SAME,SAME_ISSUE,OPPOSITE(AFFIRMED/NEGATED),NONE,BOTH_UNSPECIFIED,BOTH_UNSPECIFIED,같은 쟁점의 서로 다른 claim으로 상충 근거 없음. basis=ISSUE:INVESTIGATION_CONDUCT(BYEONGSA~BIJANG_DIRECTION),LOW,NO
PR0476,EC0041,EC0142,SAME_ISSUE_DIFFERENT_CLAIM+COMPATIBLE_CLAIMS,SAME_ISSUE_DIFFERENT_CLAIM,COMPATIBLE_CLAIMS,,FALSE,DIFFERENT,SAME,SAME_ISSUE,OPPOSITE(AFFIRMED/NEGATED),NONE,BOTH_UNSPECIFIED,BOTH_UNSPECIFIED,같은 쟁점의 서로 다른 claim으로 상충 근거 없음. basis=ISSUE:INVESTIGATION_CONDUCT(BYEONGSA~MUNHYEOP),LOW,NO
PR0477,EC0042,EC0133,SAME_ISSUE_DIFFERENT_CLAIM+COMPATIBLE_CLAIMS,SAME_ISSUE_DIFFERENT_CLAIM,COMPATIBLE_CLAIMS,,FALSE,DIFFERENT,SAME,SAME_ISSUE,SAME(AFFIRMED),NONE,BOTH_UNSPECIFIED,BOTH_UNSPECIFIED,같은 쟁점의 서로 다른 claim으로 상충 근거 없음. basis=ISSUE:INVESTIGATION_CONDUCT(BYEONGSA~BLAME_OTHERS),LOW,NO
PR0478,EC0042,EC0134,SAME_ISSUE_DIFFERENT_CLAIM+COMPATIBLE_CLAIMS,SAME_ISSUE_DIFFERENT_CLAIM,COMPATIBLE_CLAIMS,,FALSE,DIFFERENT,SAME,SAME_ISSUE,SAME(AFFIRMED),NONE,BOTH_UNSPECIFIED,BOTH_UNSPECIFIED,같은 쟁점의 서로 다른 claim으로 상충 근거 없음. basis=ISSUE:INVESTIGATION_CONDUCT(BYEONGSA~BLAME_OTHERS),LOW,NO
PR0479,EC0042,EC0135,SAME_ISSUE_DIFFERENT_CLAIM+COMPATIBLE_CLAIMS,SAME_ISSUE_DIFFERENT_CLAIM,COMPATIBLE_CLAIMS,,FALSE,SAME_IF_IDENTITY_ASSUMED,DIFFERENT(ACTION/STATE),SAME_ISSUE,SAME(AFFIRMED),"병사=이광섭 (STRONGLY_SUPPORTED, identity assumption)",BOTH_UNSPECIFIED,BOTH_UNSPECIFIED,basis=ISSUE:INVESTIGATION_CONDUCT(BYEONGSA~GWANGSEOP),LOW,YES
PR0480,EC0042,EC0136,DISTINCT,DISTINCT,,,FALSE,SAME_IF_IDENTITY_ASSUMED,SAME,DIFFERENT_OR_UNTAGGED,SAME(AFFIRMED),pair generation only used STRONGLY_SUPPORTED identity (classification does not depend on it): 병사=이광섭,BOTH_UNSPECIFIED,BOTH_UNSPECIFIED,공유 특징은 있으나 같은 사건·쟁점 근거 없음. basis=DEFAULT,MEDIUM,NO
PR0481,EC0042,EC0137,SAME_ISSUE_DIFFERENT_CLAIM+COMPATIBLE_CLAIMS,SAME_ISSUE_DIFFERENT_CLAIM,COMPATIBLE_CLAIMS,,FALSE,SAME_IF_IDENTITY_ASSUMED,SAME,SAME_ISSUE,SAME(AFFIRMED),"병사=이광섭 (STRONGLY_SUPPORTED, identity assumption)",BOTH_UNSPECIFIED,BOTH_UNSPECIFIED,basis=ISSUE:INVESTIGATION_CONDUCT(BYEONGSA~GWANGSEOP),LOW,YES
PR0482,EC0042,EC0140,SAME_ISSUE_DIFFERENT_CLAIM+COMPATIBLE_CLAIMS,SAME_ISSUE_DIFFERENT_CLAIM,COMPATIBLE_CLAIMS,,FALSE,DIFFERENT,SAME,SAME_ISSUE,SAME(AFFIRMED),NONE,BOTH_UNSPECIFIED,BOTH_UNSPECIFIED,같은 쟁점의 서로 다른 claim으로 상충 근거 없음. basis=ISSUE:INVESTIGATION_CONDUCT(BYEONGSA~MUNHYEOP),LOW,NO
PR0483,EC0042,EC0141,SAME_ISSUE_DIFFERENT_CLAIM+COMPATIBLE_CLAIMS,SAME_ISSUE_DIFFERENT_CLAIM,COMPATIBLE_CLAIMS,,FALSE,DIFFERENT,SAME,SAME_ISSUE,SAME(AFFIRMED),NONE,BOTH_UNSPECIFIED,BOTH_UNSPECIFIED,같은 쟁점의 서로 다른 claim으로 상충 근거 없음. basis=ISSUE:INVESTIGATION_CONDUCT(BYEONGSA~BIJANG_DIRECTION),LOW,NO
PR0484,EC0042,EC0142,SAME_ISSUE_DIFFERENT_CLAIM+COMPATIBLE_CLAIMS,SAME_ISSUE_DIFFERENT_CLAIM,COMPATIBLE_CLAIMS,,FALSE,DIFFERENT,SAME,SAME_ISSUE,SAME(AFFIRMED),NONE,BOTH_UNSPECIFIED,BOTH_UNSPECIFIED,같은 쟁점의 서로 다른 claim으로 상충 근거 없음. basis=ISSUE:INVESTIGATION_CONDUCT(BYEONGSA~MUNHYEOP),LOW,NO
PR0485,EC0043,EC0071,DISTINCT,DISTINCT,,,FALSE,DIFFERENT,SAME,DIFFERENT_OR_UNTAGGED,SAME(AFFIRMED),NONE,BOTH_UNSPECIFIED,BOTH_UNSPECIFIED,공유 특징은 있으나 같은 사건·쟁점 근거 없음. basis=DEFAULT,MEDIUM,NO
PR0486,EC0043,EC0072,DISTINCT,DISTINCT,,,FALSE,DIFFERENT,DIFFERENT(STATE/ACTION),DIFFERENT_OR_UNTAGGED,SAME(AFFIRMED),NONE,ONE_UNSPECIFIED,BOTH_UNSPECIFIED,공유 특징은 있으나 같은 사건·쟁점 근거 없음. basis=DEFAULT,MEDIUM,NO
PR0487,EC0043,EC0073,DISTINCT,DISTINCT,,,FALSE,DIFFERENT,SAME,DIFFERENT_OR_UNTAGGED,SAME(AFFIRMED),NONE,ONE_UNSPECIFIED; relative(- / 그 뒤),BOTH_UNSPECIFIED,공유 특징은 있으나 같은 사건·쟁점 근거 없음. basis=DEFAULT,MEDIUM,NO
PR0488,EC0043,EC0127,SAME_ISSUE_DIFFERENT_CLAIM+REVIEW_REQUIRED,SAME_ISSUE_DIFFERENT_CLAIM,REVIEW_REQUIRED,CONFLICT_IF_IDENTITY_HOLDS,FALSE,DIFFERENT,SAME,SAME_ISSUE,OPPOSITE(AFFIRMED/NEGATED),병영의 하급 보조자=한재욱 (UNRESOLVED),BOTH_UNSPECIFIED,BOTH_UNSPECIFIED,하급 보조자의 신원이 미해결이라 충돌 여부를 정하지 않음. basis=ISSUE:HAN_GUSUN_RELATION(HELPER_GUEST~HAN_DENY_ACQ),LOW,YES
PR0489,EC0044,EC0150,DISTINCT,DISTINCT,,,FALSE,SAME_SURFACE,SAME,UNTAGGED,SAME(AFFIRMED),NONE,BOTH_UNSPECIFIED,BOTH_UNSPECIFIED,공유 특징은 있으나 같은 사건·쟁점 근거 없음. basis=DEFAULT,MEDIUM,NO
PR0490,EC0044,EC0151,DISTINCT,DISTINCT,,,FALSE,SAME_SURFACE,SAME,UNTAGGED,SAME(AFFIRMED),NONE,BOTH_UNSPECIFIED,ONE_UNSPECIFIED,공유 특징은 있으나 같은 사건·쟁점 근거 없음. basis=DEFAULT,MEDIUM,NO
PR0491,EC0044,EC0152,DISTINCT,DISTINCT,,,FALSE,SAME_SURFACE,SAME,UNTAGGED,SAME(AFFIRMED),NONE,BOTH_UNSPECIFIED,ONE_UNSPECIFIED,공유 특징은 있으나 같은 사건·쟁점 근거 없음. basis=DEFAULT,MEDIUM,NO
PR0492,EC0044,EC0153,DISTINCT,DISTINCT,,,FALSE,SAME_SURFACE,SAME,UNTAGGED,SAME(AFFIRMED),NONE,BOTH_UNSPECIFIED; relative(- / 형장 친 뒤),BOTH_UNSPECIFIED,공유 특징은 있으나 같은 사건·쟁점 근거 없음. basis=DEFAULT,MEDIUM,NO
PR0493,EC0044,EC0154,DISTINCT,DISTINCT,,,FALSE,SAME_SURFACE,SAME,UNTAGGED,SAME(AFFIRMED),NONE,BOTH_UNSPECIFIED,BOTH_UNSPECIFIED,공유 특징은 있으나 같은 사건·쟁점 근거 없음. basis=DEFAULT,MEDIUM,NO
PR0494,EC0045,EC0093,DISTINCT,DISTINCT,,,FALSE,DIFFERENT,DIFFERENT(ORDER/ACTION),UNTAGGED,SAME(AFFIRMED),pair generation only used STRONGLY_SUPPORTED identity (classification does not depend on it): 장교 일행=이진욱 등 장교,ONE_UNSPECIFIED,ONE_UNSPECIFIED,공유 특징은 있으나 같은 사건·쟁점 근거 없음. basis=DEFAULT,MEDIUM,NO
PR0495,EC0045,EC0099,DISTINCT,DISTINCT,,,FALSE,DIFFERENT,DIFFERENT(ORDER/SPEECH_ACT),UNTAGGED,SAME(AFFIRMED),NONE,ONE_UNSPECIFIED,BOTH_UNSPECIFIED,공유 특징은 있으나 같은 사건·쟁점 근거 없음. basis=DEFAULT,MEDIUM,NO
PR0496,EC0046,EC0050,SAME_ISSUE_DIFFERENT_CLAIM+CONTRADICTORY_CLAIMS,SAME_ISSUE_DIFFERENT_CLAIM,CONTRADICTORY_CLAIMS,,FALSE,SAME_ENTITY,DIFFERENT(STATE/ACTION),SAME_ISSUE,OPPOSITE(AFFIRMED/NEGATED),NONE,BOTH_UNSPECIFIED,BOTH_UNSPECIFIED,도적이 훔쳤다/만났다 vs 도난이 없었다. basis=ISSUE:THEFT_REALITY(NEG~POS_ACT),MEDIUM,NO
PR0497,EC0046,EC0065,DISTINCT,DISTINCT,,,FALSE,DIFFERENT,DIFFERENT(STATE/SPEECH_ACT),RELATED_FACET(NEG/SPEECH),OPPOSITE(AFFIRMED/NEGATED),NONE,ONE_UNSPECIFIED,BOTH_UNSPECIFIED,발화 사건(누가 도난을 말함/진술을 바꿈)과 도난 claim은 다른 대상 — 발화는 도난 실재 여부와 독립. basis=ISSUE:THEFT_REALITY(NEG~SPEECH),MEDIUM,NO
PR0498,EC0046,EC0066,SAME_ISSUE_DIFFERENT_CLAIM+CONTRADICTORY_CLAIMS,SAME_ISSUE_DIFFERENT_CLAIM,CONTRADICTORY_CLAIMS,,FALSE,DIFFERENT,DIFFERENT(STATE/ACTION),SAME_ISSUE,OPPOSITE(AFFIRMED/NEGATED),NONE,ONE_UNSPECIFIED,BOTH_UNSPECIFIED,도난 부재 판단과 도적 침입 서술. basis=ISSUE:THEFT_REALITY(NEG~DETAIL_ENTRY),MEDIUM,NO
PR0499,EC0046,EC0067,SAME_ISSUE_DIFFERENT_CLAIM+CONTRADICTORY_CLAIMS,SAME_ISSUE_DIFFERENT_CLAIM,CONTRADICTORY_CLAIMS,,FALSE,DIFFERENT,SAME,SAME_ISSUE,OPPOSITE(AFFIRMED/NEGATED),NONE,ONE_UNSPECIFIED,BOTH_UNSPECIFIED,basis=ISSUE:THEFT_REALITY(NEG~DETAIL_COUNT),MEDIUM,NO
PR0500,EC0046,EC0068,SAME_ISSUE_DIFFERENT_CLAIM+CONTRADICTORY_CLAIMS,SAME_ISSUE_DIFFERENT_CLAIM,CONTRADICTORY_CLAIMS,,FALSE,DIFFERENT,DIFFERENT(STATE/ACTION),SAME_ISSUE,OPPOSITE(AFFIRMED/NEGATED),NONE,ONE_UNSPECIFIED,BOTH_UNSPECIFIED,basis=ISSUE:THEFT_REALITY(NEG~DETAIL_TORCH),MEDIUM,NO
PR0501,EC0046,EC0070,SAME_ISSUE_DIFFERENT_CLAIM+CONTRADICTORY_CLAIMS,SAME_ISSUE_DIFFERENT_CLAIM,CONTRADICTORY_CLAIMS,,FALSE,DIFFERENT,DIFFERENT(STATE/ACTION),SAME_ISSUE,OPPOSITE(AFFIRMED/NEGATED),NONE,ONE_UNSPECIFIED,BOTH_UNSPECIFIED,도적이 훔쳤다/만났다 vs 도난이 없었다. basis=ISSUE:THEFT_REALITY(NEG~POS_ACT),MEDIUM,NO
PR0502,EC0046,EC0073,DISTINCT,DISTINCT,,,FALSE,SAME_ENTITY,SAME,DIFFERENT_OR_UNTAGGED,OPPOSITE(AFFIRMED/NEGATED),NONE,ONE_UNSPECIFIED; relative(- / 그 뒤),BOTH_UNSPECIFIED,공유 특징은 있으나 같은 사건·쟁점 근거 없음. basis=DEFAULT,MEDIUM,NO
PR0503,EC0046,EC0079,DISTINCT,DISTINCT,,,FALSE,DIFFERENT,DIFFERENT(STATE/SPEECH_ACT),RELATED_FACET(NEG/SPEECH),OPPOSITE(AFFIRMED/NEGATED),NONE,BOTH_UNSPECIFIED,ONE_UNSPECIFIED,발화 사건(누가 도난을 말함/진술을 바꿈)과 도난 claim은 다른 대상 — 발화는 도난 실재 여부와 독립. basis=ISSUE:THEFT_REALITY(NEG~SPEECH),MEDIUM,NO
PR0504,EC0046,EC0093,DISTINCT,DISTINCT,,,FALSE,DIFFERENT,DIFFERENT(STATE/ACTION),DIFFERENT_OR_UNTAGGED,OPPOSITE(AFFIRMED/NEGATED),pair generation only used STRONGLY_SUPPORTED identity (classification does not depend on it): 장교 일행=이진욱 등 장교,ONE_UNSPECIFIED,ONE_UNSPECIFIED,공유 특징은 있으나 같은 사건·쟁점 근거 없음. basis=DEFAULT,MEDIUM,NO
PR0505,EC0046,EC0094,DISTINCT,DISTINCT,,,FALSE,SAME_ENTITY,DIFFERENT(STATE/SPEECH_ACT),RELATED_FACET(NEG/SPEECH),OPPOSITE(AFFIRMED/NEGATED),NONE,ONE_UNSPECIFIED,ONE_UNSPECIFIED,발화 사건(누가 도난을 말함/진술을 바꿈)과 도난 claim은 다른 대상 — 발화는 도난 실재 여부와 독립. basis=ISSUE:THEFT_REALITY(NEG~SPEECH),MEDIUM,NO
PR0506,EC0046,EC0095,DISTINCT,DISTINCT,,,FALSE,SAME_ENTITY,DIFFERENT(STATE/SPEECH_ACT),DIFFERENT_OR_UNTAGGED,OPPOSITE(AFFIRMED/NEGATED),NONE,ONE_UNSPECIFIED,ONE_UNSPECIFIED,공유 특징은 있으나 같은 사건·쟁점 근거 없음. basis=DEFAULT,MEDIUM,NO
PR0507,EC0046,EC0101,DISTINCT,DISTINCT,,,FALSE,SAME_ENTITY,DIFFERENT(STATE/SPEECH_ACT),DIFFERENT_OR_UNTAGGED,OPPOSITE(AFFIRMED/NEGATED),NONE,ONE_UNSPECIFIED,BOTH_UNSPECIFIED,공유 특징은 있으나 같은 사건·쟁점 근거 없음. basis=DEFAULT,MEDIUM,NO
PR0508,EC0046,EC0131,SAME_ISSUE_DIFFERENT_CLAIM+CONTRADICTORY_CLAIMS,SAME_ISSUE_DIFFERENT_CLAIM,CONTRADICTORY_CLAIMS,,FALSE,DIFFERENT,SAME,SAME_ISSUE,OPPOSITE(AFFIRMED/NEGATED),NONE,BOTH_UNSPECIFIED,BOTH_UNSPECIFIED,도난 있었다 vs 없었다(판단끼리). basis=ISSUE:THEFT_REALITY(NEG~POS_JUDGE),HIGH,NO
PR0509,EC0046,EC0132,SAME_ISSUE_DIFFERENT_CLAIM+CONTRADICTORY_CLAIMS,SAME_ISSUE_DIFFERENT_CLAIM,CONTRADICTORY_CLAIMS,,FALSE,DIFFERENT,SAME,SAME_ISSUE,OPPOSITE(AFFIRMED/NEGATED),NONE,BOTH_UNSPECIFIED,BOTH_UNSPECIFIED,'좀도둑 수준' 평가는 도난 발생을 전제. basis=ISSUE:THEFT_REALITY(NEG~SCALE_SMALL),MEDIUM,NO
PR0510,EC0046,EC0143,SAME_ISSUE_DIFFERENT_CLAIM+CONTRADICTORY_CLAIMS,SAME_ISSUE_DIFFERENT_CLAIM,CONTRADICTORY_CLAIMS,,FALSE,DIFFERENT,SAME,SAME_ISSUE,OPPOSITE(AFFIRMED/NEGATED),NONE,BOTH_UNSPECIFIED,BOTH_UNSPECIFIED,도난 있었다 vs 없었다(판단끼리). basis=ISSUE:THEFT_REALITY(NEG~POS_JUDGE),HIGH,NO
PR0511,EC0047,EC0069,SAME_ISSUE_DIFFERENT_CLAIM+COMPATIBLE_CLAIMS,SAME_ISSUE_DIFFERENT_CLAIM,COMPATIBLE_CLAIMS,,FALSE,DIFFERENT,DIFFERENT(ACTION/SPEECH_ACT),SAME_ISSUE,SAME(AFFIRMED),NONE,ONE_UNSPECIFIED,BOTH_UNSPECIFIED,basis=ISSUE:JISE_ORIGIN(PRIOR~SELFNAME),MEDIUM,NO
PR0512,EC0047,EC0095,SAME_ISSUE_DIFFERENT_CLAIM+COMPATIBLE_CLAIMS,SAME_ISSUE_DIFFERENT_CLAIM,COMPATIBLE_CLAIMS,,FALSE,DIFFERENT,DIFFERENT(ACTION/SPEECH_ACT),SAME_ISSUE,SAME(AFFIRMED),NONE,ONE_UNSPECIFIED,ONE_UNSPECIFIED,basis=ISSUE:JISE_ORIGIN(PRIOR~SELFNAME),MEDIUM,NO
PR0513,EC0047,EC0148,COMPATIBLE_CLAIMS,COMPATIBLE_CLAIMS,,,FALSE,DIFFERENT,SAME,SAME_ISSUE,SAME(AFFIRMED),NONE,BOTH_UNSPECIFIED,BOTH_UNSPECIFIED,둘 다 예전 도적이 쓰던 호칭이라고 함(호중 화적 vs 무식한 좀도둑들). basis=ISSUE:JISE_ORIGIN(PRIOR~PRIOR),MEDIUM,NO
PR0514,EC0047,EC0149,SAME_ISSUE_DIFFERENT_CLAIM+COMPATIBLE_CLAIMS,SAME_ISSUE_DIFFERENT_CLAIM,COMPATIBLE_CLAIMS,,FALSE,DIFFERENT,SAME,SAME_ISSUE,OPPOSITE(AFFIRMED/NEGATED),NONE,BOTH_UNSPECIFIED,BOTH_UNSPECIFIED,basis=ISSUE:JISE_ORIGIN(PRIOR~INVENT_NEG),HIGH,NO
PR0515,EC0048,EC0049,REVIEW_REQUIRED,REVIEW_REQUIRED,,,FALSE,SAME_SURFACE,SAME,UNTAGGED,SAME(AFFIRMED),NONE,BOTH_UNSPECIFIED,ONE_UNSPECIFIED,같은 날 같은 문답의 조사 명령과 안핵어사 차하: 하나의 임명 행위인지 별개 명령인지 원문 확인 필요. basis=PAIR_OVERRIDE,LOW,YES
PR0516,EC0048,EC0063,DISTINCT,DISTINCT,,,FALSE,DIFFERENT,DIFFERENT(ORDER/ACTION),UNTAGGED,SAME(AFFIRMED),NONE,BOTH_UNSPECIFIED,ONE_UNSPECIFIED,공유 특징은 있으나 같은 사건·쟁점 근거 없음. basis=DEFAULT,MEDIUM,NO
PR0517,EC0050,EC0051,SAME_UTTERANCE_COMPONENT+DISTINCT,SAME_UTTERANCE_COMPONENT,DISTINCT,,TRUE,SAME_SURFACE,SAME,DIFFERENT_OR_UNTAGGED,SAME(AFFIRMED),NONE,BOTH_UNSPECIFIED,BOTH_UNSPECIFIED,공유 특징은 있으나 같은 사건·쟁점 근거 없음. basis=DEFAULT+SHARED_UTTERANCE_GROUP SAME_PARENT_PROPOSITION=P0039,MEDIUM,NO
PR0518,EC0050,EC0052,SAME_UTTERANCE_COMPONENT+DISTINCT,SAME_UTTERANCE_COMPONENT,DISTINCT,,TRUE,SAME_SURFACE,SAME,DIFFERENT_OR_UNTAGGED,SAME(AFFIRMED),NONE,BOTH_UNSPECIFIED,BOTH_UNSPECIFIED,공유 특징은 있으나 같은 사건·쟁점 근거 없음. basis=DEFAULT+SHARED_UTTERANCE_GROUP SAME_PARENT_PROPOSITION=P0039,MEDIUM,NO
PR0519,EC0050,EC0059,DISTINCT,DISTINCT,,,FALSE,DIFFERENT,DIFFERENT(ACTION/SPEECH_ACT),DIFFERENT_OR_UNTAGGED,SAME(AFFIRMED),NONE,BOTH_UNSPECIFIED,BOTH_UNSPECIFIED,공유 특징은 있으나 같은 사건·쟁점 근거 없음. basis=DEFAULT,MEDIUM,NO
PR0520,EC0050,EC0065,DISTINCT,DISTINCT,,,FALSE,DIFFERENT,DIFFERENT(ACTION/SPEECH_ACT),RELATED_FACET(POS_ACT/SPEECH),SAME(AFFIRMED),NONE,ONE_UNSPECIFIED,BOTH_UNSPECIFIED,발화 사건(누가 도난을 말함/진술을 바꿈)과 도난 claim은 다른 대상 — 발화는 도난 실재 여부와 독립. basis=ISSUE:THEFT_REALITY(POS_ACT~SPEECH),MEDIUM,NO
PR0521,EC0050,EC0066,SAME_ISSUE_DIFFERENT_CLAIM+COMPATIBLE_CLAIMS,SAME_ISSUE_DIFFERENT_CLAIM,COMPATIBLE_CLAIMS,,FALSE,DIFFERENT,SAME,SAME_ISSUE,SAME(AFFIRMED),NONE,ONE_UNSPECIFIED,BOTH_UNSPECIFIED,basis=ISSUE:THEFT_REALITY(POS_ACT~DETAIL_ENTRY),MEDIUM,NO
PR0522,EC0050,EC0067,SAME_ISSUE_DIFFERENT_CLAIM+COMPATIBLE_CLAIMS,SAME_ISSUE_DIFFERENT_CLAIM,COMPATIBLE_CLAIMS,,FALSE,DIFFERENT,DIFFERENT(ACTION/STATE),SAME_ISSUE,SAME(AFFIRMED),NONE,ONE_UNSPECIFIED,BOTH_UNSPECIFIED,basis=ISSUE:THEFT_REALITY(POS_ACT~DETAIL_COUNT),LOW,NO
PR0523,EC0050,EC0068,SAME_ISSUE_DIFFERENT_CLAIM+COMPATIBLE_CLAIMS,SAME_ISSUE_DIFFERENT_CLAIM,COMPATIBLE_CLAIMS,,FALSE,DIFFERENT,SAME,SAME_ISSUE,SAME(AFFIRMED),NONE,ONE_UNSPECIFIED,BOTH_UNSPECIFIED,basis=ISSUE:THEFT_REALITY(POS_ACT~DETAIL_TORCH),LOW,NO
PR0524,EC0050,EC0069,DISTINCT,DISTINCT,,,FALSE,DIFFERENT,DIFFERENT(ACTION/SPEECH_ACT),DIFFERENT_OR_UNTAGGED,SAME(AFFIRMED),NONE,ONE_UNSPECIFIED,BOTH_UNSPECIFIED,공유 특징은 있으나 같은 사건·쟁점 근거 없음. basis=DEFAULT,MEDIUM,NO
PR0525,EC0050,EC0070,SAME_OCCURRENCE_CANDIDATE,SAME_OCCURRENCE_CANDIDATE,,,FALSE,DIFFERENT,SAME,SAME_ISSUE,SAME(AFFIRMED),NONE,ONE_UNSPECIFIED,BOTH_UNSPECIFIED,도적을 만남(구순) vs 도적이 훔침(나복): 같은 도난 행위를 말할 가능성. 규모 서술 차이는 별도 비교. basis=ISSUE:THEFT_REALITY(POS_ACT~POS_ACT),MEDIUM,NO
PR0526,EC0050,EC0074,DISTINCT,DISTINCT,,,FALSE,SAME_SURFACE,SAME,DIFFERENT_OR_UNTAGGED,SAME(AFFIRMED),NONE,BOTH_UNSPECIFIED,BOTH_UNSPECIFIED,공유 특징은 있으나 같은 사건·쟁점 근거 없음. basis=DEFAULT,MEDIUM,NO
PR0527,EC0050,EC0076,DISTINCT,DISTINCT,,,FALSE,SAME_SURFACE,SAME,DIFFERENT_OR_UNTAGGED,SAME(AFFIRMED),NONE,BOTH_UNSPECIFIED,ONE_UNSPECIFIED,공유 특징은 있으나 같은 사건·쟁점 근거 없음. basis=DEFAULT,MEDIUM,NO
PR0528,EC0050,EC0079,DISTINCT,DISTINCT,,,FALSE,DIFFERENT,DIFFERENT(ACTION/SPEECH_ACT),RELATED_FACET(POS_ACT/SPEECH),SAME(AFFIRMED),NONE,BOTH_UNSPECIFIED,ONE_UNSPECIFIED,발화 사건(누가 도난을 말함/진술을 바꿈)과 도난 claim은 다른 대상 — 발화는 도난 실재 여부와 독립. basis=ISSUE:THEFT_REALITY(POS_ACT~SPEECH),MEDIUM,NO
PR0529,EC0050,EC0093,DISTINCT,DISTINCT,,,FALSE,DIFFERENT,SAME,DIFFERENT_OR_UNTAGGED,SAME(AFFIRMED),pair generation only used STRONGLY_SUPPORTED identity (classification does not depend on it): 장교 일행=이진욱 등 장교,ONE_UNSPECIFIED,ONE_UNSPECIFIED,공유 특징은 있으나 같은 사건·쟁점 근거 없음. basis=DEFAULT,MEDIUM,NO
PR0530,EC0050,EC0094,DISTINCT,DISTINCT,,,FALSE,SAME_SURFACE,DIFFERENT(ACTION/SPEECH_ACT),RELATED_FACET(POS_ACT/SPEECH),SAME(AFFIRMED),NONE,ONE_UNSPECIFIED,ONE_UNSPECIFIED,발화 사건(누가 도난을 말함/진술을 바꿈)과 도난 claim은 다른 대상 — 발화는 도난 실재 여부와 독립. basis=ISSUE:THEFT_REALITY(POS_ACT~SPEECH),MEDIUM,NO
PR0531,EC0050,EC0095,DISTINCT,DISTINCT,,,FALSE,SAME_SURFACE,DIFFERENT(ACTION/SPEECH_ACT),DIFFERENT_OR_UNTAGGED,SAME(AFFIRMED),NONE,ONE_UNSPECIFIED,ONE_UNSPECIFIED,공유 특징은 있으나 같은 사건·쟁점 근거 없음. basis=DEFAULT,MEDIUM,NO
PR0532,EC0050,EC0101,DISTINCT,DISTINCT,,,FALSE,SAME_SURFACE,DIFFERENT(ACTION/SPEECH_ACT),DIFFERENT_OR_UNTAGGED,SAME(AFFIRMED),NONE,ONE_UNSPECIFIED,BOTH_UNSPECIFIED,공유 특징은 있으나 같은 사건·쟁점 근거 없음. basis=DEFAULT,MEDIUM,NO
PR0533,EC0050,EC0102,DISTINCT,DISTINCT,,,FALSE,SAME_SURFACE,SAME,DIFFERENT_OR_UNTAGGED,SAME(AFFIRMED),pair generation only used STRONGLY_SUPPORTED identity (classification does not depend on it): 병사=이광섭,ONE_UNSPECIFIED,BOTH_UNSPECIFIED,공유 특징은 있으나 같은 사건·쟁점 근거 없음. basis=DEFAULT,MEDIUM,NO
PR0534,EC0050,EC0105,DISTINCT,DISTINCT,,,FALSE,DIFFERENT,SAME,DIFFERENT_OR_UNTAGGED,SAME(AFFIRMED),NONE,BOTH_UNSPECIFIED,ONE_UNSPECIFIED,공유 특징은 있으나 같은 사건·쟁점 근거 없음. basis=DEFAULT,MEDIUM,NO
PR0535,EC0050,EC0109,DISTINCT,DISTINCT,,,FALSE,DIFFERENT,DIFFERENT(ACTION/SPEECH_ACT),DIFFERENT_OR_UNTAGGED,SAME(AFFIRMED),NONE,BOTH_UNSPECIFIED,BOTH_UNSPECIFIED,공유 특징은 있으나 같은 사건·쟁점 근거 없음. basis=DEFAULT,MEDIUM,NO
PR0536,EC0050,EC0116,DISTINCT,DISTINCT,,,FALSE,DIFFERENT,DIFFERENT(ACTION/PURPOSE_ATTRIBUTION),DIFFERENT_OR_UNTAGGED,SAME(AFFIRMED),NONE,BOTH_UNSPECIFIED,BOTH_UNSPECIFIED,공유 특징은 있으나 같은 사건·쟁점 근거 없음. basis=DEFAULT,MEDIUM,NO
PR0537,EC0050,EC0121,DISTINCT,DISTINCT,,,FALSE,DIFFERENT,DIFFERENT(ACTION/SPEECH_ACT),DIFFERENT_OR_UNTAGGED,SAME(AFFIRMED),NONE,BOTH_UNSPECIFIED,BOTH_UNSPECIFIED,공유 특징은 있으나 같은 사건·쟁점 근거 없음. basis=DEFAULT,MEDIUM,NO
PR0538,EC0050,EC0131,SAME_ISSUE_DIFFERENT_CLAIM+COMPATIBLE_CLAIMS,SAME_ISSUE_DIFFERENT_CLAIM,COMPATIBLE_CLAIMS,,FALSE,DIFFERENT,DIFFERENT(ACTION/STATE),SAME_ISSUE,SAME(AFFIRMED),NONE,BOTH_UNSPECIFIED,BOTH_UNSPECIFIED,도난 행위 claim과 도난 실재 판단: 양립하나 다른 명제(판단은 규모를 낮춤). basis=ISSUE:THEFT_REALITY(POS_ACT~POS_JUDGE),MEDIUM,NO
PR0539,EC0050,EC0132,SAME_ISSUE_DIFFERENT_CLAIM+COMPATIBLE_CLAIMS,SAME_ISSUE_DIFFERENT_CLAIM,COMPATIBLE_CLAIMS,,FALSE,DIFFERENT,DIFFERENT(ACTION/STATE),SAME_ISSUE,SAME(AFFIRMED),NONE,BOTH_UNSPECIFIED,BOTH_UNSPECIFIED,basis=ISSUE:THEFT_REALITY(POS_ACT~SCALE_SMALL),MEDIUM,NO
PR0540,EC0050,EC0133,DISTINCT,DISTINCT,,,FALSE,SAME_SURFACE,SAME,DIFFERENT_OR_UNTAGGED,SAME(AFFIRMED),NONE,BOTH_UNSPECIFIED,BOTH_UNSPECIFIED,공유 특징은 있으나 같은 사건·쟁점 근거 없음. basis=DEFAULT,MEDIUM,NO
PR0541,EC0050,EC0137,DISTINCT,DISTINCT,,,FALSE,DIFFERENT,SAME,DIFFERENT_OR_UNTAGGED,SAME(AFFIRMED),NONE,BOTH_UNSPECIFIED,BOTH_UNSPECIFIED,공유 특징은 있으나 같은 사건·쟁점 근거 없음. basis=DEFAULT,MEDIUM,NO
PR0542,EC0050,EC0143,SAME_ISSUE_DIFFERENT_CLAIM+COMPATIBLE_CLAIMS,SAME_ISSUE_DIFFERENT_CLAIM,COMPATIBLE_CLAIMS,,FALSE,DIFFERENT,DIFFERENT(ACTION/STATE),SAME_ISSUE,SAME(AFFIRMED),NONE,BOTH_UNSPECIFIED,BOTH_UNSPECIFIED,도난 행위 claim과 도난 실재 판단: 양립하나 다른 명제(판단은 규모를 낮춤). basis=ISSUE:THEFT_REALITY(POS_ACT~POS_JUDGE),MEDIUM,NO
PR0543,EC0050,EC0149,DISTINCT,DISTINCT,,,FALSE,SAME_SURFACE,SAME,DIFFERENT_OR_UNTAGGED,OPPOSITE(AFFIRMED/NEGATED),NONE,BOTH_UNSPECIFIED,BOTH_UNSPECIFIED,공유 특징은 있으나 같은 사건·쟁점 근거 없음. basis=DEFAULT,MEDIUM,NO
PR0544,EC0051,EC0052,SAME_UTTERANCE_COMPONENT+COMPATIBLE_CLAIMS,SAME_UTTERANCE_COMPONENT,COMPATIBLE_CLAIMS,,TRUE,SAME_SURFACE,SAME,SAME_ISSUE,SAME(AFFIRMED),NONE,BOTH_UNSPECIFIED,BOTH_UNSPECIFIED,같은 쟁점의 서로 다른 claim으로 상충 근거 없음. basis=ISSUE:SUSPECT(SUMMON_YEONGGYO~LIST_GUSUN)+SHARED_UTTERANCE_GROUP SAME_PARENT_PROPOSITION=P0039,LOW,NO
PR0545,EC0051,EC0074,DISTINCT,DISTINCT,,,FALSE,SAME_SURFACE,SAME,DIFFERENT_OR_UNTAGGED,SAME(AFFIRMED),NONE,BOTH_UNSPECIFIED,BOTH_UNSPECIFIED,공유 특징은 있으나 같은 사건·쟁점 근거 없음. basis=DEFAULT,MEDIUM,NO
PR0546,EC0051,EC0076,DISTINCT,DISTINCT,,,FALSE,SAME_SURFACE,SAME,DIFFERENT_OR_UNTAGGED,SAME(AFFIRMED),NONE,BOTH_UNSPECIFIED,ONE_UNSPECIFIED,공유 특징은 있으나 같은 사건·쟁점 근거 없음. basis=DEFAULT,MEDIUM,NO
PR0547,EC0051,EC0102,DISTINCT,DISTINCT,,,FALSE,SAME_SURFACE,SAME,DIFFERENT_OR_UNTAGGED,SAME(AFFIRMED),pair generation only used STRONGLY_SUPPORTED identity (classification does not depend on it): 병사=이광섭,ONE_UNSPECIFIED,BOTH_UNSPECIFIED,공유 특징은 있으나 같은 사건·쟁점 근거 없음. basis=DEFAULT,MEDIUM,NO
PR0548,EC0051,EC0117,SAME_ISSUE_DIFFERENT_CLAIM+COMPATIBLE_CLAIMS,SAME_ISSUE_DIFFERENT_CLAIM,COMPATIBLE_CLAIMS,,FALSE,DIFFERENT,SAME,SAME_ISSUE,SAME(AFFIRMED),NONE,BOTH_UNSPECIFIED,BOTH_UNSPECIFIED,같은 쟁점의 서로 다른 claim으로 상충 근거 없음. basis=ISSUE:SUSPECT(SUMMON_YEONGGYO~LIST_YU),LOW,NO
PR0549,EC0051,EC0118,SAME_ISSUE_DIFFERENT_CLAIM+COMPATIBLE_CLAIMS,SAME_ISSUE_DIFFERENT_CLAIM,COMPATIBLE_CLAIMS,,FALSE,DIFFERENT,SAME,SAME_ISSUE,SAME(AFFIRMED),NONE,BOTH_UNSPECIFIED,BOTH_UNSPECIFIED,같은 쟁점의 서로 다른 claim으로 상충 근거 없음. basis=ISSUE:SUSPECT(SUMMON_YEONGGYO~LIST_SOURCE_SELF),LOW,NO
PR0550,EC0051,EC0121,SAME_ISSUE_DIFFERENT_CLAIM+COMPATIBLE_CLAIMS,SAME_ISSUE_DIFFERENT_CLAIM,COMPATIBLE_CLAIMS,,FALSE,DIFFERENT,DIFFERENT(ACTION/SPEECH_ACT),SAME_ISSUE,SAME(AFFIRMED),NONE,BOTH_UNSPECIFIED,BOTH_UNSPECIFIED,같은 쟁점의 서로 다른 claim으로 상충 근거 없음. basis=ISSUE:SUSPECT(SUMMON_YEONGGYO~SPEECH_KIM_CHIEF),LOW,NO
PR0551,EC0051,EC0129,SAME_ISSUE_DIFFERENT_CLAIM+COMPATIBLE_CLAIMS,SAME_ISSUE_DIFFERENT_CLAIM,COMPATIBLE_CLAIMS,,FALSE,SAME_SURFACE,DIFFERENT(ACTION/SPEECH_ACT),SAME_ISSUE,SAME(AFFIRMED),NONE,BOTH_UNSPECIFIED,BOTH_UNSPECIFIED,같은 쟁점의 서로 다른 claim으로 상충 근거 없음. basis=ISSUE:SUSPECT(SUMMON_YEONGGYO~SUSPICION),LOW,NO
PR0552,EC0051,EC0130,SAME_ISSUE_DIFFERENT_CLAIM+COMPATIBLE_CLAIMS,SAME_ISSUE_DIFFERENT_CLAIM,COMPATIBLE_CLAIMS,,FALSE,DIFFERENT,SAME,SAME_ISSUE,SAME(AFFIRMED),NONE,BOTH_UNSPECIFIED,BOTH_UNSPECIFIED,같은 쟁점의 서로 다른 claim으로 상충 근거 없음. basis=ISSUE:SUSPECT(SUMMON_YEONGGYO~LIST_YU_RECORD),LOW,NO
PR0553,EC0051,EC0133,DISTINCT,DISTINCT,,,FALSE,SAME_SURFACE,SAME,DIFFERENT_OR_UNTAGGED,SAME(AFFIRMED),NONE,BOTH_UNSPECIFIED,BOTH_UNSPECIFIED,공유 특징은 있으나 같은 사건·쟁점 근거 없음. basis=DEFAULT,MEDIUM,NO
PR0554,EC0051,EC0149,DISTINCT,DISTINCT,,,FALSE,SAME_SURFACE,SAME,DIFFERENT_OR_UNTAGGED,OPPOSITE(AFFIRMED/NEGATED),NONE,BOTH_UNSPECIFIED,BOTH_UNSPECIFIED,공유 특징은 있으나 같은 사건·쟁점 근거 없음. basis=DEFAULT,MEDIUM,NO
PR0555,EC0052,EC0074,DISTINCT,DISTINCT,,,FALSE,SAME_SURFACE,SAME,DIFFERENT_OR_UNTAGGED,SAME(AFFIRMED),NONE,BOTH_UNSPECIFIED,BOTH_UNSPECIFIED,공유 특징은 있으나 같은 사건·쟁점 근거 없음. basis=DEFAULT,MEDIUM,NO
PR0556,EC0052,EC0076,DISTINCT,DISTINCT,,,FALSE,SAME_SURFACE,SAME,DIFFERENT_OR_UNTAGGED,SAME(AFFIRMED),NONE,BOTH_UNSPECIFIED,ONE_UNSPECIFIED,공유 특징은 있으나 같은 사건·쟁점 근거 없음. basis=DEFAULT,MEDIUM,NO
PR0557,EC0052,EC0102,DISTINCT,DISTINCT,,,FALSE,SAME_SURFACE,SAME,DIFFERENT_OR_UNTAGGED,SAME(AFFIRMED),pair generation only used STRONGLY_SUPPORTED identity (classification does not depend on it): 병사=이광섭,ONE_UNSPECIFIED,BOTH_UNSPECIFIED,공유 특징은 있으나 같은 사건·쟁점 근거 없음. basis=DEFAULT,MEDIUM,NO
PR0558,EC0052,EC0117,SAME_ISSUE_DIFFERENT_CLAIM+REVIEW_REQUIRED,SAME_ISSUE_DIFFERENT_CLAIM,REVIEW_REQUIRED,,FALSE,DIFFERENT,SAME,SAME_ISSUE,SAME(AFFIRMED),NONE,BOTH_UNSPECIFIED,BOTH_UNSPECIFIED,명단 작성자가 다름(구순 vs 유제희). 두 명단 모두 open set이며 김명신만 공통 명시. basis=ISSUE:SUSPECT(LIST_GUSUN~LIST_YU),LOW,YES
PR0559,EC0052,EC0118,SAME_ISSUE_DIFFERENT_CLAIM+REVIEW_REQUIRED,SAME_ISSUE_DIFFERENT_CLAIM,REVIEW_REQUIRED,CONFLICT_IF_SAME_LIST,FALSE,DIFFERENT,SAME,SAME_ISSUE,SAME(AFFIRMED),NONE,BOTH_UNSPECIFIED,BOTH_UNSPECIFIED,윤노동: 구순이 이름을 써 줌 vs 유제희: 직접 염탐. 같은 명단인지 미정. basis=ISSUE:SUSPECT(LIST_GUSUN~LIST_SOURCE_SELF),LOW,YES
PR0560,EC0052,EC0121,SAME_ISSUE_DIFFERENT_CLAIM+COMPATIBLE_CLAIMS,SAME_ISSUE_DIFFERENT_CLAIM,COMPATIBLE_CLAIMS,,FALSE,DIFFERENT,DIFFERENT(ACTION/SPEECH_ACT),SAME_ISSUE,SAME(AFFIRMED),NONE,BOTH_UNSPECIFIED,BOTH_UNSPECIFIED,같은 쟁점의 서로 다른 claim으로 상충 근거 없음. basis=ISSUE:SUSPECT(LIST_GUSUN~SPEECH_KIM_CHIEF),LOW,NO
PR0561,EC0052,EC0129,SAME_ISSUE_DIFFERENT_CLAIM+COMPATIBLE_CLAIMS,SAME_ISSUE_DIFFERENT_CLAIM,COMPATIBLE_CLAIMS,,FALSE,SAME_SURFACE,DIFFERENT(ACTION/SPEECH_ACT),SAME_ISSUE,SAME(AFFIRMED),NONE,BOTH_UNSPECIFIED,BOTH_UNSPECIFIED,같은 쟁점의 서로 다른 claim으로 상충 근거 없음. basis=ISSUE:SUSPECT(LIST_GUSUN~SUSPICION),LOW,NO
PR0562,EC0052,EC0130,SAME_ISSUE_DIFFERENT_CLAIM+COMPATIBLE_CLAIMS,SAME_ISSUE_DIFFERENT_CLAIM,COMPATIBLE_CLAIMS,,FALSE,DIFFERENT,SAME,SAME_ISSUE,SAME(AFFIRMED),NONE,BOTH_UNSPECIFIED,BOTH_UNSPECIFIED,같은 쟁점의 서로 다른 claim으로 상충 근거 없음. basis=ISSUE:SUSPECT(LIST_GUSUN~LIST_YU_RECORD),LOW,NO
PR0563,EC0052,EC0133,DISTINCT,DISTINCT,,,FALSE,SAME_SURFACE,SAME,DIFFERENT_OR_UNTAGGED,SAME(AFFIRMED),NONE,BOTH_UNSPECIFIED,BOTH_UNSPECIFIED,공유 특징은 있으나 같은 사건·쟁점 근거 없음. basis=DEFAULT,MEDIUM,NO
PR0564,EC0052,EC0149,DISTINCT,DISTINCT,,,FALSE,SAME_SURFACE,SAME,DIFFERENT_OR_UNTAGGED,OPPOSITE(AFFIRMED/NEGATED),NONE,BOTH_UNSPECIFIED,BOTH_UNSPECIFIED,공유 특징은 있으나 같은 사건·쟁점 근거 없음. basis=DEFAULT,MEDIUM,NO
PR0565,EC0053,EC0054,SAME_UTTERANCE_COMPONENT+DISTINCT,SAME_UTTERANCE_COMPONENT,DISTINCT,,TRUE,SAME_SURFACE,DIFFERENT(DEATH/CAUSE_ATTRIBUTION),SAME_ISSUE,SAME(AFFIRMED),NONE,BOTH_UNSPECIFIED,BOTH_UNSPECIFIED,occurrence/cause/time/place 중 서로 다른 facet이거나 다른 인물 — 같은 event로 묶지 않음. basis=ISSUE:DEATH(KIM_OCC~KIM_CAUSE_BYEONG)+SHARED_UTTERANCE_GROUP SAME_PARENT_PROPOSITION=P0040,HIGH,NO
PR0566,EC0053,EC0055,SAME_UTTERANCE_COMPONENT+DISTINCT,SAME_UTTERANCE_COMPONENT,DISTINCT,,TRUE,SAME_SURFACE,DIFFERENT(DEATH/TEMPORAL_ATTRIBUTION),SAME_ISSUE,SAME(AFFIRMED),NONE,BOTH_UNSPECIFIED; relative(- / 체포·구금 뒤),BOTH_UNSPECIFIED,occurrence/cause/time/place 중 서로 다른 facet이거나 다른 인물 — 같은 event로 묶지 않음. basis=ISSUE:DEATH(KIM_OCC~KIM_TIME)+SHARED_UTTERANCE_GROUP SAME_PARENT_PROPOSITION=P0040,HIGH,NO
PR0567,EC0053,EC0138,DISTINCT,DISTINCT,,,FALSE,SAME_SURFACE,DIFFERENT(DEATH/CAUSE_ATTRIBUTION),RELATED_FACET(KIM_OCC/KIM_CAUSE_JILBYEONG),SAME(AFFIRMED),NONE,BOTH_UNSPECIFIED,BOTH_UNSPECIFIED,occurrence/cause/time/place 중 서로 다른 facet이거나 다른 인물 — 같은 event로 묶지 않음. basis=ISSUE:DEATH(KIM_OCC~KIM_CAUSE_JILBYEONG),HIGH,NO
PR0568,EC0053,EC0144,DISTINCT,DISTINCT,,,FALSE,SAME_SURFACE,DIFFERENT(DEATH/CAUSE_ATTRIBUTION),RELATED_FACET(KIM_OCC/KIM_CAUSE_EPIDEMIC),SAME(AFFIRMED),NONE,BOTH_UNSPECIFIED,BOTH_UNSPECIFIED,occurrence/cause/time/place 중 서로 다른 facet이거나 다른 인물 — 같은 event로 묶지 않음. basis=ISSUE:DEATH(KIM_OCC~KIM_CAUSE_EPIDEMIC),HIGH,NO
PR0569,EC0053,EC0145,DISTINCT,DISTINCT,,,FALSE,SAME_ENTITY,DIFFERENT(DEATH/CAUSE_ATTRIBUTION),RELATED_FACET(KIM_OCC/WIFE_CAUSE_EPIDEMIC),SAME(AFFIRMED),NONE,BOTH_UNSPECIFIED,BOTH_UNSPECIFIED,occurrence/cause/time/place 중 서로 다른 facet이거나 다른 인물 — 같은 event로 묶지 않음. basis=ISSUE:DEATH(KIM_OCC~WIFE_CAUSE_EPIDEMIC),HIGH,NO
PR0570,EC0054,EC0055,SAME_UTTERANCE_COMPONENT+DISTINCT,SAME_UTTERANCE_COMPONENT,DISTINCT,,TRUE,SAME_SURFACE,DIFFERENT(CAUSE_ATTRIBUTION/TEMPORAL_ATTRIBUTION),SAME_ISSUE,SAME(AFFIRMED),NONE,BOTH_UNSPECIFIED; relative(- / 체포·구금 뒤),BOTH_UNSPECIFIED,occurrence/cause/time/place 중 서로 다른 facet이거나 다른 인물 — 같은 event로 묶지 않음. basis=ISSUE:DEATH(KIM_CAUSE_BYEONG~KIM_TIME)+SHARED_UTTERANCE_GROUP SAME_PARENT_PROPOSITION=P0040,HIGH,NO
PR0571,EC0054,EC0138,SAME_ISSUE_DIFFERENT_CLAIM+COMPATIBLE_CLAIMS,SAME_ISSUE_DIFFERENT_CLAIM,COMPATIBLE_CLAIMS,,FALSE,SAME_SURFACE,SAME,SAME_ISSUE,SAME(AFFIRMED),NONE,BOTH_UNSPECIFIED,BOTH_UNSPECIFIED,'병' vs '질병': 표현상 근접하나 동일 claim으로 확정하지 않음(taxonomy 미정). basis=ISSUE:DEATH(KIM_CAUSE_BYEONG~KIM_CAUSE_JILBYEONG),MEDIUM,YES
PR0572,EC0054,EC0144,SAME_ISSUE_DIFFERENT_CLAIM+COMPATIBLE_CLAIMS,SAME_ISSUE_DIFFERENT_CLAIM,COMPATIBLE_CLAIMS,,FALSE,SAME_SURFACE,SAME,SAME_ISSUE,SAME(AFFIRMED),NONE,BOTH_UNSPECIFIED,BOTH_UNSPECIFIED,'병' vs '전염병': 전염병이 병의 하위 개념일 수 있으나 taxonomy 미정. basis=ISSUE:DEATH(KIM_CAUSE_BYEONG~KIM_CAUSE_EPIDEMIC),LOW,YES
PR0573,EC0054,EC0145,DISTINCT,DISTINCT,,,FALSE,SAME_ENTITY,SAME,RELATED_FACET(KIM_CAUSE_BYEONG/WIFE_CAUSE_EPIDEMIC),SAME(AFFIRMED),NONE,BOTH_UNSPECIFIED,BOTH_UNSPECIFIED,occurrence/cause/time/place 중 서로 다른 facet이거나 다른 인물 — 같은 event로 묶지 않음. basis=ISSUE:DEATH(KIM_CAUSE_BYEONG~WIFE_CAUSE_EPIDEMIC),HIGH,NO
PR0574,EC0055,EC0096,DISTINCT,DISTINCT,,,FALSE,DIFFERENT,DIFFERENT(TEMPORAL_ATTRIBUTION/ORDER),DIFFERENT_OR_UNTAGGED,SAME(AFFIRMED),NONE,ONE_UNSPECIFIED; relative(체포·구금 뒤 / -),BOTH_UNSPECIFIED,공유 특징은 있으나 같은 사건·쟁점 근거 없음. basis=DEFAULT,MEDIUM,NO
PR0575,EC0055,EC0097,DISTINCT,DISTINCT,,,FALSE,DIFFERENT,DIFFERENT(TEMPORAL_ATTRIBUTION/ACTION),DIFFERENT_OR_UNTAGGED,SAME(AFFIRMED),pair generation only used STRONGLY_SUPPORTED identity (classification does not depend on it): 병사=이광섭,ONE_UNSPECIFIED; relative(체포·구금 뒤 / -),BOTH_UNSPECIFIED,공유 특징은 있으나 같은 사건·쟁점 근거 없음. basis=DEFAULT,MEDIUM,NO
PR0576,EC0055,EC0098,DISTINCT,DISTINCT,,,FALSE,DIFFERENT,DIFFERENT(TEMPORAL_ATTRIBUTION/ACTION),DIFFERENT_OR_UNTAGGED,SAME(AFFIRMED),NONE,ONE_UNSPECIFIED; relative(체포·구금 뒤 / -),ONE_UNSPECIFIED,공유 특징은 있으나 같은 사건·쟁점 근거 없음. basis=DEFAULT,MEDIUM,NO
PR0577,EC0055,EC0100,DISTINCT,DISTINCT,,,FALSE,DIFFERENT,DIFFERENT(TEMPORAL_ATTRIBUTION/SPEECH_ACT),DIFFERENT_OR_UNTAGGED,SAME(AFFIRMED),pair generation only used STRONGLY_SUPPORTED identity (classification does not depend on it): 풍각의 상주=김명신,ONE_UNSPECIFIED; relative(체포·구금 뒤 / -),BOTH_UNSPECIFIED,공유 특징은 있으나 같은 사건·쟁점 근거 없음. basis=DEFAULT,MEDIUM,NO
PR0578,EC0055,EC0138,DISTINCT,DISTINCT,,,FALSE,SAME_SURFACE,DIFFERENT(TEMPORAL_ATTRIBUTION/CAUSE_ATTRIBUTION),RELATED_FACET(KIM_TIME/KIM_CAUSE_JILBYEONG),SAME(AFFIRMED),NONE,BOTH_UNSPECIFIED; relative(체포·구금 뒤 / -),BOTH_UNSPECIFIED,occurrence/cause/time/place 중 서로 다른 facet이거나 다른 인물 — 같은 event로 묶지 않음. basis=ISSUE:DEATH(KIM_TIME~KIM_CAUSE_JILBYEONG),HIGH,NO
PR0579,EC0055,EC0144,DISTINCT,DISTINCT,,,FALSE,SAME_SURFACE,DIFFERENT(TEMPORAL_ATTRIBUTION/CAUSE_ATTRIBUTION),RELATED_FACET(KIM_TIME/KIM_CAUSE_EPIDEMIC),SAME(AFFIRMED),NONE,BOTH_UNSPECIFIED; relative(체포·구금 뒤 / -),BOTH_UNSPECIFIED,occurrence/cause/time/place 중 서로 다른 facet이거나 다른 인물 — 같은 event로 묶지 않음. basis=ISSUE:DEATH(KIM_TIME~KIM_CAUSE_EPIDEMIC),HIGH,NO
PR0580,EC0055,EC0145,DISTINCT,DISTINCT,,,FALSE,SAME_ENTITY,DIFFERENT(TEMPORAL_ATTRIBUTION/CAUSE_ATTRIBUTION),RELATED_FACET(KIM_TIME/WIFE_CAUSE_EPIDEMIC),SAME(AFFIRMED),NONE,BOTH_UNSPECIFIED; relative(체포·구금 뒤 / -),BOTH_UNSPECIFIED,occurrence/cause/time/place 중 서로 다른 facet이거나 다른 인물 — 같은 event로 묶지 않음. basis=ISSUE:DEATH(KIM_TIME~WIFE_CAUSE_EPIDEMIC),HIGH,NO
PR0581,EC0056,EC0146,REVIEW_REQUIRED,REVIEW_REQUIRED,,CONTRADICTORY_IF_OPEN_SET_MEMBER,FALSE,DIFFERENT,SAME,SAME_ISSUE,OPPOSITE(AFFIRMED/NEGATED),NONE,BOTH_UNSPECIFIED,BOTH_UNSPECIFIED,형벌 받은 집단은 비열거 open set — 김명신의 구성원 여부를 추론하지 않음. basis=ISSUE:TREATMENT(OPENSET_PUNISHED~NOT_BEATEN),LOW,YES
PR0582,EC0056,EC0147,REVIEW_REQUIRED,REVIEW_REQUIRED,,CONTRADICTORY_IF_OPEN_SET_MEMBER,FALSE,DIFFERENT,SAME,SAME_ISSUE,OPPOSITE(AFFIRMED/NEGATED),NONE,BOTH_UNSPECIFIED,BOTH_UNSPECIFIED,형벌 받은 집단은 비열거 open set — 김명신의 구성원 여부를 추론하지 않음. basis=ISSUE:TREATMENT(OPENSET_PUNISHED~NOT_INTERROGATED),LOW,YES
PR0583,EC0057,EC0136,SAME_ISSUE_DIFFERENT_CLAIM+COMPATIBLE_CLAIMS,SAME_ISSUE_DIFFERENT_CLAIM,COMPATIBLE_CLAIMS,,FALSE,DIFFERENT,SAME,SAME_ISSUE,OPPOSITE(AFFIRMED/NEGATED),NONE,BOTH_UNSPECIFIED,BOTH_UNSPECIFIED,같은 쟁점의 서로 다른 claim으로 상충 근거 없음. basis=ISSUE:STOLEN_GOODS(NOT_FOUND~JUDGED_WITHOUT),LOW,NO
PR0584,EC0057,EC0139,SAME_ISSUE_DIFFERENT_CLAIM+COMPATIBLE_CLAIMS,SAME_ISSUE_DIFFERENT_CLAIM,COMPATIBLE_CLAIMS,,FALSE,DIFFERENT,SAME,SAME_ISSUE,SAME(NEGATED),NONE,BOTH_UNSPECIFIED,BOTH_UNSPECIFIED,같은 쟁점의 서로 다른 claim으로 상충 근거 없음. basis=ISSUE:STOLEN_GOODS(NOT_FOUND~NOT_SECURED),LOW,NO
PR0585,EC0058,EC0059,SAME_UTTERANCE_COMPONENT+COMPATIBLE_CLAIMS,SAME_UTTERANCE_COMPONENT,COMPATIBLE_CLAIMS,,TRUE,DIFFERENT,DIFFERENT(ACTION/SPEECH_ACT),SAME_ISSUE,SAME(AFFIRMED),NONE,BOTH_UNSPECIFIED,BOTH_UNSPECIFIED,같은 쟁점의 서로 다른 claim으로 상충 근거 없음. basis=ISSUE:COACHING(YOON~YOON_TESTIMONY)+SHARED_UTTERANCE_GROUP SAME_PARENT_PROPOSITION=P0043,LOW,NO
PR0586,EC0058,EC0060,SAME_UTTERANCE_COMPONENT+COMPATIBLE_CLAIMS,SAME_UTTERANCE_COMPONENT,COMPATIBLE_CLAIMS,,TRUE,SAME_SURFACE,SAME,SAME_ISSUE,SAME(AFFIRMED),NONE,BOTH_UNSPECIFIED,BOTH_UNSPECIFIED,같은 쟁점의 서로 다른 claim으로 상충 근거 없음. basis=ISSUE:COACHING(YOON~YOON)+SHARED_UTTERANCE_GROUP SAME_PARENT_PROPOSITION=P0043,LOW,NO
PR0587,EC0058,EC0084,DISTINCT,DISTINCT,,,FALSE,SAME_SURFACE,SAME,DIFFERENT_OR_UNTAGGED,SAME(AFFIRMED),NONE,ONE_UNSPECIFIED,BOTH_UNSPECIFIED,공유 특징은 있으나 같은 사건·쟁점 근거 없음. basis=DEFAULT,MEDIUM,NO
PR0588,EC0058,EC0107,SAME_ISSUE_DIFFERENT_CLAIM+REVIEW_REQUIRED,SAME_ISSUE_DIFFERENT_CLAIM,REVIEW_REQUIRED,,FALSE,DIFFERENT,SAME,SAME_ISSUE,SAME(AFFIRMED),한 비장=한재욱 (CANDIDATE); 변가의 처=자미덕 (CANDIDATE),BOTH_UNSPECIFIED; relative(- / 그 후),BOTH_UNSPECIFIED,basis=ISSUE:COACHING(YOON~HB_CONTACT),LOW,YES
PR0589,EC0058,EC0108,SAME_ISSUE_DIFFERENT_CLAIM+REVIEW_REQUIRED,SAME_ISSUE_DIFFERENT_CLAIM,REVIEW_REQUIRED,,FALSE,DIFFERENT,DIFFERENT(ACTION/SPEECH_ACT),SAME_ISSUE,SAME(AFFIRMED),한 비장=한재욱 (CANDIDATE); 변가의 처=자미덕 (CANDIDATE),BOTH_UNSPECIFIED,BOTH_UNSPECIFIED,basis=ISSUE:COACHING(YOON~HB_PRESSURE),LOW,YES
PR0590,EC0058,EC0109,SAME_ISSUE_DIFFERENT_CLAIM+REVIEW_REQUIRED,SAME_ISSUE_DIFFERENT_CLAIM,REVIEW_REQUIRED,,FALSE,DIFFERENT,DIFFERENT(ACTION/SPEECH_ACT),SAME_ISSUE,SAME(AFFIRMED),한 비장=한재욱 (CANDIDATE); 변가의 처=자미덕 (CANDIDATE),BOTH_UNSPECIFIED,BOTH_UNSPECIFIED,"윤노동의 공초 내용(김명신=괴수)과 자미덕이 말한 조건문 대상(정원돌 등, open set)이 다름 — 김명신을 비구성원으로 추론하지 않음. basis=ISSUE:COACHING(YOON~HB_OFFER)",LOW,YES
PR0591,EC0058,EC0110,SAME_ISSUE_DIFFERENT_CLAIM+REVIEW_REQUIRED,SAME_ISSUE_DIFFERENT_CLAIM,REVIEW_REQUIRED,,FALSE,DIFFERENT,DIFFERENT(ACTION/SPEECH_ACT),SAME_ISSUE,SAME(AFFIRMED),한 비장=한재욱 (CANDIDATE); 변가의 처=자미덕 (CANDIDATE),BOTH_UNSPECIFIED,BOTH_UNSPECIFIED,"윤노동의 공초 내용(김명신=괴수)과 자미덕이 말한 조건문 대상(정원돌 등, open set)이 다름 — 김명신을 비구성원으로 추론하지 않음. basis=ISSUE:COACHING(YOON~HB_OFFER)",LOW,YES
PR0592,EC0058,EC0111,SAME_ISSUE_DIFFERENT_CLAIM+REVIEW_REQUIRED,SAME_ISSUE_DIFFERENT_CLAIM,REVIEW_REQUIRED,,FALSE,DIFFERENT,SAME,SAME_ISSUE,SAME(AFFIRMED),한 비장=한재욱 (CANDIDATE); 변가의 처=자미덕 (CANDIDATE),BOTH_UNSPECIFIED,BOTH_UNSPECIFIED,basis=ISSUE:COACHING(YOON~HB_CONTACT),LOW,YES
PR0593,EC0058,EC0113,SAME_ISSUE_DIFFERENT_CLAIM+REVIEW_REQUIRED,SAME_ISSUE_DIFFERENT_CLAIM,REVIEW_REQUIRED,,FALSE,DIFFERENT,DIFFERENT(ACTION/SPEECH_ACT),SAME_ISSUE,SAME(AFFIRMED),변가의 처=자미덕 (CANDIDATE),BOTH_UNSPECIFIED,BOTH_UNSPECIFIED,basis=ISSUE:COACHING(YOON~SELF_LIE),LOW,YES
PR0594,EC0058,EC0114,SAME_ISSUE_DIFFERENT_CLAIM+REVIEW_REQUIRED,SAME_ISSUE_DIFFERENT_CLAIM,REVIEW_REQUIRED,,FALSE,DIFFERENT,SAME,SAME_ISSUE,SAME(AFFIRMED),한 비장=한재욱 (CANDIDATE); 변가의 처=자미덕 (CANDIDATE),BOTH_UNSPECIFIED,BOTH_UNSPECIFIED,basis=ISSUE:COACHING(YOON~HB_DIRECT),LOW,YES
PR0595,EC0058,EC0115,DISTINCT,DISTINCT,,,FALSE,SAME_SURFACE,SAME,DIFFERENT_OR_UNTAGGED,SAME(AFFIRMED),NONE,BOTH_UNSPECIFIED,BOTH_UNSPECIFIED,공유 특징은 있으나 같은 사건·쟁점 근거 없음. basis=DEFAULT,MEDIUM,NO
PR0596,EC0058,EC0119,SAME_ISSUE_DIFFERENT_CLAIM+COMPATIBLE_CLAIMS,SAME_ISSUE_DIFFERENT_CLAIM,COMPATIBLE_CLAIMS,,FALSE,SAME_SURFACE,SAME,SAME_ISSUE,SAME(AFFIRMED),변가의 처=자미덕 (CANDIDATE),BOTH_UNSPECIFIED,BOTH_UNSPECIFIED,basis=ISSUE:COACHING(YOON~HAN_ADMIT_ROOM),LOW,YES
PR0597,EC0058,EC0120,SAME_ISSUE_DIFFERENT_CLAIM+COMPATIBLE_CLAIMS,SAME_ISSUE_DIFFERENT_CLAIM,COMPATIBLE_CLAIMS,,FALSE,SAME_SURFACE,SAME,SAME_ISSUE,SAME(AFFIRMED),변가의 처=자미덕 (CANDIDATE),BOTH_UNSPECIFIED,BOTH_UNSPECIFIED,basis=ISSUE:COACHING(YOON~HAN_ADMIT_FOOD),LOW,YES
PR0598,EC0058,EC0123,DISTINCT,DISTINCT,,,FALSE,SAME_SURFACE,SAME,DIFFERENT_OR_UNTAGGED,SAME(AFFIRMED),NONE,BOTH_UNSPECIFIED,BOTH_UNSPECIFIED,공유 특징은 있으나 같은 사건·쟁점 근거 없음. basis=DEFAULT,MEDIUM,NO
PR0599,EC0058,EC0126,SAME_ISSUE_DIFFERENT_CLAIM+REVIEW_REQUIRED,SAME_ISSUE_DIFFERENT_CLAIM,REVIEW_REQUIRED,CONFLICT_IF_IDENTITY_HOLDS,FALSE,SAME_SURFACE,SAME,SAME_ISSUE,OPPOSITE(AFFIRMED/NEGATED),변가의 처=자미덕 (CANDIDATE),BOTH_UNSPECIFIED,BOTH_UNSPECIFIED,윤노동: 한재욱이 변가의 처를 꾐 vs 한재욱: 자미덕을 사주한 일 없음. basis=ISSUE:COACHING(YOON~HAN_DENY),LOW,YES
PR0600,EC0059,EC0060,SAME_UTTERANCE_COMPONENT+COMPATIBLE_CLAIMS,SAME_UTTERANCE_COMPONENT,COMPATIBLE_CLAIMS,,TRUE,DIFFERENT,DIFFERENT(SPEECH_ACT/ACTION),SAME_ISSUE,SAME(AFFIRMED),NONE,BOTH_UNSPECIFIED,BOTH_UNSPECIFIED,같은 쟁점의 서로 다른 claim으로 상충 근거 없음. basis=ISSUE:COACHING(YOON_TESTIMONY~YOON)+SHARED_UTTERANCE_GROUP SAME_PARENT_PROPOSITION=P0043,LOW,NO
PR0601,EC0059,EC0065,DISTINCT,DISTINCT,,,FALSE,DIFFERENT,SAME,DIFFERENT_OR_UNTAGGED,SAME(AFFIRMED),NONE,ONE_UNSPECIFIED,BOTH_UNSPECIFIED,공유 특징은 있으나 같은 사건·쟁점 근거 없음. basis=DEFAULT,MEDIUM,NO
PR0602,EC0059,EC0066,DISTINCT,DISTINCT,,,FALSE,DIFFERENT,DIFFERENT(SPEECH_ACT/ACTION),DIFFERENT_OR_UNTAGGED,SAME(AFFIRMED),NONE,ONE_UNSPECIFIED,BOTH_UNSPECIFIED,공유 특징은 있으나 같은 사건·쟁점 근거 없음. basis=DEFAULT,MEDIUM,NO
PR0603,EC0059,EC0067,DISTINCT,DISTINCT,,,FALSE,DIFFERENT,DIFFERENT(SPEECH_ACT/STATE),DIFFERENT_OR_UNTAGGED,SAME(AFFIRMED),NONE,ONE_UNSPECIFIED,BOTH_UNSPECIFIED,공유 특징은 있으나 같은 사건·쟁점 근거 없음. basis=DEFAULT,MEDIUM,NO
PR0604,EC0059,EC0068,DISTINCT,DISTINCT,,,FALSE,DIFFERENT,DIFFERENT(SPEECH_ACT/ACTION),DIFFERENT_OR_UNTAGGED,SAME(AFFIRMED),NONE,ONE_UNSPECIFIED,BOTH_UNSPECIFIED,공유 특징은 있으나 같은 사건·쟁점 근거 없음. basis=DEFAULT,MEDIUM,NO
PR0605,EC0059,EC0069,DISTINCT,DISTINCT,,,FALSE,DIFFERENT,SAME,DIFFERENT_OR_UNTAGGED,SAME(AFFIRMED),NONE,ONE_UNSPECIFIED,BOTH_UNSPECIFIED,공유 특징은 있으나 같은 사건·쟁점 근거 없음. basis=DEFAULT,MEDIUM,NO
PR0606,EC0059,EC0070,DISTINCT,DISTINCT,,,FALSE,DIFFERENT,DIFFERENT(SPEECH_ACT/ACTION),DIFFERENT_OR_UNTAGGED,SAME(AFFIRMED),NONE,ONE_UNSPECIFIED,BOTH_UNSPECIFIED,공유 특징은 있으나 같은 사건·쟁점 근거 없음. basis=DEFAULT,MEDIUM,NO
PR0607,EC0059,EC0079,DISTINCT,DISTINCT,,,FALSE,DIFFERENT,SAME,DIFFERENT_OR_UNTAGGED,SAME(AFFIRMED),NONE,BOTH_UNSPECIFIED,ONE_UNSPECIFIED,공유 특징은 있으나 같은 사건·쟁점 근거 없음. basis=DEFAULT,MEDIUM,NO
PR0608,EC0059,EC0095,DISTINCT,DISTINCT,,,FALSE,DIFFERENT,SAME,DIFFERENT_OR_UNTAGGED,SAME(AFFIRMED),NONE,ONE_UNSPECIFIED,ONE_UNSPECIFIED,공유 특징은 있으나 같은 사건·쟁점 근거 없음. basis=DEFAULT,MEDIUM,NO
PR0609,EC0059,EC0101,DISTINCT,DISTINCT,,,FALSE,DIFFERENT,SAME,DIFFERENT_OR_UNTAGGED,SAME(AFFIRMED),NONE,ONE_UNSPECIFIED,BOTH_UNSPECIFIED,공유 특징은 있으나 같은 사건·쟁점 근거 없음. basis=DEFAULT,MEDIUM,NO
PR0610,EC0059,EC0105,DISTINCT,DISTINCT,,,FALSE,DIFFERENT,DIFFERENT(SPEECH_ACT/ACTION),DIFFERENT_OR_UNTAGGED,SAME(AFFIRMED),NONE,BOTH_UNSPECIFIED,ONE_UNSPECIFIED,공유 특징은 있으나 같은 사건·쟁점 근거 없음. basis=DEFAULT,MEDIUM,NO
PR0611,EC0059,EC0107,SAME_ISSUE_DIFFERENT_CLAIM+COMPATIBLE_CLAIMS,SAME_ISSUE_DIFFERENT_CLAIM,COMPATIBLE_CLAIMS,,FALSE,DIFFERENT,DIFFERENT(SPEECH_ACT/ACTION),SAME_ISSUE,SAME(AFFIRMED),NONE,BOTH_UNSPECIFIED; relative(- / 그 후),BOTH_UNSPECIFIED,같은 쟁점의 서로 다른 claim으로 상충 근거 없음. basis=ISSUE:COACHING(YOON_TESTIMONY~HB_CONTACT),LOW,NO
PR0612,EC0059,EC0108,SAME_ISSUE_DIFFERENT_CLAIM+COMPATIBLE_CLAIMS,SAME_ISSUE_DIFFERENT_CLAIM,COMPATIBLE_CLAIMS,,FALSE,DIFFERENT,SAME,SAME_ISSUE,SAME(AFFIRMED),NONE,BOTH_UNSPECIFIED,BOTH_UNSPECIFIED,같은 쟁점의 서로 다른 claim으로 상충 근거 없음. basis=ISSUE:COACHING(YOON_TESTIMONY~HB_PRESSURE),LOW,NO
PR0613,EC0059,EC0109,SAME_ISSUE_DIFFERENT_CLAIM+REVIEW_REQUIRED,SAME_ISSUE_DIFFERENT_CLAIM,REVIEW_REQUIRED,,FALSE,DIFFERENT,SAME,SAME_ISSUE,SAME(AFFIRMED),한 비장=한재욱 (CANDIDATE); 변가의 처=자미덕 (CANDIDATE),BOTH_UNSPECIFIED,BOTH_UNSPECIFIED,조건문 대상 명단은 open set이라 김명신 미명시를 비구성원으로 해석하지 않음. basis=ISSUE:COACHING(YOON_TESTIMONY~HB_OFFER),LOW,YES
PR0614,EC0059,EC0110,SAME_ISSUE_DIFFERENT_CLAIM+REVIEW_REQUIRED,SAME_ISSUE_DIFFERENT_CLAIM,REVIEW_REQUIRED,,FALSE,DIFFERENT,SAME,SAME_ISSUE,SAME(AFFIRMED),한 비장=한재욱 (CANDIDATE); 변가의 처=자미덕 (CANDIDATE),BOTH_UNSPECIFIED,BOTH_UNSPECIFIED,조건문 대상 명단은 open set이라 김명신 미명시를 비구성원으로 해석하지 않음. basis=ISSUE:COACHING(YOON_TESTIMONY~HB_OFFER),LOW,YES
PR0615,EC0059,EC0111,SAME_ISSUE_DIFFERENT_CLAIM+COMPATIBLE_CLAIMS,SAME_ISSUE_DIFFERENT_CLAIM,COMPATIBLE_CLAIMS,,FALSE,DIFFERENT,DIFFERENT(SPEECH_ACT/ACTION),SAME_ISSUE,SAME(AFFIRMED),NONE,BOTH_UNSPECIFIED,BOTH_UNSPECIFIED,같은 쟁점의 서로 다른 claim으로 상충 근거 없음. basis=ISSUE:COACHING(YOON_TESTIMONY~HB_CONTACT),LOW,NO
PR0616,EC0059,EC0113,SAME_ISSUE_DIFFERENT_CLAIM+REVIEW_REQUIRED,SAME_ISSUE_DIFFERENT_CLAIM,REVIEW_REQUIRED,,FALSE,DIFFERENT,SAME,SAME_ISSUE,SAME(AFFIRMED),변가의 처=자미덕 (CANDIDATE),BOTH_UNSPECIFIED,BOTH_UNSPECIFIED,basis=ISSUE:COACHING(YOON_TESTIMONY~SELF_LIE),LOW,YES
PR0617,EC0059,EC0114,SAME_ISSUE_DIFFERENT_CLAIM+COMPATIBLE_CLAIMS,SAME_ISSUE_DIFFERENT_CLAIM,COMPATIBLE_CLAIMS,,FALSE,DIFFERENT,DIFFERENT(SPEECH_ACT/ACTION),SAME_ISSUE,SAME(AFFIRMED),NONE,BOTH_UNSPECIFIED,BOTH_UNSPECIFIED,같은 쟁점의 서로 다른 claim으로 상충 근거 없음. basis=ISSUE:COACHING(YOON_TESTIMONY~HB_DIRECT),LOW,NO
PR0618,EC0059,EC0116,DISTINCT,DISTINCT,,,FALSE,DIFFERENT,DIFFERENT(SPEECH_ACT/PURPOSE_ATTRIBUTION),DIFFERENT_OR_UNTAGGED,SAME(AFFIRMED),NONE,BOTH_UNSPECIFIED,BOTH_UNSPECIFIED,공유 특징은 있으나 같은 사건·쟁점 근거 없음. basis=DEFAULT,MEDIUM,NO
PR0619,EC0059,EC0119,SAME_ISSUE_DIFFERENT_CLAIM+COMPATIBLE_CLAIMS,SAME_ISSUE_DIFFERENT_CLAIM,COMPATIBLE_CLAIMS,,FALSE,DIFFERENT,DIFFERENT(SPEECH_ACT/ACTION),SAME_ISSUE,SAME(AFFIRMED),NONE,BOTH_UNSPECIFIED,BOTH_UNSPECIFIED,같은 쟁점의 서로 다른 claim으로 상충 근거 없음. basis=ISSUE:COACHING(YOON_TESTIMONY~HAN_ADMIT_ROOM),LOW,NO
PR0620,EC0059,EC0120,SAME_ISSUE_DIFFERENT_CLAIM+COMPATIBLE_CLAIMS,SAME_ISSUE_DIFFERENT_CLAIM,COMPATIBLE_CLAIMS,,FALSE,DIFFERENT,DIFFERENT(SPEECH_ACT/ACTION),SAME_ISSUE,SAME(AFFIRMED),NONE,BOTH_UNSPECIFIED,BOTH_UNSPECIFIED,같은 쟁점의 서로 다른 claim으로 상충 근거 없음. basis=ISSUE:COACHING(YOON_TESTIMONY~HAN_ADMIT_FOOD),LOW,NO
PR0621,EC0059,EC0121,DISTINCT,DISTINCT,,,FALSE,DIFFERENT,SAME,DIFFERENT_OR_UNTAGGED,SAME(AFFIRMED),NONE,BOTH_UNSPECIFIED,BOTH_UNSPECIFIED,공유 특징은 있으나 같은 사건·쟁점 근거 없음. basis=DEFAULT,MEDIUM,NO
PR0622,EC0059,EC0126,SAME_ISSUE_DIFFERENT_CLAIM+COMPATIBLE_CLAIMS,SAME_ISSUE_DIFFERENT_CLAIM,COMPATIBLE_CLAIMS,,FALSE,DIFFERENT,DIFFERENT(SPEECH_ACT/ACTION),SAME_ISSUE,OPPOSITE(AFFIRMED/NEGATED),변가의 처=자미덕 (CANDIDATE),BOTH_UNSPECIFIED,BOTH_UNSPECIFIED,basis=ISSUE:COACHING(YOON_TESTIMONY~HAN_DENY),LOW,YES
PR0623,EC0059,EC0129,DISTINCT,DISTINCT,,,FALSE,DIFFERENT,SAME,DIFFERENT_OR_UNTAGGED,SAME(AFFIRMED),NONE,BOTH_UNSPECIFIED,BOTH_UNSPECIFIED,공유 특징은 있으나 같은 사건·쟁점 근거 없음. basis=DEFAULT,MEDIUM,NO
PR0624,EC0059,EC0137,DISTINCT,DISTINCT,,,FALSE,DIFFERENT,DIFFERENT(SPEECH_ACT/ACTION),DIFFERENT_OR_UNTAGGED,SAME(AFFIRMED),NONE,BOTH_UNSPECIFIED,BOTH_UNSPECIFIED,공유 특징은 있으나 같은 사건·쟁점 근거 없음. basis=DEFAULT,MEDIUM,NO
PR0625,EC0060,EC0084,DISTINCT,DISTINCT,,,FALSE,SAME_SURFACE,SAME,DIFFERENT_OR_UNTAGGED,SAME(AFFIRMED),NONE,ONE_UNSPECIFIED,BOTH_UNSPECIFIED,공유 특징은 있으나 같은 사건·쟁점 근거 없음. basis=DEFAULT,MEDIUM,NO
PR0626,EC0060,EC0107,SAME_ISSUE_DIFFERENT_CLAIM+REVIEW_REQUIRED,SAME_ISSUE_DIFFERENT_CLAIM,REVIEW_REQUIRED,,FALSE,DIFFERENT,SAME,SAME_ISSUE,SAME(AFFIRMED),한 비장=한재욱 (CANDIDATE); 변가의 처=자미덕 (CANDIDATE),BOTH_UNSPECIFIED; relative(- / 그 후),BOTH_UNSPECIFIED,basis=ISSUE:COACHING(YOON~HB_CONTACT),LOW,YES
PR0627,EC0060,EC0108,SAME_ISSUE_DIFFERENT_CLAIM+REVIEW_REQUIRED,SAME_ISSUE_DIFFERENT_CLAIM,REVIEW_REQUIRED,,FALSE,DIFFERENT,DIFFERENT(ACTION/SPEECH_ACT),SAME_ISSUE,SAME(AFFIRMED),한 비장=한재욱 (CANDIDATE); 변가의 처=자미덕 (CANDIDATE),BOTH_UNSPECIFIED,BOTH_UNSPECIFIED,basis=ISSUE:COACHING(YOON~HB_PRESSURE),LOW,YES
PR0628,EC0060,EC0109,SAME_ISSUE_DIFFERENT_CLAIM+REVIEW_REQUIRED,SAME_ISSUE_DIFFERENT_CLAIM,REVIEW_REQUIRED,,FALSE,DIFFERENT,DIFFERENT(ACTION/SPEECH_ACT),SAME_ISSUE,SAME(AFFIRMED),한 비장=한재욱 (CANDIDATE); 변가의 처=자미덕 (CANDIDATE),BOTH_UNSPECIFIED,BOTH_UNSPECIFIED,"윤노동의 공초 내용(김명신=괴수)과 자미덕이 말한 조건문 대상(정원돌 등, open set)이 다름 — 김명신을 비구성원으로 추론하지 않음. basis=ISSUE:COACHING(YOON~HB_OFFER)",LOW,YES
PR0629,EC0060,EC0110,SAME_ISSUE_DIFFERENT_CLAIM+REVIEW_REQUIRED,SAME_ISSUE_DIFFERENT_CLAIM,REVIEW_REQUIRED,,FALSE,DIFFERENT,DIFFERENT(ACTION/SPEECH_ACT),SAME_ISSUE,SAME(AFFIRMED),한 비장=한재욱 (CANDIDATE); 변가의 처=자미덕 (CANDIDATE),BOTH_UNSPECIFIED,BOTH_UNSPECIFIED,"윤노동의 공초 내용(김명신=괴수)과 자미덕이 말한 조건문 대상(정원돌 등, open set)이 다름 — 김명신을 비구성원으로 추론하지 않음. basis=ISSUE:COACHING(YOON~HB_OFFER)",LOW,YES
PR0630,EC0060,EC0111,SAME_ISSUE_DIFFERENT_CLAIM+REVIEW_REQUIRED,SAME_ISSUE_DIFFERENT_CLAIM,REVIEW_REQUIRED,,FALSE,DIFFERENT,SAME,SAME_ISSUE,SAME(AFFIRMED),한 비장=한재욱 (CANDIDATE); 변가의 처=자미덕 (CANDIDATE),BOTH_UNSPECIFIED,BOTH_UNSPECIFIED,basis=ISSUE:COACHING(YOON~HB_CONTACT),LOW,YES
PR0631,EC0060,EC0113,SAME_ISSUE_DIFFERENT_CLAIM+REVIEW_REQUIRED,SAME_ISSUE_DIFFERENT_CLAIM,REVIEW_REQUIRED,,FALSE,DIFFERENT,DIFFERENT(ACTION/SPEECH_ACT),SAME_ISSUE,SAME(AFFIRMED),변가의 처=자미덕 (CANDIDATE),BOTH_UNSPECIFIED,BOTH_UNSPECIFIED,basis=ISSUE:COACHING(YOON~SELF_LIE),LOW,YES
PR0632,EC0060,EC0114,SAME_ISSUE_DIFFERENT_CLAIM+REVIEW_REQUIRED,SAME_ISSUE_DIFFERENT_CLAIM,REVIEW_REQUIRED,,FALSE,DIFFERENT,SAME,SAME_ISSUE,SAME(AFFIRMED),한 비장=한재욱 (CANDIDATE); 변가의 처=자미덕 (CANDIDATE),BOTH_UNSPECIFIED,BOTH_UNSPECIFIED,basis=ISSUE:COACHING(YOON~HB_DIRECT),LOW,YES
PR0633,EC0060,EC0115,DISTINCT,DISTINCT,,,FALSE,SAME_SURFACE,SAME,DIFFERENT_OR_UNTAGGED,SAME(AFFIRMED),NONE,BOTH_UNSPECIFIED,BOTH_UNSPECIFIED,공유 특징은 있으나 같은 사건·쟁점 근거 없음. basis=DEFAULT,MEDIUM,NO
PR0634,EC0060,EC0119,SAME_ISSUE_DIFFERENT_CLAIM+COMPATIBLE_CLAIMS,SAME_ISSUE_DIFFERENT_CLAIM,COMPATIBLE_CLAIMS,,FALSE,SAME_SURFACE,SAME,SAME_ISSUE,SAME(AFFIRMED),변가의 처=자미덕 (CANDIDATE),BOTH_UNSPECIFIED,BOTH_UNSPECIFIED,basis=ISSUE:COACHING(YOON~HAN_ADMIT_ROOM),LOW,YES
PR0635,EC0060,EC0120,SAME_ISSUE_DIFFERENT_CLAIM+COMPATIBLE_CLAIMS,SAME_ISSUE_DIFFERENT_CLAIM,COMPATIBLE_CLAIMS,,FALSE,SAME_SURFACE,SAME,SAME_ISSUE,SAME(AFFIRMED),변가의 처=자미덕 (CANDIDATE),BOTH_UNSPECIFIED,BOTH_UNSPECIFIED,basis=ISSUE:COACHING(YOON~HAN_ADMIT_FOOD),LOW,YES
PR0636,EC0060,EC0123,DISTINCT,DISTINCT,,,FALSE,SAME_SURFACE,SAME,DIFFERENT_OR_UNTAGGED,SAME(AFFIRMED),NONE,BOTH_UNSPECIFIED,BOTH_UNSPECIFIED,공유 특징은 있으나 같은 사건·쟁점 근거 없음. basis=DEFAULT,MEDIUM,NO
PR0637,EC0060,EC0126,SAME_ISSUE_DIFFERENT_CLAIM+REVIEW_REQUIRED,SAME_ISSUE_DIFFERENT_CLAIM,REVIEW_REQUIRED,CONFLICT_IF_IDENTITY_HOLDS,FALSE,SAME_SURFACE,SAME,SAME_ISSUE,OPPOSITE(AFFIRMED/NEGATED),변가의 처=자미덕 (CANDIDATE),BOTH_UNSPECIFIED,BOTH_UNSPECIFIED,윤노동: 한재욱이 변가의 처를 꾐 vs 한재욱: 자미덕을 사주한 일 없음. basis=ISSUE:COACHING(YOON~HAN_DENY),LOW,YES
PR0638,EC0061,EC0062,TEMPORALLY_RELATED_BUT_DISTINCT,TEMPORALLY_RELATED_BUT_DISTINCT,,,FALSE,DIFFERENT,DIFFERENT(REQUEST/ORDER),UNTAGGED,SAME(AFFIRMED),NONE,BOTH_UNSPECIFIED,BOTH_UNSPECIFIED,같은 서술 흐름 안의 다른 단계. 시간 edge는 만들지 않음. basis=CHAIN:ADMIN_HOLD(1~2),MEDIUM,NO
PR0639,EC0064,EC0078,DISTINCT,DISTINCT,,,FALSE,SAME_SURFACE,SAME,UNTAGGED,SAME(AFFIRMED),NONE,BOTH_UNSPECIFIED,BOTH_UNSPECIFIED,공유 특징은 있으나 같은 사건·쟁점 근거 없음. basis=DEFAULT,MEDIUM,NO
PR0640,EC0064,EC0085,DISTINCT,DISTINCT,,,FALSE,DIFFERENT,SAME,UNTAGGED,SAME(AFFIRMED),NONE,BOTH_UNSPECIFIED,BOTH_UNSPECIFIED,공유 특징은 있으나 같은 사건·쟁점 근거 없음. basis=DEFAULT,MEDIUM,NO
PR0641,EC0064,EC0091,DISTINCT,DISTINCT,,,FALSE,DIFFERENT,SAME,UNTAGGED,SAME(AFFIRMED),NONE,BOTH_UNSPECIFIED,BOTH_UNSPECIFIED,공유 특징은 있으나 같은 사건·쟁점 근거 없음. basis=DEFAULT,MEDIUM,NO
PR0642,EC0064,EC0092,DISTINCT,DISTINCT,,,FALSE,DIFFERENT,SAME,UNTAGGED,SAME(AFFIRMED),NONE,BOTH_UNSPECIFIED,BOTH_UNSPECIFIED,공유 특징은 있으나 같은 사건·쟁점 근거 없음. basis=DEFAULT,MEDIUM,NO
PR0643,EC0065,EC0066,DISTINCT,DISTINCT,,,FALSE,DIFFERENT,DIFFERENT(SPEECH_ACT/ACTION),RELATED_FACET(SPEECH/DETAIL_ENTRY),SAME(AFFIRMED),NONE,SAME,BOTH_UNSPECIFIED,발화 사건(누가 도난을 말함/진술을 바꿈)과 도난 claim은 다른 대상 — 발화는 도난 실재 여부와 독립. basis=ISSUE:THEFT_REALITY(SPEECH~DETAIL_ENTRY),MEDIUM,NO
PR0644,EC0065,EC0067,DISTINCT,DISTINCT,,,FALSE,DIFFERENT,DIFFERENT(SPEECH_ACT/STATE),RELATED_FACET(SPEECH/DETAIL_COUNT),SAME(AFFIRMED),NONE,SAME,BOTH_UNSPECIFIED,발화 사건(누가 도난을 말함/진술을 바꿈)과 도난 claim은 다른 대상 — 발화는 도난 실재 여부와 독립. basis=ISSUE:THEFT_REALITY(SPEECH~DETAIL_COUNT),MEDIUM,NO
PR0645,EC0065,EC0068,DISTINCT,DISTINCT,,,FALSE,DIFFERENT,DIFFERENT(SPEECH_ACT/ACTION),RELATED_FACET(SPEECH/DETAIL_TORCH),SAME(AFFIRMED),NONE,SAME,BOTH_UNSPECIFIED,발화 사건(누가 도난을 말함/진술을 바꿈)과 도난 claim은 다른 대상 — 발화는 도난 실재 여부와 독립. basis=ISSUE:THEFT_REALITY(SPEECH~DETAIL_TORCH),MEDIUM,NO
PR0646,EC0065,EC0069,DISTINCT,DISTINCT,,,FALSE,DIFFERENT,SAME,DIFFERENT_OR_UNTAGGED,SAME(AFFIRMED),NONE,SAME,BOTH_UNSPECIFIED,공유 특징은 있으나 같은 사건·쟁점 근거 없음. basis=DEFAULT,MEDIUM,NO
PR0647,EC0065,EC0070,DISTINCT,DISTINCT,,,FALSE,DIFFERENT,DIFFERENT(SPEECH_ACT/ACTION),RELATED_FACET(SPEECH/POS_ACT),SAME(AFFIRMED),NONE,SAME,BOTH_UNSPECIFIED,발화 사건(누가 도난을 말함/진술을 바꿈)과 도난 claim은 다른 대상 — 발화는 도난 실재 여부와 독립. basis=ISSUE:THEFT_REALITY(SPEECH~POS_ACT),MEDIUM,NO
PR0648,EC0065,EC0079,DISTINCT,DISTINCT,,,FALSE,DIFFERENT,SAME,SAME_ISSUE,SAME(AFFIRMED),NONE,ONE_UNSPECIFIED,ONE_UNSPECIFIED,발화 사건(누가 도난을 말함/진술을 바꿈)과 도난 claim은 다른 대상 — 발화는 도난 실재 여부와 독립. basis=ISSUE:THEFT_REALITY(SPEECH~SPEECH),MEDIUM,NO
PR0649,EC0065,EC0094,DISTINCT,DISTINCT,,,FALSE,DIFFERENT,SAME,SAME_ISSUE,SAME(AFFIRMED),NONE,DIFFERENT(1793-02-22 밤 / 1793-02-29),ONE_UNSPECIFIED,발화 사건(누가 도난을 말함/진술을 바꿈)과 도난 claim은 다른 대상 — 발화는 도난 실재 여부와 독립. basis=ISSUE:THEFT_REALITY(SPEECH~SPEECH),MEDIUM,NO
PR0650,EC0065,EC0095,DISTINCT,DISTINCT,,,FALSE,DIFFERENT,SAME,DIFFERENT_OR_UNTAGGED,SAME(AFFIRMED),NONE,DIFFERENT(1793-02-22 밤 / 1793-02-29),ONE_UNSPECIFIED,공유 특징은 있으나 같은 사건·쟁점 근거 없음. basis=DEFAULT,MEDIUM,NO
PR0651,EC0065,EC0101,DISTINCT,DISTINCT,,,FALSE,DIFFERENT,SAME,DIFFERENT_OR_UNTAGGED,SAME(AFFIRMED),NONE,DIFFERENT(1793-02-22 밤 / 1793-03-04),BOTH_UNSPECIFIED,공유 특징은 있으나 같은 사건·쟁점 근거 없음. basis=DEFAULT,MEDIUM,NO
PR0652,EC0065,EC0105,DISTINCT,DISTINCT,,,FALSE,DIFFERENT,DIFFERENT(SPEECH_ACT/ACTION),DIFFERENT_OR_UNTAGGED,SAME(AFFIRMED),NONE,ONE_UNSPECIFIED,ONE_UNSPECIFIED,공유 특징은 있으나 같은 사건·쟁점 근거 없음. basis=DEFAULT,MEDIUM,NO
PR0653,EC0065,EC0109,DISTINCT,DISTINCT,,,FALSE,DIFFERENT,SAME,DIFFERENT_OR_UNTAGGED,SAME(AFFIRMED),NONE,ONE_UNSPECIFIED,BOTH_UNSPECIFIED,공유 특징은 있으나 같은 사건·쟁점 근거 없음. basis=DEFAULT,MEDIUM,NO
PR0654,EC0065,EC0116,DISTINCT,DISTINCT,,,FALSE,DIFFERENT,DIFFERENT(SPEECH_ACT/PURPOSE_ATTRIBUTION),DIFFERENT_OR_UNTAGGED,SAME(AFFIRMED),NONE,ONE_UNSPECIFIED,BOTH_UNSPECIFIED,공유 특징은 있으나 같은 사건·쟁점 근거 없음. basis=DEFAULT,MEDIUM,NO
PR0655,EC0065,EC0121,DISTINCT,DISTINCT,,,FALSE,DIFFERENT,SAME,DIFFERENT_OR_UNTAGGED,SAME(AFFIRMED),NONE,ONE_UNSPECIFIED,BOTH_UNSPECIFIED,공유 특징은 있으나 같은 사건·쟁점 근거 없음. basis=DEFAULT,MEDIUM,NO
PR0656,EC0065,EC0131,DISTINCT,DISTINCT,,,FALSE,DIFFERENT,DIFFERENT(SPEECH_ACT/STATE),RELATED_FACET(SPEECH/POS_JUDGE),SAME(AFFIRMED),NONE,ONE_UNSPECIFIED,BOTH_UNSPECIFIED,발화 사건(누가 도난을 말함/진술을 바꿈)과 도난 claim은 다른 대상 — 발화는 도난 실재 여부와 독립. basis=ISSUE:THEFT_REALITY(SPEECH~POS_JUDGE),MEDIUM,NO
PR0657,EC0065,EC0132,DISTINCT,DISTINCT,,,FALSE,DIFFERENT,DIFFERENT(SPEECH_ACT/STATE),RELATED_FACET(SPEECH/SCALE_SMALL),SAME(AFFIRMED),NONE,ONE_UNSPECIFIED,BOTH_UNSPECIFIED,발화 사건(누가 도난을 말함/진술을 바꿈)과 도난 claim은 다른 대상 — 발화는 도난 실재 여부와 독립. basis=ISSUE:THEFT_REALITY(SPEECH~SCALE_SMALL),MEDIUM,NO
PR0658,EC0065,EC0137,DISTINCT,DISTINCT,,,FALSE,DIFFERENT,DIFFERENT(SPEECH_ACT/ACTION),DIFFERENT_OR_UNTAGGED,SAME(AFFIRMED),NONE,ONE_UNSPECIFIED,BOTH_UNSPECIFIED,공유 특징은 있으나 같은 사건·쟁점 근거 없음. basis=DEFAULT,MEDIUM,NO
PR0659,EC0065,EC0143,DISTINCT,DISTINCT,,,FALSE,DIFFERENT,DIFFERENT(SPEECH_ACT/STATE),RELATED_FACET(SPEECH/POS_JUDGE),SAME(AFFIRMED),NONE,ONE_UNSPECIFIED,BOTH_UNSPECIFIED,발화 사건(누가 도난을 말함/진술을 바꿈)과 도난 claim은 다른 대상 — 발화는 도난 실재 여부와 독립. basis=ISSUE:THEFT_REALITY(SPEECH~POS_JUDGE),MEDIUM,NO
PR0660,EC0066,EC0067,SAME_UTTERANCE_COMPONENT+COMPATIBLE_CLAIMS,SAME_UTTERANCE_COMPONENT,COMPATIBLE_CLAIMS,,TRUE,SAME_ENTITY,DIFFERENT(ACTION/STATE),SAME_ISSUE,SAME(AFFIRMED),NONE,SAME,BOTH_UNSPECIFIED,같은 쟁점의 서로 다른 claim으로 상충 근거 없음. basis=ISSUE:THEFT_REALITY(DETAIL_ENTRY~DETAIL_COUNT)+SHARED_UTTERANCE_GROUP SAME_PARENT_PROPOSITION=P0049,LOW,NO
PR0661,EC0066,EC0068,SAME_UTTERANCE_COMPONENT+COMPATIBLE_CLAIMS,SAME_UTTERANCE_COMPONENT,COMPATIBLE_CLAIMS,,TRUE,SAME_SURFACE,SAME,SAME_ISSUE,SAME(AFFIRMED),NONE,SAME,BOTH_UNSPECIFIED,같은 쟁점의 서로 다른 claim으로 상충 근거 없음. basis=ISSUE:THEFT_REALITY(DETAIL_ENTRY~DETAIL_TORCH)+SHARED_UTTERANCE_GROUP SAME_PARENT_PROPOSITION=P0049,LOW,NO
PR0662,EC0066,EC0069,SAME_UTTERANCE_COMPONENT+DISTINCT,SAME_UTTERANCE_COMPONENT,DISTINCT,,TRUE,SAME_SURFACE,DIFFERENT(ACTION/SPEECH_ACT),DIFFERENT_OR_UNTAGGED,SAME(AFFIRMED),NONE,SAME,BOTH_UNSPECIFIED,공유 특징은 있으나 같은 사건·쟁점 근거 없음. basis=DEFAULT+SHARED_UTTERANCE_GROUP SAME_PARENT_PROPOSITION=P0049,MEDIUM,NO
PR0663,EC0066,EC0070,SAME_UTTERANCE_COMPONENT+COMPATIBLE_CLAIMS,SAME_UTTERANCE_COMPONENT,COMPATIBLE_CLAIMS,,TRUE,SAME_SURFACE,SAME,SAME_ISSUE,SAME(AFFIRMED),NONE,SAME,BOTH_UNSPECIFIED,basis=ISSUE:THEFT_REALITY(DETAIL_ENTRY~POS_ACT)+SHARED_UTTERANCE_GROUP SAME_PARENT_PROPOSITION=P0049,MEDIUM,NO
PR0664,EC0066,EC0079,DISTINCT,DISTINCT,,,FALSE,DIFFERENT,DIFFERENT(ACTION/SPEECH_ACT),RELATED_FACET(DETAIL_ENTRY/SPEECH),SAME(AFFIRMED),NONE,ONE_UNSPECIFIED,ONE_UNSPECIFIED,발화 사건(누가 도난을 말함/진술을 바꿈)과 도난 claim은 다른 대상 — 발화는 도난 실재 여부와 독립. basis=ISSUE:THEFT_REALITY(DETAIL_ENTRY~SPEECH),MEDIUM,NO
PR0665,EC0066,EC0094,DISTINCT,DISTINCT,,,FALSE,DIFFERENT,DIFFERENT(ACTION/SPEECH_ACT),RELATED_FACET(DETAIL_ENTRY/SPEECH),SAME(AFFIRMED),NONE,DIFFERENT(1793-02-22 밤 / 1793-02-29),ONE_UNSPECIFIED,발화 사건(누가 도난을 말함/진술을 바꿈)과 도난 claim은 다른 대상 — 발화는 도난 실재 여부와 독립. basis=ISSUE:THEFT_REALITY(DETAIL_ENTRY~SPEECH),MEDIUM,NO
PR0666,EC0066,EC0095,DISTINCT,DISTINCT,,,FALSE,DIFFERENT,DIFFERENT(ACTION/SPEECH_ACT),DIFFERENT_OR_UNTAGGED,SAME(AFFIRMED),NONE,DIFFERENT(1793-02-22 밤 / 1793-02-29),ONE_UNSPECIFIED,공유 특징은 있으나 같은 사건·쟁점 근거 없음. basis=DEFAULT,MEDIUM,NO
PR0667,EC0066,EC0101,DISTINCT,DISTINCT,,,FALSE,DIFFERENT,DIFFERENT(ACTION/SPEECH_ACT),DIFFERENT_OR_UNTAGGED,SAME(AFFIRMED),NONE,DIFFERENT(1793-02-22 밤 / 1793-03-04),BOTH_UNSPECIFIED,공유 특징은 있으나 같은 사건·쟁점 근거 없음. basis=DEFAULT,MEDIUM,NO
PR0668,EC0066,EC0105,DISTINCT,DISTINCT,,,FALSE,DIFFERENT,SAME,DIFFERENT_OR_UNTAGGED,SAME(AFFIRMED),NONE,ONE_UNSPECIFIED,ONE_UNSPECIFIED,공유 특징은 있으나 같은 사건·쟁점 근거 없음. basis=DEFAULT,MEDIUM,NO
PR0669,EC0066,EC0109,DISTINCT,DISTINCT,,,FALSE,DIFFERENT,DIFFERENT(ACTION/SPEECH_ACT),DIFFERENT_OR_UNTAGGED,SAME(AFFIRMED),NONE,ONE_UNSPECIFIED,BOTH_UNSPECIFIED,공유 특징은 있으나 같은 사건·쟁점 근거 없음. basis=DEFAULT,MEDIUM,NO
PR0670,EC0066,EC0116,DISTINCT,DISTINCT,,,FALSE,DIFFERENT,DIFFERENT(ACTION/PURPOSE_ATTRIBUTION),DIFFERENT_OR_UNTAGGED,SAME(AFFIRMED),NONE,ONE_UNSPECIFIED,BOTH_UNSPECIFIED,공유 특징은 있으나 같은 사건·쟁점 근거 없음. basis=DEFAULT,MEDIUM,NO
PR0671,EC0066,EC0121,DISTINCT,DISTINCT,,,FALSE,DIFFERENT,DIFFERENT(ACTION/SPEECH_ACT),DIFFERENT_OR_UNTAGGED,SAME(AFFIRMED),NONE,ONE_UNSPECIFIED,BOTH_UNSPECIFIED,공유 특징은 있으나 같은 사건·쟁점 근거 없음. basis=DEFAULT,MEDIUM,NO
PR0672,EC0066,EC0131,SAME_ISSUE_DIFFERENT_CLAIM+COMPATIBLE_CLAIMS,SAME_ISSUE_DIFFERENT_CLAIM,COMPATIBLE_CLAIMS,,FALSE,DIFFERENT,DIFFERENT(ACTION/STATE),SAME_ISSUE,SAME(AFFIRMED),NONE,ONE_UNSPECIFIED,BOTH_UNSPECIFIED,basis=ISSUE:THEFT_REALITY(DETAIL_ENTRY~POS_JUDGE),MEDIUM,NO
PR0673,EC0066,EC0132,SAME_ISSUE_DIFFERENT_CLAIM+COMPATIBLE_CLAIMS,SAME_ISSUE_DIFFERENT_CLAIM,COMPATIBLE_CLAIMS,,FALSE,DIFFERENT,DIFFERENT(ACTION/STATE),SAME_ISSUE,SAME(AFFIRMED),NONE,ONE_UNSPECIFIED,BOTH_UNSPECIFIED,basis=ISSUE:THEFT_REALITY(DETAIL_ENTRY~SCALE_SMALL),MEDIUM,NO
PR0674,EC0066,EC0137,DISTINCT,DISTINCT,,,FALSE,DIFFERENT,SAME,DIFFERENT_OR_UNTAGGED,SAME(AFFIRMED),NONE,ONE_UNSPECIFIED,BOTH_UNSPECIFIED,공유 특징은 있으나 같은 사건·쟁점 근거 없음. basis=DEFAULT,MEDIUM,NO
PR0675,EC0066,EC0143,SAME_ISSUE_DIFFERENT_CLAIM+COMPATIBLE_CLAIMS,SAME_ISSUE_DIFFERENT_CLAIM,COMPATIBLE_CLAIMS,,FALSE,DIFFERENT,DIFFERENT(ACTION/STATE),SAME_ISSUE,SAME(AFFIRMED),NONE,ONE_UNSPECIFIED,BOTH_UNSPECIFIED,basis=ISSUE:THEFT_REALITY(DETAIL_ENTRY~POS_JUDGE),MEDIUM,NO
PR0676,EC0067,EC0068,SAME_UTTERANCE_COMPONENT+COMPATIBLE_CLAIMS,SAME_UTTERANCE_COMPONENT,COMPATIBLE_CLAIMS,,TRUE,SAME_ENTITY,DIFFERENT(STATE/ACTION),SAME_ISSUE,SAME(AFFIRMED),NONE,SAME,BOTH_UNSPECIFIED,같은 쟁점의 서로 다른 claim으로 상충 근거 없음. basis=ISSUE:THEFT_REALITY(DETAIL_COUNT~DETAIL_TORCH)+SHARED_UTTERANCE_GROUP SAME_PARENT_PROPOSITION=P0049,LOW,NO
PR0677,EC0067,EC0069,SAME_UTTERANCE_COMPONENT+DISTINCT,SAME_UTTERANCE_COMPONENT,DISTINCT,,TRUE,SAME_ENTITY,DIFFERENT(STATE/SPEECH_ACT),DIFFERENT_OR_UNTAGGED,SAME(AFFIRMED),NONE,SAME,BOTH_UNSPECIFIED,공유 특징은 있으나 같은 사건·쟁점 근거 없음. basis=DEFAULT+SHARED_UTTERANCE_GROUP SAME_PARENT_PROPOSITION=P0049,MEDIUM,NO
PR0678,EC0067,EC0070,SAME_UTTERANCE_COMPONENT+COMPATIBLE_CLAIMS,SAME_UTTERANCE_COMPONENT,COMPATIBLE_CLAIMS,,TRUE,SAME_ENTITY,DIFFERENT(STATE/ACTION),SAME_ISSUE,SAME(AFFIRMED),NONE,SAME,BOTH_UNSPECIFIED,basis=ISSUE:THEFT_REALITY(DETAIL_COUNT~POS_ACT)+SHARED_UTTERANCE_GROUP SAME_PARENT_PROPOSITION=P0049,LOW,NO
PR0679,EC0067,EC0079,DISTINCT,DISTINCT,,,FALSE,DIFFERENT,DIFFERENT(STATE/SPEECH_ACT),RELATED_FACET(DETAIL_COUNT/SPEECH),SAME(AFFIRMED),NONE,ONE_UNSPECIFIED,ONE_UNSPECIFIED,발화 사건(누가 도난을 말함/진술을 바꿈)과 도난 claim은 다른 대상 — 발화는 도난 실재 여부와 독립. basis=ISSUE:THEFT_REALITY(DETAIL_COUNT~SPEECH),MEDIUM,NO
PR0680,EC0067,EC0094,DISTINCT,DISTINCT,,,FALSE,DIFFERENT,DIFFERENT(STATE/SPEECH_ACT),RELATED_FACET(DETAIL_COUNT/SPEECH),SAME(AFFIRMED),NONE,DIFFERENT(1793-02-22 밤 / 1793-02-29),ONE_UNSPECIFIED,발화 사건(누가 도난을 말함/진술을 바꿈)과 도난 claim은 다른 대상 — 발화는 도난 실재 여부와 독립. basis=ISSUE:THEFT_REALITY(DETAIL_COUNT~SPEECH),MEDIUM,NO
PR0681,EC0067,EC0095,DISTINCT,DISTINCT,,,FALSE,DIFFERENT,DIFFERENT(STATE/SPEECH_ACT),DIFFERENT_OR_UNTAGGED,SAME(AFFIRMED),NONE,DIFFERENT(1793-02-22 밤 / 1793-02-29),ONE_UNSPECIFIED,공유 특징은 있으나 같은 사건·쟁점 근거 없음. basis=DEFAULT,MEDIUM,NO
PR0682,EC0067,EC0101,DISTINCT,DISTINCT,,,FALSE,DIFFERENT,DIFFERENT(STATE/SPEECH_ACT),DIFFERENT_OR_UNTAGGED,SAME(AFFIRMED),NONE,DIFFERENT(1793-02-22 밤 / 1793-03-04),BOTH_UNSPECIFIED,공유 특징은 있으나 같은 사건·쟁점 근거 없음. basis=DEFAULT,MEDIUM,NO
PR0683,EC0067,EC0105,DISTINCT,DISTINCT,,,FALSE,DIFFERENT,DIFFERENT(STATE/ACTION),DIFFERENT_OR_UNTAGGED,SAME(AFFIRMED),NONE,ONE_UNSPECIFIED,ONE_UNSPECIFIED,공유 특징은 있으나 같은 사건·쟁점 근거 없음. basis=DEFAULT,MEDIUM,NO
PR0684,EC0067,EC0109,DISTINCT,DISTINCT,,,FALSE,DIFFERENT,DIFFERENT(STATE/SPEECH_ACT),DIFFERENT_OR_UNTAGGED,SAME(AFFIRMED),NONE,ONE_UNSPECIFIED,BOTH_UNSPECIFIED,공유 특징은 있으나 같은 사건·쟁점 근거 없음. basis=DEFAULT,MEDIUM,NO
PR0685,EC0067,EC0116,DISTINCT,DISTINCT,,,FALSE,DIFFERENT,DIFFERENT(STATE/PURPOSE_ATTRIBUTION),DIFFERENT_OR_UNTAGGED,SAME(AFFIRMED),NONE,ONE_UNSPECIFIED,BOTH_UNSPECIFIED,공유 특징은 있으나 같은 사건·쟁점 근거 없음. basis=DEFAULT,MEDIUM,NO
PR0686,EC0067,EC0121,DISTINCT,DISTINCT,,,FALSE,DIFFERENT,DIFFERENT(STATE/SPEECH_ACT),DIFFERENT_OR_UNTAGGED,SAME(AFFIRMED),NONE,ONE_UNSPECIFIED,BOTH_UNSPECIFIED,공유 특징은 있으나 같은 사건·쟁점 근거 없음. basis=DEFAULT,MEDIUM,NO
PR0687,EC0067,EC0131,SAME_ISSUE_DIFFERENT_CLAIM+REVIEW_REQUIRED,SAME_ISSUE_DIFFERENT_CLAIM,REVIEW_REQUIRED,,FALSE,DIFFERENT,SAME,SAME_ISSUE,SAME(AFFIRMED),NONE,ONE_UNSPECIFIED,BOTH_UNSPECIFIED,'약간의 도난' 판단과 도적 30여 명 서술: 규모 해석이 갈림(SCALE 쌍 참조). basis=ISSUE:THEFT_REALITY(DETAIL_COUNT~POS_JUDGE),LOW,YES
PR0688,EC0067,EC0132,SAME_ISSUE_DIFFERENT_CLAIM+CONTRADICTORY_CLAIMS,SAME_ISSUE_DIFFERENT_CLAIM,CONTRADICTORY_CLAIMS,,FALSE,DIFFERENT,SAME,SAME_ISSUE,SAME(AFFIRMED),NONE,ONE_UNSPECIFIED,BOTH_UNSPECIFIED,도적 30여 명 vs 큰 화적이 아닌 좀도둑 수준. basis=ISSUE:THEFT_REALITY(DETAIL_COUNT~SCALE_SMALL),MEDIUM,NO
PR0689,EC0067,EC0137,DISTINCT,DISTINCT,,,FALSE,DIFFERENT,DIFFERENT(STATE/ACTION),DIFFERENT_OR_UNTAGGED,SAME(AFFIRMED),NONE,ONE_UNSPECIFIED,BOTH_UNSPECIFIED,공유 특징은 있으나 같은 사건·쟁점 근거 없음. basis=DEFAULT,MEDIUM,NO
PR0690,EC0067,EC0143,SAME_ISSUE_DIFFERENT_CLAIM+REVIEW_REQUIRED,SAME_ISSUE_DIFFERENT_CLAIM,REVIEW_REQUIRED,,FALSE,DIFFERENT,SAME,SAME_ISSUE,SAME(AFFIRMED),NONE,ONE_UNSPECIFIED,BOTH_UNSPECIFIED,'약간의 도난' 판단과 도적 30여 명 서술: 규모 해석이 갈림(SCALE 쌍 참조). basis=ISSUE:THEFT_REALITY(DETAIL_COUNT~POS_JUDGE),LOW,YES
PR0691,EC0068,EC0069,SAME_UTTERANCE_COMPONENT+DISTINCT,SAME_UTTERANCE_COMPONENT,DISTINCT,,TRUE,SAME_SURFACE,DIFFERENT(ACTION/SPEECH_ACT),DIFFERENT_OR_UNTAGGED,SAME(AFFIRMED),NONE,SAME,BOTH_UNSPECIFIED,공유 특징은 있으나 같은 사건·쟁점 근거 없음. basis=DEFAULT+SHARED_UTTERANCE_GROUP SAME_PARENT_PROPOSITION=P0049,MEDIUM,NO
PR0692,EC0068,EC0070,SAME_UTTERANCE_COMPONENT+COMPATIBLE_CLAIMS,SAME_UTTERANCE_COMPONENT,COMPATIBLE_CLAIMS,,TRUE,SAME_SURFACE,SAME,SAME_ISSUE,SAME(AFFIRMED),NONE,SAME,BOTH_UNSPECIFIED,basis=ISSUE:THEFT_REALITY(DETAIL_TORCH~POS_ACT)+SHARED_UTTERANCE_GROUP SAME_PARENT_PROPOSITION=P0049,LOW,NO
PR0693,EC0068,EC0079,DISTINCT,DISTINCT,,,FALSE,DIFFERENT,DIFFERENT(ACTION/SPEECH_ACT),RELATED_FACET(DETAIL_TORCH/SPEECH),SAME(AFFIRMED),NONE,ONE_UNSPECIFIED,ONE_UNSPECIFIED,발화 사건(누가 도난을 말함/진술을 바꿈)과 도난 claim은 다른 대상 — 발화는 도난 실재 여부와 독립. basis=ISSUE:THEFT_REALITY(DETAIL_TORCH~SPEECH),MEDIUM,NO
PR0694,EC0068,EC0094,DISTINCT,DISTINCT,,,FALSE,DIFFERENT,DIFFERENT(ACTION/SPEECH_ACT),RELATED_FACET(DETAIL_TORCH/SPEECH),SAME(AFFIRMED),NONE,DIFFERENT(1793-02-22 밤 / 1793-02-29),ONE_UNSPECIFIED,발화 사건(누가 도난을 말함/진술을 바꿈)과 도난 claim은 다른 대상 — 발화는 도난 실재 여부와 독립. basis=ISSUE:THEFT_REALITY(DETAIL_TORCH~SPEECH),MEDIUM,NO
PR0695,EC0068,EC0095,DISTINCT,DISTINCT,,,FALSE,DIFFERENT,DIFFERENT(ACTION/SPEECH_ACT),DIFFERENT_OR_UNTAGGED,SAME(AFFIRMED),NONE,DIFFERENT(1793-02-22 밤 / 1793-02-29),ONE_UNSPECIFIED,공유 특징은 있으나 같은 사건·쟁점 근거 없음. basis=DEFAULT,MEDIUM,NO
PR0696,EC0068,EC0101,DISTINCT,DISTINCT,,,FALSE,DIFFERENT,DIFFERENT(ACTION/SPEECH_ACT),DIFFERENT_OR_UNTAGGED,SAME(AFFIRMED),NONE,DIFFERENT(1793-02-22 밤 / 1793-03-04),BOTH_UNSPECIFIED,공유 특징은 있으나 같은 사건·쟁점 근거 없음. basis=DEFAULT,MEDIUM,NO
PR0697,EC0068,EC0105,DISTINCT,DISTINCT,,,FALSE,DIFFERENT,SAME,DIFFERENT_OR_UNTAGGED,SAME(AFFIRMED),NONE,ONE_UNSPECIFIED,ONE_UNSPECIFIED,공유 특징은 있으나 같은 사건·쟁점 근거 없음. basis=DEFAULT,MEDIUM,NO
PR0698,EC0068,EC0109,DISTINCT,DISTINCT,,,FALSE,DIFFERENT,DIFFERENT(ACTION/SPEECH_ACT),DIFFERENT_OR_UNTAGGED,SAME(AFFIRMED),NONE,ONE_UNSPECIFIED,BOTH_UNSPECIFIED,공유 특징은 있으나 같은 사건·쟁점 근거 없음. basis=DEFAULT,MEDIUM,NO
PR0699,EC0068,EC0116,DISTINCT,DISTINCT,,,FALSE,DIFFERENT,DIFFERENT(ACTION/PURPOSE_ATTRIBUTION),DIFFERENT_OR_UNTAGGED,SAME(AFFIRMED),NONE,ONE_UNSPECIFIED,BOTH_UNSPECIFIED,공유 특징은 있으나 같은 사건·쟁점 근거 없음. basis=DEFAULT,MEDIUM,NO
PR0700,EC0068,EC0121,DISTINCT,DISTINCT,,,FALSE,DIFFERENT,DIFFERENT(ACTION/SPEECH_ACT),DIFFERENT_OR_UNTAGGED,SAME(AFFIRMED),NONE,ONE_UNSPECIFIED,BOTH_UNSPECIFIED,공유 특징은 있으나 같은 사건·쟁점 근거 없음. basis=DEFAULT,MEDIUM,NO
PR0701,EC0068,EC0131,SAME_ISSUE_DIFFERENT_CLAIM+REVIEW_REQUIRED,SAME_ISSUE_DIFFERENT_CLAIM,REVIEW_REQUIRED,,FALSE,DIFFERENT,DIFFERENT(ACTION/STATE),SAME_ISSUE,SAME(AFFIRMED),NONE,ONE_UNSPECIFIED,BOTH_UNSPECIFIED,'약간의 도난/좀도둑' 판단과 횃불 지참 서술: 규모 해석이 갈릴 수 있음. basis=ISSUE:THEFT_REALITY(DETAIL_TORCH~POS_JUDGE),LOW,YES
PR0702,EC0068,EC0132,SAME_ISSUE_DIFFERENT_CLAIM+REVIEW_REQUIRED,SAME_ISSUE_DIFFERENT_CLAIM,REVIEW_REQUIRED,,FALSE,DIFFERENT,DIFFERENT(ACTION/STATE),SAME_ISSUE,SAME(AFFIRMED),NONE,ONE_UNSPECIFIED,BOTH_UNSPECIFIED,횃불 지참만으로 규모가 정해지지 않음. basis=ISSUE:THEFT_REALITY(DETAIL_TORCH~SCALE_SMALL),LOW,YES
PR0703,EC0068,EC0137,DISTINCT,DISTINCT,,,FALSE,DIFFERENT,SAME,DIFFERENT_OR_UNTAGGED,SAME(AFFIRMED),NONE,ONE_UNSPECIFIED,BOTH_UNSPECIFIED,공유 특징은 있으나 같은 사건·쟁점 근거 없음. basis=DEFAULT,MEDIUM,NO
PR0704,EC0068,EC0143,SAME_ISSUE_DIFFERENT_CLAIM+REVIEW_REQUIRED,SAME_ISSUE_DIFFERENT_CLAIM,REVIEW_REQUIRED,,FALSE,DIFFERENT,DIFFERENT(ACTION/STATE),SAME_ISSUE,SAME(AFFIRMED),NONE,ONE_UNSPECIFIED,BOTH_UNSPECIFIED,'약간의 도난/좀도둑' 판단과 횃불 지참 서술: 규모 해석이 갈릴 수 있음. basis=ISSUE:THEFT_REALITY(DETAIL_TORCH~POS_JUDGE),LOW,YES
PR0705,EC0069,EC0070,SAME_UTTERANCE_COMPONENT+DISTINCT,SAME_UTTERANCE_COMPONENT,DISTINCT,,TRUE,SAME_SURFACE,DIFFERENT(SPEECH_ACT/ACTION),DIFFERENT_OR_UNTAGGED,SAME(AFFIRMED),NONE,SAME,BOTH_UNSPECIFIED,공유 특징은 있으나 같은 사건·쟁점 근거 없음. basis=DEFAULT+SHARED_UTTERANCE_GROUP SAME_PARENT_PROPOSITION=P0049,MEDIUM,NO
PR0706,EC0069,EC0079,DISTINCT,DISTINCT,,,FALSE,DIFFERENT,SAME,DIFFERENT_OR_UNTAGGED,SAME(AFFIRMED),NONE,ONE_UNSPECIFIED,ONE_UNSPECIFIED,공유 특징은 있으나 같은 사건·쟁점 근거 없음. basis=DEFAULT,MEDIUM,NO
PR0707,EC0069,EC0095,SAME_ISSUE_DIFFERENT_CLAIM+REVIEW_REQUIRED,SAME_ISSUE_DIFFERENT_CLAIM,REVIEW_REQUIRED,,FALSE,DIFFERENT,SAME,SAME_ISSUE,SAME(AFFIRMED),NONE,DIFFERENT(1793-02-22 밤 / 1793-02-29),ONE_UNSPECIFIED,나복이 전한 도적 자칭('지세대감') vs 구순의 발화('지세대사' 자칭을 말함): 호칭·층위가 다름. basis=ISSUE:JISE_ORIGIN(SELFNAME~SELFNAME),LOW,YES
PR0708,EC0069,EC0101,DISTINCT,DISTINCT,,,FALSE,DIFFERENT,SAME,DIFFERENT_OR_UNTAGGED,SAME(AFFIRMED),NONE,DIFFERENT(1793-02-22 밤 / 1793-03-04),BOTH_UNSPECIFIED,공유 특징은 있으나 같은 사건·쟁점 근거 없음. basis=DEFAULT,MEDIUM,NO
PR0709,EC0069,EC0105,DISTINCT,DISTINCT,,,FALSE,DIFFERENT,DIFFERENT(SPEECH_ACT/ACTION),DIFFERENT_OR_UNTAGGED,SAME(AFFIRMED),NONE,ONE_UNSPECIFIED,ONE_UNSPECIFIED,공유 특징은 있으나 같은 사건·쟁점 근거 없음. basis=DEFAULT,MEDIUM,NO
PR0710,EC0069,EC0109,DISTINCT,DISTINCT,,,FALSE,DIFFERENT,SAME,DIFFERENT_OR_UNTAGGED,SAME(AFFIRMED),NONE,ONE_UNSPECIFIED,BOTH_UNSPECIFIED,공유 특징은 있으나 같은 사건·쟁점 근거 없음. basis=DEFAULT,MEDIUM,NO
PR0711,EC0069,EC0116,DISTINCT,DISTINCT,,,FALSE,DIFFERENT,DIFFERENT(SPEECH_ACT/PURPOSE_ATTRIBUTION),DIFFERENT_OR_UNTAGGED,SAME(AFFIRMED),NONE,ONE_UNSPECIFIED,BOTH_UNSPECIFIED,공유 특징은 있으나 같은 사건·쟁점 근거 없음. basis=DEFAULT,MEDIUM,NO
PR0712,EC0069,EC0121,DISTINCT,DISTINCT,,,FALSE,DIFFERENT,SAME,DIFFERENT_OR_UNTAGGED,SAME(AFFIRMED),NONE,ONE_UNSPECIFIED,BOTH_UNSPECIFIED,공유 특징은 있으나 같은 사건·쟁점 근거 없음. basis=DEFAULT,MEDIUM,NO
PR0713,EC0069,EC0137,DISTINCT,DISTINCT,,,FALSE,DIFFERENT,DIFFERENT(SPEECH_ACT/ACTION),DIFFERENT_OR_UNTAGGED,SAME(AFFIRMED),NONE,ONE_UNSPECIFIED,BOTH_UNSPECIFIED,공유 특징은 있으나 같은 사건·쟁점 근거 없음. basis=DEFAULT,MEDIUM,NO
PR0714,EC0069,EC0148,SAME_ISSUE_DIFFERENT_CLAIM+COMPATIBLE_CLAIMS,SAME_ISSUE_DIFFERENT_CLAIM,COMPATIBLE_CLAIMS,,FALSE,DIFFERENT,DIFFERENT(SPEECH_ACT/ACTION),SAME_ISSUE,SAME(AFFIRMED),NONE,ONE_UNSPECIFIED,BOTH_UNSPECIFIED,basis=ISSUE:JISE_ORIGIN(SELFNAME~PRIOR),MEDIUM,NO
PR0715,EC0069,EC0149,SAME_ISSUE_DIFFERENT_CLAIM+COMPATIBLE_CLAIMS,SAME_ISSUE_DIFFERENT_CLAIM,COMPATIBLE_CLAIMS,,FALSE,DIFFERENT,DIFFERENT(SPEECH_ACT/ACTION),SAME_ISSUE,OPPOSITE(AFFIRMED/NEGATED),NONE,ONE_UNSPECIFIED,BOTH_UNSPECIFIED,basis=ISSUE:JISE_ORIGIN(SELFNAME~INVENT_NEG),MEDIUM,NO
PR0716,EC0070,EC0079,DISTINCT,DISTINCT,,,FALSE,DIFFERENT,DIFFERENT(ACTION/SPEECH_ACT),RELATED_FACET(POS_ACT/SPEECH),SAME(AFFIRMED),NONE,ONE_UNSPECIFIED,ONE_UNSPECIFIED,발화 사건(누가 도난을 말함/진술을 바꿈)과 도난 claim은 다른 대상 — 발화는 도난 실재 여부와 독립. basis=ISSUE:THEFT_REALITY(POS_ACT~SPEECH),MEDIUM,NO
PR0717,EC0070,EC0094,DISTINCT,DISTINCT,,,FALSE,DIFFERENT,DIFFERENT(ACTION/SPEECH_ACT),RELATED_FACET(POS_ACT/SPEECH),SAME(AFFIRMED),NONE,DIFFERENT(1793-02-22 밤 / 1793-02-29),ONE_UNSPECIFIED,발화 사건(누가 도난을 말함/진술을 바꿈)과 도난 claim은 다른 대상 — 발화는 도난 실재 여부와 독립. basis=ISSUE:THEFT_REALITY(POS_ACT~SPEECH),MEDIUM,NO
PR0718,EC0070,EC0095,DISTINCT,DISTINCT,,,FALSE,DIFFERENT,DIFFERENT(ACTION/SPEECH_ACT),DIFFERENT_OR_UNTAGGED,SAME(AFFIRMED),NONE,DIFFERENT(1793-02-22 밤 / 1793-02-29),ONE_UNSPECIFIED,공유 특징은 있으나 같은 사건·쟁점 근거 없음. basis=DEFAULT,MEDIUM,NO
PR0719,EC0070,EC0101,DISTINCT,DISTINCT,,,FALSE,DIFFERENT,DIFFERENT(ACTION/SPEECH_ACT),DIFFERENT_OR_UNTAGGED,SAME(AFFIRMED),NONE,DIFFERENT(1793-02-22 밤 / 1793-03-04),BOTH_UNSPECIFIED,공유 특징은 있으나 같은 사건·쟁점 근거 없음. basis=DEFAULT,MEDIUM,NO
PR0720,EC0070,EC0105,DISTINCT,DISTINCT,,,FALSE,DIFFERENT,SAME,DIFFERENT_OR_UNTAGGED,SAME(AFFIRMED),NONE,ONE_UNSPECIFIED,ONE_UNSPECIFIED,공유 특징은 있으나 같은 사건·쟁점 근거 없음. basis=DEFAULT,MEDIUM,NO
PR0721,EC0070,EC0109,DISTINCT,DISTINCT,,,FALSE,DIFFERENT,DIFFERENT(ACTION/SPEECH_ACT),DIFFERENT_OR_UNTAGGED,SAME(AFFIRMED),NONE,ONE_UNSPECIFIED,BOTH_UNSPECIFIED,공유 특징은 있으나 같은 사건·쟁점 근거 없음. basis=DEFAULT,MEDIUM,NO
PR0722,EC0070,EC0116,DISTINCT,DISTINCT,,,FALSE,DIFFERENT,DIFFERENT(ACTION/PURPOSE_ATTRIBUTION),DIFFERENT_OR_UNTAGGED,SAME(AFFIRMED),NONE,ONE_UNSPECIFIED,BOTH_UNSPECIFIED,공유 특징은 있으나 같은 사건·쟁점 근거 없음. basis=DEFAULT,MEDIUM,NO
PR0723,EC0070,EC0121,DISTINCT,DISTINCT,,,FALSE,DIFFERENT,DIFFERENT(ACTION/SPEECH_ACT),DIFFERENT_OR_UNTAGGED,SAME(AFFIRMED),NONE,ONE_UNSPECIFIED,BOTH_UNSPECIFIED,공유 특징은 있으나 같은 사건·쟁점 근거 없음. basis=DEFAULT,MEDIUM,NO
PR0724,EC0070,EC0131,SAME_ISSUE_DIFFERENT_CLAIM+COMPATIBLE_CLAIMS,SAME_ISSUE_DIFFERENT_CLAIM,COMPATIBLE_CLAIMS,,FALSE,DIFFERENT,DIFFERENT(ACTION/STATE),SAME_ISSUE,SAME(AFFIRMED),NONE,ONE_UNSPECIFIED,BOTH_UNSPECIFIED,도난 행위 claim과 도난 실재 판단: 양립하나 다른 명제(판단은 규모를 낮춤). basis=ISSUE:THEFT_REALITY(POS_ACT~POS_JUDGE),MEDIUM,NO
PR0725,EC0070,EC0132,SAME_ISSUE_DIFFERENT_CLAIM+COMPATIBLE_CLAIMS,SAME_ISSUE_DIFFERENT_CLAIM,COMPATIBLE_CLAIMS,,FALSE,DIFFERENT,DIFFERENT(ACTION/STATE),SAME_ISSUE,SAME(AFFIRMED),NONE,ONE_UNSPECIFIED,BOTH_UNSPECIFIED,basis=ISSUE:THEFT_REALITY(POS_ACT~SCALE_SMALL),MEDIUM,NO
PR0726,EC0070,EC0137,DISTINCT,DISTINCT,,,FALSE,DIFFERENT,SAME,DIFFERENT_OR_UNTAGGED,SAME(AFFIRMED),NONE,ONE_UNSPECIFIED,BOTH_UNSPECIFIED,공유 특징은 있으나 같은 사건·쟁점 근거 없음. basis=DEFAULT,MEDIUM,NO
PR0727,EC0070,EC0143,SAME_ISSUE_DIFFERENT_CLAIM+COMPATIBLE_CLAIMS,SAME_ISSUE_DIFFERENT_CLAIM,COMPATIBLE_CLAIMS,,FALSE,DIFFERENT,DIFFERENT(ACTION/STATE),SAME_ISSUE,SAME(AFFIRMED),NONE,ONE_UNSPECIFIED,BOTH_UNSPECIFIED,도난 행위 claim과 도난 실재 판단: 양립하나 다른 명제(판단은 규모를 낮춤). basis=ISSUE:THEFT_REALITY(POS_ACT~POS_JUDGE),MEDIUM,NO
PR0728,EC0071,EC0072,TEMPORALLY_RELATED_BUT_DISTINCT,TEMPORALLY_RELATED_BUT_DISTINCT,,,FALSE,SAME_SURFACE,DIFFERENT(STATE/ACTION),SAME_ISSUE,SAME(AFFIRMED),NONE,ONE_UNSPECIFIED,BOTH_UNSPECIFIED,basis=ISSUE:MOTIVE(INTIMATE~LETTER),LOW,NO
PR0729,EC0071,EC0073,TEMPORALLY_RELATED_BUT_DISTINCT,TEMPORALLY_RELATED_BUT_DISTINCT,,,FALSE,SAME_ENTITY,SAME,SAME_ISSUE,SAME(AFFIRMED),NONE,ONE_UNSPECIFIED; relative(- / 그 뒤),BOTH_UNSPECIFIED,친숙·왕래 → 왕래 단절(시점이 다름). basis=ISSUE:MOTIVE(INTIMATE~BREAK),MEDIUM,NO
PR0730,EC0071,EC0127,DISTINCT,DISTINCT,,,FALSE,DIFFERENT,SAME,DIFFERENT_OR_UNTAGGED,OPPOSITE(AFFIRMED/NEGATED),NONE,BOTH_UNSPECIFIED,BOTH_UNSPECIFIED,공유 특징은 있으나 같은 사건·쟁점 근거 없음. basis=DEFAULT,MEDIUM,NO
PR0731,EC0072,EC0073,TEMPORALLY_RELATED_BUT_DISTINCT,TEMPORALLY_RELATED_BUT_DISTINCT,,,FALSE,SAME_ENTITY,DIFFERENT(ACTION/STATE),SAME_ISSUE,SAME(AFFIRMED),NONE,DIFFERENT(1793-02 초순 / 1793-02 초순 이후); relative(- / 그 뒤),BOTH_UNSPECIFIED,편지 힐책 → '그 뒤' 왕래 단절. edge는 만들지 않음. basis=ISSUE:MOTIVE(LETTER~BREAK),MEDIUM,NO
PR0732,EC0072,EC0127,DISTINCT,DISTINCT,,,FALSE,DIFFERENT,DIFFERENT(ACTION/STATE),DIFFERENT_OR_UNTAGGED,OPPOSITE(AFFIRMED/NEGATED),NONE,ONE_UNSPECIFIED,BOTH_UNSPECIFIED,공유 특징은 있으나 같은 사건·쟁점 근거 없음. basis=DEFAULT,MEDIUM,NO
PR0733,EC0072,EC0146,DISTINCT,DISTINCT,,,FALSE,SAME_SURFACE,SAME,DIFFERENT_OR_UNTAGGED,OPPOSITE(AFFIRMED/NEGATED),NONE,ONE_UNSPECIFIED,BOTH_UNSPECIFIED,공유 특징은 있으나 같은 사건·쟁점 근거 없음. basis=DEFAULT,MEDIUM,NO
PR0734,EC0072,EC0147,DISTINCT,DISTINCT,,,FALSE,SAME_SURFACE,SAME,DIFFERENT_OR_UNTAGGED,OPPOSITE(AFFIRMED/NEGATED),NONE,ONE_UNSPECIFIED,BOTH_UNSPECIFIED,공유 특징은 있으나 같은 사건·쟁점 근거 없음. basis=DEFAULT,MEDIUM,NO
PR0735,EC0073,EC0127,DISTINCT,DISTINCT,,,FALSE,DIFFERENT,SAME,DIFFERENT_OR_UNTAGGED,OPPOSITE(AFFIRMED/NEGATED),NONE,ONE_UNSPECIFIED; relative(그 뒤 / -),BOTH_UNSPECIFIED,공유 특징은 있으나 같은 사건·쟁점 근거 없음. basis=DEFAULT,MEDIUM,NO
PR0736,EC0074,EC0075,SAME_UTTERANCE_COMPONENT+DISTINCT,SAME_UTTERANCE_COMPONENT,DISTINCT,,TRUE,DIFFERENT,DIFFERENT(ACTION/ORDER),UNTAGGED,SAME(AFFIRMED),NONE,BOTH_UNSPECIFIED,BOTH_UNSPECIFIED,공유 특징은 있으나 같은 사건·쟁점 근거 없음. basis=DEFAULT+SHARED_UTTERANCE_GROUP SAME_PARENT_PROPOSITION=P0053,MEDIUM,NO
PR0737,EC0074,EC0076,DISTINCT,DISTINCT,,,FALSE,SAME_SURFACE,SAME,UNTAGGED,SAME(AFFIRMED),NONE,BOTH_UNSPECIFIED,ONE_UNSPECIFIED,공유 특징은 있으나 같은 사건·쟁점 근거 없음. basis=DEFAULT,MEDIUM,NO
PR0738,EC0074,EC0102,DISTINCT,DISTINCT,,,FALSE,SAME_SURFACE,SAME,UNTAGGED,SAME(AFFIRMED),pair generation only used STRONGLY_SUPPORTED identity (classification does not depend on it): 병사=이광섭,ONE_UNSPECIFIED,BOTH_UNSPECIFIED,공유 특징은 있으나 같은 사건·쟁점 근거 없음. basis=DEFAULT,MEDIUM,NO
PR0739,EC0074,EC0133,DISTINCT,DISTINCT,,,FALSE,SAME_SURFACE,SAME,DIFFERENT_OR_UNTAGGED,SAME(AFFIRMED),NONE,BOTH_UNSPECIFIED,BOTH_UNSPECIFIED,공유 특징은 있으나 같은 사건·쟁점 근거 없음. basis=DEFAULT,MEDIUM,NO
PR0740,EC0074,EC0149,DISTINCT,DISTINCT,,,FALSE,SAME_SURFACE,SAME,DIFFERENT_OR_UNTAGGED,OPPOSITE(AFFIRMED/NEGATED),NONE,BOTH_UNSPECIFIED,BOTH_UNSPECIFIED,공유 특징은 있으나 같은 사건·쟁점 근거 없음. basis=DEFAULT,MEDIUM,NO
PR0741,EC0076,EC0098,REVIEW_REQUIRED,REVIEW_REQUIRED,,SAME_OCCURRENCE_IF_IDENTITY_HOLDS,FALSE,DIFFERENT,SAME,UNTAGGED,SAME(AFFIRMED),장교 1명=조계완 (근거 없음),ONE_UNSPECIFIED,DIFFERENT(구순 집 안행랑 / 구순 집),명업이 말한 '찾아온 장교 한 명'과 조계완의 구순 집 방문: 동일인 근거가 없어 판정 보류. basis=PAIR_OVERRIDE,LOW,YES
PR0742,EC0076,EC0102,DISTINCT,DISTINCT,,,FALSE,SAME_SURFACE,SAME,UNTAGGED,SAME(AFFIRMED),pair generation only used STRONGLY_SUPPORTED identity (classification does not depend on it): 병사=이광섭,ONE_UNSPECIFIED,ONE_UNSPECIFIED,공유 특징은 있으나 같은 사건·쟁점 근거 없음. basis=DEFAULT,MEDIUM,NO
PR0743,EC0076,EC0133,DISTINCT,DISTINCT,,,FALSE,SAME_SURFACE,SAME,DIFFERENT_OR_UNTAGGED,SAME(AFFIRMED),NONE,BOTH_UNSPECIFIED,ONE_UNSPECIFIED,공유 특징은 있으나 같은 사건·쟁점 근거 없음. basis=DEFAULT,MEDIUM,NO
PR0744,EC0076,EC0149,DISTINCT,DISTINCT,,,FALSE,SAME_SURFACE,SAME,DIFFERENT_OR_UNTAGGED,OPPOSITE(AFFIRMED/NEGATED),NONE,BOTH_UNSPECIFIED,ONE_UNSPECIFIED,공유 특징은 있으나 같은 사건·쟁점 근거 없음. basis=DEFAULT,MEDIUM,NO
PR0745,EC0077,EC0078,SAME_UTTERANCE_COMPONENT+DISTINCT,SAME_UTTERANCE_COMPONENT,DISTINCT,,TRUE,SAME_SURFACE,DIFFERENT(SPEECH_ACT/STATE),UNTAGGED,SAME(AFFIRMED),NONE,BOTH_UNSPECIFIED,ONE_UNSPECIFIED,공유 특징은 있으나 같은 사건·쟁점 근거 없음. basis=DEFAULT+SHARED_UTTERANCE_GROUP SAME_PARENT_PROPOSITION=P0055,MEDIUM,NO
PR0746,EC0077,EC0079,SAME_UTTERANCE_COMPONENT+DISTINCT,SAME_UTTERANCE_COMPONENT,DISTINCT,,TRUE,SAME_SURFACE,SAME,DIFFERENT_OR_UNTAGGED,SAME(AFFIRMED),NONE,BOTH_UNSPECIFIED,SAME,공유 특징은 있으나 같은 사건·쟁점 근거 없음. basis=DEFAULT+SHARED_UTTERANCE_GROUP SAME_PARENT_PROPOSITION=P0055,MEDIUM,NO
PR0747,EC0077,EC0080,SAME_UTTERANCE_COMPONENT+DISTINCT,SAME_UTTERANCE_COMPONENT,DISTINCT,,TRUE,SAME_SURFACE,DIFFERENT(SPEECH_ACT/CAUSE_ATTRIBUTION),UNTAGGED,SAME(AFFIRMED),NONE,BOTH_UNSPECIFIED,ONE_UNSPECIFIED,공유 특징은 있으나 같은 사건·쟁점 근거 없음. basis=DEFAULT+SHARED_UTTERANCE_GROUP SAME_PARENT_PROPOSITION=P0055,MEDIUM,NO
PR0748,EC0078,EC0079,SAME_UTTERANCE_COMPONENT+DISTINCT,SAME_UTTERANCE_COMPONENT,DISTINCT,,TRUE,SAME_SURFACE,DIFFERENT(STATE/SPEECH_ACT),DIFFERENT_OR_UNTAGGED,SAME(AFFIRMED),NONE,BOTH_UNSPECIFIED,ONE_UNSPECIFIED,공유 특징은 있으나 같은 사건·쟁점 근거 없음. basis=DEFAULT+SHARED_UTTERANCE_GROUP SAME_PARENT_PROPOSITION=P0055,MEDIUM,NO
PR0749,EC0078,EC0080,SAME_UTTERANCE_COMPONENT+DISTINCT,SAME_UTTERANCE_COMPONENT,DISTINCT,,TRUE,SAME_SURFACE,DIFFERENT(STATE/CAUSE_ATTRIBUTION),UNTAGGED,SAME(AFFIRMED),NONE,BOTH_UNSPECIFIED,BOTH_UNSPECIFIED,공유 특징은 있으나 같은 사건·쟁점 근거 없음. basis=DEFAULT+SHARED_UTTERANCE_GROUP SAME_PARENT_PROPOSITION=P0055,MEDIUM,NO
PR0750,EC0079,EC0080,SAME_UTTERANCE_COMPONENT+DISTINCT,SAME_UTTERANCE_COMPONENT,DISTINCT,,TRUE,SAME_SURFACE,DIFFERENT(SPEECH_ACT/CAUSE_ATTRIBUTION),DIFFERENT_OR_UNTAGGED,SAME(AFFIRMED),NONE,BOTH_UNSPECIFIED,ONE_UNSPECIFIED,공유 특징은 있으나 같은 사건·쟁점 근거 없음. basis=DEFAULT+SHARED_UTTERANCE_GROUP SAME_PARENT_PROPOSITION=P0055,MEDIUM,NO
PR0751,EC0079,EC0094,DISTINCT,DISTINCT,,,FALSE,DIFFERENT,SAME,SAME_ISSUE,SAME(AFFIRMED),NONE,ONE_UNSPECIFIED,DIFFERENT(병영 뜰 / 구순 집),발화 사건(누가 도난을 말함/진술을 바꿈)과 도난 claim은 다른 대상 — 발화는 도난 실재 여부와 독립. basis=ISSUE:THEFT_REALITY(SPEECH~SPEECH),MEDIUM,NO
PR0752,EC0079,EC0095,DISTINCT,DISTINCT,,,FALSE,DIFFERENT,SAME,DIFFERENT_OR_UNTAGGED,SAME(AFFIRMED),NONE,ONE_UNSPECIFIED,DIFFERENT(병영 뜰 / 구순 집),공유 특징은 있으나 같은 사건·쟁점 근거 없음. basis=DEFAULT,MEDIUM,NO
PR0753,EC0079,EC0101,DISTINCT,DISTINCT,,,FALSE,DIFFERENT,SAME,DIFFERENT_OR_UNTAGGED,SAME(AFFIRMED),NONE,ONE_UNSPECIFIED,ONE_UNSPECIFIED,공유 특징은 있으나 같은 사건·쟁점 근거 없음. basis=DEFAULT,MEDIUM,NO
PR0754,EC0079,EC0105,DISTINCT,DISTINCT,,,FALSE,DIFFERENT,DIFFERENT(SPEECH_ACT/ACTION),DIFFERENT_OR_UNTAGGED,SAME(AFFIRMED),NONE,BOTH_UNSPECIFIED,DIFFERENT(병영 뜰 / 병영),공유 특징은 있으나 같은 사건·쟁점 근거 없음. basis=DEFAULT,MEDIUM,NO
PR0755,EC0079,EC0109,DISTINCT,DISTINCT,,,FALSE,DIFFERENT,SAME,DIFFERENT_OR_UNTAGGED,SAME(AFFIRMED),NONE,BOTH_UNSPECIFIED,ONE_UNSPECIFIED,공유 특징은 있으나 같은 사건·쟁점 근거 없음. basis=DEFAULT,MEDIUM,NO
PR0756,EC0079,EC0116,DISTINCT,DISTINCT,,,FALSE,DIFFERENT,DIFFERENT(SPEECH_ACT/PURPOSE_ATTRIBUTION),DIFFERENT_OR_UNTAGGED,SAME(AFFIRMED),NONE,BOTH_UNSPECIFIED,ONE_UNSPECIFIED,공유 특징은 있으나 같은 사건·쟁점 근거 없음. basis=DEFAULT,MEDIUM,NO
PR0757,EC0079,EC0121,DISTINCT,DISTINCT,,,FALSE,DIFFERENT,SAME,DIFFERENT_OR_UNTAGGED,SAME(AFFIRMED),NONE,BOTH_UNSPECIFIED,ONE_UNSPECIFIED,공유 특징은 있으나 같은 사건·쟁점 근거 없음. basis=DEFAULT,MEDIUM,NO
PR0758,EC0079,EC0131,DISTINCT,DISTINCT,,,FALSE,DIFFERENT,DIFFERENT(SPEECH_ACT/STATE),RELATED_FACET(SPEECH/POS_JUDGE),SAME(AFFIRMED),NONE,BOTH_UNSPECIFIED,ONE_UNSPECIFIED,발화 사건(누가 도난을 말함/진술을 바꿈)과 도난 claim은 다른 대상 — 발화는 도난 실재 여부와 독립. basis=ISSUE:THEFT_REALITY(SPEECH~POS_JUDGE),MEDIUM,NO
PR0759,EC0079,EC0132,DISTINCT,DISTINCT,,,FALSE,DIFFERENT,DIFFERENT(SPEECH_ACT/STATE),RELATED_FACET(SPEECH/SCALE_SMALL),SAME(AFFIRMED),NONE,BOTH_UNSPECIFIED,ONE_UNSPECIFIED,발화 사건(누가 도난을 말함/진술을 바꿈)과 도난 claim은 다른 대상 — 발화는 도난 실재 여부와 독립. basis=ISSUE:THEFT_REALITY(SPEECH~SCALE_SMALL),MEDIUM,NO
PR0760,EC0079,EC0137,DISTINCT,DISTINCT,,,FALSE,DIFFERENT,DIFFERENT(SPEECH_ACT/ACTION),DIFFERENT_OR_UNTAGGED,SAME(AFFIRMED),NONE,BOTH_UNSPECIFIED,ONE_UNSPECIFIED,공유 특징은 있으나 같은 사건·쟁점 근거 없음. basis=DEFAULT,MEDIUM,NO
PR0761,EC0079,EC0143,DISTINCT,DISTINCT,,,FALSE,DIFFERENT,DIFFERENT(SPEECH_ACT/STATE),RELATED_FACET(SPEECH/POS_JUDGE),SAME(AFFIRMED),NONE,BOTH_UNSPECIFIED,ONE_UNSPECIFIED,발화 사건(누가 도난을 말함/진술을 바꿈)과 도난 claim은 다른 대상 — 발화는 도난 실재 여부와 독립. basis=ISSUE:THEFT_REALITY(SPEECH~POS_JUDGE),MEDIUM,NO
PR0762,EC0081,EC0082,TEMPORALLY_RELATED_BUT_DISTINCT,TEMPORALLY_RELATED_BUT_DISTINCT,,,FALSE,DIFFERENT,DIFFERENT(ACTION/ORDER),UNTAGGED,SAME(AFFIRMED),NONE,SAME,SAME,같은 서술 흐름 안의 다른 단계. 시간 edge는 만들지 않음. basis=CHAIN:JAMIDEOK_CUSTODY(1~2),MEDIUM,NO
PR0763,EC0081,EC0083,TEMPORALLY_RELATED_BUT_DISTINCT,TEMPORALLY_RELATED_BUT_DISTINCT,,,FALSE,DIFFERENT,DIFFERENT(ACTION/ORDER),UNTAGGED,SAME(AFFIRMED),NONE,SAME,ONE_UNSPECIFIED,같은 서술 흐름 안의 다른 단계. 시간 edge는 만들지 않음. basis=CHAIN:JAMIDEOK_CUSTODY(1~3),MEDIUM,NO
PR0764,EC0081,EC0104,TEMPORALLY_RELATED_BUT_DISTINCT,TEMPORALLY_RELATED_BUT_DISTINCT,,,FALSE,SAME_ENTITY,SAME,UNTAGGED,SAME(AFFIRMED),NONE,ONE_UNSPECIFIED,ONE_UNSPECIFIED,같은 서술 흐름 안의 다른 단계. 시간 edge는 만들지 않음. basis=CHAIN:JAMIDEOK_CUSTODY(1~5),MEDIUM,NO
PR0765,EC0081,EC0105,TEMPORALLY_RELATED_BUT_DISTINCT,TEMPORALLY_RELATED_BUT_DISTINCT,,,FALSE,SAME_SURFACE,SAME,UNTAGGED,SAME(AFFIRMED),NONE,ONE_UNSPECIFIED,DIFFERENT(비장청 / 병영),같은 서술 흐름 안의 다른 단계. 시간 edge는 만들지 않음. basis=CHAIN:JAMIDEOK_CUSTODY(1~7),MEDIUM,NO
PR0766,EC0082,EC0083,TEMPORALLY_RELATED_BUT_DISTINCT,TEMPORALLY_RELATED_BUT_DISTINCT,,,FALSE,SAME_SURFACE,SAME,UNTAGGED,SAME(AFFIRMED),NONE,SAME,ONE_UNSPECIFIED,같은 서술 흐름 안의 다른 단계. 시간 edge는 만들지 않음. basis=CHAIN:JAMIDEOK_CUSTODY(2~3),MEDIUM,NO
PR0767,EC0082,EC0115,DISTINCT,DISTINCT,,,FALSE,SAME_SURFACE,DIFFERENT(ORDER/ACTION),UNTAGGED,SAME(AFFIRMED),NONE,ONE_UNSPECIFIED,ONE_UNSPECIFIED,공유 특징은 있으나 같은 사건·쟁점 근거 없음. basis=DEFAULT,MEDIUM,NO
PR0768,EC0082,EC0116,DISTINCT,DISTINCT,,,FALSE,SAME_SURFACE,DIFFERENT(ORDER/PURPOSE_ATTRIBUTION),UNTAGGED,SAME(AFFIRMED),NONE,ONE_UNSPECIFIED,ONE_UNSPECIFIED,공유 특징은 있으나 같은 사건·쟁점 근거 없음. basis=DEFAULT,MEDIUM,NO
PR0769,EC0083,EC0088,TEMPORALLY_RELATED_BUT_DISTINCT,TEMPORALLY_RELATED_BUT_DISTINCT,,,FALSE,DIFFERENT,DIFFERENT(ORDER/STATE),UNTAGGED,SAME(AFFIRMED),NONE,DIFFERENT(1793-02-28 밤 / 1793-02-29),ONE_UNSPECIFIED,같은 서술 흐름 안의 다른 단계. 시간 edge는 만들지 않음. basis=CHAIN:JAMIDEOK_CUSTODY(3~4),MEDIUM,NO
PR0770,EC0083,EC0096,DISTINCT,DISTINCT,,,FALSE,DIFFERENT,SAME,UNTAGGED,SAME(AFFIRMED),NONE,DIFFERENT(1793-02-28 밤 / 1793-03-04),BOTH_UNSPECIFIED,공유 특징은 있으나 같은 사건·쟁점 근거 없음. basis=DEFAULT,MEDIUM,NO
PR0771,EC0084,EC0115,DISTINCT,DISTINCT,,,FALSE,SAME_SURFACE,SAME,UNTAGGED,SAME(AFFIRMED),NONE,ONE_UNSPECIFIED,BOTH_UNSPECIFIED,공유 특징은 있으나 같은 사건·쟁점 근거 없음. basis=DEFAULT,MEDIUM,NO
PR0772,EC0084,EC0119,DISTINCT,DISTINCT,,,FALSE,SAME_SURFACE,SAME,DIFFERENT_OR_UNTAGGED,SAME(AFFIRMED),NONE,ONE_UNSPECIFIED,BOTH_UNSPECIFIED,공유 특징은 있으나 같은 사건·쟁점 근거 없음. basis=DEFAULT,MEDIUM,NO
PR0773,EC0084,EC0120,DISTINCT,DISTINCT,,,FALSE,SAME_SURFACE,SAME,DIFFERENT_OR_UNTAGGED,SAME(AFFIRMED),NONE,ONE_UNSPECIFIED,BOTH_UNSPECIFIED,공유 특징은 있으나 같은 사건·쟁점 근거 없음. basis=DEFAULT,MEDIUM,NO
PR0774,EC0084,EC0123,DISTINCT,DISTINCT,,,FALSE,SAME_SURFACE,SAME,DIFFERENT_OR_UNTAGGED,SAME(AFFIRMED),NONE,ONE_UNSPECIFIED,BOTH_UNSPECIFIED,공유 특징은 있으나 같은 사건·쟁점 근거 없음. basis=DEFAULT,MEDIUM,NO
PR0775,EC0084,EC0126,DISTINCT,DISTINCT,,,FALSE,SAME_SURFACE,SAME,DIFFERENT_OR_UNTAGGED,OPPOSITE(AFFIRMED/NEGATED),NONE,ONE_UNSPECIFIED,BOTH_UNSPECIFIED,공유 특징은 있으나 같은 사건·쟁점 근거 없음. basis=DEFAULT,MEDIUM,NO
PR0776,EC0085,EC0086,SAME_UTTERANCE_COMPONENT+TEMPORALLY_RELATED_BUT_DISTINCT,SAME_UTTERANCE_COMPONENT,TEMPORALLY_RELATED_BUT_DISTINCT,,TRUE,SAME_ENTITY,SAME,UNTAGGED,SAME(AFFIRMED),NONE,BOTH_UNSPECIFIED,BOTH_UNSPECIFIED,같은 서술 흐름 안의 다른 단계. 시간 edge는 만들지 않음. basis=CHAIN:JAMIDEOK_CUSTODY(3.2~3.3)+SHARED_UTTERANCE_GROUP SAME_PARENT_PROPOSITION=P0060,MEDIUM,NO
PR0777,EC0085,EC0087,SAME_UTTERANCE_COMPONENT+TEMPORALLY_RELATED_BUT_DISTINCT,SAME_UTTERANCE_COMPONENT,TEMPORALLY_RELATED_BUT_DISTINCT,,TRUE,DIFFERENT,DIFFERENT(STATE/SPEECH_ACT),UNTAGGED,SAME(AFFIRMED),NONE,BOTH_UNSPECIFIED,BOTH_UNSPECIFIED,같은 서술 흐름 안의 다른 단계. 시간 edge는 만들지 않음. basis=CHAIN:JAMIDEOK_CUSTODY(3.2~3.4)+SHARED_UTTERANCE_GROUP SAME_PARENT_PROPOSITION=P0060,MEDIUM,NO
PR0778,EC0085,EC0088,TEMPORALLY_RELATED_BUT_DISTINCT,TEMPORALLY_RELATED_BUT_DISTINCT,,,FALSE,SAME_ENTITY,SAME,UNTAGGED,SAME(AFFIRMED),NONE,ONE_UNSPECIFIED,ONE_UNSPECIFIED,같은 서술 흐름 안의 다른 단계. 시간 edge는 만들지 않음. basis=CHAIN:JAMIDEOK_CUSTODY(3.2~4),MEDIUM,NO
PR0779,EC0085,EC0091,DISTINCT,DISTINCT,,,FALSE,DIFFERENT,SAME,UNTAGGED,SAME(AFFIRMED),NONE,BOTH_UNSPECIFIED,BOTH_UNSPECIFIED,공유 특징은 있으나 같은 사건·쟁점 근거 없음. basis=DEFAULT,MEDIUM,NO
PR0780,EC0085,EC0092,DISTINCT,DISTINCT,,,FALSE,DIFFERENT,SAME,UNTAGGED,SAME(AFFIRMED),NONE,BOTH_UNSPECIFIED,BOTH_UNSPECIFIED,공유 특징은 있으나 같은 사건·쟁점 근거 없음. basis=DEFAULT,MEDIUM,NO
PR0781,EC0086,EC0087,SAME_UTTERANCE_COMPONENT+TEMPORALLY_RELATED_BUT_DISTINCT,SAME_UTTERANCE_COMPONENT,TEMPORALLY_RELATED_BUT_DISTINCT,,TRUE,DIFFERENT,DIFFERENT(STATE/SPEECH_ACT),UNTAGGED,SAME(AFFIRMED),NONE,BOTH_UNSPECIFIED,BOTH_UNSPECIFIED,같은 서술 흐름 안의 다른 단계. 시간 edge는 만들지 않음. basis=CHAIN:JAMIDEOK_CUSTODY(3.3~3.4)+SHARED_UTTERANCE_GROUP SAME_PARENT_PROPOSITION=P0060,MEDIUM,NO
PR0782,EC0086,EC0088,TEMPORALLY_RELATED_BUT_DISTINCT,TEMPORALLY_RELATED_BUT_DISTINCT,,,FALSE,SAME_SURFACE,SAME,UNTAGGED,SAME(AFFIRMED),NONE,ONE_UNSPECIFIED,ONE_UNSPECIFIED,같은 서술 흐름 안의 다른 단계. 시간 edge는 만들지 않음. basis=CHAIN:JAMIDEOK_CUSTODY(3.3~4),MEDIUM,NO
PR0783,EC0088,EC0089,TEMPORALLY_RELATED_BUT_DISTINCT,TEMPORALLY_RELATED_BUT_DISTINCT,,,FALSE,DIFFERENT,DIFFERENT(STATE/ACTION),UNTAGGED,SAME(AFFIRMED),NONE,SAME,ONE_UNSPECIFIED,같은 서술 흐름 안의 다른 단계. 시간 edge는 만들지 않음. basis=CHAIN:JAMIDEOK_CUSTODY(4~5),MEDIUM,NO
PR0784,EC0088,EC0090,TEMPORALLY_RELATED_BUT_DISTINCT,TEMPORALLY_RELATED_BUT_DISTINCT,,,FALSE,DIFFERENT,SAME,UNTAGGED,SAME(AFFIRMED),NONE,SAME,ONE_UNSPECIFIED,같은 서술 흐름 안의 다른 단계. 시간 edge는 만들지 않음. basis=CHAIN:JAMIDEOK_CUSTODY(4~5.1),MEDIUM,NO
PR0785,EC0088,EC0093,TEMPORALLY_RELATED_BUT_DISTINCT,TEMPORALLY_RELATED_BUT_DISTINCT,,,FALSE,DIFFERENT,DIFFERENT(STATE/ACTION),UNTAGGED,SAME(AFFIRMED),NONE,SAME,DIFFERENT(공주진 / 구순 집),같은 서술 흐름 안의 다른 단계. 시간 edge는 만들지 않음. basis=CHAIN:JAMIDEOK_CUSTODY(4~6),MEDIUM,NO
PR0786,EC0088,EC0094,TEMPORALLY_RELATED_BUT_DISTINCT,TEMPORALLY_RELATED_BUT_DISTINCT,,,FALSE,DIFFERENT,DIFFERENT(STATE/SPEECH_ACT),DIFFERENT_OR_UNTAGGED,SAME(AFFIRMED),NONE,SAME,DIFFERENT(공주진 / 구순 집),같은 서술 흐름 안의 다른 단계. 시간 edge는 만들지 않음. basis=CHAIN:JAMIDEOK_CUSTODY(4~6.1),MEDIUM,NO
PR0787,EC0088,EC0095,TEMPORALLY_RELATED_BUT_DISTINCT,TEMPORALLY_RELATED_BUT_DISTINCT,,,FALSE,DIFFERENT,DIFFERENT(STATE/SPEECH_ACT),DIFFERENT_OR_UNTAGGED,SAME(AFFIRMED),NONE,SAME,DIFFERENT(공주진 / 구순 집),같은 서술 흐름 안의 다른 단계. 시간 edge는 만들지 않음. basis=CHAIN:JAMIDEOK_CUSTODY(4~6.2),MEDIUM,NO
PR0788,EC0089,EC0090,SAME_UTTERANCE_COMPONENT+TEMPORALLY_RELATED_BUT_DISTINCT,SAME_UTTERANCE_COMPONENT,TEMPORALLY_RELATED_BUT_DISTINCT,,TRUE,SAME_SURFACE,DIFFERENT(ACTION/STATE),UNTAGGED,SAME(AFFIRMED),NONE,SAME,BOTH_UNSPECIFIED,같은 서술 흐름 안의 다른 단계. 시간 edge는 만들지 않음. basis=CHAIN:JAMIDEOK_CUSTODY(5~5.1)+SHARED_UTTERANCE_GROUP SAME_PARENT_PROPOSITION=P0062,MEDIUM,NO
PR0789,EC0089,EC0091,SAME_UTTERANCE_COMPONENT+DISTINCT,SAME_UTTERANCE_COMPONENT,DISTINCT,,TRUE,DIFFERENT,DIFFERENT(ACTION/STATE),UNTAGGED,SAME(AFFIRMED),NONE,ONE_UNSPECIFIED,BOTH_UNSPECIFIED,공유 특징은 있으나 같은 사건·쟁점 근거 없음. basis=DEFAULT+SHARED_UTTERANCE_GROUP SAME_PARENT_PROPOSITION=P0062,MEDIUM,NO
PR0790,EC0089,EC0092,SAME_UTTERANCE_COMPONENT+DISTINCT,SAME_UTTERANCE_COMPONENT,DISTINCT,,TRUE,DIFFERENT,DIFFERENT(ACTION/STATE),UNTAGGED,SAME(AFFIRMED),NONE,ONE_UNSPECIFIED,BOTH_UNSPECIFIED,공유 특징은 있으나 같은 사건·쟁점 근거 없음. basis=DEFAULT+SHARED_UTTERANCE_GROUP SAME_PARENT_PROPOSITION=P0062,MEDIUM,NO
PR0791,EC0089,EC0093,TEMPORALLY_RELATED_BUT_DISTINCT,TEMPORALLY_RELATED_BUT_DISTINCT,,,FALSE,SAME_IF_IDENTITY_ASSUMED,SAME,UNTAGGED,SAME(AFFIRMED),pair generation only used STRONGLY_SUPPORTED identity (classification does not depend on it): 장교 일행=이진욱 등 장교,SAME,ONE_UNSPECIFIED,같은 서술 흐름 안의 다른 단계. 시간 edge는 만들지 않음. basis=CHAIN:JAMIDEOK_CUSTODY(5~6),MEDIUM,NO
PR0792,EC0089,EC0094,TEMPORALLY_RELATED_BUT_DISTINCT,TEMPORALLY_RELATED_BUT_DISTINCT,,,FALSE,DIFFERENT,DIFFERENT(ACTION/SPEECH_ACT),DIFFERENT_OR_UNTAGGED,SAME(AFFIRMED),NONE,SAME,ONE_UNSPECIFIED,같은 서술 흐름 안의 다른 단계. 시간 edge는 만들지 않음. basis=CHAIN:JAMIDEOK_CUSTODY(5~6.1),MEDIUM,NO
PR0793,EC0089,EC0095,TEMPORALLY_RELATED_BUT_DISTINCT,TEMPORALLY_RELATED_BUT_DISTINCT,,,FALSE,DIFFERENT,DIFFERENT(ACTION/SPEECH_ACT),DIFFERENT_OR_UNTAGGED,SAME(AFFIRMED),NONE,SAME,ONE_UNSPECIFIED,같은 서술 흐름 안의 다른 단계. 시간 edge는 만들지 않음. basis=CHAIN:JAMIDEOK_CUSTODY(5~6.2),MEDIUM,NO
PR0794,EC0089,EC0097,DISTINCT,DISTINCT,,,FALSE,DIFFERENT,SAME,UNTAGGED,SAME(AFFIRMED),NONE,DIFFERENT(1793-02-29 / 1793-03-04),BOTH_UNSPECIFIED,공유 특징은 있으나 같은 사건·쟁점 근거 없음. basis=DEFAULT,MEDIUM,NO
PR0795,EC0089,EC0104,SAME_OCCURRENCE_CANDIDATE,SAME_OCCURRENCE_CANDIDATE,,,FALSE,DIFFERENT,SAME,UNTAGGED,SAME(AFFIRMED),NONE,ONE_UNSPECIFIED,BOTH_UNSPECIFIED,자미덕 체포: 이진욱 등 장교가 잡음(이진욱) vs 병영 장교가 붙잡아 감(자미덕). basis=PAIR_OVERRIDE,HIGH,NO
PR0796,EC0089,EC0108,TEMPORALLY_RELATED_BUT_DISTINCT,TEMPORALLY_RELATED_BUT_DISTINCT,,,FALSE,DIFFERENT,DIFFERENT(ACTION/SPEECH_ACT),DIFFERENT_OR_UNTAGGED,SAME(AFFIRMED),pair generation only used STRONGLY_SUPPORTED identity (classification does not depend on it): 재돌=변재돌,ONE_UNSPECIFIED,BOTH_UNSPECIFIED,같은 서술 흐름 안의 다른 단계. 시간 edge는 만들지 않음. basis=CHAIN:JAMIDEOK_CUSTODY(5~9.1),MEDIUM,NO
PR0797,EC0090,EC0091,SAME_UTTERANCE_COMPONENT+DISTINCT,SAME_UTTERANCE_COMPONENT,DISTINCT,,TRUE,DIFFERENT,SAME,UNTAGGED,SAME(AFFIRMED),NONE,ONE_UNSPECIFIED,BOTH_UNSPECIFIED,공유 특징은 있으나 같은 사건·쟁점 근거 없음. basis=DEFAULT+SHARED_UTTERANCE_GROUP SAME_PARENT_PROPOSITION=P0062,MEDIUM,NO
PR0798,EC0090,EC0092,SAME_UTTERANCE_COMPONENT+DISTINCT,SAME_UTTERANCE_COMPONENT,DISTINCT,,TRUE,DIFFERENT,SAME,UNTAGGED,SAME(AFFIRMED),NONE,ONE_UNSPECIFIED,BOTH_UNSPECIFIED,공유 특징은 있으나 같은 사건·쟁점 근거 없음. basis=DEFAULT+SHARED_UTTERANCE_GROUP SAME_PARENT_PROPOSITION=P0062,MEDIUM,NO
PR0799,EC0090,EC0093,TEMPORALLY_RELATED_BUT_DISTINCT,TEMPORALLY_RELATED_BUT_DISTINCT,,,FALSE,SAME_IF_IDENTITY_ASSUMED,DIFFERENT(STATE/ACTION),UNTAGGED,SAME(AFFIRMED),NONE,SAME,ONE_UNSPECIFIED,같은 서술 흐름 안의 다른 단계. 시간 edge는 만들지 않음. basis=CHAIN:JAMIDEOK_CUSTODY(5.1~6),MEDIUM,NO
PR0800,EC0090,EC0094,TEMPORALLY_RELATED_BUT_DISTINCT,TEMPORALLY_RELATED_BUT_DISTINCT,,,FALSE,DIFFERENT,DIFFERENT(STATE/SPEECH_ACT),DIFFERENT_OR_UNTAGGED,SAME(AFFIRMED),NONE,SAME,ONE_UNSPECIFIED,같은 서술 흐름 안의 다른 단계. 시간 edge는 만들지 않음. basis=CHAIN:JAMIDEOK_CUSTODY(5.1~6.1),MEDIUM,NO
PR0801,EC0090,EC0095,TEMPORALLY_RELATED_BUT_DISTINCT,TEMPORALLY_RELATED_BUT_DISTINCT,,,FALSE,DIFFERENT,DIFFERENT(STATE/SPEECH_ACT),DIFFERENT_OR_UNTAGGED,SAME(AFFIRMED),NONE,SAME,ONE_UNSPECIFIED,같은 서술 흐름 안의 다른 단계. 시간 edge는 만들지 않음. basis=CHAIN:JAMIDEOK_CUSTODY(5.1~6.2),MEDIUM,NO
PR0802,EC0090,EC0097,DISTINCT,DISTINCT,,,FALSE,DIFFERENT,DIFFERENT(STATE/ACTION),UNTAGGED,SAME(AFFIRMED),NONE,DIFFERENT(1793-02-29 / 1793-03-04),BOTH_UNSPECIFIED,공유 특징은 있으나 같은 사건·쟁점 근거 없음. basis=DEFAULT,MEDIUM,NO
PR0803,EC0090,EC0104,TEMPORALLY_RELATED_BUT_DISTINCT,TEMPORALLY_RELATED_BUT_DISTINCT,,,FALSE,DIFFERENT,DIFFERENT(STATE/ACTION),UNTAGGED,SAME(AFFIRMED),NONE,ONE_UNSPECIFIED,BOTH_UNSPECIFIED,같은 서술 흐름 안의 다른 단계. 시간 edge는 만들지 않음. basis=CHAIN:JAMIDEOK_CUSTODY(5.1~5),MEDIUM,NO
PR0804,EC0090,EC0108,TEMPORALLY_RELATED_BUT_DISTINCT,TEMPORALLY_RELATED_BUT_DISTINCT,,,FALSE,DIFFERENT,DIFFERENT(STATE/SPEECH_ACT),DIFFERENT_OR_UNTAGGED,SAME(AFFIRMED),pair generation only used STRONGLY_SUPPORTED identity (classification does not depend on it): 재돌=변재돌,ONE_UNSPECIFIED,BOTH_UNSPECIFIED,같은 서술 흐름 안의 다른 단계. 시간 edge는 만들지 않음. basis=CHAIN:JAMIDEOK_CUSTODY(5.1~9.1),MEDIUM,NO
PR0805,EC0091,EC0092,SAME_UTTERANCE_COMPONENT+DISTINCT,SAME_UTTERANCE_COMPONENT,DISTINCT,,TRUE,DIFFERENT,SAME,UNTAGGED,SAME(AFFIRMED),NONE,BOTH_UNSPECIFIED,BOTH_UNSPECIFIED,공유 특징은 있으나 같은 사건·쟁점 근거 없음. basis=DEFAULT+SHARED_UTTERANCE_GROUP SAME_PARENT_PROPOSITION=P0062,MEDIUM,NO
PR0806,EC0091,EC0106,DISTINCT,DISTINCT,,,FALSE,SAME_SURFACE,SAME,UNTAGGED,SAME(AFFIRMED),pair generation only used STRONGLY_SUPPORTED identity (classification does not depend on it): 재돌=변재돌,BOTH_UNSPECIFIED; relative(- / 신문 뒤),ONE_UNSPECIFIED,공유 특징은 있으나 같은 사건·쟁점 근거 없음. basis=DEFAULT,MEDIUM,NO
PR0807,EC0092,EC0103,DISTINCT,DISTINCT,,,FALSE,SAME_SURFACE,SAME,UNTAGGED,SAME(AFFIRMED),pair generation only used STRONGLY_SUPPORTED identity (classification does not depend on it): 재돌=변재돌,ONE_UNSPECIFIED; relative(- / 자미덕 체포 전),ONE_UNSPECIFIED,공유 특징은 있으나 같은 사건·쟁점 근거 없음. basis=DEFAULT,MEDIUM,NO
PR0808,EC0093,EC0094,TEMPORALLY_RELATED_BUT_DISTINCT,TEMPORALLY_RELATED_BUT_DISTINCT,,,FALSE,DIFFERENT,DIFFERENT(ACTION/SPEECH_ACT),DIFFERENT_OR_UNTAGGED,SAME(AFFIRMED),pair generation only used STRONGLY_SUPPORTED identity (classification does not depend on it): 장교 일행=이진욱 등 장교,SAME,SAME,같은 서술 흐름 안의 다른 단계. 시간 edge는 만들지 않음. basis=CHAIN:JAMIDEOK_CUSTODY(6~6.1),MEDIUM,NO
PR0809,EC0093,EC0095,TEMPORALLY_RELATED_BUT_DISTINCT,TEMPORALLY_RELATED_BUT_DISTINCT,,,FALSE,DIFFERENT,DIFFERENT(ACTION/SPEECH_ACT),DIFFERENT_OR_UNTAGGED,SAME(AFFIRMED),pair generation only used STRONGLY_SUPPORTED identity (classification does not depend on it): 장교 일행=이진욱 등 장교,SAME,SAME,같은 서술 흐름 안의 다른 단계. 시간 edge는 만들지 않음. basis=CHAIN:JAMIDEOK_CUSTODY(6~6.2),MEDIUM,NO
PR0810,EC0093,EC0097,DISTINCT,DISTINCT,,,FALSE,SAME_SURFACE,SAME,UNTAGGED,SAME(AFFIRMED),"pair generation only used STRONGLY_SUPPORTED identity (classification does not depend on it): 병사=이광섭, 장교 일행=이진욱 등 장교",DIFFERENT(1793-02-29 / 1793-03-04),ONE_UNSPECIFIED,공유 특징은 있으나 같은 사건·쟁점 근거 없음. basis=DEFAULT,MEDIUM,NO
PR0811,EC0093,EC0098,DISTINCT,DISTINCT,,,FALSE,DIFFERENT,SAME,UNTAGGED,SAME(AFFIRMED),NONE,DIFFERENT(1793-02-29 / 1793-03-04),SAME,공유 특징은 있으나 같은 사건·쟁점 근거 없음. basis=DEFAULT,MEDIUM,NO
PR0812,EC0093,EC0099,DISTINCT,DISTINCT,,,FALSE,DIFFERENT,DIFFERENT(ACTION/SPEECH_ACT),UNTAGGED,SAME(AFFIRMED),pair generation only used STRONGLY_SUPPORTED identity (classification does not depend on it): 장교 일행=이진욱 등 장교,DIFFERENT(1793-02-29 / 1793-03-04),ONE_UNSPECIFIED,공유 특징은 있으나 같은 사건·쟁점 근거 없음. basis=DEFAULT,MEDIUM,NO
PR0813,EC0093,EC0101,DISTINCT,DISTINCT,,,FALSE,DIFFERENT,DIFFERENT(ACTION/SPEECH_ACT),UNTAGGED,SAME(AFFIRMED),pair generation only used STRONGLY_SUPPORTED identity (classification does not depend on it): 장교 일행=이진욱 등 장교,DIFFERENT(1793-02-29 / 1793-03-04),ONE_UNSPECIFIED,공유 특징은 있으나 같은 사건·쟁점 근거 없음. basis=DEFAULT,MEDIUM,NO
PR0814,EC0093,EC0105,TEMPORALLY_RELATED_BUT_DISTINCT,TEMPORALLY_RELATED_BUT_DISTINCT,,,FALSE,DIFFERENT,SAME,UNTAGGED,SAME(AFFIRMED),pair generation only used STRONGLY_SUPPORTED identity (classification does not depend on it): 장교 일행=이진욱 등 장교,ONE_UNSPECIFIED,DIFFERENT(구순 집 / 병영),같은 서술 흐름 안의 다른 단계. 시간 edge는 만들지 않음. basis=CHAIN:JAMIDEOK_CUSTODY(6~7),MEDIUM,NO
PR0815,EC0093,EC0106,TEMPORALLY_RELATED_BUT_DISTINCT,TEMPORALLY_RELATED_BUT_DISTINCT,,,FALSE,DIFFERENT,DIFFERENT(ACTION/STATE),UNTAGGED,SAME(AFFIRMED),pair generation only used STRONGLY_SUPPORTED identity (classification does not depend on it): 장교 일행=이진욱 등 장교,ONE_UNSPECIFIED; relative(- / 신문 뒤),DIFFERENT(구순 집 / 비장청 다모방),같은 서술 흐름 안의 다른 단계. 시간 edge는 만들지 않음. basis=CHAIN:JAMIDEOK_CUSTODY(6~8),MEDIUM,NO
PR0816,EC0093,EC0122,DISTINCT,DISTINCT,,,FALSE,DIFFERENT,DIFFERENT(ACTION/SPEECH_ACT),DIFFERENT_OR_UNTAGGED,SAME(AFFIRMED),NONE,ONE_UNSPECIFIED,ONE_UNSPECIFIED,공유 특징은 있으나 같은 사건·쟁점 근거 없음. basis=DEFAULT,MEDIUM,NO
PR0817,EC0093,EC0123,DISTINCT,DISTINCT,,,FALSE,DIFFERENT,SAME,DIFFERENT_OR_UNTAGGED,SAME(AFFIRMED),pair generation only used STRONGLY_SUPPORTED identity (classification does not depend on it): 장교 일행=이진욱 등 장교,ONE_UNSPECIFIED,ONE_UNSPECIFIED,공유 특징은 있으나 같은 사건·쟁점 근거 없음. basis=DEFAULT,MEDIUM,NO
PR0818,EC0093,EC0124,DISTINCT,DISTINCT,,,FALSE,DIFFERENT,DIFFERENT(ACTION/CAUSE_ATTRIBUTION),DIFFERENT_OR_UNTAGGED,SAME(AFFIRMED),NONE,ONE_UNSPECIFIED,ONE_UNSPECIFIED,공유 특징은 있으나 같은 사건·쟁점 근거 없음. basis=DEFAULT,MEDIUM,NO
PR0819,EC0094,EC0095,TEMPORALLY_RELATED_BUT_DISTINCT,TEMPORALLY_RELATED_BUT_DISTINCT,,,FALSE,SAME_SURFACE,SAME,DIFFERENT_OR_UNTAGGED,SAME(AFFIRMED),NONE,SAME,SAME,같은 서술 흐름 안의 다른 단계. 시간 edge는 만들지 않음. basis=CHAIN:JAMIDEOK_CUSTODY(6.1~6.2),MEDIUM,NO
PR0820,EC0094,EC0098,DISTINCT,DISTINCT,,,FALSE,DIFFERENT,DIFFERENT(SPEECH_ACT/ACTION),DIFFERENT_OR_UNTAGGED,SAME(AFFIRMED),NONE,DIFFERENT(1793-02-29 / 1793-03-04),SAME,공유 특징은 있으나 같은 사건·쟁점 근거 없음. basis=DEFAULT,MEDIUM,NO
PR0821,EC0094,EC0099,DISTINCT,DISTINCT,,,FALSE,SAME_SURFACE,SAME,DIFFERENT_OR_UNTAGGED,SAME(AFFIRMED),NONE,DIFFERENT(1793-02-29 / 1793-03-04),ONE_UNSPECIFIED,공유 특징은 있으나 같은 사건·쟁점 근거 없음. basis=DEFAULT,MEDIUM,NO
PR0822,EC0094,EC0101,DISTINCT,DISTINCT,,,FALSE,SAME_SURFACE,SAME,DIFFERENT_OR_UNTAGGED,SAME(AFFIRMED),NONE,DIFFERENT(1793-02-29 / 1793-03-04),ONE_UNSPECIFIED,공유 특징은 있으나 같은 사건·쟁점 근거 없음. basis=DEFAULT,MEDIUM,NO
PR0823,EC0094,EC0129,DISTINCT,DISTINCT,,,FALSE,SAME_SURFACE,SAME,DIFFERENT_OR_UNTAGGED,SAME(AFFIRMED),pair generation only used STRONGLY_SUPPORTED identity (classification does not depend on it): 풍각 김상제=김명신,ONE_UNSPECIFIED,ONE_UNSPECIFIED,공유 특징은 있으나 같은 사건·쟁점 근거 없음. basis=DEFAULT,MEDIUM,NO
PR0824,EC0094,EC0131,DISTINCT,DISTINCT,,,FALSE,DIFFERENT,DIFFERENT(SPEECH_ACT/STATE),RELATED_FACET(SPEECH/POS_JUDGE),SAME(AFFIRMED),NONE,ONE_UNSPECIFIED,ONE_UNSPECIFIED,발화 사건(누가 도난을 말함/진술을 바꿈)과 도난 claim은 다른 대상 — 발화는 도난 실재 여부와 독립. basis=ISSUE:THEFT_REALITY(SPEECH~POS_JUDGE),MEDIUM,NO
PR0825,EC0094,EC0132,DISTINCT,DISTINCT,,,FALSE,DIFFERENT,DIFFERENT(SPEECH_ACT/STATE),RELATED_FACET(SPEECH/SCALE_SMALL),SAME(AFFIRMED),NONE,ONE_UNSPECIFIED,ONE_UNSPECIFIED,발화 사건(누가 도난을 말함/진술을 바꿈)과 도난 claim은 다른 대상 — 발화는 도난 실재 여부와 독립. basis=ISSUE:THEFT_REALITY(SPEECH~SCALE_SMALL),MEDIUM,NO
PR0826,EC0094,EC0143,DISTINCT,DISTINCT,,,FALSE,DIFFERENT,DIFFERENT(SPEECH_ACT/STATE),RELATED_FACET(SPEECH/POS_JUDGE),SAME(AFFIRMED),NONE,ONE_UNSPECIFIED,ONE_UNSPECIFIED,발화 사건(누가 도난을 말함/진술을 바꿈)과 도난 claim은 다른 대상 — 발화는 도난 실재 여부와 독립. basis=ISSUE:THEFT_REALITY(SPEECH~POS_JUDGE),MEDIUM,NO
PR0827,EC0095,EC0098,DISTINCT,DISTINCT,,,FALSE,DIFFERENT,DIFFERENT(SPEECH_ACT/ACTION),DIFFERENT_OR_UNTAGGED,SAME(AFFIRMED),NONE,DIFFERENT(1793-02-29 / 1793-03-04),SAME,공유 특징은 있으나 같은 사건·쟁점 근거 없음. basis=DEFAULT,MEDIUM,NO
PR0828,EC0095,EC0099,DISTINCT,DISTINCT,,,FALSE,SAME_SURFACE,SAME,DIFFERENT_OR_UNTAGGED,SAME(AFFIRMED),NONE,DIFFERENT(1793-02-29 / 1793-03-04),ONE_UNSPECIFIED,공유 특징은 있으나 같은 사건·쟁점 근거 없음. basis=DEFAULT,MEDIUM,NO
PR0829,EC0095,EC0101,DISTINCT,DISTINCT,,,FALSE,SAME_SURFACE,SAME,DIFFERENT_OR_UNTAGGED,SAME(AFFIRMED),NONE,DIFFERENT(1793-02-29 / 1793-03-04),ONE_UNSPECIFIED,공유 특징은 있으나 같은 사건·쟁점 근거 없음. basis=DEFAULT,MEDIUM,NO
PR0830,EC0095,EC0105,TEMPORALLY_RELATED_BUT_DISTINCT,TEMPORALLY_RELATED_BUT_DISTINCT,,,FALSE,DIFFERENT,DIFFERENT(SPEECH_ACT/ACTION),DIFFERENT_OR_UNTAGGED,SAME(AFFIRMED),NONE,ONE_UNSPECIFIED,DIFFERENT(구순 집 / 병영),같은 서술 흐름 안의 다른 단계. 시간 edge는 만들지 않음. basis=CHAIN:JAMIDEOK_CUSTODY(6.2~7),MEDIUM,NO
PR0831,EC0095,EC0109,TEMPORALLY_RELATED_BUT_DISTINCT,TEMPORALLY_RELATED_BUT_DISTINCT,,,FALSE,DIFFERENT,SAME,DIFFERENT_OR_UNTAGGED,SAME(AFFIRMED),NONE,ONE_UNSPECIFIED,ONE_UNSPECIFIED,같은 서술 흐름 안의 다른 단계. 시간 edge는 만들지 않음. basis=CHAIN:JAMIDEOK_CUSTODY(6.2~9.2),MEDIUM,NO
PR0832,EC0095,EC0116,DISTINCT,DISTINCT,,,FALSE,DIFFERENT,DIFFERENT(SPEECH_ACT/PURPOSE_ATTRIBUTION),DIFFERENT_OR_UNTAGGED,SAME(AFFIRMED),NONE,ONE_UNSPECIFIED,ONE_UNSPECIFIED,공유 특징은 있으나 같은 사건·쟁점 근거 없음. basis=DEFAULT,MEDIUM,NO
PR0833,EC0095,EC0121,DISTINCT,DISTINCT,,,FALSE,DIFFERENT,SAME,DIFFERENT_OR_UNTAGGED,SAME(AFFIRMED),NONE,ONE_UNSPECIFIED,ONE_UNSPECIFIED,공유 특징은 있으나 같은 사건·쟁점 근거 없음. basis=DEFAULT,MEDIUM,NO
PR0834,EC0095,EC0129,DISTINCT,DISTINCT,,,FALSE,SAME_SURFACE,SAME,DIFFERENT_OR_UNTAGGED,SAME(AFFIRMED),pair generation only used STRONGLY_SUPPORTED identity (classification does not depend on it): 풍각 김상제=김명신,ONE_UNSPECIFIED,ONE_UNSPECIFIED,공유 특징은 있으나 같은 사건·쟁점 근거 없음. basis=DEFAULT,MEDIUM,NO
PR0835,EC0095,EC0137,DISTINCT,DISTINCT,,,FALSE,DIFFERENT,DIFFERENT(SPEECH_ACT/ACTION),DIFFERENT_OR_UNTAGGED,SAME(AFFIRMED),NONE,ONE_UNSPECIFIED,ONE_UNSPECIFIED,공유 특징은 있으나 같은 사건·쟁점 근거 없음. basis=DEFAULT,MEDIUM,NO
PR0836,EC0095,EC0148,SAME_ISSUE_DIFFERENT_CLAIM+COMPATIBLE_CLAIMS,SAME_ISSUE_DIFFERENT_CLAIM,COMPATIBLE_CLAIMS,,FALSE,DIFFERENT,DIFFERENT(SPEECH_ACT/ACTION),SAME_ISSUE,SAME(AFFIRMED),NONE,ONE_UNSPECIFIED,ONE_UNSPECIFIED,basis=ISSUE:JISE_ORIGIN(SELFNAME~PRIOR),MEDIUM,NO
PR0837,EC0095,EC0149,SAME_ISSUE_DIFFERENT_CLAIM+COMPATIBLE_CLAIMS,SAME_ISSUE_DIFFERENT_CLAIM,COMPATIBLE_CLAIMS,,FALSE,SAME_SURFACE,DIFFERENT(SPEECH_ACT/ACTION),SAME_ISSUE,OPPOSITE(AFFIRMED/NEGATED),NONE,ONE_UNSPECIFIED,ONE_UNSPECIFIED,basis=ISSUE:JISE_ORIGIN(SELFNAME~INVENT_NEG),MEDIUM,NO
PR0838,EC0096,EC0097,TEMPORALLY_RELATED_BUT_DISTINCT,TEMPORALLY_RELATED_BUT_DISTINCT,,,FALSE,DIFFERENT,DIFFERENT(ORDER/ACTION),UNTAGGED,SAME(AFFIRMED),pair generation only used STRONGLY_SUPPORTED identity (classification does not depend on it): 병사=이광섭,SAME,BOTH_UNSPECIFIED,같은 서술 흐름 안의 다른 단계. 시간 edge는 만들지 않음. basis=CHAIN:KIM_CUSTODY(1~3),MEDIUM,NO
PR0839,EC0096,EC0098,TEMPORALLY_RELATED_BUT_DISTINCT,TEMPORALLY_RELATED_BUT_DISTINCT,,,FALSE,DIFFERENT,DIFFERENT(ORDER/ACTION),UNTAGGED,SAME(AFFIRMED),NONE,SAME,ONE_UNSPECIFIED,같은 서술 흐름 안의 다른 단계. 시간 edge는 만들지 않음. basis=CHAIN:KIM_CUSTODY(1~2),MEDIUM,NO
PR0840,EC0096,EC0099,TEMPORALLY_RELATED_BUT_DISTINCT,TEMPORALLY_RELATED_BUT_DISTINCT,,,FALSE,DIFFERENT,DIFFERENT(ORDER/SPEECH_ACT),UNTAGGED,SAME(AFFIRMED),NONE,SAME,BOTH_UNSPECIFIED,같은 서술 흐름 안의 다른 단계. 시간 edge는 만들지 않음. basis=CHAIN:KIM_CUSTODY(1~2.1),MEDIUM,NO
PR0841,EC0096,EC0100,TEMPORALLY_RELATED_BUT_DISTINCT,TEMPORALLY_RELATED_BUT_DISTINCT,,,FALSE,DIFFERENT,DIFFERENT(ORDER/SPEECH_ACT),UNTAGGED,SAME(AFFIRMED),pair generation only used STRONGLY_SUPPORTED identity (classification does not depend on it): 풍각의 상주=김명신,SAME,BOTH_UNSPECIFIED,같은 서술 흐름 안의 다른 단계. 시간 edge는 만들지 않음. basis=CHAIN:KIM_CUSTODY(1~2.2),MEDIUM,NO
PR0842,EC0096,EC0101,TEMPORALLY_RELATED_BUT_DISTINCT,TEMPORALLY_RELATED_BUT_DISTINCT,,,FALSE,DIFFERENT,DIFFERENT(ORDER/SPEECH_ACT),UNTAGGED,SAME(AFFIRMED),NONE,SAME,BOTH_UNSPECIFIED,같은 서술 흐름 안의 다른 단계. 시간 edge는 만들지 않음. basis=CHAIN:KIM_CUSTODY(1~2.3),MEDIUM,NO
PR0843,EC0096,EC0102,TEMPORALLY_RELATED_BUT_DISTINCT,TEMPORALLY_RELATED_BUT_DISTINCT,,,FALSE,DIFFERENT,DIFFERENT(ORDER/ACTION),UNTAGGED,SAME(AFFIRMED),NONE,SAME,BOTH_UNSPECIFIED,같은 서술 흐름 안의 다른 단계. 시간 edge는 만들지 않음. basis=CHAIN:KIM_CUSTODY(1~2.4),MEDIUM,NO
PR0844,EC0097,EC0098,TEMPORALLY_RELATED_BUT_DISTINCT,TEMPORALLY_RELATED_BUT_DISTINCT,,,FALSE,DIFFERENT,SAME,UNTAGGED,SAME(AFFIRMED),pair generation only used STRONGLY_SUPPORTED identity (classification does not depend on it): 병사=이광섭,SAME,ONE_UNSPECIFIED,같은 서술 흐름 안의 다른 단계. 시간 edge는 만들지 않음. basis=CHAIN:KIM_CUSTODY(3~2),MEDIUM,NO
PR0845,EC0097,EC0099,TEMPORALLY_RELATED_BUT_DISTINCT,TEMPORALLY_RELATED_BUT_DISTINCT,,,FALSE,DIFFERENT,DIFFERENT(ACTION/SPEECH_ACT),UNTAGGED,SAME(AFFIRMED),NONE,SAME,BOTH_UNSPECIFIED,같은 서술 흐름 안의 다른 단계. 시간 edge는 만들지 않음. basis=CHAIN:KIM_CUSTODY(3~2.1),MEDIUM,NO
PR0846,EC0097,EC0100,TEMPORALLY_RELATED_BUT_DISTINCT,TEMPORALLY_RELATED_BUT_DISTINCT,,,FALSE,DIFFERENT,DIFFERENT(ACTION/SPEECH_ACT),UNTAGGED,SAME(AFFIRMED),"pair generation only used STRONGLY_SUPPORTED identity (classification does not depend on it): 병사=이광섭, 풍각의 상주=김명신",SAME,BOTH_UNSPECIFIED,같은 서술 흐름 안의 다른 단계. 시간 edge는 만들지 않음. basis=CHAIN:KIM_CUSTODY(3~2.2),MEDIUM,NO
PR0847,EC0097,EC0101,TEMPORALLY_RELATED_BUT_DISTINCT,TEMPORALLY_RELATED_BUT_DISTINCT,,,FALSE,DIFFERENT,DIFFERENT(ACTION/SPEECH_ACT),UNTAGGED,SAME(AFFIRMED),NONE,SAME,BOTH_UNSPECIFIED,같은 서술 흐름 안의 다른 단계. 시간 edge는 만들지 않음. basis=CHAIN:KIM_CUSTODY(3~2.3),MEDIUM,NO
PR0848,EC0097,EC0102,TEMPORALLY_RELATED_BUT_DISTINCT,TEMPORALLY_RELATED_BUT_DISTINCT,,,FALSE,DIFFERENT,SAME,UNTAGGED,SAME(AFFIRMED),NONE,SAME,BOTH_UNSPECIFIED,같은 서술 흐름 안의 다른 단계. 시간 edge는 만들지 않음. basis=CHAIN:KIM_CUSTODY(3~2.4),MEDIUM,NO
PR0849,EC0097,EC0104,DISTINCT,DISTINCT,,,FALSE,DIFFERENT,SAME,UNTAGGED,SAME(AFFIRMED),NONE,ONE_UNSPECIFIED,BOTH_UNSPECIFIED,공유 특징은 있으나 같은 사건·쟁점 근거 없음. basis=DEFAULT,MEDIUM,NO
PR0850,EC0098,EC0099,TEMPORALLY_RELATED_BUT_DISTINCT,TEMPORALLY_RELATED_BUT_DISTINCT,,,FALSE,DIFFERENT,DIFFERENT(ACTION/SPEECH_ACT),UNTAGGED,SAME(AFFIRMED),NONE,SAME,ONE_UNSPECIFIED,같은 서술 흐름 안의 다른 단계. 시간 edge는 만들지 않음. basis=CHAIN:KIM_CUSTODY(2~2.1),MEDIUM,NO
PR0851,EC0098,EC0100,TEMPORALLY_RELATED_BUT_DISTINCT,TEMPORALLY_RELATED_BUT_DISTINCT,,,FALSE,SAME_SURFACE,DIFFERENT(ACTION/SPEECH_ACT),UNTAGGED,SAME(AFFIRMED),pair generation only used STRONGLY_SUPPORTED identity (classification does not depend on it): 풍각의 상주=김명신,SAME,ONE_UNSPECIFIED,같은 서술 흐름 안의 다른 단계. 시간 edge는 만들지 않음. basis=CHAIN:KIM_CUSTODY(2~2.2),MEDIUM,NO
PR0852,EC0098,EC0101,TEMPORALLY_RELATED_BUT_DISTINCT,TEMPORALLY_RELATED_BUT_DISTINCT,,,FALSE,DIFFERENT,DIFFERENT(ACTION/SPEECH_ACT),UNTAGGED,SAME(AFFIRMED),NONE,SAME,ONE_UNSPECIFIED,같은 서술 흐름 안의 다른 단계. 시간 edge는 만들지 않음. basis=CHAIN:KIM_CUSTODY(2~2.3),MEDIUM,NO
PR0853,EC0098,EC0102,TEMPORALLY_RELATED_BUT_DISTINCT,TEMPORALLY_RELATED_BUT_DISTINCT,,,FALSE,DIFFERENT,SAME,UNTAGGED,SAME(AFFIRMED),NONE,SAME,ONE_UNSPECIFIED,같은 서술 흐름 안의 다른 단계. 시간 edge는 만들지 않음. basis=CHAIN:KIM_CUSTODY(2~2.4),MEDIUM,NO
PR0854,EC0099,EC0100,TEMPORALLY_RELATED_BUT_DISTINCT,TEMPORALLY_RELATED_BUT_DISTINCT,,,FALSE,DIFFERENT,SAME,UNTAGGED,SAME(AFFIRMED),NONE,SAME,BOTH_UNSPECIFIED,같은 서술 흐름 안의 다른 단계. 시간 edge는 만들지 않음. basis=CHAIN:KIM_CUSTODY(2.1~2.2),MEDIUM,NO
PR0855,EC0099,EC0101,TEMPORALLY_RELATED_BUT_DISTINCT,TEMPORALLY_RELATED_BUT_DISTINCT,,,FALSE,SAME_SURFACE,SAME,UNTAGGED,SAME(AFFIRMED),NONE,SAME,BOTH_UNSPECIFIED,같은 서술 흐름 안의 다른 단계. 시간 edge는 만들지 않음. basis=CHAIN:KIM_CUSTODY(2.1~2.3),MEDIUM,NO
PR0856,EC0099,EC0102,TEMPORALLY_RELATED_BUT_DISTINCT,TEMPORALLY_RELATED_BUT_DISTINCT,,,FALSE,SAME_SURFACE,DIFFERENT(SPEECH_ACT/ACTION),UNTAGGED,SAME(AFFIRMED),NONE,SAME,BOTH_UNSPECIFIED,같은 서술 흐름 안의 다른 단계. 시간 edge는 만들지 않음. basis=CHAIN:KIM_CUSTODY(2.1~2.4),MEDIUM,NO
PR0857,EC0099,EC0129,DISTINCT,DISTINCT,,,FALSE,SAME_SURFACE,SAME,DIFFERENT_OR_UNTAGGED,SAME(AFFIRMED),pair generation only used STRONGLY_SUPPORTED identity (classification does not depend on it): 풍각 김상제=김명신,ONE_UNSPECIFIED,BOTH_UNSPECIFIED,공유 특징은 있으나 같은 사건·쟁점 근거 없음. basis=DEFAULT,MEDIUM,NO
PR0858,EC0100,EC0101,TEMPORALLY_RELATED_BUT_DISTINCT,TEMPORALLY_RELATED_BUT_DISTINCT,,,FALSE,DIFFERENT,SAME,UNTAGGED,SAME(AFFIRMED),NONE,SAME,BOTH_UNSPECIFIED,같은 서술 흐름 안의 다른 단계. 시간 edge는 만들지 않음. basis=CHAIN:KIM_CUSTODY(2.2~2.3),MEDIUM,NO
PR0859,EC0100,EC0102,TEMPORALLY_RELATED_BUT_DISTINCT,TEMPORALLY_RELATED_BUT_DISTINCT,,,FALSE,DIFFERENT,DIFFERENT(SPEECH_ACT/ACTION),UNTAGGED,SAME(AFFIRMED),NONE,SAME,BOTH_UNSPECIFIED,같은 서술 흐름 안의 다른 단계. 시간 edge는 만들지 않음. basis=CHAIN:KIM_CUSTODY(2.2~2.4),MEDIUM,NO
PR0860,EC0100,EC0125,DISTINCT,DISTINCT,,,FALSE,DIFFERENT,SAME,DIFFERENT_OR_UNTAGGED,SAME(AFFIRMED),NONE,ONE_UNSPECIFIED,BOTH_UNSPECIFIED,공유 특징은 있으나 같은 사건·쟁점 근거 없음. basis=DEFAULT,MEDIUM,NO
PR0861,EC0101,EC0102,TEMPORALLY_RELATED_BUT_DISTINCT,TEMPORALLY_RELATED_BUT_DISTINCT,,,FALSE,SAME_SURFACE,DIFFERENT(SPEECH_ACT/ACTION),UNTAGGED,SAME(AFFIRMED),NONE,SAME,BOTH_UNSPECIFIED,같은 서술 흐름 안의 다른 단계. 시간 edge는 만들지 않음. basis=CHAIN:KIM_CUSTODY(2.3~2.4),MEDIUM,NO
PR0862,EC0101,EC0105,DISTINCT,DISTINCT,,,FALSE,DIFFERENT,DIFFERENT(SPEECH_ACT/ACTION),UNTAGGED,SAME(AFFIRMED),NONE,ONE_UNSPECIFIED,ONE_UNSPECIFIED,공유 특징은 있으나 같은 사건·쟁점 근거 없음. basis=DEFAULT,MEDIUM,NO
PR0863,EC0101,EC0109,DISTINCT,DISTINCT,,,FALSE,DIFFERENT,SAME,DIFFERENT_OR_UNTAGGED,SAME(AFFIRMED),NONE,ONE_UNSPECIFIED,BOTH_UNSPECIFIED,공유 특징은 있으나 같은 사건·쟁점 근거 없음. basis=DEFAULT,MEDIUM,NO
PR0864,EC0101,EC0116,DISTINCT,DISTINCT,,,FALSE,DIFFERENT,DIFFERENT(SPEECH_ACT/PURPOSE_ATTRIBUTION),UNTAGGED,SAME(AFFIRMED),NONE,ONE_UNSPECIFIED,BOTH_UNSPECIFIED,공유 특징은 있으나 같은 사건·쟁점 근거 없음. basis=DEFAULT,MEDIUM,NO
PR0865,EC0101,EC0121,DISTINCT,DISTINCT,,,FALSE,DIFFERENT,SAME,DIFFERENT_OR_UNTAGGED,SAME(AFFIRMED),NONE,ONE_UNSPECIFIED,BOTH_UNSPECIFIED,공유 특징은 있으나 같은 사건·쟁점 근거 없음. basis=DEFAULT,MEDIUM,NO
PR0866,EC0101,EC0129,DISTINCT,DISTINCT,,,FALSE,SAME_SURFACE,SAME,DIFFERENT_OR_UNTAGGED,SAME(AFFIRMED),pair generation only used STRONGLY_SUPPORTED identity (classification does not depend on it): 풍각 김상제=김명신,ONE_UNSPECIFIED,BOTH_UNSPECIFIED,공유 특징은 있으나 같은 사건·쟁점 근거 없음. basis=DEFAULT,MEDIUM,NO
PR0867,EC0101,EC0137,DISTINCT,DISTINCT,,,FALSE,DIFFERENT,DIFFERENT(SPEECH_ACT/ACTION),DIFFERENT_OR_UNTAGGED,SAME(AFFIRMED),NONE,ONE_UNSPECIFIED,BOTH_UNSPECIFIED,공유 특징은 있으나 같은 사건·쟁점 근거 없음. basis=DEFAULT,MEDIUM,NO
PR0868,EC0102,EC0133,DISTINCT,DISTINCT,,,FALSE,SAME_SURFACE,SAME,DIFFERENT_OR_UNTAGGED,SAME(AFFIRMED),pair generation only used STRONGLY_SUPPORTED identity (classification does not depend on it): 병사=이광섭,ONE_UNSPECIFIED,BOTH_UNSPECIFIED,공유 특징은 있으나 같은 사건·쟁점 근거 없음. basis=DEFAULT,MEDIUM,NO
PR0869,EC0102,EC0149,DISTINCT,DISTINCT,,,FALSE,SAME_SURFACE,SAME,DIFFERENT_OR_UNTAGGED,OPPOSITE(AFFIRMED/NEGATED),pair generation only used STRONGLY_SUPPORTED identity (classification does not depend on it): 병사=이광섭,ONE_UNSPECIFIED,BOTH_UNSPECIFIED,공유 특징은 있으나 같은 사건·쟁점 근거 없음. basis=DEFAULT,MEDIUM,NO
PR0870,EC0104,EC0105,TEMPORALLY_RELATED_BUT_DISTINCT,TEMPORALLY_RELATED_BUT_DISTINCT,,,FALSE,SAME_ENTITY,SAME,UNTAGGED,SAME(AFFIRMED),NONE,BOTH_UNSPECIFIED,ONE_UNSPECIFIED,같은 서술 흐름 안의 다른 단계. 시간 edge는 만들지 않음. basis=CHAIN:JAMIDEOK_CUSTODY(5~7),MEDIUM,NO
PR0871,EC0104,EC0108,TEMPORALLY_RELATED_BUT_DISTINCT,TEMPORALLY_RELATED_BUT_DISTINCT,,,FALSE,DIFFERENT,DIFFERENT(ACTION/SPEECH_ACT),DIFFERENT_OR_UNTAGGED,SAME(AFFIRMED),pair generation only used STRONGLY_SUPPORTED identity (classification does not depend on it): 재돌=변재돌,BOTH_UNSPECIFIED,BOTH_UNSPECIFIED,같은 서술 흐름 안의 다른 단계. 시간 edge는 만들지 않음. basis=CHAIN:JAMIDEOK_CUSTODY(5~9.1),MEDIUM,NO
PR0872,EC0105,EC0106,TEMPORALLY_RELATED_BUT_DISTINCT,TEMPORALLY_RELATED_BUT_DISTINCT,,,FALSE,DIFFERENT,DIFFERENT(ACTION/STATE),UNTAGGED,SAME(AFFIRMED),NONE,BOTH_UNSPECIFIED; relative(- / 신문 뒤),DIFFERENT(병영 / 비장청 다모방),같은 서술 흐름 안의 다른 단계. 시간 edge는 만들지 않음. basis=CHAIN:JAMIDEOK_CUSTODY(7~8),MEDIUM,NO
PR0873,EC0105,EC0109,TEMPORALLY_RELATED_BUT_DISTINCT,TEMPORALLY_RELATED_BUT_DISTINCT,,,FALSE,DIFFERENT,DIFFERENT(ACTION/SPEECH_ACT),DIFFERENT_OR_UNTAGGED,SAME(AFFIRMED),NONE,BOTH_UNSPECIFIED,ONE_UNSPECIFIED,같은 서술 흐름 안의 다른 단계. 시간 edge는 만들지 않음. basis=CHAIN:JAMIDEOK_CUSTODY(7~9.2),MEDIUM,NO
PR0874,EC0105,EC0116,DISTINCT,DISTINCT,,,FALSE,DIFFERENT,DIFFERENT(ACTION/PURPOSE_ATTRIBUTION),UNTAGGED,SAME(AFFIRMED),NONE,BOTH_UNSPECIFIED,ONE_UNSPECIFIED,공유 특징은 있으나 같은 사건·쟁점 근거 없음. basis=DEFAULT,MEDIUM,NO
PR0875,EC0105,EC0121,DISTINCT,DISTINCT,,,FALSE,DIFFERENT,DIFFERENT(ACTION/SPEECH_ACT),DIFFERENT_OR_UNTAGGED,SAME(AFFIRMED),NONE,BOTH_UNSPECIFIED,ONE_UNSPECIFIED,공유 특징은 있으나 같은 사건·쟁점 근거 없음. basis=DEFAULT,MEDIUM,NO
PR0876,EC0105,EC0122,DISTINCT,DISTINCT,,,FALSE,DIFFERENT,DIFFERENT(ACTION/SPEECH_ACT),DIFFERENT_OR_UNTAGGED,SAME(AFFIRMED),NONE,BOTH_UNSPECIFIED,ONE_UNSPECIFIED,공유 특징은 있으나 같은 사건·쟁점 근거 없음. basis=DEFAULT,MEDIUM,NO
PR0877,EC0105,EC0123,DISTINCT,DISTINCT,,,FALSE,DIFFERENT,SAME,DIFFERENT_OR_UNTAGGED,SAME(AFFIRMED),NONE,BOTH_UNSPECIFIED,ONE_UNSPECIFIED,공유 특징은 있으나 같은 사건·쟁점 근거 없음. basis=DEFAULT,MEDIUM,NO
PR0878,EC0105,EC0124,DISTINCT,DISTINCT,,,FALSE,DIFFERENT,DIFFERENT(ACTION/CAUSE_ATTRIBUTION),DIFFERENT_OR_UNTAGGED,SAME(AFFIRMED),NONE,BOTH_UNSPECIFIED,ONE_UNSPECIFIED,공유 특징은 있으나 같은 사건·쟁점 근거 없음. basis=DEFAULT,MEDIUM,NO
PR0879,EC0105,EC0137,DISTINCT,DISTINCT,,,FALSE,DIFFERENT,SAME,DIFFERENT_OR_UNTAGGED,SAME(AFFIRMED),NONE,BOTH_UNSPECIFIED,ONE_UNSPECIFIED,공유 특징은 있으나 같은 사건·쟁점 근거 없음. basis=DEFAULT,MEDIUM,NO
PR0880,EC0106,EC0123,DISTINCT,DISTINCT,,,FALSE,DIFFERENT,DIFFERENT(STATE/ACTION),DIFFERENT_OR_UNTAGGED,SAME(AFFIRMED),NONE,BOTH_UNSPECIFIED; relative(신문 뒤 / -),ONE_UNSPECIFIED,공유 특징은 있으나 같은 사건·쟁점 근거 없음. basis=DEFAULT,MEDIUM,NO
PR0881,EC0107,EC0108,SAME_ISSUE_DIFFERENT_CLAIM+COMPATIBLE_CLAIMS,SAME_ISSUE_DIFFERENT_CLAIM,COMPATIBLE_CLAIMS,,FALSE,SAME_SURFACE,DIFFERENT(ACTION/SPEECH_ACT),SAME_ISSUE,SAME(AFFIRMED),NONE,BOTH_UNSPECIFIED; relative(그 후 / -),BOTH_UNSPECIFIED,같은 쟁점의 서로 다른 claim으로 상충 근거 없음. basis=ISSUE:COACHING(HB_CONTACT~HB_PRESSURE),LOW,NO
PR0882,EC0107,EC0109,SAME_ISSUE_DIFFERENT_CLAIM+COMPATIBLE_CLAIMS,SAME_ISSUE_DIFFERENT_CLAIM,COMPATIBLE_CLAIMS,,FALSE,SAME_SURFACE,DIFFERENT(ACTION/SPEECH_ACT),SAME_ISSUE,SAME(AFFIRMED),NONE,BOTH_UNSPECIFIED; relative(그 후 / -),BOTH_UNSPECIFIED,같은 쟁점의 서로 다른 claim으로 상충 근거 없음. basis=ISSUE:COACHING(HB_CONTACT~HB_OFFER),LOW,NO
PR0883,EC0107,EC0110,SAME_ISSUE_DIFFERENT_CLAIM+COMPATIBLE_CLAIMS,SAME_ISSUE_DIFFERENT_CLAIM,COMPATIBLE_CLAIMS,,FALSE,SAME_SURFACE,DIFFERENT(ACTION/SPEECH_ACT),SAME_ISSUE,SAME(AFFIRMED),NONE,BOTH_UNSPECIFIED; relative(그 후 / -),BOTH_UNSPECIFIED,같은 쟁점의 서로 다른 claim으로 상충 근거 없음. basis=ISSUE:COACHING(HB_CONTACT~HB_OFFER),LOW,NO
PR0884,EC0107,EC0111,SAME_ISSUE_DIFFERENT_CLAIM+COMPATIBLE_CLAIMS,SAME_ISSUE_DIFFERENT_CLAIM,COMPATIBLE_CLAIMS,,FALSE,SAME_SURFACE,SAME,SAME_ISSUE,SAME(AFFIRMED),NONE,BOTH_UNSPECIFIED; relative(그 후 / -),BOTH_UNSPECIFIED,같은 쟁점의 서로 다른 claim으로 상충 근거 없음. basis=ISSUE:COACHING(HB_CONTACT~HB_CONTACT),LOW,NO
PR0885,EC0107,EC0113,SAME_ISSUE_DIFFERENT_CLAIM+COMPATIBLE_CLAIMS,SAME_ISSUE_DIFFERENT_CLAIM,COMPATIBLE_CLAIMS,,FALSE,DIFFERENT,DIFFERENT(ACTION/SPEECH_ACT),SAME_ISSUE,SAME(AFFIRMED),NONE,BOTH_UNSPECIFIED; relative(그 후 / -),BOTH_UNSPECIFIED,같은 쟁점의 서로 다른 claim으로 상충 근거 없음. basis=ISSUE:COACHING(HB_CONTACT~SELF_LIE),LOW,NO
PR0886,EC0107,EC0114,SAME_ISSUE_DIFFERENT_CLAIM+COMPATIBLE_CLAIMS,SAME_ISSUE_DIFFERENT_CLAIM,COMPATIBLE_CLAIMS,,FALSE,SAME_SURFACE,SAME,SAME_ISSUE,SAME(AFFIRMED),NONE,BOTH_UNSPECIFIED; relative(그 후 / -),BOTH_UNSPECIFIED,같은 쟁점의 서로 다른 claim으로 상충 근거 없음. basis=ISSUE:COACHING(HB_CONTACT~HB_DIRECT),LOW,NO
PR0887,EC0107,EC0119,SAME_ISSUE_DIFFERENT_CLAIM+REVIEW_REQUIRED,SAME_ISSUE_DIFFERENT_CLAIM,REVIEW_REQUIRED,SAME_OCCURRENCE_IF_IDENTITY_HOLDS,FALSE,DIFFERENT,SAME,SAME_ISSUE,SAME(AFFIRMED),한 비장=한재욱 (CANDIDATE),BOTH_UNSPECIFIED; relative(그 후 / -),BOTH_UNSPECIFIED,basis=ISSUE:COACHING(HB_CONTACT~HAN_ADMIT_ROOM),LOW,YES
PR0888,EC0107,EC0120,SAME_ISSUE_DIFFERENT_CLAIM+REVIEW_REQUIRED,SAME_ISSUE_DIFFERENT_CLAIM,REVIEW_REQUIRED,SAME_OCCURRENCE_IF_IDENTITY_HOLDS,FALSE,DIFFERENT,SAME,SAME_ISSUE,SAME(AFFIRMED),한 비장=한재욱 (CANDIDATE),BOTH_UNSPECIFIED; relative(그 후 / -),BOTH_UNSPECIFIED,basis=ISSUE:COACHING(HB_CONTACT~HAN_ADMIT_FOOD),LOW,YES
PR0889,EC0107,EC0126,SAME_ISSUE_DIFFERENT_CLAIM+COMPATIBLE_CLAIMS,SAME_ISSUE_DIFFERENT_CLAIM,COMPATIBLE_CLAIMS,,FALSE,DIFFERENT,SAME,SAME_ISSUE,OPPOSITE(AFFIRMED/NEGATED),한 비장=한재욱 (CANDIDATE),BOTH_UNSPECIFIED; relative(그 후 / -),BOTH_UNSPECIFIED,방으로 부르거나 음식을 준 일은 사주 부인과 양립. basis=ISSUE:COACHING(HB_CONTACT~HAN_DENY),LOW,YES
PR0890,EC0108,EC0109,SAME_ISSUE_DIFFERENT_CLAIM+COMPATIBLE_CLAIMS,SAME_ISSUE_DIFFERENT_CLAIM,COMPATIBLE_CLAIMS,,FALSE,SAME_SURFACE,SAME,SAME_ISSUE,SAME(AFFIRMED),pair generation only used STRONGLY_SUPPORTED identity (classification does not depend on it): 재돌=변재돌,BOTH_UNSPECIFIED,BOTH_UNSPECIFIED,같은 쟁점의 서로 다른 claim으로 상충 근거 없음. basis=ISSUE:COACHING(HB_PRESSURE~HB_OFFER),LOW,NO
PR0891,EC0108,EC0110,SAME_ISSUE_DIFFERENT_CLAIM+COMPATIBLE_CLAIMS,SAME_ISSUE_DIFFERENT_CLAIM,COMPATIBLE_CLAIMS,,FALSE,SAME_SURFACE,SAME,SAME_ISSUE,SAME(AFFIRMED),pair generation only used STRONGLY_SUPPORTED identity (classification does not depend on it): 재돌=변재돌,BOTH_UNSPECIFIED,BOTH_UNSPECIFIED,같은 쟁점의 서로 다른 claim으로 상충 근거 없음. basis=ISSUE:COACHING(HB_PRESSURE~HB_OFFER),LOW,NO
PR0892,EC0108,EC0111,SAME_ISSUE_DIFFERENT_CLAIM+COMPATIBLE_CLAIMS,SAME_ISSUE_DIFFERENT_CLAIM,COMPATIBLE_CLAIMS,,FALSE,SAME_SURFACE,DIFFERENT(SPEECH_ACT/ACTION),SAME_ISSUE,SAME(AFFIRMED),NONE,BOTH_UNSPECIFIED,BOTH_UNSPECIFIED,같은 쟁점의 서로 다른 claim으로 상충 근거 없음. basis=ISSUE:COACHING(HB_PRESSURE~HB_CONTACT),LOW,NO
PR0893,EC0108,EC0113,SAME_ISSUE_DIFFERENT_CLAIM+COMPATIBLE_CLAIMS,SAME_ISSUE_DIFFERENT_CLAIM,COMPATIBLE_CLAIMS,,FALSE,DIFFERENT,SAME,SAME_ISSUE,SAME(AFFIRMED),NONE,BOTH_UNSPECIFIED,BOTH_UNSPECIFIED,같은 쟁점의 서로 다른 claim으로 상충 근거 없음. basis=ISSUE:COACHING(HB_PRESSURE~SELF_LIE),LOW,NO
PR0894,EC0108,EC0114,SAME_ISSUE_DIFFERENT_CLAIM+COMPATIBLE_CLAIMS,SAME_ISSUE_DIFFERENT_CLAIM,COMPATIBLE_CLAIMS,,FALSE,SAME_SURFACE,DIFFERENT(SPEECH_ACT/ACTION),SAME_ISSUE,SAME(AFFIRMED),NONE,BOTH_UNSPECIFIED,BOTH_UNSPECIFIED,같은 쟁점의 서로 다른 claim으로 상충 근거 없음. basis=ISSUE:COACHING(HB_PRESSURE~HB_DIRECT),LOW,NO
PR0895,EC0108,EC0119,SAME_ISSUE_DIFFERENT_CLAIM+COMPATIBLE_CLAIMS,SAME_ISSUE_DIFFERENT_CLAIM,COMPATIBLE_CLAIMS,,FALSE,DIFFERENT,DIFFERENT(SPEECH_ACT/ACTION),SAME_ISSUE,SAME(AFFIRMED),NONE,BOTH_UNSPECIFIED,BOTH_UNSPECIFIED,같은 쟁점의 서로 다른 claim으로 상충 근거 없음. basis=ISSUE:COACHING(HB_PRESSURE~HAN_ADMIT_ROOM),LOW,NO
PR0896,EC0108,EC0120,SAME_ISSUE_DIFFERENT_CLAIM+COMPATIBLE_CLAIMS,SAME_ISSUE_DIFFERENT_CLAIM,COMPATIBLE_CLAIMS,,FALSE,DIFFERENT,DIFFERENT(SPEECH_ACT/ACTION),SAME_ISSUE,SAME(AFFIRMED),NONE,BOTH_UNSPECIFIED,BOTH_UNSPECIFIED,같은 쟁점의 서로 다른 claim으로 상충 근거 없음. basis=ISSUE:COACHING(HB_PRESSURE~HAN_ADMIT_FOOD),LOW,NO
PR0897,EC0108,EC0126,SAME_ISSUE_DIFFERENT_CLAIM+REVIEW_REQUIRED,SAME_ISSUE_DIFFERENT_CLAIM,REVIEW_REQUIRED,CONFLICT_IF_IDENTITY_HOLDS,FALSE,DIFFERENT,DIFFERENT(SPEECH_ACT/ACTION),SAME_ISSUE,OPPOSITE(AFFIRMED/NEGATED),한 비장=한재욱 (CANDIDATE),BOTH_UNSPECIFIED,BOTH_UNSPECIFIED,basis=ISSUE:COACHING(HB_PRESSURE~HAN_DENY),LOW,YES
PR0898,EC0109,EC0110,SAME_UTTERANCE_COMPONENT+COMPATIBLE_CLAIMS,SAME_UTTERANCE_COMPONENT,COMPATIBLE_CLAIMS,,TRUE,SAME_SURFACE,SAME,SAME_ISSUE,SAME(AFFIRMED),NONE,BOTH_UNSPECIFIED,BOTH_UNSPECIFIED,같은 쟁점의 서로 다른 claim으로 상충 근거 없음. basis=ISSUE:COACHING(HB_OFFER~HB_OFFER)+SHARED_UTTERANCE_GROUP SAME_PARENT_PROPOSITION=P0081,LOW,NO
PR0899,EC0109,EC0111,SAME_ISSUE_DIFFERENT_CLAIM+COMPATIBLE_CLAIMS,SAME_ISSUE_DIFFERENT_CLAIM,COMPATIBLE_CLAIMS,,FALSE,SAME_SURFACE,DIFFERENT(SPEECH_ACT/ACTION),SAME_ISSUE,SAME(AFFIRMED),NONE,BOTH_UNSPECIFIED,BOTH_UNSPECIFIED,같은 쟁점의 서로 다른 claim으로 상충 근거 없음. basis=ISSUE:COACHING(HB_OFFER~HB_CONTACT),LOW,NO
PR0900,EC0109,EC0113,SAME_ISSUE_DIFFERENT_CLAIM+COMPATIBLE_CLAIMS,SAME_ISSUE_DIFFERENT_CLAIM,COMPATIBLE_CLAIMS,,FALSE,DIFFERENT,SAME,SAME_ISSUE,SAME(AFFIRMED),NONE,BOTH_UNSPECIFIED,BOTH_UNSPECIFIED,같은 쟁점의 서로 다른 claim으로 상충 근거 없음. basis=ISSUE:COACHING(HB_OFFER~SELF_LIE),LOW,NO
PR0901,EC0109,EC0114,SAME_ISSUE_DIFFERENT_CLAIM+COMPATIBLE_CLAIMS,SAME_ISSUE_DIFFERENT_CLAIM,COMPATIBLE_CLAIMS,,FALSE,SAME_SURFACE,DIFFERENT(SPEECH_ACT/ACTION),SAME_ISSUE,SAME(AFFIRMED),NONE,BOTH_UNSPECIFIED,BOTH_UNSPECIFIED,같은 쟁점의 서로 다른 claim으로 상충 근거 없음. basis=ISSUE:COACHING(HB_OFFER~HB_DIRECT),LOW,NO
PR0902,EC0109,EC0116,DISTINCT,DISTINCT,,,FALSE,DIFFERENT,DIFFERENT(SPEECH_ACT/PURPOSE_ATTRIBUTION),DIFFERENT_OR_UNTAGGED,SAME(AFFIRMED),NONE,BOTH_UNSPECIFIED,BOTH_UNSPECIFIED,공유 특징은 있으나 같은 사건·쟁점 근거 없음. basis=DEFAULT,MEDIUM,NO
PR0903,EC0109,EC0119,SAME_ISSUE_DIFFERENT_CLAIM+COMPATIBLE_CLAIMS,SAME_ISSUE_DIFFERENT_CLAIM,COMPATIBLE_CLAIMS,,FALSE,DIFFERENT,DIFFERENT(SPEECH_ACT/ACTION),SAME_ISSUE,SAME(AFFIRMED),NONE,BOTH_UNSPECIFIED,BOTH_UNSPECIFIED,같은 쟁점의 서로 다른 claim으로 상충 근거 없음. basis=ISSUE:COACHING(HB_OFFER~HAN_ADMIT_ROOM),LOW,NO
PR0904,EC0109,EC0120,SAME_ISSUE_DIFFERENT_CLAIM+COMPATIBLE_CLAIMS,SAME_ISSUE_DIFFERENT_CLAIM,COMPATIBLE_CLAIMS,,FALSE,DIFFERENT,DIFFERENT(SPEECH_ACT/ACTION),SAME_ISSUE,SAME(AFFIRMED),NONE,BOTH_UNSPECIFIED,BOTH_UNSPECIFIED,같은 쟁점의 서로 다른 claim으로 상충 근거 없음. basis=ISSUE:COACHING(HB_OFFER~HAN_ADMIT_FOOD),LOW,NO
PR0905,EC0109,EC0121,DISTINCT,DISTINCT,,,FALSE,DIFFERENT,SAME,DIFFERENT_OR_UNTAGGED,SAME(AFFIRMED),NONE,BOTH_UNSPECIFIED,BOTH_UNSPECIFIED,공유 특징은 있으나 같은 사건·쟁점 근거 없음. basis=DEFAULT,MEDIUM,NO
PR0906,EC0109,EC0126,SAME_ISSUE_DIFFERENT_CLAIM+REVIEW_REQUIRED,SAME_ISSUE_DIFFERENT_CLAIM,REVIEW_REQUIRED,CONFLICT_IF_IDENTITY_HOLDS,FALSE,DIFFERENT,DIFFERENT(SPEECH_ACT/ACTION),SAME_ISSUE,OPPOSITE(AFFIRMED/NEGATED),한 비장=한재욱 (CANDIDATE),BOTH_UNSPECIFIED,BOTH_UNSPECIFIED,자미덕이 말한 한 비장의 조건문 vs 한재욱의 은밀한 사주 부인. basis=ISSUE:COACHING(HB_OFFER~HAN_DENY),LOW,YES
PR0907,EC0109,EC0137,DISTINCT,DISTINCT,,,FALSE,DIFFERENT,DIFFERENT(SPEECH_ACT/ACTION),DIFFERENT_OR_UNTAGGED,SAME(AFFIRMED),NONE,BOTH_UNSPECIFIED,BOTH_UNSPECIFIED,공유 특징은 있으나 같은 사건·쟁점 근거 없음. basis=DEFAULT,MEDIUM,NO
PR0908,EC0110,EC0111,SAME_ISSUE_DIFFERENT_CLAIM+COMPATIBLE_CLAIMS,SAME_ISSUE_DIFFERENT_CLAIM,COMPATIBLE_CLAIMS,,FALSE,SAME_SURFACE,DIFFERENT(SPEECH_ACT/ACTION),SAME_ISSUE,SAME(AFFIRMED),NONE,BOTH_UNSPECIFIED,BOTH_UNSPECIFIED,같은 쟁점의 서로 다른 claim으로 상충 근거 없음. basis=ISSUE:COACHING(HB_OFFER~HB_CONTACT),LOW,NO
PR0909,EC0110,EC0113,SAME_ISSUE_DIFFERENT_CLAIM+COMPATIBLE_CLAIMS,SAME_ISSUE_DIFFERENT_CLAIM,COMPATIBLE_CLAIMS,,FALSE,DIFFERENT,SAME,SAME_ISSUE,SAME(AFFIRMED),NONE,BOTH_UNSPECIFIED,BOTH_UNSPECIFIED,같은 쟁점의 서로 다른 claim으로 상충 근거 없음. basis=ISSUE:COACHING(HB_OFFER~SELF_LIE),LOW,NO
PR0910,EC0110,EC0114,SAME_ISSUE_DIFFERENT_CLAIM+COMPATIBLE_CLAIMS,SAME_ISSUE_DIFFERENT_CLAIM,COMPATIBLE_CLAIMS,,FALSE,SAME_SURFACE,DIFFERENT(SPEECH_ACT/ACTION),SAME_ISSUE,SAME(AFFIRMED),NONE,BOTH_UNSPECIFIED,BOTH_UNSPECIFIED,같은 쟁점의 서로 다른 claim으로 상충 근거 없음. basis=ISSUE:COACHING(HB_OFFER~HB_DIRECT),LOW,NO
PR0911,EC0110,EC0119,SAME_ISSUE_DIFFERENT_CLAIM+COMPATIBLE_CLAIMS,SAME_ISSUE_DIFFERENT_CLAIM,COMPATIBLE_CLAIMS,,FALSE,DIFFERENT,DIFFERENT(SPEECH_ACT/ACTION),SAME_ISSUE,SAME(AFFIRMED),NONE,BOTH_UNSPECIFIED,BOTH_UNSPECIFIED,같은 쟁점의 서로 다른 claim으로 상충 근거 없음. basis=ISSUE:COACHING(HB_OFFER~HAN_ADMIT_ROOM),LOW,NO
PR0912,EC0110,EC0120,SAME_ISSUE_DIFFERENT_CLAIM+COMPATIBLE_CLAIMS,SAME_ISSUE_DIFFERENT_CLAIM,COMPATIBLE_CLAIMS,,FALSE,DIFFERENT,DIFFERENT(SPEECH_ACT/ACTION),SAME_ISSUE,SAME(AFFIRMED),NONE,BOTH_UNSPECIFIED,BOTH_UNSPECIFIED,같은 쟁점의 서로 다른 claim으로 상충 근거 없음. basis=ISSUE:COACHING(HB_OFFER~HAN_ADMIT_FOOD),LOW,NO
PR0913,EC0110,EC0126,SAME_ISSUE_DIFFERENT_CLAIM+REVIEW_REQUIRED,SAME_ISSUE_DIFFERENT_CLAIM,REVIEW_REQUIRED,CONFLICT_IF_IDENTITY_HOLDS,FALSE,DIFFERENT,DIFFERENT(SPEECH_ACT/ACTION),SAME_ISSUE,OPPOSITE(AFFIRMED/NEGATED),한 비장=한재욱 (CANDIDATE),BOTH_UNSPECIFIED,BOTH_UNSPECIFIED,자미덕이 말한 한 비장의 조건문 vs 한재욱의 은밀한 사주 부인. basis=ISSUE:COACHING(HB_OFFER~HAN_DENY),LOW,YES
PR0914,EC0111,EC0113,SAME_ISSUE_DIFFERENT_CLAIM+COMPATIBLE_CLAIMS,SAME_ISSUE_DIFFERENT_CLAIM,COMPATIBLE_CLAIMS,,FALSE,DIFFERENT,DIFFERENT(ACTION/SPEECH_ACT),SAME_ISSUE,SAME(AFFIRMED),NONE,BOTH_UNSPECIFIED,BOTH_UNSPECIFIED,같은 쟁점의 서로 다른 claim으로 상충 근거 없음. basis=ISSUE:COACHING(HB_CONTACT~SELF_LIE),LOW,NO
PR0915,EC0111,EC0114,SAME_ISSUE_DIFFERENT_CLAIM+COMPATIBLE_CLAIMS,SAME_ISSUE_DIFFERENT_CLAIM,COMPATIBLE_CLAIMS,,FALSE,SAME_SURFACE,SAME,SAME_ISSUE,SAME(AFFIRMED),NONE,BOTH_UNSPECIFIED,BOTH_UNSPECIFIED,같은 쟁점의 서로 다른 claim으로 상충 근거 없음. basis=ISSUE:COACHING(HB_CONTACT~HB_DIRECT),LOW,NO
PR0916,EC0111,EC0119,SAME_ISSUE_DIFFERENT_CLAIM+REVIEW_REQUIRED,SAME_ISSUE_DIFFERENT_CLAIM,REVIEW_REQUIRED,SAME_OCCURRENCE_IF_IDENTITY_HOLDS,FALSE,DIFFERENT,SAME,SAME_ISSUE,SAME(AFFIRMED),한 비장=한재욱 (CANDIDATE),BOTH_UNSPECIFIED,BOTH_UNSPECIFIED,basis=ISSUE:COACHING(HB_CONTACT~HAN_ADMIT_ROOM),LOW,YES
PR0917,EC0111,EC0120,SAME_ISSUE_DIFFERENT_CLAIM+REVIEW_REQUIRED,SAME_ISSUE_DIFFERENT_CLAIM,REVIEW_REQUIRED,SAME_OCCURRENCE_IF_IDENTITY_HOLDS,FALSE,DIFFERENT,SAME,SAME_ISSUE,SAME(AFFIRMED),한 비장=한재욱 (CANDIDATE),BOTH_UNSPECIFIED,BOTH_UNSPECIFIED,basis=ISSUE:COACHING(HB_CONTACT~HAN_ADMIT_FOOD),LOW,YES
PR0918,EC0111,EC0126,SAME_ISSUE_DIFFERENT_CLAIM+COMPATIBLE_CLAIMS,SAME_ISSUE_DIFFERENT_CLAIM,COMPATIBLE_CLAIMS,,FALSE,DIFFERENT,SAME,SAME_ISSUE,OPPOSITE(AFFIRMED/NEGATED),한 비장=한재욱 (CANDIDATE),BOTH_UNSPECIFIED,BOTH_UNSPECIFIED,방으로 부르거나 음식을 준 일은 사주 부인과 양립. basis=ISSUE:COACHING(HB_CONTACT~HAN_DENY),LOW,YES
PR0919,EC0112,EC0113,TEMPORALLY_RELATED_BUT_DISTINCT,TEMPORALLY_RELATED_BUT_DISTINCT,,,FALSE,SAME_ENTITY,DIFFERENT(ACTION/SPEECH_ACT),DIFFERENT_OR_UNTAGGED,SAME(AFFIRMED),NONE,BOTH_UNSPECIFIED,BOTH_UNSPECIFIED,대질 사건과 그 대질 중의 거짓 발언(구성 사건). 같은 event로 묶지 않음. basis=PAIR_OVERRIDE,MEDIUM,NO
PR0920,EC0113,EC0114,SAME_UTTERANCE_COMPONENT+COMPATIBLE_CLAIMS,SAME_UTTERANCE_COMPONENT,COMPATIBLE_CLAIMS,,TRUE,DIFFERENT,DIFFERENT(SPEECH_ACT/ACTION),SAME_ISSUE,SAME(AFFIRMED),NONE,BOTH_UNSPECIFIED,BOTH_UNSPECIFIED,같은 쟁점의 서로 다른 claim으로 상충 근거 없음. basis=ISSUE:COACHING(SELF_LIE~HB_DIRECT)+SHARED_UTTERANCE_GROUP SAME_PARENT_PROPOSITION=P0084,LOW,NO
PR0921,EC0113,EC0119,SAME_ISSUE_DIFFERENT_CLAIM+COMPATIBLE_CLAIMS,SAME_ISSUE_DIFFERENT_CLAIM,COMPATIBLE_CLAIMS,,FALSE,DIFFERENT,DIFFERENT(SPEECH_ACT/ACTION),SAME_ISSUE,SAME(AFFIRMED),NONE,BOTH_UNSPECIFIED,BOTH_UNSPECIFIED,같은 쟁점의 서로 다른 claim으로 상충 근거 없음. basis=ISSUE:COACHING(SELF_LIE~HAN_ADMIT_ROOM),LOW,NO
PR0922,EC0113,EC0120,SAME_ISSUE_DIFFERENT_CLAIM+COMPATIBLE_CLAIMS,SAME_ISSUE_DIFFERENT_CLAIM,COMPATIBLE_CLAIMS,,FALSE,DIFFERENT,DIFFERENT(SPEECH_ACT/ACTION),SAME_ISSUE,SAME(AFFIRMED),NONE,BOTH_UNSPECIFIED,BOTH_UNSPECIFIED,같은 쟁점의 서로 다른 claim으로 상충 근거 없음. basis=ISSUE:COACHING(SELF_LIE~HAN_ADMIT_FOOD),LOW,NO
PR0923,EC0113,EC0125,DISTINCT,DISTINCT,,,FALSE,SAME_SURFACE,SAME,DIFFERENT_OR_UNTAGGED,SAME(AFFIRMED),NONE,BOTH_UNSPECIFIED,BOTH_UNSPECIFIED,공유 특징은 있으나 같은 사건·쟁점 근거 없음. basis=DEFAULT,MEDIUM,NO
PR0924,EC0113,EC0126,SAME_ISSUE_DIFFERENT_CLAIM+COMPATIBLE_CLAIMS,SAME_ISSUE_DIFFERENT_CLAIM,COMPATIBLE_CLAIMS,,FALSE,DIFFERENT,DIFFERENT(SPEECH_ACT/ACTION),SAME_ISSUE,OPPOSITE(AFFIRMED/NEGATED),NONE,BOTH_UNSPECIFIED,BOTH_UNSPECIFIED,자미덕이 거짓말했다는 것 자체는 사주 부인과 양립(지휘 귀속은 EC0114). basis=ISSUE:COACHING(SELF_LIE~HAN_DENY),MEDIUM,NO
PR0925,EC0114,EC0119,SAME_ISSUE_DIFFERENT_CLAIM+COMPATIBLE_CLAIMS,SAME_ISSUE_DIFFERENT_CLAIM,COMPATIBLE_CLAIMS,,FALSE,DIFFERENT,SAME,SAME_ISSUE,SAME(AFFIRMED),NONE,BOTH_UNSPECIFIED,BOTH_UNSPECIFIED,같은 쟁점의 서로 다른 claim으로 상충 근거 없음. basis=ISSUE:COACHING(HB_DIRECT~HAN_ADMIT_ROOM),LOW,NO
PR0926,EC0114,EC0120,SAME_ISSUE_DIFFERENT_CLAIM+COMPATIBLE_CLAIMS,SAME_ISSUE_DIFFERENT_CLAIM,COMPATIBLE_CLAIMS,,FALSE,DIFFERENT,SAME,SAME_ISSUE,SAME(AFFIRMED),NONE,BOTH_UNSPECIFIED,BOTH_UNSPECIFIED,같은 쟁점의 서로 다른 claim으로 상충 근거 없음. basis=ISSUE:COACHING(HB_DIRECT~HAN_ADMIT_FOOD),LOW,NO
PR0927,EC0114,EC0126,SAME_ISSUE_DIFFERENT_CLAIM+REVIEW_REQUIRED,SAME_ISSUE_DIFFERENT_CLAIM,REVIEW_REQUIRED,CONFLICT_IF_IDENTITY_HOLDS,FALSE,DIFFERENT,SAME,SAME_ISSUE,OPPOSITE(AFFIRMED/NEGATED),한 비장=한재욱 (CANDIDATE),BOTH_UNSPECIFIED,BOTH_UNSPECIFIED,한 비장이 거짓 발언을 지휘했다는 자미덕 진술 vs 한재욱의 사주 부인. basis=ISSUE:COACHING(HB_DIRECT~HAN_DENY),LOW,YES
PR0928,EC0115,EC0116,SAME_UTTERANCE_COMPONENT+TEMPORALLY_RELATED_BUT_DISTINCT,SAME_UTTERANCE_COMPONENT,TEMPORALLY_RELATED_BUT_DISTINCT,,TRUE,SAME_SURFACE,DIFFERENT(ACTION/PURPOSE_ATTRIBUTION),UNTAGGED,SAME(AFFIRMED),NONE,BOTH_UNSPECIFIED,BOTH_UNSPECIFIED,같은 서술 흐름 안의 다른 단계. 시간 edge는 만들지 않음. basis=CHAIN:YU_DISPATCH(1~1.1)+SHARED_UTTERANCE_GROUP SAME_PARENT_PROPOSITION=P0086,MEDIUM,NO
PR0929,EC0115,EC0119,DISTINCT,DISTINCT,,,FALSE,SAME_SURFACE,SAME,DIFFERENT_OR_UNTAGGED,SAME(AFFIRMED),NONE,BOTH_UNSPECIFIED,BOTH_UNSPECIFIED,공유 특징은 있으나 같은 사건·쟁점 근거 없음. basis=DEFAULT,MEDIUM,NO
PR0930,EC0115,EC0120,DISTINCT,DISTINCT,,,FALSE,SAME_SURFACE,SAME,DIFFERENT_OR_UNTAGGED,SAME(AFFIRMED),NONE,BOTH_UNSPECIFIED,BOTH_UNSPECIFIED,공유 특징은 있으나 같은 사건·쟁점 근거 없음. basis=DEFAULT,MEDIUM,NO
PR0931,EC0115,EC0123,TEMPORALLY_RELATED_BUT_DISTINCT,TEMPORALLY_RELATED_BUT_DISTINCT,,,FALSE,SAME_SURFACE,SAME,DIFFERENT_OR_UNTAGGED,SAME(AFFIRMED),NONE,BOTH_UNSPECIFIED,BOTH_UNSPECIFIED,같은 서술 흐름 안의 다른 단계. 시간 edge는 만들지 않음. basis=CHAIN:YU_DISPATCH(1~5),MEDIUM,NO
PR0932,EC0115,EC0126,DISTINCT,DISTINCT,,,FALSE,SAME_SURFACE,SAME,DIFFERENT_OR_UNTAGGED,OPPOSITE(AFFIRMED/NEGATED),NONE,BOTH_UNSPECIFIED,BOTH_UNSPECIFIED,공유 특징은 있으나 같은 사건·쟁점 근거 없음. basis=DEFAULT,MEDIUM,NO
PR0933,EC0116,EC0121,TEMPORALLY_RELATED_BUT_DISTINCT,TEMPORALLY_RELATED_BUT_DISTINCT,,,FALSE,DIFFERENT,DIFFERENT(PURPOSE_ATTRIBUTION/SPEECH_ACT),DIFFERENT_OR_UNTAGGED,SAME(AFFIRMED),NONE,BOTH_UNSPECIFIED,BOTH_UNSPECIFIED,같은 서술 흐름 안의 다른 단계. 시간 edge는 만들지 않음. basis=CHAIN:YU_DISPATCH(1.1~4),MEDIUM,NO
PR0934,EC0116,EC0137,DISTINCT,DISTINCT,,,FALSE,DIFFERENT,DIFFERENT(PURPOSE_ATTRIBUTION/ACTION),DIFFERENT_OR_UNTAGGED,SAME(AFFIRMED),NONE,BOTH_UNSPECIFIED,BOTH_UNSPECIFIED,공유 특징은 있으나 같은 사건·쟁점 근거 없음. basis=DEFAULT,MEDIUM,NO
PR0935,EC0117,EC0118,SAME_ISSUE_DIFFERENT_CLAIM+COMPATIBLE_CLAIMS,SAME_ISSUE_DIFFERENT_CLAIM,COMPATIBLE_CLAIMS,,FALSE,SAME_SURFACE,SAME,SAME_ISSUE,SAME(AFFIRMED),NONE,BOTH_UNSPECIFIED,BOTH_UNSPECIFIED,같은 쟁점의 서로 다른 claim으로 상충 근거 없음. basis=ISSUE:SUSPECT(LIST_YU~LIST_SOURCE_SELF),LOW,NO
PR0936,EC0117,EC0121,SAME_ISSUE_DIFFERENT_CLAIM+COMPATIBLE_CLAIMS,SAME_ISSUE_DIFFERENT_CLAIM,COMPATIBLE_CLAIMS,,FALSE,SAME_SURFACE,DIFFERENT(ACTION/SPEECH_ACT),SAME_ISSUE,SAME(AFFIRMED),NONE,BOTH_UNSPECIFIED,BOTH_UNSPECIFIED,같은 쟁점의 서로 다른 claim으로 상충 근거 없음. basis=ISSUE:SUSPECT(LIST_YU~SPEECH_KIM_CHIEF),LOW,NO
PR0937,EC0117,EC0128,TEMPORALLY_RELATED_BUT_DISTINCT,TEMPORALLY_RELATED_BUT_DISTINCT,,,FALSE,SAME_SURFACE,SAME,DIFFERENT_OR_UNTAGGED,SAME(AFFIRMED),NONE,BOTH_UNSPECIFIED,BOTH_UNSPECIFIED,같은 서술 흐름 안의 다른 단계. 시간 edge는 만들지 않음. basis=CHAIN:YU_DISPATCH(3~2),MEDIUM,NO
PR0938,EC0117,EC0129,SAME_ISSUE_DIFFERENT_CLAIM+COMPATIBLE_CLAIMS,SAME_ISSUE_DIFFERENT_CLAIM,COMPATIBLE_CLAIMS,,FALSE,DIFFERENT,DIFFERENT(ACTION/SPEECH_ACT),SAME_ISSUE,SAME(AFFIRMED),NONE,BOTH_UNSPECIFIED,BOTH_UNSPECIFIED,같은 쟁점의 서로 다른 claim으로 상충 근거 없음. basis=ISSUE:SUSPECT(LIST_YU~SUSPICION),LOW,NO
PR0939,EC0117,EC0130,SAME_OCCURRENCE_CANDIDATE,SAME_OCCURRENCE_CANDIDATE,,,FALSE,SAME_SURFACE,SAME,SAME_ISSUE,SAME(AFFIRMED),pair generation only used STRONGLY_SUPPORTED identity (classification does not depend on it): 원돌=정원돌,BOTH_UNSPECIFIED,BOTH_UNSPECIFIED,"유제희가 이름을 적어 옴(한재욱) vs 유제희가 이름을 기록해 올림(유제희). 명단 구성원 비교는 원돌=정원돌(STRONGLY_SUPPORTED, identity assumption)에 의존하며 두 명단 모두 open set. basis=ISSUE:SUSPECT(LIST_YU~LIST_YU_RECORD)",MEDIUM,YES
PR0940,EC0118,EC0121,SAME_ISSUE_DIFFERENT_CLAIM+COMPATIBLE_CLAIMS,SAME_ISSUE_DIFFERENT_CLAIM,COMPATIBLE_CLAIMS,,FALSE,SAME_SURFACE,DIFFERENT(ACTION/SPEECH_ACT),SAME_ISSUE,SAME(AFFIRMED),NONE,BOTH_UNSPECIFIED,BOTH_UNSPECIFIED,같은 쟁점의 서로 다른 claim으로 상충 근거 없음. basis=ISSUE:SUSPECT(LIST_SOURCE_SELF~SPEECH_KIM_CHIEF),LOW,NO
PR0941,EC0118,EC0128,TEMPORALLY_RELATED_BUT_DISTINCT,TEMPORALLY_RELATED_BUT_DISTINCT,,,FALSE,SAME_SURFACE,SAME,DIFFERENT_OR_UNTAGGED,SAME(AFFIRMED),NONE,BOTH_UNSPECIFIED,BOTH_UNSPECIFIED,같은 서술 흐름 안의 다른 단계. 시간 edge는 만들지 않음. basis=CHAIN:YU_DISPATCH(3.1~2),MEDIUM,NO
PR0942,EC0118,EC0129,SAME_ISSUE_DIFFERENT_CLAIM+REVIEW_REQUIRED,SAME_ISSUE_DIFFERENT_CLAIM,REVIEW_REQUIRED,CONFLICT_IF_IDENTITY_HOLDS,FALSE,DIFFERENT,DIFFERENT(ACTION/SPEECH_ACT),SAME_ISSUE,SAME(AFFIRMED),"풍각 김상제=김명신 (STRONGLY_SUPPORTED, identity assumption)",BOTH_UNSPECIFIED,BOTH_UNSPECIFIED,김명신이 '그 이름들'에 포함되고 김상제=김명신이면 '직접 염탐' 서술과 충돌. basis=ISSUE:SUSPECT(LIST_SOURCE_SELF~SUSPICION),LOW,YES
PR0943,EC0118,EC0130,SAME_ISSUE_DIFFERENT_CLAIM+REVIEW_REQUIRED,SAME_ISSUE_DIFFERENT_CLAIM,REVIEW_REQUIRED,,FALSE,SAME_SURFACE,SAME,SAME_ISSUE,SAME(AFFIRMED),pair generation only used STRONGLY_SUPPORTED identity (classification does not depend on it): 원돌=정원돌,BOTH_UNSPECIFIED,BOTH_UNSPECIFIED,출처 서술 차이: 직접 염탐 vs 구순의 말과 함께 기록. basis=ISSUE:SUSPECT(LIST_SOURCE_SELF~LIST_YU_RECORD),LOW,YES
PR0944,EC0119,EC0120,SAME_UTTERANCE_COMPONENT+COMPATIBLE_CLAIMS,SAME_UTTERANCE_COMPONENT,COMPATIBLE_CLAIMS,,TRUE,SAME_SURFACE,SAME,SAME_ISSUE,SAME(AFFIRMED),NONE,BOTH_UNSPECIFIED,BOTH_UNSPECIFIED,같은 쟁점의 서로 다른 claim으로 상충 근거 없음. basis=ISSUE:COACHING(HAN_ADMIT_ROOM~HAN_ADMIT_FOOD)+SHARED_UTTERANCE_GROUP SAME_PARENT_PROPOSITION=P0089,LOW,NO
PR0945,EC0119,EC0123,DISTINCT,DISTINCT,,,FALSE,SAME_SURFACE,SAME,DIFFERENT_OR_UNTAGGED,SAME(AFFIRMED),NONE,BOTH_UNSPECIFIED,BOTH_UNSPECIFIED,공유 특징은 있으나 같은 사건·쟁점 근거 없음. basis=DEFAULT,MEDIUM,NO
PR0946,EC0119,EC0126,SAME_ISSUE_DIFFERENT_CLAIM+COMPATIBLE_CLAIMS,SAME_ISSUE_DIFFERENT_CLAIM,COMPATIBLE_CLAIMS,,FALSE,SAME_SURFACE,SAME,SAME_ISSUE,OPPOSITE(AFFIRMED/NEGATED),NONE,BOTH_UNSPECIFIED,BOTH_UNSPECIFIED,같은 화자: 접촉 인정과 사주 부인. basis=ISSUE:COACHING(HAN_ADMIT_ROOM~HAN_DENY),HIGH,NO
PR0947,EC0120,EC0123,DISTINCT,DISTINCT,,,FALSE,SAME_SURFACE,SAME,DIFFERENT_OR_UNTAGGED,SAME(AFFIRMED),NONE,BOTH_UNSPECIFIED,BOTH_UNSPECIFIED,공유 특징은 있으나 같은 사건·쟁점 근거 없음. basis=DEFAULT,MEDIUM,NO
PR0948,EC0120,EC0126,SAME_ISSUE_DIFFERENT_CLAIM+COMPATIBLE_CLAIMS,SAME_ISSUE_DIFFERENT_CLAIM,COMPATIBLE_CLAIMS,,FALSE,SAME_SURFACE,SAME,SAME_ISSUE,OPPOSITE(AFFIRMED/NEGATED),NONE,BOTH_UNSPECIFIED,BOTH_UNSPECIFIED,같은 화자: 접촉 인정과 사주 부인. basis=ISSUE:COACHING(HAN_ADMIT_FOOD~HAN_DENY),HIGH,NO
PR0949,EC0121,EC0122,SAME_UTTERANCE_COMPONENT+TEMPORALLY_RELATED_BUT_DISTINCT,SAME_UTTERANCE_COMPONENT,TEMPORALLY_RELATED_BUT_DISTINCT,,TRUE,SAME_SURFACE,SAME,DIFFERENT_OR_UNTAGGED,SAME(AFFIRMED),NONE,BOTH_UNSPECIFIED,BOTH_UNSPECIFIED,같은 서술 흐름 안의 다른 단계. 시간 edge는 만들지 않음. basis=CHAIN:YU_DISPATCH(4~4.1)+SHARED_UTTERANCE_GROUP SAME_PARENT_PROPOSITION=P0090,MEDIUM,NO
PR0950,EC0121,EC0129,SAME_ISSUE_DIFFERENT_CLAIM+COMPATIBLE_CLAIMS,SAME_ISSUE_DIFFERENT_CLAIM,COMPATIBLE_CLAIMS,,FALSE,DIFFERENT,SAME,SAME_ISSUE,SAME(AFFIRMED),"풍각 김상제=김명신 (STRONGLY_SUPPORTED, identity assumption)",BOTH_UNSPECIFIED,BOTH_UNSPECIFIED,basis=ISSUE:SUSPECT(SPEECH_KIM_CHIEF~SUSPICION),LOW,YES
PR0951,EC0121,EC0130,SAME_ISSUE_DIFFERENT_CLAIM+COMPATIBLE_CLAIMS,SAME_ISSUE_DIFFERENT_CLAIM,COMPATIBLE_CLAIMS,,FALSE,SAME_SURFACE,DIFFERENT(SPEECH_ACT/ACTION),SAME_ISSUE,SAME(AFFIRMED),NONE,BOTH_UNSPECIFIED,BOTH_UNSPECIFIED,같은 쟁점의 서로 다른 claim으로 상충 근거 없음. basis=ISSUE:SUSPECT(SPEECH_KIM_CHIEF~LIST_YU_RECORD),LOW,NO
PR0952,EC0121,EC0137,DISTINCT,DISTINCT,,,FALSE,DIFFERENT,DIFFERENT(SPEECH_ACT/ACTION),DIFFERENT_OR_UNTAGGED,SAME(AFFIRMED),NONE,BOTH_UNSPECIFIED,BOTH_UNSPECIFIED,공유 특징은 있으나 같은 사건·쟁점 근거 없음. basis=DEFAULT,MEDIUM,NO
PR0953,EC0122,EC0123,TEMPORALLY_RELATED_BUT_DISTINCT,TEMPORALLY_RELATED_BUT_DISTINCT,,,FALSE,DIFFERENT,DIFFERENT(SPEECH_ACT/ACTION),SAME_ISSUE,SAME(AFFIRMED),NONE,BOTH_UNSPECIFIED,BOTH_UNSPECIFIED,권유 → 재질문(같은 화자 한재욱의 서술). basis=ISSUE:REASK(SUGGEST~REASKED),MEDIUM,NO
PR0954,EC0122,EC0124,SAME_ISSUE_DIFFERENT_CLAIM+COMPATIBLE_CLAIMS,SAME_ISSUE_DIFFERENT_CLAIM,COMPATIBLE_CLAIMS,,FALSE,DIFFERENT,DIFFERENT(SPEECH_ACT/CAUSE_ATTRIBUTION),SAME_ISSUE,SAME(AFFIRMED),NONE,BOTH_UNSPECIFIED,BOTH_UNSPECIFIED,같은 화자: 유제희의 권유와 그에 따랐다는 귀속. basis=ISSUE:REASK(SUGGEST~BASIS),HIGH,NO
PR0955,EC0122,EC0125,SAME_ISSUE_DIFFERENT_CLAIM+COMPATIBLE_CLAIMS,SAME_ISSUE_DIFFERENT_CLAIM,COMPATIBLE_CLAIMS,,FALSE,DIFFERENT,SAME,SAME_ISSUE,SAME(AFFIRMED),NONE,BOTH_UNSPECIFIED,BOTH_UNSPECIFIED,같은 쟁점의 서로 다른 claim으로 상충 근거 없음. basis=ISSUE:REASK(SUGGEST~ANSWER),LOW,NO
PR0956,EC0123,EC0124,SAME_UTTERANCE_COMPONENT+COMPATIBLE_CLAIMS,SAME_UTTERANCE_COMPONENT,COMPATIBLE_CLAIMS,,TRUE,SAME_SURFACE,DIFFERENT(ACTION/CAUSE_ATTRIBUTION),SAME_ISSUE,SAME(AFFIRMED),NONE,BOTH_UNSPECIFIED,BOTH_UNSPECIFIED,같은 쟁점의 서로 다른 claim으로 상충 근거 없음. basis=ISSUE:REASK(REASKED~BASIS)+SHARED_UTTERANCE_GROUP SAME_PARENT_PROPOSITION=P0091,LOW,NO
PR0957,EC0123,EC0125,TEMPORALLY_RELATED_BUT_DISTINCT,TEMPORALLY_RELATED_BUT_DISTINCT,,,FALSE,DIFFERENT,DIFFERENT(ACTION/SPEECH_ACT),SAME_ISSUE,SAME(AFFIRMED),NONE,BOTH_UNSPECIFIED,BOTH_UNSPECIFIED,재질문 → '모른다' 응답. basis=ISSUE:REASK(REASKED~ANSWER),MEDIUM,NO
PR0958,EC0123,EC0126,DISTINCT,DISTINCT,,,FALSE,SAME_SURFACE,SAME,DIFFERENT_OR_UNTAGGED,OPPOSITE(AFFIRMED/NEGATED),NONE,BOTH_UNSPECIFIED,BOTH_UNSPECIFIED,공유 특징은 있으나 같은 사건·쟁점 근거 없음. basis=DEFAULT,MEDIUM,NO
PR0959,EC0124,EC0125,SAME_ISSUE_DIFFERENT_CLAIM+COMPATIBLE_CLAIMS,SAME_ISSUE_DIFFERENT_CLAIM,COMPATIBLE_CLAIMS,,FALSE,DIFFERENT,DIFFERENT(CAUSE_ATTRIBUTION/SPEECH_ACT),SAME_ISSUE,SAME(AFFIRMED),NONE,BOTH_UNSPECIFIED,BOTH_UNSPECIFIED,같은 쟁점의 서로 다른 claim으로 상충 근거 없음. basis=ISSUE:REASK(BASIS~ANSWER),LOW,NO
PR0960,EC0128,EC0130,TEMPORALLY_RELATED_BUT_DISTINCT,TEMPORALLY_RELATED_BUT_DISTINCT,,,FALSE,SAME_SURFACE,SAME,DIFFERENT_OR_UNTAGGED,SAME(AFFIRMED),pair generation only used STRONGLY_SUPPORTED identity (classification does not depend on it): 원돌=정원돌,BOTH_UNSPECIFIED,BOTH_UNSPECIFIED,같은 서술 흐름 안의 다른 단계. 시간 edge는 만들지 않음. basis=CHAIN:YU_DISPATCH(2~3),MEDIUM,NO
PR0961,EC0129,EC0130,SAME_ISSUE_DIFFERENT_CLAIM+COMPATIBLE_CLAIMS,SAME_ISSUE_DIFFERENT_CLAIM,COMPATIBLE_CLAIMS,,FALSE,DIFFERENT,DIFFERENT(SPEECH_ACT/ACTION),SAME_ISSUE,SAME(AFFIRMED),NONE,BOTH_UNSPECIFIED,BOTH_UNSPECIFIED,같은 쟁점의 서로 다른 claim으로 상충 근거 없음. basis=ISSUE:SUSPECT(SUSPICION~LIST_YU_RECORD),LOW,NO
PR0962,EC0131,EC0132,SAME_ISSUE_DIFFERENT_CLAIM+COMPATIBLE_CLAIMS,SAME_ISSUE_DIFFERENT_CLAIM,COMPATIBLE_CLAIMS,,FALSE,DIFFERENT,SAME,SAME_ISSUE,SAME(AFFIRMED),NONE,BOTH_UNSPECIFIED,BOTH_UNSPECIFIED,basis=ISSUE:THEFT_REALITY(POS_JUDGE~SCALE_SMALL),HIGH,NO
PR0963,EC0131,EC0143,COMPATIBLE_CLAIMS,COMPATIBLE_CLAIMS,,,FALSE,DIFFERENT,SAME,SAME_ISSUE,SAME(AFFIRMED),NONE,BOTH_UNSPECIFIED,BOTH_UNSPECIFIED,"둘 다 도난이 실제 있었다고 판단(홍대협 '약간의 도난', 정조). basis=ISSUE:THEFT_REALITY(POS_JUDGE~POS_JUDGE)",HIGH,NO
PR0964,EC0132,EC0143,SAME_ISSUE_DIFFERENT_CLAIM+COMPATIBLE_CLAIMS,SAME_ISSUE_DIFFERENT_CLAIM,COMPATIBLE_CLAIMS,,FALSE,SAME_SURFACE,SAME,SAME_ISSUE,SAME(AFFIRMED),NONE,BOTH_UNSPECIFIED,BOTH_UNSPECIFIED,basis=ISSUE:THEFT_REALITY(SCALE_SMALL~POS_JUDGE),HIGH,NO
PR0965,EC0133,EC0134,SAME_UTTERANCE_COMPONENT+COMPATIBLE_CLAIMS,SAME_UTTERANCE_COMPONENT,COMPATIBLE_CLAIMS,,TRUE,DIFFERENT,SAME,SAME_ISSUE,SAME(AFFIRMED),NONE,BOTH_UNSPECIFIED,BOTH_UNSPECIFIED,같은 쟁점의 서로 다른 claim으로 상충 근거 없음. basis=ISSUE:INVESTIGATION_CONDUCT(BLAME_OTHERS~BLAME_OTHERS)+SHARED_UTTERANCE_GROUP SAME_PARENT_PROPOSITION=P0101,LOW,NO
PR0966,EC0133,EC0135,SAME_UTTERANCE_COMPONENT+COMPATIBLE_CLAIMS,SAME_UTTERANCE_COMPONENT,COMPATIBLE_CLAIMS,,TRUE,DIFFERENT,DIFFERENT(ACTION/STATE),SAME_ISSUE,SAME(AFFIRMED),NONE,BOTH_UNSPECIFIED,BOTH_UNSPECIFIED,같은 쟁점의 서로 다른 claim으로 상충 근거 없음. basis=ISSUE:INVESTIGATION_CONDUCT(BLAME_OTHERS~GWANGSEOP)+SHARED_UTTERANCE_GROUP SAME_PARENT_PROPOSITION=P0101,LOW,NO
PR0967,EC0133,EC0136,SAME_UTTERANCE_COMPONENT+DISTINCT,SAME_UTTERANCE_COMPONENT,DISTINCT,,TRUE,DIFFERENT,SAME,DIFFERENT_OR_UNTAGGED,SAME(AFFIRMED),NONE,BOTH_UNSPECIFIED,BOTH_UNSPECIFIED,공유 특징은 있으나 같은 사건·쟁점 근거 없음. basis=DEFAULT+SHARED_UTTERANCE_GROUP SAME_PARENT_PROPOSITION=P0101,MEDIUM,NO
PR0968,EC0133,EC0137,SAME_UTTERANCE_COMPONENT+COMPATIBLE_CLAIMS,SAME_UTTERANCE_COMPONENT,COMPATIBLE_CLAIMS,,TRUE,DIFFERENT,SAME,SAME_ISSUE,SAME(AFFIRMED),NONE,BOTH_UNSPECIFIED,BOTH_UNSPECIFIED,같은 쟁점의 서로 다른 claim으로 상충 근거 없음. basis=ISSUE:INVESTIGATION_CONDUCT(BLAME_OTHERS~GWANGSEOP)+SHARED_UTTERANCE_GROUP SAME_PARENT_PROPOSITION=P0101,LOW,NO
PR0969,EC0133,EC0140,SAME_ISSUE_DIFFERENT_CLAIM+COMPATIBLE_CLAIMS,SAME_ISSUE_DIFFERENT_CLAIM,COMPATIBLE_CLAIMS,,FALSE,DIFFERENT,SAME,SAME_ISSUE,SAME(AFFIRMED),NONE,BOTH_UNSPECIFIED,BOTH_UNSPECIFIED,같은 쟁점의 서로 다른 claim으로 상충 근거 없음. basis=ISSUE:INVESTIGATION_CONDUCT(BLAME_OTHERS~MUNHYEOP),LOW,NO
PR0970,EC0133,EC0141,SAME_ISSUE_DIFFERENT_CLAIM+COMPATIBLE_CLAIMS,SAME_ISSUE_DIFFERENT_CLAIM,COMPATIBLE_CLAIMS,,FALSE,DIFFERENT,SAME,SAME_ISSUE,SAME(AFFIRMED),NONE,BOTH_UNSPECIFIED,BOTH_UNSPECIFIED,같은 쟁점의 서로 다른 claim으로 상충 근거 없음. basis=ISSUE:INVESTIGATION_CONDUCT(BLAME_OTHERS~BIJANG_DIRECTION),LOW,NO
PR0971,EC0133,EC0142,SAME_ISSUE_DIFFERENT_CLAIM+COMPATIBLE_CLAIMS,SAME_ISSUE_DIFFERENT_CLAIM,COMPATIBLE_CLAIMS,,FALSE,DIFFERENT,SAME,SAME_ISSUE,SAME(AFFIRMED),NONE,BOTH_UNSPECIFIED,BOTH_UNSPECIFIED,같은 쟁점의 서로 다른 claim으로 상충 근거 없음. basis=ISSUE:INVESTIGATION_CONDUCT(BLAME_OTHERS~MUNHYEOP),LOW,NO
PR0972,EC0133,EC0149,DISTINCT,DISTINCT,,,FALSE,SAME_SURFACE,SAME,DIFFERENT_OR_UNTAGGED,OPPOSITE(AFFIRMED/NEGATED),NONE,BOTH_UNSPECIFIED,BOTH_UNSPECIFIED,공유 특징은 있으나 같은 사건·쟁점 근거 없음. basis=DEFAULT,MEDIUM,NO
PR0973,EC0134,EC0135,SAME_UTTERANCE_COMPONENT+COMPATIBLE_CLAIMS,SAME_UTTERANCE_COMPONENT,COMPATIBLE_CLAIMS,,TRUE,DIFFERENT,DIFFERENT(ACTION/STATE),SAME_ISSUE,SAME(AFFIRMED),NONE,BOTH_UNSPECIFIED,BOTH_UNSPECIFIED,같은 쟁점의 서로 다른 claim으로 상충 근거 없음. basis=ISSUE:INVESTIGATION_CONDUCT(BLAME_OTHERS~GWANGSEOP)+SHARED_UTTERANCE_GROUP SAME_PARENT_PROPOSITION=P0101,LOW,NO
PR0974,EC0134,EC0136,SAME_UTTERANCE_COMPONENT+DISTINCT,SAME_UTTERANCE_COMPONENT,DISTINCT,,TRUE,DIFFERENT,SAME,DIFFERENT_OR_UNTAGGED,SAME(AFFIRMED),NONE,BOTH_UNSPECIFIED,BOTH_UNSPECIFIED,공유 특징은 있으나 같은 사건·쟁점 근거 없음. basis=DEFAULT+SHARED_UTTERANCE_GROUP SAME_PARENT_PROPOSITION=P0101,MEDIUM,NO
PR0975,EC0134,EC0137,SAME_UTTERANCE_COMPONENT+COMPATIBLE_CLAIMS,SAME_UTTERANCE_COMPONENT,COMPATIBLE_CLAIMS,,TRUE,DIFFERENT,SAME,SAME_ISSUE,SAME(AFFIRMED),NONE,BOTH_UNSPECIFIED,BOTH_UNSPECIFIED,같은 쟁점의 서로 다른 claim으로 상충 근거 없음. basis=ISSUE:INVESTIGATION_CONDUCT(BLAME_OTHERS~GWANGSEOP)+SHARED_UTTERANCE_GROUP SAME_PARENT_PROPOSITION=P0101,LOW,NO
PR0976,EC0134,EC0140,SAME_ISSUE_DIFFERENT_CLAIM+COMPATIBLE_CLAIMS,SAME_ISSUE_DIFFERENT_CLAIM,COMPATIBLE_CLAIMS,,FALSE,DIFFERENT,SAME,SAME_ISSUE,SAME(AFFIRMED),NONE,BOTH_UNSPECIFIED,BOTH_UNSPECIFIED,같은 쟁점의 서로 다른 claim으로 상충 근거 없음. basis=ISSUE:INVESTIGATION_CONDUCT(BLAME_OTHERS~MUNHYEOP),LOW,NO
PR0977,EC0134,EC0141,SAME_ISSUE_DIFFERENT_CLAIM+COMPATIBLE_CLAIMS,SAME_ISSUE_DIFFERENT_CLAIM,COMPATIBLE_CLAIMS,,FALSE,DIFFERENT,SAME,SAME_ISSUE,SAME(AFFIRMED),NONE,BOTH_UNSPECIFIED,BOTH_UNSPECIFIED,같은 쟁점의 서로 다른 claim으로 상충 근거 없음. basis=ISSUE:INVESTIGATION_CONDUCT(BLAME_OTHERS~BIJANG_DIRECTION),LOW,NO
PR0978,EC0134,EC0142,SAME_ISSUE_DIFFERENT_CLAIM+COMPATIBLE_CLAIMS,SAME_ISSUE_DIFFERENT_CLAIM,COMPATIBLE_CLAIMS,,FALSE,DIFFERENT,SAME,SAME_ISSUE,SAME(AFFIRMED),NONE,BOTH_UNSPECIFIED,BOTH_UNSPECIFIED,같은 쟁점의 서로 다른 claim으로 상충 근거 없음. basis=ISSUE:INVESTIGATION_CONDUCT(BLAME_OTHERS~MUNHYEOP),LOW,NO
PR0979,EC0135,EC0136,SAME_UTTERANCE_COMPONENT+DISTINCT,SAME_UTTERANCE_COMPONENT,DISTINCT,,TRUE,SAME_SURFACE,DIFFERENT(STATE/ACTION),DIFFERENT_OR_UNTAGGED,SAME(AFFIRMED),NONE,BOTH_UNSPECIFIED,BOTH_UNSPECIFIED,공유 특징은 있으나 같은 사건·쟁점 근거 없음. basis=DEFAULT+SHARED_UTTERANCE_GROUP SAME_PARENT_PROPOSITION=P0101,MEDIUM,NO
PR0980,EC0135,EC0137,SAME_UTTERANCE_COMPONENT+COMPATIBLE_CLAIMS,SAME_UTTERANCE_COMPONENT,COMPATIBLE_CLAIMS,,TRUE,SAME_SURFACE,DIFFERENT(STATE/ACTION),SAME_ISSUE,SAME(AFFIRMED),NONE,BOTH_UNSPECIFIED,BOTH_UNSPECIFIED,같은 쟁점의 서로 다른 claim으로 상충 근거 없음. basis=ISSUE:INVESTIGATION_CONDUCT(GWANGSEOP~GWANGSEOP)+SHARED_UTTERANCE_GROUP SAME_PARENT_PROPOSITION=P0101,LOW,NO
PR0981,EC0135,EC0140,SAME_ISSUE_DIFFERENT_CLAIM+COMPATIBLE_CLAIMS,SAME_ISSUE_DIFFERENT_CLAIM,COMPATIBLE_CLAIMS,,FALSE,DIFFERENT,DIFFERENT(STATE/ACTION),SAME_ISSUE,SAME(AFFIRMED),NONE,BOTH_UNSPECIFIED,BOTH_UNSPECIFIED,같은 쟁점의 서로 다른 claim으로 상충 근거 없음. basis=ISSUE:INVESTIGATION_CONDUCT(GWANGSEOP~MUNHYEOP),LOW,NO
PR0982,EC0135,EC0141,SAME_ISSUE_DIFFERENT_CLAIM+COMPATIBLE_CLAIMS,SAME_ISSUE_DIFFERENT_CLAIM,COMPATIBLE_CLAIMS,,FALSE,DIFFERENT,DIFFERENT(STATE/ACTION),SAME_ISSUE,SAME(AFFIRMED),NONE,BOTH_UNSPECIFIED,BOTH_UNSPECIFIED,같은 쟁점의 서로 다른 claim으로 상충 근거 없음. basis=ISSUE:INVESTIGATION_CONDUCT(GWANGSEOP~BIJANG_DIRECTION),LOW,NO
PR0983,EC0135,EC0142,SAME_ISSUE_DIFFERENT_CLAIM+COMPATIBLE_CLAIMS,SAME_ISSUE_DIFFERENT_CLAIM,COMPATIBLE_CLAIMS,,FALSE,DIFFERENT,DIFFERENT(STATE/ACTION),SAME_ISSUE,SAME(AFFIRMED),NONE,BOTH_UNSPECIFIED,BOTH_UNSPECIFIED,같은 쟁점의 서로 다른 claim으로 상충 근거 없음. basis=ISSUE:INVESTIGATION_CONDUCT(GWANGSEOP~MUNHYEOP),LOW,NO
PR0984,EC0136,EC0137,SAME_UTTERANCE_COMPONENT+DISTINCT,SAME_UTTERANCE_COMPONENT,DISTINCT,,TRUE,SAME_SURFACE,SAME,DIFFERENT_OR_UNTAGGED,SAME(AFFIRMED),NONE,BOTH_UNSPECIFIED,BOTH_UNSPECIFIED,공유 특징은 있으나 같은 사건·쟁점 근거 없음. basis=DEFAULT+SHARED_UTTERANCE_GROUP SAME_PARENT_PROPOSITION=P0101,MEDIUM,NO
PR0985,EC0136,EC0139,SAME_ISSUE_DIFFERENT_CLAIM+COMPATIBLE_CLAIMS,SAME_ISSUE_DIFFERENT_CLAIM,COMPATIBLE_CLAIMS,,FALSE,DIFFERENT,SAME,SAME_ISSUE,OPPOSITE(AFFIRMED/NEGATED),NONE,BOTH_UNSPECIFIED,BOTH_UNSPECIFIED,같은 쟁점의 서로 다른 claim으로 상충 근거 없음. basis=ISSUE:STOLEN_GOODS(JUDGED_WITHOUT~NOT_SECURED),LOW,NO
PR0986,EC0137,EC0140,SAME_ISSUE_DIFFERENT_CLAIM+COMPATIBLE_CLAIMS,SAME_ISSUE_DIFFERENT_CLAIM,COMPATIBLE_CLAIMS,,FALSE,DIFFERENT,SAME,SAME_ISSUE,SAME(AFFIRMED),NONE,BOTH_UNSPECIFIED,BOTH_UNSPECIFIED,같은 쟁점의 서로 다른 claim으로 상충 근거 없음. basis=ISSUE:INVESTIGATION_CONDUCT(GWANGSEOP~MUNHYEOP),LOW,NO
PR0987,EC0137,EC0141,SAME_ISSUE_DIFFERENT_CLAIM+COMPATIBLE_CLAIMS,SAME_ISSUE_DIFFERENT_CLAIM,COMPATIBLE_CLAIMS,,FALSE,DIFFERENT,SAME,SAME_ISSUE,SAME(AFFIRMED),NONE,BOTH_UNSPECIFIED,BOTH_UNSPECIFIED,같은 쟁점의 서로 다른 claim으로 상충 근거 없음. basis=ISSUE:INVESTIGATION_CONDUCT(GWANGSEOP~BIJANG_DIRECTION),LOW,NO
PR0988,EC0137,EC0142,SAME_ISSUE_DIFFERENT_CLAIM+COMPATIBLE_CLAIMS,SAME_ISSUE_DIFFERENT_CLAIM,COMPATIBLE_CLAIMS,,FALSE,DIFFERENT,SAME,SAME_ISSUE,SAME(AFFIRMED),NONE,BOTH_UNSPECIFIED,BOTH_UNSPECIFIED,같은 쟁점의 서로 다른 claim으로 상충 근거 없음. basis=ISSUE:INVESTIGATION_CONDUCT(GWANGSEOP~MUNHYEOP),LOW,NO
PR0989,EC0138,EC0144,SAME_ISSUE_DIFFERENT_CLAIM+COMPATIBLE_CLAIMS,SAME_ISSUE_DIFFERENT_CLAIM,COMPATIBLE_CLAIMS,,FALSE,SAME_SURFACE,SAME,SAME_ISSUE,SAME(AFFIRMED),NONE,BOTH_UNSPECIFIED,BOTH_UNSPECIFIED,'질병' vs '전염병': 전염병이 질병의 하위 개념일 수 있으나 taxonomy 미정. basis=ISSUE:DEATH(KIM_CAUSE_JILBYEONG~KIM_CAUSE_EPIDEMIC),LOW,YES
PR0990,EC0138,EC0145,DISTINCT,DISTINCT,,,FALSE,SAME_ENTITY,SAME,RELATED_FACET(KIM_CAUSE_JILBYEONG/WIFE_CAUSE_EPIDEMIC),SAME(AFFIRMED),NONE,BOTH_UNSPECIFIED,BOTH_UNSPECIFIED,occurrence/cause/time/place 중 서로 다른 facet이거나 다른 인물 — 같은 event로 묶지 않음. basis=ISSUE:DEATH(KIM_CAUSE_JILBYEONG~WIFE_CAUSE_EPIDEMIC),HIGH,NO
PR0991,EC0139,EC0140,SAME_UTTERANCE_COMPONENT+DISTINCT,SAME_UTTERANCE_COMPONENT,DISTINCT,,TRUE,SAME_SURFACE,SAME,DIFFERENT_OR_UNTAGGED,OPPOSITE(AFFIRMED/NEGATED),NONE,BOTH_UNSPECIFIED,BOTH_UNSPECIFIED,공유 특징은 있으나 같은 사건·쟁점 근거 없음. basis=DEFAULT+SHARED_UTTERANCE_GROUP SAME_PARENT_PROPOSITION=P0103,MEDIUM,NO
PR0992,EC0139,EC0141,SAME_UTTERANCE_COMPONENT+DISTINCT,SAME_UTTERANCE_COMPONENT,DISTINCT,,TRUE,DIFFERENT,SAME,DIFFERENT_OR_UNTAGGED,OPPOSITE(AFFIRMED/NEGATED),NONE,BOTH_UNSPECIFIED,BOTH_UNSPECIFIED,공유 특징은 있으나 같은 사건·쟁점 근거 없음. basis=DEFAULT+SHARED_UTTERANCE_GROUP SAME_PARENT_PROPOSITION=P0103,MEDIUM,NO
PR0993,EC0139,EC0142,SAME_UTTERANCE_COMPONENT+DISTINCT,SAME_UTTERANCE_COMPONENT,DISTINCT,,TRUE,SAME_SURFACE,SAME,DIFFERENT_OR_UNTAGGED,OPPOSITE(AFFIRMED/NEGATED),NONE,BOTH_UNSPECIFIED,BOTH_UNSPECIFIED,공유 특징은 있으나 같은 사건·쟁점 근거 없음. basis=DEFAULT+SHARED_UTTERANCE_GROUP SAME_PARENT_PROPOSITION=P0103,MEDIUM,NO
PR0994,EC0140,EC0141,SAME_UTTERANCE_COMPONENT+COMPATIBLE_CLAIMS,SAME_UTTERANCE_COMPONENT,COMPATIBLE_CLAIMS,,TRUE,DIFFERENT,SAME,SAME_ISSUE,SAME(AFFIRMED),NONE,BOTH_UNSPECIFIED,BOTH_UNSPECIFIED,같은 쟁점의 서로 다른 claim으로 상충 근거 없음. basis=ISSUE:INVESTIGATION_CONDUCT(MUNHYEOP~BIJANG_DIRECTION)+SHARED_UTTERANCE_GROUP SAME_PARENT_PROPOSITION=P0103,LOW,NO
PR0995,EC0140,EC0142,SAME_UTTERANCE_COMPONENT+COMPATIBLE_CLAIMS,SAME_UTTERANCE_COMPONENT,COMPATIBLE_CLAIMS,,TRUE,SAME_SURFACE,SAME,SAME_ISSUE,SAME(AFFIRMED),NONE,BOTH_UNSPECIFIED,BOTH_UNSPECIFIED,같은 쟁점의 서로 다른 claim으로 상충 근거 없음. basis=ISSUE:INVESTIGATION_CONDUCT(MUNHYEOP~MUNHYEOP)+SHARED_UTTERANCE_GROUP SAME_PARENT_PROPOSITION=P0103,LOW,NO
PR0996,EC0141,EC0142,SAME_UTTERANCE_COMPONENT+COMPATIBLE_CLAIMS,SAME_UTTERANCE_COMPONENT,COMPATIBLE_CLAIMS,,TRUE,DIFFERENT,SAME,SAME_ISSUE,SAME(AFFIRMED),NONE,BOTH_UNSPECIFIED,BOTH_UNSPECIFIED,같은 쟁점의 서로 다른 claim으로 상충 근거 없음. basis=ISSUE:INVESTIGATION_CONDUCT(BIJANG_DIRECTION~MUNHYEOP)+SHARED_UTTERANCE_GROUP SAME_PARENT_PROPOSITION=P0103,LOW,NO
PR0997,EC0144,EC0145,SAME_UTTERANCE_COMPONENT+DISTINCT,SAME_UTTERANCE_COMPONENT,DISTINCT,,TRUE,SAME_ENTITY,SAME,SAME_ISSUE,SAME(AFFIRMED),NONE,BOTH_UNSPECIFIED,BOTH_UNSPECIFIED,occurrence/cause/time/place 중 서로 다른 facet이거나 다른 인물 — 같은 event로 묶지 않음. basis=ISSUE:DEATH(KIM_CAUSE_EPIDEMIC~WIFE_CAUSE_EPIDEMIC)+SHARED_UTTERANCE_GROUP SAME_PARENT_PROPOSITION=P0106,HIGH,NO
PR0998,EC0146,EC0147,SAME_UTTERANCE_COMPONENT+COMPATIBLE_CLAIMS,SAME_UTTERANCE_COMPONENT,COMPATIBLE_CLAIMS,,TRUE,SAME_SURFACE,SAME,SAME_ISSUE,SAME(NEGATED),NONE,BOTH_UNSPECIFIED,BOTH_UNSPECIFIED,같은 쟁점의 서로 다른 claim으로 상충 근거 없음. basis=ISSUE:TREATMENT(NOT_BEATEN~NOT_INTERROGATED)+SHARED_UTTERANCE_GROUP SAME_PARENT_PROPOSITION=P0107,LOW,NO
PR0999,EC0148,EC0149,SAME_ISSUE_DIFFERENT_CLAIM+COMPATIBLE_CLAIMS,SAME_ISSUE_DIFFERENT_CLAIM,COMPATIBLE_CLAIMS,,FALSE,DIFFERENT,SAME,SAME_ISSUE,OPPOSITE(AFFIRMED/NEGATED),NONE,BOTH_UNSPECIFIED,BOTH_UNSPECIFIED,basis=ISSUE:JISE_ORIGIN(PRIOR~INVENT_NEG),HIGH,NO
PR1000,EC0150,EC0151,SAME_OCCURRENCE_CANDIDATE,SAME_OCCURRENCE_CANDIDATE,,,FALSE,SAME_SURFACE,SAME,UNTAGGED,SAME(AFFIRMED),NONE,BOTH_UNSPECIFIED,ONE_UNSPECIFIED,같은 날 구순 처분: '외딴 섬 정배'와 '신지도 정배'는 같은 왕명의 두 표현일 가능성. 집행 기록 아님. basis=PAIR_OVERRIDE,MEDIUM,YES
PR1001,EC0150,EC0152,DISTINCT,DISTINCT,,,FALSE,SAME_SURFACE,SAME,UNTAGGED,SAME(AFFIRMED),NONE,BOTH_UNSPECIFIED,ONE_UNSPECIFIED,공유 특징은 있으나 같은 사건·쟁점 근거 없음. basis=DEFAULT,MEDIUM,NO
PR1002,EC0150,EC0153,DISTINCT,DISTINCT,,,FALSE,SAME_SURFACE,SAME,UNTAGGED,SAME(AFFIRMED),NONE,BOTH_UNSPECIFIED; relative(- / 형장 친 뒤),BOTH_UNSPECIFIED,공유 특징은 있으나 같은 사건·쟁점 근거 없음. basis=DEFAULT,MEDIUM,NO
PR1003,EC0150,EC0154,DISTINCT,DISTINCT,,,FALSE,SAME_SURFACE,SAME,UNTAGGED,SAME(AFFIRMED),NONE,BOTH_UNSPECIFIED,BOTH_UNSPECIFIED,공유 특징은 있으나 같은 사건·쟁점 근거 없음. basis=DEFAULT,MEDIUM,NO
PR1004,EC0151,EC0152,DISTINCT,DISTINCT,,,FALSE,SAME_SURFACE,SAME,UNTAGGED,SAME(AFFIRMED),NONE,BOTH_UNSPECIFIED,DIFFERENT(신지도 / 영동현),공유 특징은 있으나 같은 사건·쟁점 근거 없음. basis=DEFAULT,MEDIUM,NO
PR1005,EC0151,EC0153,DISTINCT,DISTINCT,,,FALSE,SAME_SURFACE,SAME,UNTAGGED,SAME(AFFIRMED),NONE,BOTH_UNSPECIFIED; relative(- / 형장 친 뒤),ONE_UNSPECIFIED,공유 특징은 있으나 같은 사건·쟁점 근거 없음. basis=DEFAULT,MEDIUM,NO
PR1006,EC0151,EC0154,DISTINCT,DISTINCT,,,FALSE,SAME_SURFACE,SAME,UNTAGGED,SAME(AFFIRMED),NONE,BOTH_UNSPECIFIED,ONE_UNSPECIFIED,공유 특징은 있으나 같은 사건·쟁점 근거 없음. basis=DEFAULT,MEDIUM,NO
PR1007,EC0152,EC0153,DISTINCT,DISTINCT,,,FALSE,SAME_SURFACE,SAME,UNTAGGED,SAME(AFFIRMED),NONE,BOTH_UNSPECIFIED; relative(- / 형장 친 뒤),ONE_UNSPECIFIED,공유 특징은 있으나 같은 사건·쟁점 근거 없음. basis=DEFAULT,MEDIUM,NO
PR1008,EC0152,EC0154,DISTINCT,DISTINCT,,,FALSE,SAME_SURFACE,SAME,UNTAGGED,SAME(AFFIRMED),NONE,BOTH_UNSPECIFIED,ONE_UNSPECIFIED,공유 특징은 있으나 같은 사건·쟁점 근거 없음. basis=DEFAULT,MEDIUM,NO
PR1009,EC0153,EC0154,DISTINCT,DISTINCT,,,FALSE,SAME_SURFACE,SAME,UNTAGGED,SAME(AFFIRMED),NONE,BOTH_UNSPECIFIED; relative(형장 친 뒤 / -),BOTH_UNSPECIFIED,공유 특징은 있으나 같은 사건·쟁점 근거 없음. basis=DEFAULT,MEDIUM,NO
PR1010,EC0154,EC0155,TEMPORALLY_RELATED_BUT_DISTINCT,TEMPORALLY_RELATED_BUT_DISTINCT,,,FALSE,SAME_SURFACE,SAME,UNTAGGED,SAME(AFFIRMED),NONE,BOTH_UNSPECIFIED,BOTH_UNSPECIFIED,6/13 파직 → 6/16 유임: 서로 다른 처분이며 모순이 아님. basis=PAIR_OVERRIDE,HIGH,NO
