edge_candidate_id,from_node_candidate,to_node_candidate,edge_type,edge_strength,activation_condition,source_basis,claimed_time_basis,hard_or_conditional,manual_review_required,notes
TE0001,DN_EC0004,DN_EC0007,TEMPORAL_BEFORE,MEDIUM,active(DN_EC0004) ∧ active(DN_EC0007) ∧ (E_EC0008 ∧ REF_EC0008_DETENTION__EC0004),RELATIVE_TIME_TEXT: '구금·조사 뒤' (EC0008),날짜 사용 안 함(상대 순서만; 기록일 미사용),CONDITIONAL_TEMPORAL,YES,EC0008의 상대시간 표현이 (referent REF_EC0008_DETENTION__EC0004 포함) 참인 world에서만. 정확한 날짜는 만들지 않음. 논리층 RC0324와 같은 조건.
TE0002,DN_EC0005,DN_EC0007,TEMPORAL_BEFORE,MEDIUM,active(DN_EC0005) ∧ active(DN_EC0007) ∧ (E_EC0008 ∧ REF_EC0008_INVESTIGATION__EC0005),RELATIVE_TIME_TEXT: '구금·조사 뒤' (EC0008),날짜 사용 안 함(상대 순서만; 기록일 미사용),CONDITIONAL_TEMPORAL,YES,EC0008의 상대시간 표현이 (referent REF_EC0008_INVESTIGATION__EC0005 포함) 참인 world에서만. 정확한 날짜는 만들지 않음. 논리층 RC0325와 같은 조건.
TE0003,DN_EC0036,DN_EC0039,TEMPORAL_BEFORE,MEDIUM,active(DN_EC0036) ∧ active(DN_EC0039) ∧ (E_EC0040 ∧ REF_EC0040_KIMDEATH__EC0036),RELATIVE_TIME_TEXT: '김명신이 죽은 뒤' (EC0040),날짜 사용 안 함(상대 순서만; 기록일 미사용),CONDITIONAL_TEMPORAL,YES,EC0040의 상대시간 표현이 (referent REF_EC0040_KIMDEATH__EC0036 포함) 참인 world에서만. 정확한 날짜는 만들지 않음. 논리층 RC0326와 같은 조건.
TE0004,DN_EC0072,DN_EC0073,TEMPORAL_BEFORE,MEDIUM,active(DN_EC0072) ∧ active(DN_EC0073) ∧ (E_EC0073 ∧ REF_EC0073_THEN__EC0072),RELATIVE_TIME_TEXT: '그 뒤' (EC0073),날짜 사용 안 함(상대 순서만; 기록일 미사용),CONDITIONAL_TEMPORAL,YES,EC0073의 상대시간 표현이 (referent REF_EC0073_THEN__EC0072 포함) 참인 world에서만. 정확한 날짜는 만들지 않음. 논리층 RC0327와 같은 조건.
TE0005,DN_EC0103,DN_EC0104,TEMPORAL_BEFORE,MEDIUM,active(DN_EC0103) ∧ active(DN_EC0104) ∧ (E_EC0103 ∧ REF_EC0103_ARREST__EC0104),RELATIVE_TIME_TEXT: '자미덕 체포 전' (EC0103),날짜 사용 안 함(상대 순서만; 기록일 미사용),CONDITIONAL_TEMPORAL,YES,EC0103의 상대시간 표현이 (referent REF_EC0103_ARREST__EC0104 포함) 참인 world에서만. 정확한 날짜는 만들지 않음. 논리층 RC0328와 같은 조건.
TE0006,DN_EC0105,DN_EC0106,TEMPORAL_BEFORE,MEDIUM,active(DN_EC0105) ∧ active(DN_EC0106) ∧ (E_EC0106 ∧ REF_EC0106_INTERROGATION__EC0105),RELATIVE_TIME_TEXT: '신문 뒤' (EC0106),날짜 사용 안 함(상대 순서만; 기록일 미사용),CONDITIONAL_TEMPORAL,YES,EC0106의 상대시간 표현이 (referent REF_EC0106_INTERROGATION__EC0105 포함) 참인 world에서만. 정확한 날짜는 만들지 않음. 논리층 RC0329와 같은 조건.
TE0007,DN_EC0106,DN_EC0107,TEMPORAL_BEFORE,MEDIUM,active(DN_EC0106) ∧ active(DN_EC0107) ∧ (E_EC0107 ∧ REF_EC0107_AFTER__EC0106),RELATIVE_TIME_TEXT: '그 후' (EC0107),날짜 사용 안 함(상대 순서만; 기록일 미사용),CONDITIONAL_TEMPORAL,YES,EC0107의 상대시간 표현이 (referent REF_EC0107_AFTER__EC0106 포함) 참인 world에서만. 정확한 날짜는 만들지 않음. 논리층 RC0330와 같은 조건.
TE0008,DN_EC0077,DN_EC0079,TEMPORAL_BEFORE,MEDIUM,active(DN_EC0077) ∧ active(DN_EC0079) ∧ (E_EC0077 ∧ E_EC0079),RELATIVE_TIME_TEXT: '처음에는' (EC0077),날짜 사용 안 함(상대 순서만; 기록일 미사용),CONDITIONAL_TEMPORAL,YES,같은 명제(P0055) 안 '처음에는 … 바꾸었다'. referent 변수가 따로 없어 검토 표시.
TE0009,DN_EC0113,DN_EC0112,TEMPORAL_DURING,MEDIUM,active(DN_EC0113) ∧ active(DN_EC0112) ∧ H_JAMIDEOK_FALSE_STATEMENT_AT_CONFRONTATION,RELATIVE_TIME_TEXT: '이집거와 대질할 때' (EC0113),날짜 사용 안 함(상대 순서만; 기록일 미사용),CONDITIONAL_TEMPORAL,NO,거짓 진술이 대질 중에 일어났다는 사실(H)이 참일 때. DURING은 포함 관계이며 선후 edge가 아님.
TE0010,DN_EC0096,DN_EC0097,PROCEDURAL_TRIGGER_IF_EXPLICIT,MEDIUM,active(DN_EC0096) ∧ active(DN_EC0097) ∧ (E_EC0096 ∧ E_EC0097 ∧ ID_BYEONGSA_SRC2_006__IGWANGSEOP),ORDER_EXECUTION_EXPLICIT: '병사 분부에 따라' (EC0097),날짜 사용 안 함(상대 순서만; 기록일 미사용),CONDITIONAL_ON_IDENTITY,NO,명령 → 그 명령에 따른 체포. EC0097의 '병사'=이광섭(STRONGLY_SUPPORTED)은 가설이므로 조건에 포함. 대상(풍각·흥덕 김생원=김명신·김갑득)은 원문 직접 식별.
TE0011,DN_EC0074,DN_EC0075,PROCEDURAL_TRIGGER_IF_EXPLICIT,MEDIUM,active(DN_EC0074) ∧ active(DN_EC0075) ∧ (E_EC0074 ∧ E_EC0075),PROCEDURAL_EXPLICIT: '그 소장으로' (EC0075),날짜 사용 안 함(상대 순서만; 기록일 미사용),CONDITIONAL_TEMPORAL,NO,정소 → 그 소장에 따른 체포령(명업 진술).
TE0012,DN_EC0122,DN_EC0123,PROCEDURAL_TRIGGER_IF_EXPLICIT,MEDIUM,active(DN_EC0122) ∧ active(DN_EC0123) ∧ (E_EC0122 ∧ E_EC0123 ∧ E_EC0124),PROCEDURAL_EXPLICIT: '유제희 말에 따른' (EC0124),날짜 사용 안 함(상대 순서만; 기록일 미사용),CONDITIONAL_TEMPORAL,NO,유제희의 권고 → 그 말에 따른 재질문. 연결 자체가 claim(EC0124)이라 조건에 포함.
TE0013,DN_EC0058,DN_EC0059,PROCEDURAL_TRIGGER_IF_EXPLICIT,MEDIUM,active(DN_EC0058) ∧ active(DN_EC0059) ∧ E_EC0060,PROCEDURAL_EXPLICIT: '꾀어 그 공초를 내게 함' (EC0060),날짜 사용 안 함(상대 순서만; 기록일 미사용),CONDITIONAL_TEMPORAL,NO,회유 → 그 공초. 연결 claim(EC0060)이 참일 때만. 시간 순서만 표현하며 인과 edge가 아님.
TE0014,DN_EC0141,DN_EC0142,PROCEDURAL_TRIGGER_IF_EXPLICIT,MEDIUM,active(DN_EC0141) ∧ active(DN_EC0142) ∧ (E_EC0141 ∧ E_EC0142),PROCEDURAL_EXPLICIT: '병영 비장 지휘대로' (EC0142),날짜 사용 안 함(상대 순서만; 기록일 미사용),CONDITIONAL_TEMPORAL,NO,지휘 → 지휘대로 한 죄안 구성(홍대협 평가).
TE0015,DN_EC0048,DN_EC0063,PROCEDURAL_TRIGGER_IF_EXPLICIT,MEDIUM,active(DN_EC0048) ∧ active(DN_EC0063) ∧ (E_EC0048 ∧ E_EC0063),ORDER_EXECUTION_EXPLICIT: '내려가 자세히 조사해 오라' (EC0048); ORDER_EXECUTION_EXPLICIT: '안핵어사 홍대협 복명' (SRC2_006),날짜 사용 안 함(상대 순서만; 기록일 미사용),CONDITIONAL_TEMPORAL,YES,안핵 명령 → 안핵 신문. 신문은 복명(6/13) 안의 서술이고 날짜가 없으므로 claim 조건부. '명에 따라' 같은 직접 표현 대신 직함·복명 연결.
TE0016,DN_EC0049,DN_EC0063,PROCEDURAL_TRIGGER_IF_EXPLICIT,MEDIUM,active(DN_EC0049) ∧ active(DN_EC0063) ∧ (E_EC0049 ∧ E_EC0063),ORDER_EXECUTION_EXPLICIT: '안핵어사' (EC0049|SRC2_006),날짜 사용 안 함(상대 순서만; 기록일 미사용),CONDITIONAL_TEMPORAL,YES,공주 안핵어사 차하 → 공주목 안핵 신문.
TE0017,DN_EC0063,DN_J_HONG_17930613_THEFT,PROCEDURAL_PRECEDES,MEDIUM,active(DN_EC0063) ∧ active(DN_J_HONG_17930613_THEFT) ∧ E_EC0063,PROCEDURAL_EXPLICIT: '안핵 복명' (EC0061|SRC2_006),날짜 사용 안 함(상대 순서만; 기록일 미사용),CONDITIONAL_TEMPORAL,NO,안핵(신문)을 마친 뒤 복명. 신문의 날짜는 만들지 않음(6/13 기록일을 복사하지 않음).
TE0018,DN_EC0063,DN_J_HONG_17930613_KIM_DEATH,PROCEDURAL_PRECEDES,MEDIUM,active(DN_EC0063) ∧ active(DN_J_HONG_17930613_KIM_DEATH) ∧ E_EC0063,PROCEDURAL_EXPLICIT: '안핵 복명' (EC0061|SRC2_006),날짜 사용 안 함(상대 순서만; 기록일 미사용),CONDITIONAL_TEMPORAL,NO,안핵(신문)을 마친 뒤 복명. 신문의 날짜는 만들지 않음(6/13 기록일을 복사하지 않음).
TE0019,DN_EC0063,DN_J_HONG_17930613_JISE,PROCEDURAL_PRECEDES,MEDIUM,active(DN_EC0063) ∧ active(DN_J_HONG_17930613_JISE) ∧ E_EC0063,PROCEDURAL_EXPLICIT: '안핵 복명' (EC0061|SRC2_006),날짜 사용 안 함(상대 순서만; 기록일 미사용),CONDITIONAL_TEMPORAL,NO,안핵(신문)을 마친 뒤 복명. 신문의 날짜는 만들지 않음(6/13 기록일을 복사하지 않음).
TE0020,DN_J_LEEHYEONGWON_17930512_THEFT,DN_J_JEONGJO_17930512_THEFT,PROCEDURAL_PRECEDES,STRONG,active(DN_J_LEEHYEONGWON_17930512_THEFT) ∧ active(DN_J_JEONGJO_17930512_THEFT),PROCEDURAL_EXPLICIT: '장계·조사에 따라' (P0016),날짜 사용 안 함(상대 순서만; 기록일 미사용),HARD_TEMPORAL,NO,정조 5/12 판단은 이형원 장계·조사에 따른 것(장계 → 판단). 장계 자체의 날짜는 만들지 않음.
TE0021,DN_J_LEEHYEONGWON_17930512_KIM_DEATH,DN_J_JEONGJO_17930512_THEFT,PROCEDURAL_PRECEDES,STRONG,active(DN_J_LEEHYEONGWON_17930512_KIM_DEATH) ∧ active(DN_J_JEONGJO_17930512_THEFT),PROCEDURAL_EXPLICIT: '장계·조사에 따라' (P0016),날짜 사용 안 함(상대 순서만; 기록일 미사용),HARD_TEMPORAL,NO,정조 5/12 판단은 이형원 장계·조사에 따른 것(장계 → 판단). 장계 자체의 날짜는 만들지 않음.
TE0022,DN_J_YUNNODONG_17930611_KIM_DEATH,DN_EC0061,PROCEDURAL_PRECEDES,STRONG,active(DN_J_YUNNODONG_17930611_KIM_DEATH) ∧ active(DN_EC0061),PROCEDURAL_EXPLICIT: '윤노동 별단의 구순 사건 처리를 보류' (EC0061),날짜 사용 안 함(상대 순서만; 기록일 미사용),HARD_TEMPORAL,NO,별단 → 그 별단의 처리 보류 계청.
TE0023,DN_J_YUNNODONG_17930611_COACHING,DN_EC0061,PROCEDURAL_PRECEDES,STRONG,active(DN_J_YUNNODONG_17930611_COACHING) ∧ active(DN_EC0061),PROCEDURAL_EXPLICIT: '윤노동 별단의 구순 사건 처리를 보류' (EC0061),날짜 사용 안 함(상대 순서만; 기록일 미사용),HARD_TEMPORAL,NO,별단 → 그 별단의 처리 보류 계청.
TE0024,DN_EC0020,DN_EC0021,PROCEDURAL_PRECEDES,STRONG,active(DN_EC0020) ∧ active(DN_EC0021),PROCEDURAL_EXPLICIT: '처분 요청을 윤허' (EC0021),날짜 사용 안 함(상대 순서만; 기록일 미사용),HARD_TEMPORAL,NO,같은 날(5/12) 계청 → 윤허. 윤허가 그 요청을 직접 가리킴.
TE0025,DN_EC0061,DN_EC0062,PROCEDURAL_PRECEDES,STRONG,active(DN_EC0061) ∧ active(DN_EC0062),PROCEDURAL_EXPLICIT: '보류 요청을 윤허' (EC0062),날짜 사용 안 함(상대 순서만; 기록일 미사용),HARD_TEMPORAL,NO,같은 날(6/11) 계청 → 윤허.
TE0026,DN_EC0061,DN_J_HONG_17930613_THEFT,TEMPORAL_BEFORE,STRONG,active(DN_EC0061) ∧ active(DN_J_HONG_17930613_THEFT),PROCEDURAL_EXPLICIT: '안핵 복명 전' (EC0061); COURT_ENTRY_DATE_ORDER: 1793-06-11 < 1793-06-13,DN_EC0061: 조정 기사일 1793-06-11(행위 자체 기록일) / DN_J_HONG_17930613_THEFT: 조정 기사일 1793-06-13(행위 자체 기록일),HARD_TEMPORAL,NO,6/11 보류 계청은 홍대협 복명 전.
TE0027,DN_EC0048,DN_J_HONG_17930613_THEFT,PROCEDURAL_PRECEDES,STRONG,active(DN_EC0048) ∧ active(DN_J_HONG_17930613_THEFT),PROCEDURAL_EXPLICIT: '안핵어사 홍대협 복명' (SRC2_006); COURT_ENTRY_DATE_ORDER: 1793-05-28 < 1793-06-13,DN_EC0048: 조정 기사일 1793-05-28(행위 자체 기록일) / DN_J_HONG_17930613_THEFT: 조정 기사일 1793-06-13(행위 자체 기록일),HARD_TEMPORAL,NO,5/28 안핵 명령 → 6/13 그 안핵의 복명.
TE0028,DN_EC0049,DN_J_HONG_17930613_THEFT,PROCEDURAL_PRECEDES,STRONG,active(DN_EC0049) ∧ active(DN_J_HONG_17930613_THEFT),PROCEDURAL_EXPLICIT: '안핵어사 홍대협 복명' (SRC2_006); COURT_ENTRY_DATE_ORDER: 1793-05-28 < 1793-06-13,DN_EC0049: 조정 기사일 1793-05-28(행위 자체 기록일) / DN_J_HONG_17930613_THEFT: 조정 기사일 1793-06-13(행위 자체 기록일),HARD_TEMPORAL,NO,5/28 안핵 명령 → 6/13 그 안핵의 복명.
TE0029,DN_J_HONG_17930613_THEFT,DN_J_JEONGJO_17930613_THEFT,PROCEDURAL_PRECEDES,STRONG,active(DN_J_HONG_17930613_THEFT) ∧ active(DN_J_JEONGJO_17930613_THEFT),PROCEDURAL_EXPLICIT: '복명과 정조의 최종 심리' (SRC2_006); PROCEDURAL_EXPLICIT: '공주목 안핵의 핵심을' (P0104),날짜 사용 안 함(상대 순서만; 기록일 미사용),HARD_TEMPORAL,NO,같은 날(6/13) 복명 → 그 안핵에 대한 정조의 심리. 같은 날 순서의 근거는 기사 구조가 '복명에 대한 심리'라는 명시.
TE0030,DN_J_HONG_17930613_THEFT,DN_J_JEONGJO_17930613_KIM_DEATH,PROCEDURAL_PRECEDES,STRONG,active(DN_J_HONG_17930613_THEFT) ∧ active(DN_J_JEONGJO_17930613_KIM_DEATH),PROCEDURAL_EXPLICIT: '복명과 정조의 최종 심리' (SRC2_006); PROCEDURAL_EXPLICIT: '공주목 안핵의 핵심을' (P0104),날짜 사용 안 함(상대 순서만; 기록일 미사용),HARD_TEMPORAL,NO,같은 날(6/13) 복명 → 그 안핵에 대한 정조의 심리. 같은 날 순서의 근거는 기사 구조가 '복명에 대한 심리'라는 명시.
TE0031,DN_J_HONG_17930613_THEFT,DN_J_JEONGJO_17930613_JISE,PROCEDURAL_PRECEDES,STRONG,active(DN_J_HONG_17930613_THEFT) ∧ active(DN_J_JEONGJO_17930613_JISE),PROCEDURAL_EXPLICIT: '복명과 정조의 최종 심리' (SRC2_006); PROCEDURAL_EXPLICIT: '공주목 안핵의 핵심을' (P0104),날짜 사용 안 함(상대 순서만; 기록일 미사용),HARD_TEMPORAL,NO,같은 날(6/13) 복명 → 그 안핵에 대한 정조의 심리. 같은 날 순서의 근거는 기사 구조가 '복명에 대한 심리'라는 명시.
TE0032,DN_EC0061,DN_J_HONG_17930613_KIM_DEATH,TEMPORAL_BEFORE,STRONG,active(DN_EC0061) ∧ active(DN_J_HONG_17930613_KIM_DEATH),PROCEDURAL_EXPLICIT: '안핵 복명 전' (EC0061); COURT_ENTRY_DATE_ORDER: 1793-06-11 < 1793-06-13,DN_EC0061: 조정 기사일 1793-06-11(행위 자체 기록일) / DN_J_HONG_17930613_KIM_DEATH: 조정 기사일 1793-06-13(행위 자체 기록일),HARD_TEMPORAL,NO,6/11 보류 계청은 홍대협 복명 전.
TE0033,DN_EC0048,DN_J_HONG_17930613_KIM_DEATH,PROCEDURAL_PRECEDES,STRONG,active(DN_EC0048) ∧ active(DN_J_HONG_17930613_KIM_DEATH),PROCEDURAL_EXPLICIT: '안핵어사 홍대협 복명' (SRC2_006); COURT_ENTRY_DATE_ORDER: 1793-05-28 < 1793-06-13,DN_EC0048: 조정 기사일 1793-05-28(행위 자체 기록일) / DN_J_HONG_17930613_KIM_DEATH: 조정 기사일 1793-06-13(행위 자체 기록일),HARD_TEMPORAL,NO,5/28 안핵 명령 → 6/13 그 안핵의 복명.
TE0034,DN_EC0049,DN_J_HONG_17930613_KIM_DEATH,PROCEDURAL_PRECEDES,STRONG,active(DN_EC0049) ∧ active(DN_J_HONG_17930613_KIM_DEATH),PROCEDURAL_EXPLICIT: '안핵어사 홍대협 복명' (SRC2_006); COURT_ENTRY_DATE_ORDER: 1793-05-28 < 1793-06-13,DN_EC0049: 조정 기사일 1793-05-28(행위 자체 기록일) / DN_J_HONG_17930613_KIM_DEATH: 조정 기사일 1793-06-13(행위 자체 기록일),HARD_TEMPORAL,NO,5/28 안핵 명령 → 6/13 그 안핵의 복명.
TE0035,DN_J_HONG_17930613_KIM_DEATH,DN_J_JEONGJO_17930613_THEFT,PROCEDURAL_PRECEDES,STRONG,active(DN_J_HONG_17930613_KIM_DEATH) ∧ active(DN_J_JEONGJO_17930613_THEFT),PROCEDURAL_EXPLICIT: '복명과 정조의 최종 심리' (SRC2_006); PROCEDURAL_EXPLICIT: '공주목 안핵의 핵심을' (P0104),날짜 사용 안 함(상대 순서만; 기록일 미사용),HARD_TEMPORAL,NO,같은 날(6/13) 복명 → 그 안핵에 대한 정조의 심리. 같은 날 순서의 근거는 기사 구조가 '복명에 대한 심리'라는 명시.
TE0036,DN_J_HONG_17930613_KIM_DEATH,DN_J_JEONGJO_17930613_KIM_DEATH,PROCEDURAL_PRECEDES,STRONG,active(DN_J_HONG_17930613_KIM_DEATH) ∧ active(DN_J_JEONGJO_17930613_KIM_DEATH),PROCEDURAL_EXPLICIT: '복명과 정조의 최종 심리' (SRC2_006); PROCEDURAL_EXPLICIT: '공주목 안핵의 핵심을' (P0104),날짜 사용 안 함(상대 순서만; 기록일 미사용),HARD_TEMPORAL,NO,같은 날(6/13) 복명 → 그 안핵에 대한 정조의 심리. 같은 날 순서의 근거는 기사 구조가 '복명에 대한 심리'라는 명시.
TE0037,DN_J_HONG_17930613_KIM_DEATH,DN_J_JEONGJO_17930613_JISE,PROCEDURAL_PRECEDES,STRONG,active(DN_J_HONG_17930613_KIM_DEATH) ∧ active(DN_J_JEONGJO_17930613_JISE),PROCEDURAL_EXPLICIT: '복명과 정조의 최종 심리' (SRC2_006); PROCEDURAL_EXPLICIT: '공주목 안핵의 핵심을' (P0104),날짜 사용 안 함(상대 순서만; 기록일 미사용),HARD_TEMPORAL,NO,같은 날(6/13) 복명 → 그 안핵에 대한 정조의 심리. 같은 날 순서의 근거는 기사 구조가 '복명에 대한 심리'라는 명시.
TE0038,DN_EC0061,DN_J_HONG_17930613_JISE,TEMPORAL_BEFORE,STRONG,active(DN_EC0061) ∧ active(DN_J_HONG_17930613_JISE),PROCEDURAL_EXPLICIT: '안핵 복명 전' (EC0061); COURT_ENTRY_DATE_ORDER: 1793-06-11 < 1793-06-13,DN_EC0061: 조정 기사일 1793-06-11(행위 자체 기록일) / DN_J_HONG_17930613_JISE: 조정 기사일 1793-06-13(행위 자체 기록일),HARD_TEMPORAL,NO,6/11 보류 계청은 홍대협 복명 전.
TE0039,DN_EC0048,DN_J_HONG_17930613_JISE,PROCEDURAL_PRECEDES,STRONG,active(DN_EC0048) ∧ active(DN_J_HONG_17930613_JISE),PROCEDURAL_EXPLICIT: '안핵어사 홍대협 복명' (SRC2_006); COURT_ENTRY_DATE_ORDER: 1793-05-28 < 1793-06-13,DN_EC0048: 조정 기사일 1793-05-28(행위 자체 기록일) / DN_J_HONG_17930613_JISE: 조정 기사일 1793-06-13(행위 자체 기록일),HARD_TEMPORAL,NO,5/28 안핵 명령 → 6/13 그 안핵의 복명.
TE0040,DN_EC0049,DN_J_HONG_17930613_JISE,PROCEDURAL_PRECEDES,STRONG,active(DN_EC0049) ∧ active(DN_J_HONG_17930613_JISE),PROCEDURAL_EXPLICIT: '안핵어사 홍대협 복명' (SRC2_006); COURT_ENTRY_DATE_ORDER: 1793-05-28 < 1793-06-13,DN_EC0049: 조정 기사일 1793-05-28(행위 자체 기록일) / DN_J_HONG_17930613_JISE: 조정 기사일 1793-06-13(행위 자체 기록일),HARD_TEMPORAL,NO,5/28 안핵 명령 → 6/13 그 안핵의 복명.
TE0041,DN_J_HONG_17930613_JISE,DN_J_JEONGJO_17930613_THEFT,PROCEDURAL_PRECEDES,STRONG,active(DN_J_HONG_17930613_JISE) ∧ active(DN_J_JEONGJO_17930613_THEFT),PROCEDURAL_EXPLICIT: '복명과 정조의 최종 심리' (SRC2_006); PROCEDURAL_EXPLICIT: '공주목 안핵의 핵심을' (P0104),날짜 사용 안 함(상대 순서만; 기록일 미사용),HARD_TEMPORAL,NO,같은 날(6/13) 복명 → 그 안핵에 대한 정조의 심리. 같은 날 순서의 근거는 기사 구조가 '복명에 대한 심리'라는 명시.
TE0042,DN_J_HONG_17930613_JISE,DN_J_JEONGJO_17930613_KIM_DEATH,PROCEDURAL_PRECEDES,STRONG,active(DN_J_HONG_17930613_JISE) ∧ active(DN_J_JEONGJO_17930613_KIM_DEATH),PROCEDURAL_EXPLICIT: '복명과 정조의 최종 심리' (SRC2_006); PROCEDURAL_EXPLICIT: '공주목 안핵의 핵심을' (P0104),날짜 사용 안 함(상대 순서만; 기록일 미사용),HARD_TEMPORAL,NO,같은 날(6/13) 복명 → 그 안핵에 대한 정조의 심리. 같은 날 순서의 근거는 기사 구조가 '복명에 대한 심리'라는 명시.
TE0043,DN_J_HONG_17930613_JISE,DN_J_JEONGJO_17930613_JISE,PROCEDURAL_PRECEDES,STRONG,active(DN_J_HONG_17930613_JISE) ∧ active(DN_J_JEONGJO_17930613_JISE),PROCEDURAL_EXPLICIT: '복명과 정조의 최종 심리' (SRC2_006); PROCEDURAL_EXPLICIT: '공주목 안핵의 핵심을' (P0104),날짜 사용 안 함(상대 순서만; 기록일 미사용),HARD_TEMPORAL,NO,같은 날(6/13) 복명 → 그 안핵에 대한 정조의 심리. 같은 날 순서의 근거는 기사 구조가 '복명에 대한 심리'라는 명시.
TE0044,DN_J_JEONGJO_17930512_THEFT,DN_J_JEONGJO_17930613_THEFT,PROCEDURAL_PRECEDES,STRONG,active(DN_J_JEONGJO_17930512_THEFT) ∧ active(DN_J_JEONGJO_17930613_THEFT),JUDGMENT_REVISION: JR001 REVISED_BY; COURT_ENTRY_DATE_ORDER: 1793-05-12 < 1793-06-13,DN_J_JEONGJO_17930512_THEFT: 조정 기사일 1793-05-12(행위 자체 기록일) / DN_J_JEONGJO_17930613_THEFT: 조정 기사일 1793-06-13(행위 자체 기록일),HARD_TEMPORAL,NO,판단 act의 수정 관계(내용끼리 연결하지 않음). 5/12 판단 act → 6/13 판단 act.
TE0045,DN_J_HONG_17930528_JISE,DN_J_HONG_17930613_JISE,PROCEDURAL_PRECEDES,STRONG,active(DN_J_HONG_17930528_JISE) ∧ active(DN_J_HONG_17930613_JISE),JUDGMENT_REVISION: JR002 REVISED_BY; COURT_ENTRY_DATE_ORDER: 1793-05-28 < 1793-06-13,DN_J_HONG_17930528_JISE: 조정 기사일 1793-05-28(행위 자체 기록일) / DN_J_HONG_17930613_JISE: 조정 기사일 1793-06-13(행위 자체 기록일),HARD_TEMPORAL,YES,판단 act의 수정 관계. 수정인지 정밀화인지는 JR002에서 REVIEW(시간 순서는 기사일로 고정).
TE0046,DN_EC0154,DN_EC0155,TEMPORAL_BEFORE,STRONG,active(DN_EC0154) ∧ active(DN_EC0155),PROCEDURAL_EXPLICIT: '파직 후' (P0115); COURT_ENTRY_DATE_ORDER: 1793-06-13 < 1793-06-16,DN_EC0154: 조정 기사일 1793-06-13(행위 자체 기록일) / DN_EC0155: 조정 기사일 1793-06-16(행위 자체 기록일),HARD_TEMPORAL,NO,6/13 파직 → 6/16 유임.
TE0047,DN_EC0003,DN_EC0053,TEMPORAL_BEFORE,WEAK,NEVER (EVIDENCE_ONLY: 시간 제약으로 강제하지 않음),REFERENT_NOT_IN_OWN_SOURCE: '체포·구금 뒤' (EC0055),날짜 사용 안 함(상대 순서만; 기록일 미사용),EVIDENCE_ONLY,YES,윤노동(SRC2_005)의 '체포·구금 뒤'. 그 기록 안에 체포·구금 candidate가 없어 referent 변수가 없음 → 시간 제약으로 강제하지 않음.
TE0048,DN_EC0004,DN_EC0053,TEMPORAL_BEFORE,WEAK,NEVER (EVIDENCE_ONLY: 시간 제약으로 강제하지 않음),REFERENT_NOT_IN_OWN_SOURCE: '체포·구금 뒤' (EC0055),날짜 사용 안 함(상대 순서만; 기록일 미사용),EVIDENCE_ONLY,YES,윤노동(SRC2_005)의 '체포·구금 뒤'. 그 기록 안에 체포·구금 candidate가 없어 referent 변수가 없음 → 시간 제약으로 강제하지 않음.
TE0049,DN_EC0003,DN_EC0004,TEMPORAL_BEFORE,WEAK,NEVER (REVIEW_REQUIRED: 검토 전 비활성),SERIAL_CONNECTIVE: '잡아 달포 이상 구금' (P0004),날짜 사용 안 함(상대 순서만; 기록일 미사용),REVIEW_REQUIRED,YES,연결어미 '-아'의 계기 의미뿐(상대시간 단어 아님).
TE0050,DN_EC0003,DN_EC0005,TEMPORAL_BEFORE,WEAK,NEVER (REVIEW_REQUIRED: 검토 전 비활성),SERIAL_CONNECTIVE: '잡아 달포 이상 구금·조사' (P0004),날짜 사용 안 함(상대 순서만; 기록일 미사용),REVIEW_REQUIRED,YES,연결어미 '-아'의 계기 의미뿐.
TE0051,DN_EC0051,DN_EC0052,TEMPORAL_BEFORE,WEAK,NEVER (REVIEW_REQUIRED: 검토 전 비활성),SERIAL_CONNECTIVE: '영교를 불러 김명신 등의 이름을 써 주었다' (P0039),날짜 사용 안 함(상대 순서만; 기록일 미사용),REVIEW_REQUIRED,YES,연결어미 '-어'의 계기 의미뿐.
TE0052,DN_EC0119,DN_EC0120,TEMPORAL_BEFORE,WEAK,NEVER (REVIEW_REQUIRED: 검토 전 비활성),SERIAL_CONNECTIVE: '방안으로 불러 남은 밥을 주었다' (P0089),날짜 사용 안 함(상대 순서만; 기록일 미사용),REVIEW_REQUIRED,YES,연결어미 '-어'의 계기 의미뿐. 두 node는 같은 SAME component라 장면 단위 collapse 시 self-loop가 됨.
TE0053,DN_EC0099,DN_EC0100,TEMPORAL_BEFORE,WEAK,NEVER (REVIEW_REQUIRED: 검토 전 비활성),REPLY_REFERENCE: '답함' (EC0100),날짜 사용 안 함(상대 순서만; 기록일 미사용),REVIEW_REQUIRED,YES,응답이 어느 질문을 가리키는지 referent 변수가 없음(같은 날).
TE0054,DN_EC0123,DN_EC0125,TEMPORAL_BEFORE,WEAK,NEVER (REVIEW_REQUIRED: 검토 전 비활성),REPLY_REFERENCE: '재질문에 모른다고 답함' (EC0125),날짜 사용 안 함(상대 순서만; 기록일 미사용),REVIEW_REQUIRED,YES,'재질문'=EC0123 referent 변수가 없음.
TE0055,DN_EC0089,DN_EC0093,TEMPORAL_BEFORE,WEAK,NEVER (REVIEW_REQUIRED: 검토 전 비활성),SERIAL_CONNECTIVE: '자미덕을 데리고' (P0063),날짜 사용 안 함(상대 순서만; 기록일 미사용),REVIEW_REQUIRED,YES,같은 날(2/29). '데리고'는 시간 단어가 아님.
TE0056,DN_EC0114,DN_EC0113,TEMPORAL_BEFORE,WEAK,NEVER (REVIEW_REQUIRED: 검토 전 비활성),SERIAL_CONNECTIVE: '한 비장의 지휘에 따라' (P0084),날짜 사용 안 함(상대 순서만; 기록일 미사용),REVIEW_REQUIRED,YES,지휘가 발언보다 앞섰는지 동시였는지 불명.
TE0057,DN_EC0098,DN_EC0097,TEMPORAL_BEFORE,WEAK,NEVER (REVIEW_REQUIRED: 검토 전 비활성),ROLE_LINK_WITHOUT_TIME_WORD: '잡으러 가는 길에' (EC0098),날짜 사용 안 함(상대 순서만; 기록일 미사용),REVIEW_REQUIRED,YES,"들른 뒤 잡으러 간 체포가 EC0097인지, 조계완이 '장교 일행'에 속하는지(open set) 미정."
TE0058,DN_EC0129,DN_EC0130,TEMPORAL_BEFORE,WEAK,NEVER (REVIEW_REQUIRED: 검토 전 비활성),ANAPHORIC_REFERENCE: '그 말을' (EC0130),날짜 사용 안 함(상대 순서만; 기록일 미사용),REVIEW_REQUIRED,YES,'그 말'=EC0129 referent 변수가 없음.
TE0059,DN_EC0115,DN_EC0128,TEMPORAL_BEFORE,WEAK,NEVER (REVIEW_REQUIRED: 검토 전 비활성),ROLE_LINK_WITHOUT_TIME_WORD: '당초' (EC0128),날짜 사용 안 함(상대 순서만; 기록일 미사용),REVIEW_REQUIRED,YES,서로 다른 공초(한재욱·유제희). 같은 파견인지 미정.
TE0060,DN_J_JAMIDEOK_17930613_COACHING,DN_EC0063,TEMPORAL_DURING,WEAK,NEVER (REVIEW_REQUIRED: 검토 전 비활성),ROLE_LINK_WITHOUT_TIME_WORD: '관련자들을 차례로 신문함' (EC0063),날짜 사용 안 함(상대 순서만; 기록일 미사용),REVIEW_REQUIRED,YES,이 공초가 홍대협 안핵 신문 중에 받은 것인지 명시 없음(공초 시점은 6/13 이전으로만 기록).
TE0061,DN_J_HANJAEUK_17930613_COACHING,DN_EC0063,TEMPORAL_DURING,WEAK,NEVER (REVIEW_REQUIRED: 검토 전 비활성),ROLE_LINK_WITHOUT_TIME_WORD: '관련자들을 차례로 신문함' (EC0063),날짜 사용 안 함(상대 순서만; 기록일 미사용),REVIEW_REQUIRED,YES,이 공초가 홍대협 안핵 신문 중에 받은 것인지 명시 없음(공초 시점은 6/13 이전으로만 기록).
TE0062,DN_J_IJOWON_17930527_THEFT,DN_EC0044,PROCEDURAL_PRECEDES,WEAK,NEVER (REVIEW_REQUIRED: 검토 전 비활성),SAME_DAY_COURT_SEQUENCE: '직접 안핵하지 않은 점' (P0029),날짜 사용 안 함(상대 순서만; 기록일 미사용),REVIEW_REQUIRED,YES,같은 날(5/27). 복명에 대한 처분으로 보이나 명시 연결어가 없고 P0029(AP0047)는 projection REVIEW.
TE0063,DN_J_IJOWON_17930527_THEFT,DN_EC0045,PROCEDURAL_PRECEDES,WEAK,NEVER (REVIEW_REQUIRED: 검토 전 비활성),SAME_DAY_COURT_SEQUENCE: '엄핵을 청함' (SRC2_002),날짜 사용 안 함(상대 순서만; 기록일 미사용),REVIEW_REQUIRED,YES,같은 날(5/27). '엄핵 청함' 발언은 candidate가 없음.
TE0064,DN_J_JEONGJO_17930613_JISE,DN_EC0150,PROCEDURAL_PRECEDES,WEAK,NEVER (REVIEW_REQUIRED: 검토 전 비활성),SAME_DAY_COURT_SEQUENCE: '사형에서 감해' (P0110),날짜 사용 안 함(상대 순서만; 기록일 미사용),REVIEW_REQUIRED,YES,같은 날(6/13). '죄를 면함' 판단에 따른 감형 처분으로 보이나 명시 연결어 없음.
TE0065,DN_EC0065,DN_EC0081,TEMPORAL_BEFORE,MEDIUM,active(DN_EC0065) ∧ active(DN_EC0081) ∧ (E_EC0065 ∧ INTERP_EC0065_DATE_IS_TELLING_TIME ∧ E_EC0081),CLAIMED_DATE_ORDER: 1793-02-22 밤 < 1793-02-28 밤,DN_EC0065: 주장 날짜 1793-02-22 밤(claim 참일 때만) / DN_EC0081: 주장 날짜 1793-02-28 밤(claim 참일 때만),CONDITIONAL_TEMPORAL,NO,주장 날짜쌍: 두 claim이 날짜까지 참인 world에서만(실제 시점 T는 world가 결정).
TE0066,DN_EC0065,DN_EC0082,TEMPORAL_BEFORE,MEDIUM,active(DN_EC0065) ∧ active(DN_EC0082) ∧ (E_EC0065 ∧ INTERP_EC0065_DATE_IS_TELLING_TIME ∧ E_EC0082),CLAIMED_DATE_ORDER: 1793-02-22 밤 < 1793-02-28 밤,DN_EC0065: 주장 날짜 1793-02-22 밤(claim 참일 때만) / DN_EC0082: 주장 날짜 1793-02-28 밤(claim 참일 때만),CONDITIONAL_TEMPORAL,NO,주장 날짜쌍: 두 claim이 날짜까지 참인 world에서만(실제 시점 T는 world가 결정).
TE0067,DN_EC0065,DN_EC0083,TEMPORAL_BEFORE,MEDIUM,active(DN_EC0065) ∧ active(DN_EC0083) ∧ (E_EC0065 ∧ INTERP_EC0065_DATE_IS_TELLING_TIME ∧ E_EC0083),CLAIMED_DATE_ORDER: 1793-02-22 밤 < 1793-02-28 밤,DN_EC0065: 주장 날짜 1793-02-22 밤(claim 참일 때만) / DN_EC0083: 주장 날짜 1793-02-28 밤(claim 참일 때만),CONDITIONAL_TEMPORAL,NO,주장 날짜쌍: 두 claim이 날짜까지 참인 world에서만(실제 시점 T는 world가 결정).
TE0068,DN_EC0065,DN_EC0084,TEMPORAL_BEFORE,MEDIUM,active(DN_EC0065) ∧ active(DN_EC0084) ∧ (E_EC0065 ∧ INTERP_EC0065_DATE_IS_TELLING_TIME ∧ E_EC0084),CLAIMED_DATE_ORDER: 1793-02-22 밤 < 1793-02-28 밤~29 새벽,DN_EC0065: 주장 날짜 1793-02-22 밤(claim 참일 때만) / DN_EC0084: 주장 날짜 1793-02-28 밤~29 새벽(claim 참일 때만),CONDITIONAL_TEMPORAL,NO,주장 날짜쌍: 두 claim이 날짜까지 참인 world에서만(실제 시점 T는 world가 결정).
TE0069,DN_EC0065,DN_EC0089,TEMPORAL_BEFORE,MEDIUM,active(DN_EC0065) ∧ active(DN_EC0089) ∧ (E_EC0065 ∧ INTERP_EC0065_DATE_IS_TELLING_TIME ∧ E_EC0089),CLAIMED_DATE_ORDER: 1793-02-22 밤 < 1793-02-29,DN_EC0065: 주장 날짜 1793-02-22 밤(claim 참일 때만) / DN_EC0089: 주장 날짜 1793-02-29(claim 참일 때만),CONDITIONAL_TEMPORAL,NO,주장 날짜쌍: 두 claim이 날짜까지 참인 world에서만(실제 시점 T는 world가 결정).
TE0070,DN_EC0065,DN_EC0093,TEMPORAL_BEFORE,MEDIUM,active(DN_EC0065) ∧ active(DN_EC0093) ∧ (E_EC0065 ∧ INTERP_EC0065_DATE_IS_TELLING_TIME ∧ E_EC0093),CLAIMED_DATE_ORDER: 1793-02-22 밤 < 1793-02-29,DN_EC0065: 주장 날짜 1793-02-22 밤(claim 참일 때만) / DN_EC0093: 주장 날짜 1793-02-29(claim 참일 때만),CONDITIONAL_TEMPORAL,NO,주장 날짜쌍: 두 claim이 날짜까지 참인 world에서만(실제 시점 T는 world가 결정).
TE0071,DN_EC0065,DN_EC0094,TEMPORAL_BEFORE,MEDIUM,active(DN_EC0065) ∧ active(DN_EC0094) ∧ (E_EC0065 ∧ INTERP_EC0065_DATE_IS_TELLING_TIME ∧ E_EC0094),CLAIMED_DATE_ORDER: 1793-02-22 밤 < 1793-02-29,DN_EC0065: 주장 날짜 1793-02-22 밤(claim 참일 때만) / DN_EC0094: 주장 날짜 1793-02-29(claim 참일 때만),CONDITIONAL_TEMPORAL,NO,주장 날짜쌍: 두 claim이 날짜까지 참인 world에서만(실제 시점 T는 world가 결정).
TE0072,DN_EC0065,DN_EC0095,TEMPORAL_BEFORE,MEDIUM,active(DN_EC0065) ∧ active(DN_EC0095) ∧ (E_EC0065 ∧ INTERP_EC0065_DATE_IS_TELLING_TIME ∧ E_EC0095),CLAIMED_DATE_ORDER: 1793-02-22 밤 < 1793-02-29,DN_EC0065: 주장 날짜 1793-02-22 밤(claim 참일 때만) / DN_EC0095: 주장 날짜 1793-02-29(claim 참일 때만),CONDITIONAL_TEMPORAL,NO,주장 날짜쌍: 두 claim이 날짜까지 참인 world에서만(실제 시점 T는 world가 결정).
TE0073,DN_EC0065,DN_EC0096,TEMPORAL_BEFORE,MEDIUM,active(DN_EC0065) ∧ active(DN_EC0096) ∧ (E_EC0065 ∧ INTERP_EC0065_DATE_IS_TELLING_TIME ∧ E_EC0096),CLAIMED_DATE_ORDER: 1793-02-22 밤 < 1793-03-04,DN_EC0065: 주장 날짜 1793-02-22 밤(claim 참일 때만) / DN_EC0096: 주장 날짜 1793-03-04(claim 참일 때만),CONDITIONAL_TEMPORAL,NO,주장 날짜쌍: 두 claim이 날짜까지 참인 world에서만(실제 시점 T는 world가 결정).
TE0074,DN_EC0065,DN_EC0097,TEMPORAL_BEFORE,MEDIUM,active(DN_EC0065) ∧ active(DN_EC0097) ∧ (E_EC0065 ∧ INTERP_EC0065_DATE_IS_TELLING_TIME ∧ E_EC0097),CLAIMED_DATE_ORDER: 1793-02-22 밤 < 1793-03-04,DN_EC0065: 주장 날짜 1793-02-22 밤(claim 참일 때만) / DN_EC0097: 주장 날짜 1793-03-04(claim 참일 때만),CONDITIONAL_TEMPORAL,NO,주장 날짜쌍: 두 claim이 날짜까지 참인 world에서만(실제 시점 T는 world가 결정).
TE0075,DN_EC0065,DN_EC0098,TEMPORAL_BEFORE,MEDIUM,active(DN_EC0065) ∧ active(DN_EC0098) ∧ (E_EC0065 ∧ INTERP_EC0065_DATE_IS_TELLING_TIME ∧ E_EC0098),CLAIMED_DATE_ORDER: 1793-02-22 밤 < 1793-03-04,DN_EC0065: 주장 날짜 1793-02-22 밤(claim 참일 때만) / DN_EC0098: 주장 날짜 1793-03-04(claim 참일 때만),CONDITIONAL_TEMPORAL,NO,주장 날짜쌍: 두 claim이 날짜까지 참인 world에서만(실제 시점 T는 world가 결정).
TE0076,DN_EC0065,DN_EC0099,TEMPORAL_BEFORE,MEDIUM,active(DN_EC0065) ∧ active(DN_EC0099) ∧ (E_EC0065 ∧ INTERP_EC0065_DATE_IS_TELLING_TIME ∧ E_EC0099),CLAIMED_DATE_ORDER: 1793-02-22 밤 < 1793-03-04,DN_EC0065: 주장 날짜 1793-02-22 밤(claim 참일 때만) / DN_EC0099: 주장 날짜 1793-03-04(claim 참일 때만),CONDITIONAL_TEMPORAL,NO,주장 날짜쌍: 두 claim이 날짜까지 참인 world에서만(실제 시점 T는 world가 결정).
TE0077,DN_EC0065,DN_EC0100,TEMPORAL_BEFORE,MEDIUM,active(DN_EC0065) ∧ active(DN_EC0100) ∧ (E_EC0065 ∧ INTERP_EC0065_DATE_IS_TELLING_TIME ∧ E_EC0100),CLAIMED_DATE_ORDER: 1793-02-22 밤 < 1793-03-04,DN_EC0065: 주장 날짜 1793-02-22 밤(claim 참일 때만) / DN_EC0100: 주장 날짜 1793-03-04(claim 참일 때만),CONDITIONAL_TEMPORAL,NO,주장 날짜쌍: 두 claim이 날짜까지 참인 world에서만(실제 시점 T는 world가 결정).
TE0078,DN_EC0065,DN_EC0101,TEMPORAL_BEFORE,MEDIUM,active(DN_EC0065) ∧ active(DN_EC0101) ∧ (E_EC0065 ∧ INTERP_EC0065_DATE_IS_TELLING_TIME ∧ E_EC0101),CLAIMED_DATE_ORDER: 1793-02-22 밤 < 1793-03-04,DN_EC0065: 주장 날짜 1793-02-22 밤(claim 참일 때만) / DN_EC0101: 주장 날짜 1793-03-04(claim 참일 때만),CONDITIONAL_TEMPORAL,NO,주장 날짜쌍: 두 claim이 날짜까지 참인 world에서만(실제 시점 T는 world가 결정).
TE0079,DN_EC0065,DN_EC0102,TEMPORAL_BEFORE,MEDIUM,active(DN_EC0065) ∧ active(DN_EC0102) ∧ (E_EC0065 ∧ INTERP_EC0065_DATE_IS_TELLING_TIME ∧ E_EC0102),CLAIMED_DATE_ORDER: 1793-02-22 밤 < 1793-03-04,DN_EC0065: 주장 날짜 1793-02-22 밤(claim 참일 때만) / DN_EC0102: 주장 날짜 1793-03-04(claim 참일 때만),CONDITIONAL_TEMPORAL,NO,주장 날짜쌍: 두 claim이 날짜까지 참인 world에서만(실제 시점 T는 world가 결정).
TE0080,DN_EC0065,DN_EC0020,TEMPORAL_BEFORE,MEDIUM,active(DN_EC0065) ∧ active(DN_EC0020) ∧ (E_EC0065 ∧ INTERP_EC0065_DATE_IS_TELLING_TIME),CLAIMED_VS_COURT_DATE_ORDER: 1793-02-22 밤 < 1793-05-12,DN_EC0065: 주장 날짜 1793-02-22 밤(claim 참일 때만) / DN_EC0020: 조정 기사일 1793-05-12(행위 자체 기록일),CONDITIONAL_TEMPORAL,NO,주장 날짜 vs 조정 행위 기사일: 앞 claim이 날짜까지 참일 때만.
TE0081,DN_EC0065,DN_EC0021,TEMPORAL_BEFORE,MEDIUM,active(DN_EC0065) ∧ active(DN_EC0021) ∧ (E_EC0065 ∧ INTERP_EC0065_DATE_IS_TELLING_TIME),CLAIMED_VS_COURT_DATE_ORDER: 1793-02-22 밤 < 1793-05-12,DN_EC0065: 주장 날짜 1793-02-22 밤(claim 참일 때만) / DN_EC0021: 조정 기사일 1793-05-12(행위 자체 기록일),CONDITIONAL_TEMPORAL,NO,주장 날짜 vs 조정 행위 기사일: 앞 claim이 날짜까지 참일 때만.
TE0082,DN_EC0065,DN_EC0023,TEMPORAL_BEFORE,MEDIUM,active(DN_EC0065) ∧ active(DN_EC0023) ∧ (E_EC0065 ∧ INTERP_EC0065_DATE_IS_TELLING_TIME),CLAIMED_VS_COURT_DATE_ORDER: 1793-02-22 밤 < 1793-05-12,DN_EC0065: 주장 날짜 1793-02-22 밤(claim 참일 때만) / DN_EC0023: 조정 기사일 1793-05-12(행위 자체 기록일),CONDITIONAL_TEMPORAL,NO,주장 날짜 vs 조정 행위 기사일: 앞 claim이 날짜까지 참일 때만.
TE0083,DN_EC0065,DN_EC0044,TEMPORAL_BEFORE,MEDIUM,active(DN_EC0065) ∧ active(DN_EC0044) ∧ (E_EC0065 ∧ INTERP_EC0065_DATE_IS_TELLING_TIME),CLAIMED_VS_COURT_DATE_ORDER: 1793-02-22 밤 < 1793-05-27,DN_EC0065: 주장 날짜 1793-02-22 밤(claim 참일 때만) / DN_EC0044: 조정 기사일 1793-05-27(행위 자체 기록일),CONDITIONAL_TEMPORAL,NO,주장 날짜 vs 조정 행위 기사일: 앞 claim이 날짜까지 참일 때만.
TE0084,DN_EC0065,DN_EC0045,TEMPORAL_BEFORE,MEDIUM,active(DN_EC0065) ∧ active(DN_EC0045) ∧ (E_EC0065 ∧ INTERP_EC0065_DATE_IS_TELLING_TIME),CLAIMED_VS_COURT_DATE_ORDER: 1793-02-22 밤 < 1793-05-27,DN_EC0065: 주장 날짜 1793-02-22 밤(claim 참일 때만) / DN_EC0045: 조정 기사일 1793-05-27(행위 자체 기록일),CONDITIONAL_TEMPORAL,NO,주장 날짜 vs 조정 행위 기사일: 앞 claim이 날짜까지 참일 때만.
TE0085,DN_EC0065,DN_EC0048,TEMPORAL_BEFORE,MEDIUM,active(DN_EC0065) ∧ active(DN_EC0048) ∧ (E_EC0065 ∧ INTERP_EC0065_DATE_IS_TELLING_TIME),CLAIMED_VS_COURT_DATE_ORDER: 1793-02-22 밤 < 1793-05-28,DN_EC0065: 주장 날짜 1793-02-22 밤(claim 참일 때만) / DN_EC0048: 조정 기사일 1793-05-28(행위 자체 기록일),CONDITIONAL_TEMPORAL,NO,주장 날짜 vs 조정 행위 기사일: 앞 claim이 날짜까지 참일 때만.
TE0086,DN_EC0065,DN_EC0049,TEMPORAL_BEFORE,MEDIUM,active(DN_EC0065) ∧ active(DN_EC0049) ∧ (E_EC0065 ∧ INTERP_EC0065_DATE_IS_TELLING_TIME),CLAIMED_VS_COURT_DATE_ORDER: 1793-02-22 밤 < 1793-05-28,DN_EC0065: 주장 날짜 1793-02-22 밤(claim 참일 때만) / DN_EC0049: 조정 기사일 1793-05-28(행위 자체 기록일),CONDITIONAL_TEMPORAL,NO,주장 날짜 vs 조정 행위 기사일: 앞 claim이 날짜까지 참일 때만.
TE0087,DN_EC0065,DN_EC0061,TEMPORAL_BEFORE,MEDIUM,active(DN_EC0065) ∧ active(DN_EC0061) ∧ (E_EC0065 ∧ INTERP_EC0065_DATE_IS_TELLING_TIME),CLAIMED_VS_COURT_DATE_ORDER: 1793-02-22 밤 < 1793-06-11,DN_EC0065: 주장 날짜 1793-02-22 밤(claim 참일 때만) / DN_EC0061: 조정 기사일 1793-06-11(행위 자체 기록일),CONDITIONAL_TEMPORAL,NO,주장 날짜 vs 조정 행위 기사일: 앞 claim이 날짜까지 참일 때만.
TE0088,DN_EC0065,DN_EC0062,TEMPORAL_BEFORE,MEDIUM,active(DN_EC0065) ∧ active(DN_EC0062) ∧ (E_EC0065 ∧ INTERP_EC0065_DATE_IS_TELLING_TIME),CLAIMED_VS_COURT_DATE_ORDER: 1793-02-22 밤 < 1793-06-11,DN_EC0065: 주장 날짜 1793-02-22 밤(claim 참일 때만) / DN_EC0062: 조정 기사일 1793-06-11(행위 자체 기록일),CONDITIONAL_TEMPORAL,NO,주장 날짜 vs 조정 행위 기사일: 앞 claim이 날짜까지 참일 때만.
TE0089,DN_EC0065,DN_EC0150,TEMPORAL_BEFORE,MEDIUM,active(DN_EC0065) ∧ active(DN_EC0150) ∧ (E_EC0065 ∧ INTERP_EC0065_DATE_IS_TELLING_TIME),CLAIMED_VS_COURT_DATE_ORDER: 1793-02-22 밤 < 1793-06-13,DN_EC0065: 주장 날짜 1793-02-22 밤(claim 참일 때만) / DN_EC0150: 조정 기사일 1793-06-13(행위 자체 기록일),CONDITIONAL_TEMPORAL,NO,주장 날짜 vs 조정 행위 기사일: 앞 claim이 날짜까지 참일 때만.
TE0090,DN_EC0065,DN_EC0151,TEMPORAL_BEFORE,MEDIUM,active(DN_EC0065) ∧ active(DN_EC0151) ∧ (E_EC0065 ∧ INTERP_EC0065_DATE_IS_TELLING_TIME),CLAIMED_VS_COURT_DATE_ORDER: 1793-02-22 밤 < 1793-06-13,DN_EC0065: 주장 날짜 1793-02-22 밤(claim 참일 때만) / DN_EC0151: 조정 기사일 1793-06-13(행위 자체 기록일),CONDITIONAL_TEMPORAL,NO,주장 날짜 vs 조정 행위 기사일: 앞 claim이 날짜까지 참일 때만.
TE0091,DN_EC0065,DN_EC0152,TEMPORAL_BEFORE,MEDIUM,active(DN_EC0065) ∧ active(DN_EC0152) ∧ (E_EC0065 ∧ INTERP_EC0065_DATE_IS_TELLING_TIME),CLAIMED_VS_COURT_DATE_ORDER: 1793-02-22 밤 < 1793-06-13,DN_EC0065: 주장 날짜 1793-02-22 밤(claim 참일 때만) / DN_EC0152: 조정 기사일 1793-06-13(행위 자체 기록일),CONDITIONAL_TEMPORAL,NO,주장 날짜 vs 조정 행위 기사일: 앞 claim이 날짜까지 참일 때만.
TE0092,DN_EC0065,DN_EC0153,TEMPORAL_BEFORE,MEDIUM,active(DN_EC0065) ∧ active(DN_EC0153) ∧ (E_EC0065 ∧ INTERP_EC0065_DATE_IS_TELLING_TIME),CLAIMED_VS_COURT_DATE_ORDER: 1793-02-22 밤 < 1793-06-13,DN_EC0065: 주장 날짜 1793-02-22 밤(claim 참일 때만) / DN_EC0153: 조정 기사일 1793-06-13(행위 자체 기록일),CONDITIONAL_TEMPORAL,NO,주장 날짜 vs 조정 행위 기사일: 앞 claim이 날짜까지 참일 때만.
TE0093,DN_EC0065,DN_EC0154,TEMPORAL_BEFORE,MEDIUM,active(DN_EC0065) ∧ active(DN_EC0154) ∧ (E_EC0065 ∧ INTERP_EC0065_DATE_IS_TELLING_TIME),CLAIMED_VS_COURT_DATE_ORDER: 1793-02-22 밤 < 1793-06-13,DN_EC0065: 주장 날짜 1793-02-22 밤(claim 참일 때만) / DN_EC0154: 조정 기사일 1793-06-13(행위 자체 기록일),CONDITIONAL_TEMPORAL,NO,주장 날짜 vs 조정 행위 기사일: 앞 claim이 날짜까지 참일 때만.
TE0094,DN_EC0065,DN_EC0155,TEMPORAL_BEFORE,MEDIUM,active(DN_EC0065) ∧ active(DN_EC0155) ∧ (E_EC0065 ∧ INTERP_EC0065_DATE_IS_TELLING_TIME),CLAIMED_VS_COURT_DATE_ORDER: 1793-02-22 밤 < 1793-06-16,DN_EC0065: 주장 날짜 1793-02-22 밤(claim 참일 때만) / DN_EC0155: 조정 기사일 1793-06-16(행위 자체 기록일),CONDITIONAL_TEMPORAL,NO,주장 날짜 vs 조정 행위 기사일: 앞 claim이 날짜까지 참일 때만.
TE0095,DN_EC0065,DN_J_HONG_17930528_JISE,TEMPORAL_BEFORE,MEDIUM,active(DN_EC0065) ∧ active(DN_J_HONG_17930528_JISE) ∧ (E_EC0065 ∧ INTERP_EC0065_DATE_IS_TELLING_TIME),CLAIMED_VS_COURT_DATE_ORDER: 1793-02-22 밤 < 1793-05-28,DN_EC0065: 주장 날짜 1793-02-22 밤(claim 참일 때만) / DN_J_HONG_17930528_JISE: 조정 기사일 1793-05-28(행위 자체 기록일),CONDITIONAL_TEMPORAL,NO,주장 날짜 vs 조정 행위 기사일: 앞 claim이 날짜까지 참일 때만.
TE0096,DN_EC0065,DN_J_HONG_17930613_JISE,TEMPORAL_BEFORE,MEDIUM,active(DN_EC0065) ∧ active(DN_J_HONG_17930613_JISE) ∧ (E_EC0065 ∧ INTERP_EC0065_DATE_IS_TELLING_TIME),CLAIMED_VS_COURT_DATE_ORDER: 1793-02-22 밤 < 1793-06-13,DN_EC0065: 주장 날짜 1793-02-22 밤(claim 참일 때만) / DN_J_HONG_17930613_JISE: 조정 기사일 1793-06-13(행위 자체 기록일),CONDITIONAL_TEMPORAL,NO,주장 날짜 vs 조정 행위 기사일: 앞 claim이 날짜까지 참일 때만.
TE0097,DN_EC0065,DN_J_HONG_17930613_KIM_DEATH,TEMPORAL_BEFORE,MEDIUM,active(DN_EC0065) ∧ active(DN_J_HONG_17930613_KIM_DEATH) ∧ (E_EC0065 ∧ INTERP_EC0065_DATE_IS_TELLING_TIME),CLAIMED_VS_COURT_DATE_ORDER: 1793-02-22 밤 < 1793-06-13,DN_EC0065: 주장 날짜 1793-02-22 밤(claim 참일 때만) / DN_J_HONG_17930613_KIM_DEATH: 조정 기사일 1793-06-13(행위 자체 기록일),CONDITIONAL_TEMPORAL,NO,주장 날짜 vs 조정 행위 기사일: 앞 claim이 날짜까지 참일 때만.
TE0098,DN_EC0065,DN_J_HONG_17930613_THEFT,TEMPORAL_BEFORE,MEDIUM,active(DN_EC0065) ∧ active(DN_J_HONG_17930613_THEFT) ∧ (E_EC0065 ∧ INTERP_EC0065_DATE_IS_TELLING_TIME),CLAIMED_VS_COURT_DATE_ORDER: 1793-02-22 밤 < 1793-06-13,DN_EC0065: 주장 날짜 1793-02-22 밤(claim 참일 때만) / DN_J_HONG_17930613_THEFT: 조정 기사일 1793-06-13(행위 자체 기록일),CONDITIONAL_TEMPORAL,NO,주장 날짜 vs 조정 행위 기사일: 앞 claim이 날짜까지 참일 때만.
TE0099,DN_EC0065,DN_J_IJOWON_17930527_JISE,TEMPORAL_BEFORE,MEDIUM,active(DN_EC0065) ∧ active(DN_J_IJOWON_17930527_JISE) ∧ (E_EC0065 ∧ INTERP_EC0065_DATE_IS_TELLING_TIME),CLAIMED_VS_COURT_DATE_ORDER: 1793-02-22 밤 < 1793-05-27,DN_EC0065: 주장 날짜 1793-02-22 밤(claim 참일 때만) / DN_J_IJOWON_17930527_JISE: 조정 기사일 1793-05-27(행위 자체 기록일),CONDITIONAL_TEMPORAL,NO,주장 날짜 vs 조정 행위 기사일: 앞 claim이 날짜까지 참일 때만.
TE0100,DN_EC0065,DN_J_IJOWON_17930527_KIM_DEATH,TEMPORAL_BEFORE,MEDIUM,active(DN_EC0065) ∧ active(DN_J_IJOWON_17930527_KIM_DEATH) ∧ (E_EC0065 ∧ INTERP_EC0065_DATE_IS_TELLING_TIME),CLAIMED_VS_COURT_DATE_ORDER: 1793-02-22 밤 < 1793-05-27,DN_EC0065: 주장 날짜 1793-02-22 밤(claim 참일 때만) / DN_J_IJOWON_17930527_KIM_DEATH: 조정 기사일 1793-05-27(행위 자체 기록일),CONDITIONAL_TEMPORAL,NO,주장 날짜 vs 조정 행위 기사일: 앞 claim이 날짜까지 참일 때만.
TE0101,DN_EC0065,DN_J_IJOWON_17930527_THEFT,TEMPORAL_BEFORE,MEDIUM,active(DN_EC0065) ∧ active(DN_J_IJOWON_17930527_THEFT) ∧ (E_EC0065 ∧ INTERP_EC0065_DATE_IS_TELLING_TIME),CLAIMED_VS_COURT_DATE_ORDER: 1793-02-22 밤 < 1793-05-27,DN_EC0065: 주장 날짜 1793-02-22 밤(claim 참일 때만) / DN_J_IJOWON_17930527_THEFT: 조정 기사일 1793-05-27(행위 자체 기록일),CONDITIONAL_TEMPORAL,NO,주장 날짜 vs 조정 행위 기사일: 앞 claim이 날짜까지 참일 때만.
TE0102,DN_EC0065,DN_J_JEONGJO_17930512_THEFT,TEMPORAL_BEFORE,MEDIUM,active(DN_EC0065) ∧ active(DN_J_JEONGJO_17930512_THEFT) ∧ (E_EC0065 ∧ INTERP_EC0065_DATE_IS_TELLING_TIME),CLAIMED_VS_COURT_DATE_ORDER: 1793-02-22 밤 < 1793-05-12,DN_EC0065: 주장 날짜 1793-02-22 밤(claim 참일 때만) / DN_J_JEONGJO_17930512_THEFT: 조정 기사일 1793-05-12(행위 자체 기록일),CONDITIONAL_TEMPORAL,NO,주장 날짜 vs 조정 행위 기사일: 앞 claim이 날짜까지 참일 때만.
TE0103,DN_EC0065,DN_J_JEONGJO_17930613_JISE,TEMPORAL_BEFORE,MEDIUM,active(DN_EC0065) ∧ active(DN_J_JEONGJO_17930613_JISE) ∧ (E_EC0065 ∧ INTERP_EC0065_DATE_IS_TELLING_TIME),CLAIMED_VS_COURT_DATE_ORDER: 1793-02-22 밤 < 1793-06-13,DN_EC0065: 주장 날짜 1793-02-22 밤(claim 참일 때만) / DN_J_JEONGJO_17930613_JISE: 조정 기사일 1793-06-13(행위 자체 기록일),CONDITIONAL_TEMPORAL,NO,주장 날짜 vs 조정 행위 기사일: 앞 claim이 날짜까지 참일 때만.
TE0104,DN_EC0065,DN_J_JEONGJO_17930613_KIM_DEATH,TEMPORAL_BEFORE,MEDIUM,active(DN_EC0065) ∧ active(DN_J_JEONGJO_17930613_KIM_DEATH) ∧ (E_EC0065 ∧ INTERP_EC0065_DATE_IS_TELLING_TIME),CLAIMED_VS_COURT_DATE_ORDER: 1793-02-22 밤 < 1793-06-13,DN_EC0065: 주장 날짜 1793-02-22 밤(claim 참일 때만) / DN_J_JEONGJO_17930613_KIM_DEATH: 조정 기사일 1793-06-13(행위 자체 기록일),CONDITIONAL_TEMPORAL,NO,주장 날짜 vs 조정 행위 기사일: 앞 claim이 날짜까지 참일 때만.
TE0105,DN_EC0065,DN_J_JEONGJO_17930613_THEFT,TEMPORAL_BEFORE,MEDIUM,active(DN_EC0065) ∧ active(DN_J_JEONGJO_17930613_THEFT) ∧ (E_EC0065 ∧ INTERP_EC0065_DATE_IS_TELLING_TIME),CLAIMED_VS_COURT_DATE_ORDER: 1793-02-22 밤 < 1793-06-13,DN_EC0065: 주장 날짜 1793-02-22 밤(claim 참일 때만) / DN_J_JEONGJO_17930613_THEFT: 조정 기사일 1793-06-13(행위 자체 기록일),CONDITIONAL_TEMPORAL,NO,주장 날짜 vs 조정 행위 기사일: 앞 claim이 날짜까지 참일 때만.
TE0106,DN_EC0066,DN_EC0081,TEMPORAL_BEFORE,MEDIUM,active(DN_EC0066) ∧ active(DN_EC0081) ∧ (E_EC0066 ∧ E_EC0081),CLAIMED_DATE_ORDER: 1793-02-22 밤 < 1793-02-28 밤,DN_EC0066: 주장 날짜 1793-02-22 밤(claim 참일 때만) / DN_EC0081: 주장 날짜 1793-02-28 밤(claim 참일 때만),CONDITIONAL_TEMPORAL,NO,주장 날짜쌍: 두 claim이 날짜까지 참인 world에서만(실제 시점 T는 world가 결정).
TE0107,DN_EC0066,DN_EC0082,TEMPORAL_BEFORE,MEDIUM,active(DN_EC0066) ∧ active(DN_EC0082) ∧ (E_EC0066 ∧ E_EC0082),CLAIMED_DATE_ORDER: 1793-02-22 밤 < 1793-02-28 밤,DN_EC0066: 주장 날짜 1793-02-22 밤(claim 참일 때만) / DN_EC0082: 주장 날짜 1793-02-28 밤(claim 참일 때만),CONDITIONAL_TEMPORAL,NO,주장 날짜쌍: 두 claim이 날짜까지 참인 world에서만(실제 시점 T는 world가 결정).
TE0108,DN_EC0066,DN_EC0083,TEMPORAL_BEFORE,MEDIUM,active(DN_EC0066) ∧ active(DN_EC0083) ∧ (E_EC0066 ∧ E_EC0083),CLAIMED_DATE_ORDER: 1793-02-22 밤 < 1793-02-28 밤,DN_EC0066: 주장 날짜 1793-02-22 밤(claim 참일 때만) / DN_EC0083: 주장 날짜 1793-02-28 밤(claim 참일 때만),CONDITIONAL_TEMPORAL,NO,주장 날짜쌍: 두 claim이 날짜까지 참인 world에서만(실제 시점 T는 world가 결정).
TE0109,DN_EC0066,DN_EC0084,TEMPORAL_BEFORE,MEDIUM,active(DN_EC0066) ∧ active(DN_EC0084) ∧ (E_EC0066 ∧ E_EC0084),CLAIMED_DATE_ORDER: 1793-02-22 밤 < 1793-02-28 밤~29 새벽,DN_EC0066: 주장 날짜 1793-02-22 밤(claim 참일 때만) / DN_EC0084: 주장 날짜 1793-02-28 밤~29 새벽(claim 참일 때만),CONDITIONAL_TEMPORAL,NO,주장 날짜쌍: 두 claim이 날짜까지 참인 world에서만(실제 시점 T는 world가 결정).
TE0110,DN_EC0066,DN_EC0089,TEMPORAL_BEFORE,MEDIUM,active(DN_EC0066) ∧ active(DN_EC0089) ∧ (E_EC0066 ∧ E_EC0089),CLAIMED_DATE_ORDER: 1793-02-22 밤 < 1793-02-29,DN_EC0066: 주장 날짜 1793-02-22 밤(claim 참일 때만) / DN_EC0089: 주장 날짜 1793-02-29(claim 참일 때만),CONDITIONAL_TEMPORAL,NO,주장 날짜쌍: 두 claim이 날짜까지 참인 world에서만(실제 시점 T는 world가 결정).
TE0111,DN_EC0066,DN_EC0093,TEMPORAL_BEFORE,MEDIUM,active(DN_EC0066) ∧ active(DN_EC0093) ∧ (E_EC0066 ∧ E_EC0093),CLAIMED_DATE_ORDER: 1793-02-22 밤 < 1793-02-29,DN_EC0066: 주장 날짜 1793-02-22 밤(claim 참일 때만) / DN_EC0093: 주장 날짜 1793-02-29(claim 참일 때만),CONDITIONAL_TEMPORAL,NO,주장 날짜쌍: 두 claim이 날짜까지 참인 world에서만(실제 시점 T는 world가 결정).
TE0112,DN_EC0066,DN_EC0094,TEMPORAL_BEFORE,MEDIUM,active(DN_EC0066) ∧ active(DN_EC0094) ∧ (E_EC0066 ∧ E_EC0094),CLAIMED_DATE_ORDER: 1793-02-22 밤 < 1793-02-29,DN_EC0066: 주장 날짜 1793-02-22 밤(claim 참일 때만) / DN_EC0094: 주장 날짜 1793-02-29(claim 참일 때만),CONDITIONAL_TEMPORAL,NO,주장 날짜쌍: 두 claim이 날짜까지 참인 world에서만(실제 시점 T는 world가 결정).
TE0113,DN_EC0066,DN_EC0095,TEMPORAL_BEFORE,MEDIUM,active(DN_EC0066) ∧ active(DN_EC0095) ∧ (E_EC0066 ∧ E_EC0095),CLAIMED_DATE_ORDER: 1793-02-22 밤 < 1793-02-29,DN_EC0066: 주장 날짜 1793-02-22 밤(claim 참일 때만) / DN_EC0095: 주장 날짜 1793-02-29(claim 참일 때만),CONDITIONAL_TEMPORAL,NO,주장 날짜쌍: 두 claim이 날짜까지 참인 world에서만(실제 시점 T는 world가 결정).
TE0114,DN_EC0066,DN_EC0096,TEMPORAL_BEFORE,MEDIUM,active(DN_EC0066) ∧ active(DN_EC0096) ∧ (E_EC0066 ∧ E_EC0096),CLAIMED_DATE_ORDER: 1793-02-22 밤 < 1793-03-04,DN_EC0066: 주장 날짜 1793-02-22 밤(claim 참일 때만) / DN_EC0096: 주장 날짜 1793-03-04(claim 참일 때만),CONDITIONAL_TEMPORAL,NO,주장 날짜쌍: 두 claim이 날짜까지 참인 world에서만(실제 시점 T는 world가 결정).
TE0115,DN_EC0066,DN_EC0097,TEMPORAL_BEFORE,MEDIUM,active(DN_EC0066) ∧ active(DN_EC0097) ∧ (E_EC0066 ∧ E_EC0097),CLAIMED_DATE_ORDER: 1793-02-22 밤 < 1793-03-04,DN_EC0066: 주장 날짜 1793-02-22 밤(claim 참일 때만) / DN_EC0097: 주장 날짜 1793-03-04(claim 참일 때만),CONDITIONAL_TEMPORAL,NO,주장 날짜쌍: 두 claim이 날짜까지 참인 world에서만(실제 시점 T는 world가 결정).
TE0116,DN_EC0066,DN_EC0098,TEMPORAL_BEFORE,MEDIUM,active(DN_EC0066) ∧ active(DN_EC0098) ∧ (E_EC0066 ∧ E_EC0098),CLAIMED_DATE_ORDER: 1793-02-22 밤 < 1793-03-04,DN_EC0066: 주장 날짜 1793-02-22 밤(claim 참일 때만) / DN_EC0098: 주장 날짜 1793-03-04(claim 참일 때만),CONDITIONAL_TEMPORAL,NO,주장 날짜쌍: 두 claim이 날짜까지 참인 world에서만(실제 시점 T는 world가 결정).
TE0117,DN_EC0066,DN_EC0099,TEMPORAL_BEFORE,MEDIUM,active(DN_EC0066) ∧ active(DN_EC0099) ∧ (E_EC0066 ∧ E_EC0099),CLAIMED_DATE_ORDER: 1793-02-22 밤 < 1793-03-04,DN_EC0066: 주장 날짜 1793-02-22 밤(claim 참일 때만) / DN_EC0099: 주장 날짜 1793-03-04(claim 참일 때만),CONDITIONAL_TEMPORAL,NO,주장 날짜쌍: 두 claim이 날짜까지 참인 world에서만(실제 시점 T는 world가 결정).
TE0118,DN_EC0066,DN_EC0100,TEMPORAL_BEFORE,MEDIUM,active(DN_EC0066) ∧ active(DN_EC0100) ∧ (E_EC0066 ∧ E_EC0100),CLAIMED_DATE_ORDER: 1793-02-22 밤 < 1793-03-04,DN_EC0066: 주장 날짜 1793-02-22 밤(claim 참일 때만) / DN_EC0100: 주장 날짜 1793-03-04(claim 참일 때만),CONDITIONAL_TEMPORAL,NO,주장 날짜쌍: 두 claim이 날짜까지 참인 world에서만(실제 시점 T는 world가 결정).
TE0119,DN_EC0066,DN_EC0101,TEMPORAL_BEFORE,MEDIUM,active(DN_EC0066) ∧ active(DN_EC0101) ∧ (E_EC0066 ∧ E_EC0101),CLAIMED_DATE_ORDER: 1793-02-22 밤 < 1793-03-04,DN_EC0066: 주장 날짜 1793-02-22 밤(claim 참일 때만) / DN_EC0101: 주장 날짜 1793-03-04(claim 참일 때만),CONDITIONAL_TEMPORAL,NO,주장 날짜쌍: 두 claim이 날짜까지 참인 world에서만(실제 시점 T는 world가 결정).
TE0120,DN_EC0066,DN_EC0102,TEMPORAL_BEFORE,MEDIUM,active(DN_EC0066) ∧ active(DN_EC0102) ∧ (E_EC0066 ∧ E_EC0102),CLAIMED_DATE_ORDER: 1793-02-22 밤 < 1793-03-04,DN_EC0066: 주장 날짜 1793-02-22 밤(claim 참일 때만) / DN_EC0102: 주장 날짜 1793-03-04(claim 참일 때만),CONDITIONAL_TEMPORAL,NO,주장 날짜쌍: 두 claim이 날짜까지 참인 world에서만(실제 시점 T는 world가 결정).
TE0121,DN_EC0066,DN_EC0020,TEMPORAL_BEFORE,MEDIUM,active(DN_EC0066) ∧ active(DN_EC0020) ∧ E_EC0066,CLAIMED_VS_COURT_DATE_ORDER: 1793-02-22 밤 < 1793-05-12,DN_EC0066: 주장 날짜 1793-02-22 밤(claim 참일 때만) / DN_EC0020: 조정 기사일 1793-05-12(행위 자체 기록일),CONDITIONAL_TEMPORAL,NO,주장 날짜 vs 조정 행위 기사일: 앞 claim이 날짜까지 참일 때만.
TE0122,DN_EC0066,DN_EC0021,TEMPORAL_BEFORE,MEDIUM,active(DN_EC0066) ∧ active(DN_EC0021) ∧ E_EC0066,CLAIMED_VS_COURT_DATE_ORDER: 1793-02-22 밤 < 1793-05-12,DN_EC0066: 주장 날짜 1793-02-22 밤(claim 참일 때만) / DN_EC0021: 조정 기사일 1793-05-12(행위 자체 기록일),CONDITIONAL_TEMPORAL,NO,주장 날짜 vs 조정 행위 기사일: 앞 claim이 날짜까지 참일 때만.
TE0123,DN_EC0066,DN_EC0023,TEMPORAL_BEFORE,MEDIUM,active(DN_EC0066) ∧ active(DN_EC0023) ∧ E_EC0066,CLAIMED_VS_COURT_DATE_ORDER: 1793-02-22 밤 < 1793-05-12,DN_EC0066: 주장 날짜 1793-02-22 밤(claim 참일 때만) / DN_EC0023: 조정 기사일 1793-05-12(행위 자체 기록일),CONDITIONAL_TEMPORAL,NO,주장 날짜 vs 조정 행위 기사일: 앞 claim이 날짜까지 참일 때만.
TE0124,DN_EC0066,DN_EC0044,TEMPORAL_BEFORE,MEDIUM,active(DN_EC0066) ∧ active(DN_EC0044) ∧ E_EC0066,CLAIMED_VS_COURT_DATE_ORDER: 1793-02-22 밤 < 1793-05-27,DN_EC0066: 주장 날짜 1793-02-22 밤(claim 참일 때만) / DN_EC0044: 조정 기사일 1793-05-27(행위 자체 기록일),CONDITIONAL_TEMPORAL,NO,주장 날짜 vs 조정 행위 기사일: 앞 claim이 날짜까지 참일 때만.
TE0125,DN_EC0066,DN_EC0045,TEMPORAL_BEFORE,MEDIUM,active(DN_EC0066) ∧ active(DN_EC0045) ∧ E_EC0066,CLAIMED_VS_COURT_DATE_ORDER: 1793-02-22 밤 < 1793-05-27,DN_EC0066: 주장 날짜 1793-02-22 밤(claim 참일 때만) / DN_EC0045: 조정 기사일 1793-05-27(행위 자체 기록일),CONDITIONAL_TEMPORAL,NO,주장 날짜 vs 조정 행위 기사일: 앞 claim이 날짜까지 참일 때만.
TE0126,DN_EC0066,DN_EC0048,TEMPORAL_BEFORE,MEDIUM,active(DN_EC0066) ∧ active(DN_EC0048) ∧ E_EC0066,CLAIMED_VS_COURT_DATE_ORDER: 1793-02-22 밤 < 1793-05-28,DN_EC0066: 주장 날짜 1793-02-22 밤(claim 참일 때만) / DN_EC0048: 조정 기사일 1793-05-28(행위 자체 기록일),CONDITIONAL_TEMPORAL,NO,주장 날짜 vs 조정 행위 기사일: 앞 claim이 날짜까지 참일 때만.
TE0127,DN_EC0066,DN_EC0049,TEMPORAL_BEFORE,MEDIUM,active(DN_EC0066) ∧ active(DN_EC0049) ∧ E_EC0066,CLAIMED_VS_COURT_DATE_ORDER: 1793-02-22 밤 < 1793-05-28,DN_EC0066: 주장 날짜 1793-02-22 밤(claim 참일 때만) / DN_EC0049: 조정 기사일 1793-05-28(행위 자체 기록일),CONDITIONAL_TEMPORAL,NO,주장 날짜 vs 조정 행위 기사일: 앞 claim이 날짜까지 참일 때만.
TE0128,DN_EC0066,DN_EC0061,TEMPORAL_BEFORE,MEDIUM,active(DN_EC0066) ∧ active(DN_EC0061) ∧ E_EC0066,CLAIMED_VS_COURT_DATE_ORDER: 1793-02-22 밤 < 1793-06-11,DN_EC0066: 주장 날짜 1793-02-22 밤(claim 참일 때만) / DN_EC0061: 조정 기사일 1793-06-11(행위 자체 기록일),CONDITIONAL_TEMPORAL,NO,주장 날짜 vs 조정 행위 기사일: 앞 claim이 날짜까지 참일 때만.
TE0129,DN_EC0066,DN_EC0062,TEMPORAL_BEFORE,MEDIUM,active(DN_EC0066) ∧ active(DN_EC0062) ∧ E_EC0066,CLAIMED_VS_COURT_DATE_ORDER: 1793-02-22 밤 < 1793-06-11,DN_EC0066: 주장 날짜 1793-02-22 밤(claim 참일 때만) / DN_EC0062: 조정 기사일 1793-06-11(행위 자체 기록일),CONDITIONAL_TEMPORAL,NO,주장 날짜 vs 조정 행위 기사일: 앞 claim이 날짜까지 참일 때만.
TE0130,DN_EC0066,DN_EC0150,TEMPORAL_BEFORE,MEDIUM,active(DN_EC0066) ∧ active(DN_EC0150) ∧ E_EC0066,CLAIMED_VS_COURT_DATE_ORDER: 1793-02-22 밤 < 1793-06-13,DN_EC0066: 주장 날짜 1793-02-22 밤(claim 참일 때만) / DN_EC0150: 조정 기사일 1793-06-13(행위 자체 기록일),CONDITIONAL_TEMPORAL,NO,주장 날짜 vs 조정 행위 기사일: 앞 claim이 날짜까지 참일 때만.
TE0131,DN_EC0066,DN_EC0151,TEMPORAL_BEFORE,MEDIUM,active(DN_EC0066) ∧ active(DN_EC0151) ∧ E_EC0066,CLAIMED_VS_COURT_DATE_ORDER: 1793-02-22 밤 < 1793-06-13,DN_EC0066: 주장 날짜 1793-02-22 밤(claim 참일 때만) / DN_EC0151: 조정 기사일 1793-06-13(행위 자체 기록일),CONDITIONAL_TEMPORAL,NO,주장 날짜 vs 조정 행위 기사일: 앞 claim이 날짜까지 참일 때만.
TE0132,DN_EC0066,DN_EC0152,TEMPORAL_BEFORE,MEDIUM,active(DN_EC0066) ∧ active(DN_EC0152) ∧ E_EC0066,CLAIMED_VS_COURT_DATE_ORDER: 1793-02-22 밤 < 1793-06-13,DN_EC0066: 주장 날짜 1793-02-22 밤(claim 참일 때만) / DN_EC0152: 조정 기사일 1793-06-13(행위 자체 기록일),CONDITIONAL_TEMPORAL,NO,주장 날짜 vs 조정 행위 기사일: 앞 claim이 날짜까지 참일 때만.
TE0133,DN_EC0066,DN_EC0153,TEMPORAL_BEFORE,MEDIUM,active(DN_EC0066) ∧ active(DN_EC0153) ∧ E_EC0066,CLAIMED_VS_COURT_DATE_ORDER: 1793-02-22 밤 < 1793-06-13,DN_EC0066: 주장 날짜 1793-02-22 밤(claim 참일 때만) / DN_EC0153: 조정 기사일 1793-06-13(행위 자체 기록일),CONDITIONAL_TEMPORAL,NO,주장 날짜 vs 조정 행위 기사일: 앞 claim이 날짜까지 참일 때만.
TE0134,DN_EC0066,DN_EC0154,TEMPORAL_BEFORE,MEDIUM,active(DN_EC0066) ∧ active(DN_EC0154) ∧ E_EC0066,CLAIMED_VS_COURT_DATE_ORDER: 1793-02-22 밤 < 1793-06-13,DN_EC0066: 주장 날짜 1793-02-22 밤(claim 참일 때만) / DN_EC0154: 조정 기사일 1793-06-13(행위 자체 기록일),CONDITIONAL_TEMPORAL,NO,주장 날짜 vs 조정 행위 기사일: 앞 claim이 날짜까지 참일 때만.
TE0135,DN_EC0066,DN_EC0155,TEMPORAL_BEFORE,MEDIUM,active(DN_EC0066) ∧ active(DN_EC0155) ∧ E_EC0066,CLAIMED_VS_COURT_DATE_ORDER: 1793-02-22 밤 < 1793-06-16,DN_EC0066: 주장 날짜 1793-02-22 밤(claim 참일 때만) / DN_EC0155: 조정 기사일 1793-06-16(행위 자체 기록일),CONDITIONAL_TEMPORAL,NO,주장 날짜 vs 조정 행위 기사일: 앞 claim이 날짜까지 참일 때만.
TE0136,DN_EC0066,DN_J_HONG_17930528_JISE,TEMPORAL_BEFORE,MEDIUM,active(DN_EC0066) ∧ active(DN_J_HONG_17930528_JISE) ∧ E_EC0066,CLAIMED_VS_COURT_DATE_ORDER: 1793-02-22 밤 < 1793-05-28,DN_EC0066: 주장 날짜 1793-02-22 밤(claim 참일 때만) / DN_J_HONG_17930528_JISE: 조정 기사일 1793-05-28(행위 자체 기록일),CONDITIONAL_TEMPORAL,NO,주장 날짜 vs 조정 행위 기사일: 앞 claim이 날짜까지 참일 때만.
TE0137,DN_EC0066,DN_J_HONG_17930613_JISE,TEMPORAL_BEFORE,MEDIUM,active(DN_EC0066) ∧ active(DN_J_HONG_17930613_JISE) ∧ E_EC0066,CLAIMED_VS_COURT_DATE_ORDER: 1793-02-22 밤 < 1793-06-13,DN_EC0066: 주장 날짜 1793-02-22 밤(claim 참일 때만) / DN_J_HONG_17930613_JISE: 조정 기사일 1793-06-13(행위 자체 기록일),CONDITIONAL_TEMPORAL,NO,주장 날짜 vs 조정 행위 기사일: 앞 claim이 날짜까지 참일 때만.
TE0138,DN_EC0066,DN_J_HONG_17930613_KIM_DEATH,TEMPORAL_BEFORE,MEDIUM,active(DN_EC0066) ∧ active(DN_J_HONG_17930613_KIM_DEATH) ∧ E_EC0066,CLAIMED_VS_COURT_DATE_ORDER: 1793-02-22 밤 < 1793-06-13,DN_EC0066: 주장 날짜 1793-02-22 밤(claim 참일 때만) / DN_J_HONG_17930613_KIM_DEATH: 조정 기사일 1793-06-13(행위 자체 기록일),CONDITIONAL_TEMPORAL,NO,주장 날짜 vs 조정 행위 기사일: 앞 claim이 날짜까지 참일 때만.
TE0139,DN_EC0066,DN_J_HONG_17930613_THEFT,TEMPORAL_BEFORE,MEDIUM,active(DN_EC0066) ∧ active(DN_J_HONG_17930613_THEFT) ∧ E_EC0066,CLAIMED_VS_COURT_DATE_ORDER: 1793-02-22 밤 < 1793-06-13,DN_EC0066: 주장 날짜 1793-02-22 밤(claim 참일 때만) / DN_J_HONG_17930613_THEFT: 조정 기사일 1793-06-13(행위 자체 기록일),CONDITIONAL_TEMPORAL,NO,주장 날짜 vs 조정 행위 기사일: 앞 claim이 날짜까지 참일 때만.
TE0140,DN_EC0066,DN_J_IJOWON_17930527_JISE,TEMPORAL_BEFORE,MEDIUM,active(DN_EC0066) ∧ active(DN_J_IJOWON_17930527_JISE) ∧ E_EC0066,CLAIMED_VS_COURT_DATE_ORDER: 1793-02-22 밤 < 1793-05-27,DN_EC0066: 주장 날짜 1793-02-22 밤(claim 참일 때만) / DN_J_IJOWON_17930527_JISE: 조정 기사일 1793-05-27(행위 자체 기록일),CONDITIONAL_TEMPORAL,NO,주장 날짜 vs 조정 행위 기사일: 앞 claim이 날짜까지 참일 때만.
TE0141,DN_EC0066,DN_J_IJOWON_17930527_KIM_DEATH,TEMPORAL_BEFORE,MEDIUM,active(DN_EC0066) ∧ active(DN_J_IJOWON_17930527_KIM_DEATH) ∧ E_EC0066,CLAIMED_VS_COURT_DATE_ORDER: 1793-02-22 밤 < 1793-05-27,DN_EC0066: 주장 날짜 1793-02-22 밤(claim 참일 때만) / DN_J_IJOWON_17930527_KIM_DEATH: 조정 기사일 1793-05-27(행위 자체 기록일),CONDITIONAL_TEMPORAL,NO,주장 날짜 vs 조정 행위 기사일: 앞 claim이 날짜까지 참일 때만.
TE0142,DN_EC0066,DN_J_IJOWON_17930527_THEFT,TEMPORAL_BEFORE,MEDIUM,active(DN_EC0066) ∧ active(DN_J_IJOWON_17930527_THEFT) ∧ E_EC0066,CLAIMED_VS_COURT_DATE_ORDER: 1793-02-22 밤 < 1793-05-27,DN_EC0066: 주장 날짜 1793-02-22 밤(claim 참일 때만) / DN_J_IJOWON_17930527_THEFT: 조정 기사일 1793-05-27(행위 자체 기록일),CONDITIONAL_TEMPORAL,NO,주장 날짜 vs 조정 행위 기사일: 앞 claim이 날짜까지 참일 때만.
TE0143,DN_EC0066,DN_J_JEONGJO_17930512_THEFT,TEMPORAL_BEFORE,MEDIUM,active(DN_EC0066) ∧ active(DN_J_JEONGJO_17930512_THEFT) ∧ E_EC0066,CLAIMED_VS_COURT_DATE_ORDER: 1793-02-22 밤 < 1793-05-12,DN_EC0066: 주장 날짜 1793-02-22 밤(claim 참일 때만) / DN_J_JEONGJO_17930512_THEFT: 조정 기사일 1793-05-12(행위 자체 기록일),CONDITIONAL_TEMPORAL,NO,주장 날짜 vs 조정 행위 기사일: 앞 claim이 날짜까지 참일 때만.
TE0144,DN_EC0066,DN_J_JEONGJO_17930613_JISE,TEMPORAL_BEFORE,MEDIUM,active(DN_EC0066) ∧ active(DN_J_JEONGJO_17930613_JISE) ∧ E_EC0066,CLAIMED_VS_COURT_DATE_ORDER: 1793-02-22 밤 < 1793-06-13,DN_EC0066: 주장 날짜 1793-02-22 밤(claim 참일 때만) / DN_J_JEONGJO_17930613_JISE: 조정 기사일 1793-06-13(행위 자체 기록일),CONDITIONAL_TEMPORAL,NO,주장 날짜 vs 조정 행위 기사일: 앞 claim이 날짜까지 참일 때만.
TE0145,DN_EC0066,DN_J_JEONGJO_17930613_KIM_DEATH,TEMPORAL_BEFORE,MEDIUM,active(DN_EC0066) ∧ active(DN_J_JEONGJO_17930613_KIM_DEATH) ∧ E_EC0066,CLAIMED_VS_COURT_DATE_ORDER: 1793-02-22 밤 < 1793-06-13,DN_EC0066: 주장 날짜 1793-02-22 밤(claim 참일 때만) / DN_J_JEONGJO_17930613_KIM_DEATH: 조정 기사일 1793-06-13(행위 자체 기록일),CONDITIONAL_TEMPORAL,NO,주장 날짜 vs 조정 행위 기사일: 앞 claim이 날짜까지 참일 때만.
TE0146,DN_EC0066,DN_J_JEONGJO_17930613_THEFT,TEMPORAL_BEFORE,MEDIUM,active(DN_EC0066) ∧ active(DN_J_JEONGJO_17930613_THEFT) ∧ E_EC0066,CLAIMED_VS_COURT_DATE_ORDER: 1793-02-22 밤 < 1793-06-13,DN_EC0066: 주장 날짜 1793-02-22 밤(claim 참일 때만) / DN_J_JEONGJO_17930613_THEFT: 조정 기사일 1793-06-13(행위 자체 기록일),CONDITIONAL_TEMPORAL,NO,주장 날짜 vs 조정 행위 기사일: 앞 claim이 날짜까지 참일 때만.
TE0147,DN_EC0069,DN_EC0081,TEMPORAL_BEFORE,MEDIUM,active(DN_EC0069) ∧ active(DN_EC0081) ∧ (E_EC0069 ∧ E_EC0081),CLAIMED_DATE_ORDER: 1793-02-22 밤 < 1793-02-28 밤,DN_EC0069: 주장 날짜 1793-02-22 밤(claim 참일 때만) / DN_EC0081: 주장 날짜 1793-02-28 밤(claim 참일 때만),CONDITIONAL_TEMPORAL,NO,주장 날짜쌍: 두 claim이 날짜까지 참인 world에서만(실제 시점 T는 world가 결정).
TE0148,DN_EC0069,DN_EC0082,TEMPORAL_BEFORE,MEDIUM,active(DN_EC0069) ∧ active(DN_EC0082) ∧ (E_EC0069 ∧ E_EC0082),CLAIMED_DATE_ORDER: 1793-02-22 밤 < 1793-02-28 밤,DN_EC0069: 주장 날짜 1793-02-22 밤(claim 참일 때만) / DN_EC0082: 주장 날짜 1793-02-28 밤(claim 참일 때만),CONDITIONAL_TEMPORAL,NO,주장 날짜쌍: 두 claim이 날짜까지 참인 world에서만(실제 시점 T는 world가 결정).
TE0149,DN_EC0069,DN_EC0083,TEMPORAL_BEFORE,MEDIUM,active(DN_EC0069) ∧ active(DN_EC0083) ∧ (E_EC0069 ∧ E_EC0083),CLAIMED_DATE_ORDER: 1793-02-22 밤 < 1793-02-28 밤,DN_EC0069: 주장 날짜 1793-02-22 밤(claim 참일 때만) / DN_EC0083: 주장 날짜 1793-02-28 밤(claim 참일 때만),CONDITIONAL_TEMPORAL,NO,주장 날짜쌍: 두 claim이 날짜까지 참인 world에서만(실제 시점 T는 world가 결정).
TE0150,DN_EC0069,DN_EC0084,TEMPORAL_BEFORE,MEDIUM,active(DN_EC0069) ∧ active(DN_EC0084) ∧ (E_EC0069 ∧ E_EC0084),CLAIMED_DATE_ORDER: 1793-02-22 밤 < 1793-02-28 밤~29 새벽,DN_EC0069: 주장 날짜 1793-02-22 밤(claim 참일 때만) / DN_EC0084: 주장 날짜 1793-02-28 밤~29 새벽(claim 참일 때만),CONDITIONAL_TEMPORAL,NO,주장 날짜쌍: 두 claim이 날짜까지 참인 world에서만(실제 시점 T는 world가 결정).
TE0151,DN_EC0069,DN_EC0089,TEMPORAL_BEFORE,MEDIUM,active(DN_EC0069) ∧ active(DN_EC0089) ∧ (E_EC0069 ∧ E_EC0089),CLAIMED_DATE_ORDER: 1793-02-22 밤 < 1793-02-29,DN_EC0069: 주장 날짜 1793-02-22 밤(claim 참일 때만) / DN_EC0089: 주장 날짜 1793-02-29(claim 참일 때만),CONDITIONAL_TEMPORAL,NO,주장 날짜쌍: 두 claim이 날짜까지 참인 world에서만(실제 시점 T는 world가 결정).
TE0152,DN_EC0069,DN_EC0093,TEMPORAL_BEFORE,MEDIUM,active(DN_EC0069) ∧ active(DN_EC0093) ∧ (E_EC0069 ∧ E_EC0093),CLAIMED_DATE_ORDER: 1793-02-22 밤 < 1793-02-29,DN_EC0069: 주장 날짜 1793-02-22 밤(claim 참일 때만) / DN_EC0093: 주장 날짜 1793-02-29(claim 참일 때만),CONDITIONAL_TEMPORAL,NO,주장 날짜쌍: 두 claim이 날짜까지 참인 world에서만(실제 시점 T는 world가 결정).
TE0153,DN_EC0069,DN_EC0094,TEMPORAL_BEFORE,MEDIUM,active(DN_EC0069) ∧ active(DN_EC0094) ∧ (E_EC0069 ∧ E_EC0094),CLAIMED_DATE_ORDER: 1793-02-22 밤 < 1793-02-29,DN_EC0069: 주장 날짜 1793-02-22 밤(claim 참일 때만) / DN_EC0094: 주장 날짜 1793-02-29(claim 참일 때만),CONDITIONAL_TEMPORAL,NO,주장 날짜쌍: 두 claim이 날짜까지 참인 world에서만(실제 시점 T는 world가 결정).
TE0154,DN_EC0069,DN_EC0095,TEMPORAL_BEFORE,MEDIUM,active(DN_EC0069) ∧ active(DN_EC0095) ∧ (E_EC0069 ∧ E_EC0095),CLAIMED_DATE_ORDER: 1793-02-22 밤 < 1793-02-29,DN_EC0069: 주장 날짜 1793-02-22 밤(claim 참일 때만) / DN_EC0095: 주장 날짜 1793-02-29(claim 참일 때만),CONDITIONAL_TEMPORAL,NO,주장 날짜쌍: 두 claim이 날짜까지 참인 world에서만(실제 시점 T는 world가 결정).
TE0155,DN_EC0069,DN_EC0096,TEMPORAL_BEFORE,MEDIUM,active(DN_EC0069) ∧ active(DN_EC0096) ∧ (E_EC0069 ∧ E_EC0096),CLAIMED_DATE_ORDER: 1793-02-22 밤 < 1793-03-04,DN_EC0069: 주장 날짜 1793-02-22 밤(claim 참일 때만) / DN_EC0096: 주장 날짜 1793-03-04(claim 참일 때만),CONDITIONAL_TEMPORAL,NO,주장 날짜쌍: 두 claim이 날짜까지 참인 world에서만(실제 시점 T는 world가 결정).
TE0156,DN_EC0069,DN_EC0097,TEMPORAL_BEFORE,MEDIUM,active(DN_EC0069) ∧ active(DN_EC0097) ∧ (E_EC0069 ∧ E_EC0097),CLAIMED_DATE_ORDER: 1793-02-22 밤 < 1793-03-04,DN_EC0069: 주장 날짜 1793-02-22 밤(claim 참일 때만) / DN_EC0097: 주장 날짜 1793-03-04(claim 참일 때만),CONDITIONAL_TEMPORAL,NO,주장 날짜쌍: 두 claim이 날짜까지 참인 world에서만(실제 시점 T는 world가 결정).
TE0157,DN_EC0069,DN_EC0098,TEMPORAL_BEFORE,MEDIUM,active(DN_EC0069) ∧ active(DN_EC0098) ∧ (E_EC0069 ∧ E_EC0098),CLAIMED_DATE_ORDER: 1793-02-22 밤 < 1793-03-04,DN_EC0069: 주장 날짜 1793-02-22 밤(claim 참일 때만) / DN_EC0098: 주장 날짜 1793-03-04(claim 참일 때만),CONDITIONAL_TEMPORAL,NO,주장 날짜쌍: 두 claim이 날짜까지 참인 world에서만(실제 시점 T는 world가 결정).
TE0158,DN_EC0069,DN_EC0099,TEMPORAL_BEFORE,MEDIUM,active(DN_EC0069) ∧ active(DN_EC0099) ∧ (E_EC0069 ∧ E_EC0099),CLAIMED_DATE_ORDER: 1793-02-22 밤 < 1793-03-04,DN_EC0069: 주장 날짜 1793-02-22 밤(claim 참일 때만) / DN_EC0099: 주장 날짜 1793-03-04(claim 참일 때만),CONDITIONAL_TEMPORAL,NO,주장 날짜쌍: 두 claim이 날짜까지 참인 world에서만(실제 시점 T는 world가 결정).
TE0159,DN_EC0069,DN_EC0100,TEMPORAL_BEFORE,MEDIUM,active(DN_EC0069) ∧ active(DN_EC0100) ∧ (E_EC0069 ∧ E_EC0100),CLAIMED_DATE_ORDER: 1793-02-22 밤 < 1793-03-04,DN_EC0069: 주장 날짜 1793-02-22 밤(claim 참일 때만) / DN_EC0100: 주장 날짜 1793-03-04(claim 참일 때만),CONDITIONAL_TEMPORAL,NO,주장 날짜쌍: 두 claim이 날짜까지 참인 world에서만(실제 시점 T는 world가 결정).
TE0160,DN_EC0069,DN_EC0101,TEMPORAL_BEFORE,MEDIUM,active(DN_EC0069) ∧ active(DN_EC0101) ∧ (E_EC0069 ∧ E_EC0101),CLAIMED_DATE_ORDER: 1793-02-22 밤 < 1793-03-04,DN_EC0069: 주장 날짜 1793-02-22 밤(claim 참일 때만) / DN_EC0101: 주장 날짜 1793-03-04(claim 참일 때만),CONDITIONAL_TEMPORAL,NO,주장 날짜쌍: 두 claim이 날짜까지 참인 world에서만(실제 시점 T는 world가 결정).
TE0161,DN_EC0069,DN_EC0102,TEMPORAL_BEFORE,MEDIUM,active(DN_EC0069) ∧ active(DN_EC0102) ∧ (E_EC0069 ∧ E_EC0102),CLAIMED_DATE_ORDER: 1793-02-22 밤 < 1793-03-04,DN_EC0069: 주장 날짜 1793-02-22 밤(claim 참일 때만) / DN_EC0102: 주장 날짜 1793-03-04(claim 참일 때만),CONDITIONAL_TEMPORAL,NO,주장 날짜쌍: 두 claim이 날짜까지 참인 world에서만(실제 시점 T는 world가 결정).
TE0162,DN_EC0069,DN_EC0020,TEMPORAL_BEFORE,MEDIUM,active(DN_EC0069) ∧ active(DN_EC0020) ∧ E_EC0069,CLAIMED_VS_COURT_DATE_ORDER: 1793-02-22 밤 < 1793-05-12,DN_EC0069: 주장 날짜 1793-02-22 밤(claim 참일 때만) / DN_EC0020: 조정 기사일 1793-05-12(행위 자체 기록일),CONDITIONAL_TEMPORAL,NO,주장 날짜 vs 조정 행위 기사일: 앞 claim이 날짜까지 참일 때만.
TE0163,DN_EC0069,DN_EC0021,TEMPORAL_BEFORE,MEDIUM,active(DN_EC0069) ∧ active(DN_EC0021) ∧ E_EC0069,CLAIMED_VS_COURT_DATE_ORDER: 1793-02-22 밤 < 1793-05-12,DN_EC0069: 주장 날짜 1793-02-22 밤(claim 참일 때만) / DN_EC0021: 조정 기사일 1793-05-12(행위 자체 기록일),CONDITIONAL_TEMPORAL,NO,주장 날짜 vs 조정 행위 기사일: 앞 claim이 날짜까지 참일 때만.
TE0164,DN_EC0069,DN_EC0023,TEMPORAL_BEFORE,MEDIUM,active(DN_EC0069) ∧ active(DN_EC0023) ∧ E_EC0069,CLAIMED_VS_COURT_DATE_ORDER: 1793-02-22 밤 < 1793-05-12,DN_EC0069: 주장 날짜 1793-02-22 밤(claim 참일 때만) / DN_EC0023: 조정 기사일 1793-05-12(행위 자체 기록일),CONDITIONAL_TEMPORAL,NO,주장 날짜 vs 조정 행위 기사일: 앞 claim이 날짜까지 참일 때만.
TE0165,DN_EC0069,DN_EC0044,TEMPORAL_BEFORE,MEDIUM,active(DN_EC0069) ∧ active(DN_EC0044) ∧ E_EC0069,CLAIMED_VS_COURT_DATE_ORDER: 1793-02-22 밤 < 1793-05-27,DN_EC0069: 주장 날짜 1793-02-22 밤(claim 참일 때만) / DN_EC0044: 조정 기사일 1793-05-27(행위 자체 기록일),CONDITIONAL_TEMPORAL,NO,주장 날짜 vs 조정 행위 기사일: 앞 claim이 날짜까지 참일 때만.
TE0166,DN_EC0069,DN_EC0045,TEMPORAL_BEFORE,MEDIUM,active(DN_EC0069) ∧ active(DN_EC0045) ∧ E_EC0069,CLAIMED_VS_COURT_DATE_ORDER: 1793-02-22 밤 < 1793-05-27,DN_EC0069: 주장 날짜 1793-02-22 밤(claim 참일 때만) / DN_EC0045: 조정 기사일 1793-05-27(행위 자체 기록일),CONDITIONAL_TEMPORAL,NO,주장 날짜 vs 조정 행위 기사일: 앞 claim이 날짜까지 참일 때만.
TE0167,DN_EC0069,DN_EC0048,TEMPORAL_BEFORE,MEDIUM,active(DN_EC0069) ∧ active(DN_EC0048) ∧ E_EC0069,CLAIMED_VS_COURT_DATE_ORDER: 1793-02-22 밤 < 1793-05-28,DN_EC0069: 주장 날짜 1793-02-22 밤(claim 참일 때만) / DN_EC0048: 조정 기사일 1793-05-28(행위 자체 기록일),CONDITIONAL_TEMPORAL,NO,주장 날짜 vs 조정 행위 기사일: 앞 claim이 날짜까지 참일 때만.
TE0168,DN_EC0069,DN_EC0049,TEMPORAL_BEFORE,MEDIUM,active(DN_EC0069) ∧ active(DN_EC0049) ∧ E_EC0069,CLAIMED_VS_COURT_DATE_ORDER: 1793-02-22 밤 < 1793-05-28,DN_EC0069: 주장 날짜 1793-02-22 밤(claim 참일 때만) / DN_EC0049: 조정 기사일 1793-05-28(행위 자체 기록일),CONDITIONAL_TEMPORAL,NO,주장 날짜 vs 조정 행위 기사일: 앞 claim이 날짜까지 참일 때만.
TE0169,DN_EC0069,DN_EC0061,TEMPORAL_BEFORE,MEDIUM,active(DN_EC0069) ∧ active(DN_EC0061) ∧ E_EC0069,CLAIMED_VS_COURT_DATE_ORDER: 1793-02-22 밤 < 1793-06-11,DN_EC0069: 주장 날짜 1793-02-22 밤(claim 참일 때만) / DN_EC0061: 조정 기사일 1793-06-11(행위 자체 기록일),CONDITIONAL_TEMPORAL,NO,주장 날짜 vs 조정 행위 기사일: 앞 claim이 날짜까지 참일 때만.
TE0170,DN_EC0069,DN_EC0062,TEMPORAL_BEFORE,MEDIUM,active(DN_EC0069) ∧ active(DN_EC0062) ∧ E_EC0069,CLAIMED_VS_COURT_DATE_ORDER: 1793-02-22 밤 < 1793-06-11,DN_EC0069: 주장 날짜 1793-02-22 밤(claim 참일 때만) / DN_EC0062: 조정 기사일 1793-06-11(행위 자체 기록일),CONDITIONAL_TEMPORAL,NO,주장 날짜 vs 조정 행위 기사일: 앞 claim이 날짜까지 참일 때만.
TE0171,DN_EC0069,DN_EC0150,TEMPORAL_BEFORE,MEDIUM,active(DN_EC0069) ∧ active(DN_EC0150) ∧ E_EC0069,CLAIMED_VS_COURT_DATE_ORDER: 1793-02-22 밤 < 1793-06-13,DN_EC0069: 주장 날짜 1793-02-22 밤(claim 참일 때만) / DN_EC0150: 조정 기사일 1793-06-13(행위 자체 기록일),CONDITIONAL_TEMPORAL,NO,주장 날짜 vs 조정 행위 기사일: 앞 claim이 날짜까지 참일 때만.
TE0172,DN_EC0069,DN_EC0151,TEMPORAL_BEFORE,MEDIUM,active(DN_EC0069) ∧ active(DN_EC0151) ∧ E_EC0069,CLAIMED_VS_COURT_DATE_ORDER: 1793-02-22 밤 < 1793-06-13,DN_EC0069: 주장 날짜 1793-02-22 밤(claim 참일 때만) / DN_EC0151: 조정 기사일 1793-06-13(행위 자체 기록일),CONDITIONAL_TEMPORAL,NO,주장 날짜 vs 조정 행위 기사일: 앞 claim이 날짜까지 참일 때만.
TE0173,DN_EC0069,DN_EC0152,TEMPORAL_BEFORE,MEDIUM,active(DN_EC0069) ∧ active(DN_EC0152) ∧ E_EC0069,CLAIMED_VS_COURT_DATE_ORDER: 1793-02-22 밤 < 1793-06-13,DN_EC0069: 주장 날짜 1793-02-22 밤(claim 참일 때만) / DN_EC0152: 조정 기사일 1793-06-13(행위 자체 기록일),CONDITIONAL_TEMPORAL,NO,주장 날짜 vs 조정 행위 기사일: 앞 claim이 날짜까지 참일 때만.
TE0174,DN_EC0069,DN_EC0153,TEMPORAL_BEFORE,MEDIUM,active(DN_EC0069) ∧ active(DN_EC0153) ∧ E_EC0069,CLAIMED_VS_COURT_DATE_ORDER: 1793-02-22 밤 < 1793-06-13,DN_EC0069: 주장 날짜 1793-02-22 밤(claim 참일 때만) / DN_EC0153: 조정 기사일 1793-06-13(행위 자체 기록일),CONDITIONAL_TEMPORAL,NO,주장 날짜 vs 조정 행위 기사일: 앞 claim이 날짜까지 참일 때만.
TE0175,DN_EC0069,DN_EC0154,TEMPORAL_BEFORE,MEDIUM,active(DN_EC0069) ∧ active(DN_EC0154) ∧ E_EC0069,CLAIMED_VS_COURT_DATE_ORDER: 1793-02-22 밤 < 1793-06-13,DN_EC0069: 주장 날짜 1793-02-22 밤(claim 참일 때만) / DN_EC0154: 조정 기사일 1793-06-13(행위 자체 기록일),CONDITIONAL_TEMPORAL,NO,주장 날짜 vs 조정 행위 기사일: 앞 claim이 날짜까지 참일 때만.
TE0176,DN_EC0069,DN_EC0155,TEMPORAL_BEFORE,MEDIUM,active(DN_EC0069) ∧ active(DN_EC0155) ∧ E_EC0069,CLAIMED_VS_COURT_DATE_ORDER: 1793-02-22 밤 < 1793-06-16,DN_EC0069: 주장 날짜 1793-02-22 밤(claim 참일 때만) / DN_EC0155: 조정 기사일 1793-06-16(행위 자체 기록일),CONDITIONAL_TEMPORAL,NO,주장 날짜 vs 조정 행위 기사일: 앞 claim이 날짜까지 참일 때만.
TE0177,DN_EC0069,DN_J_HONG_17930528_JISE,TEMPORAL_BEFORE,MEDIUM,active(DN_EC0069) ∧ active(DN_J_HONG_17930528_JISE) ∧ E_EC0069,CLAIMED_VS_COURT_DATE_ORDER: 1793-02-22 밤 < 1793-05-28,DN_EC0069: 주장 날짜 1793-02-22 밤(claim 참일 때만) / DN_J_HONG_17930528_JISE: 조정 기사일 1793-05-28(행위 자체 기록일),CONDITIONAL_TEMPORAL,NO,주장 날짜 vs 조정 행위 기사일: 앞 claim이 날짜까지 참일 때만.
TE0178,DN_EC0069,DN_J_HONG_17930613_JISE,TEMPORAL_BEFORE,MEDIUM,active(DN_EC0069) ∧ active(DN_J_HONG_17930613_JISE) ∧ E_EC0069,CLAIMED_VS_COURT_DATE_ORDER: 1793-02-22 밤 < 1793-06-13,DN_EC0069: 주장 날짜 1793-02-22 밤(claim 참일 때만) / DN_J_HONG_17930613_JISE: 조정 기사일 1793-06-13(행위 자체 기록일),CONDITIONAL_TEMPORAL,NO,주장 날짜 vs 조정 행위 기사일: 앞 claim이 날짜까지 참일 때만.
TE0179,DN_EC0069,DN_J_HONG_17930613_KIM_DEATH,TEMPORAL_BEFORE,MEDIUM,active(DN_EC0069) ∧ active(DN_J_HONG_17930613_KIM_DEATH) ∧ E_EC0069,CLAIMED_VS_COURT_DATE_ORDER: 1793-02-22 밤 < 1793-06-13,DN_EC0069: 주장 날짜 1793-02-22 밤(claim 참일 때만) / DN_J_HONG_17930613_KIM_DEATH: 조정 기사일 1793-06-13(행위 자체 기록일),CONDITIONAL_TEMPORAL,NO,주장 날짜 vs 조정 행위 기사일: 앞 claim이 날짜까지 참일 때만.
TE0180,DN_EC0069,DN_J_HONG_17930613_THEFT,TEMPORAL_BEFORE,MEDIUM,active(DN_EC0069) ∧ active(DN_J_HONG_17930613_THEFT) ∧ E_EC0069,CLAIMED_VS_COURT_DATE_ORDER: 1793-02-22 밤 < 1793-06-13,DN_EC0069: 주장 날짜 1793-02-22 밤(claim 참일 때만) / DN_J_HONG_17930613_THEFT: 조정 기사일 1793-06-13(행위 자체 기록일),CONDITIONAL_TEMPORAL,NO,주장 날짜 vs 조정 행위 기사일: 앞 claim이 날짜까지 참일 때만.
TE0181,DN_EC0069,DN_J_IJOWON_17930527_JISE,TEMPORAL_BEFORE,MEDIUM,active(DN_EC0069) ∧ active(DN_J_IJOWON_17930527_JISE) ∧ E_EC0069,CLAIMED_VS_COURT_DATE_ORDER: 1793-02-22 밤 < 1793-05-27,DN_EC0069: 주장 날짜 1793-02-22 밤(claim 참일 때만) / DN_J_IJOWON_17930527_JISE: 조정 기사일 1793-05-27(행위 자체 기록일),CONDITIONAL_TEMPORAL,NO,주장 날짜 vs 조정 행위 기사일: 앞 claim이 날짜까지 참일 때만.
TE0182,DN_EC0069,DN_J_IJOWON_17930527_KIM_DEATH,TEMPORAL_BEFORE,MEDIUM,active(DN_EC0069) ∧ active(DN_J_IJOWON_17930527_KIM_DEATH) ∧ E_EC0069,CLAIMED_VS_COURT_DATE_ORDER: 1793-02-22 밤 < 1793-05-27,DN_EC0069: 주장 날짜 1793-02-22 밤(claim 참일 때만) / DN_J_IJOWON_17930527_KIM_DEATH: 조정 기사일 1793-05-27(행위 자체 기록일),CONDITIONAL_TEMPORAL,NO,주장 날짜 vs 조정 행위 기사일: 앞 claim이 날짜까지 참일 때만.
TE0183,DN_EC0069,DN_J_IJOWON_17930527_THEFT,TEMPORAL_BEFORE,MEDIUM,active(DN_EC0069) ∧ active(DN_J_IJOWON_17930527_THEFT) ∧ E_EC0069,CLAIMED_VS_COURT_DATE_ORDER: 1793-02-22 밤 < 1793-05-27,DN_EC0069: 주장 날짜 1793-02-22 밤(claim 참일 때만) / DN_J_IJOWON_17930527_THEFT: 조정 기사일 1793-05-27(행위 자체 기록일),CONDITIONAL_TEMPORAL,NO,주장 날짜 vs 조정 행위 기사일: 앞 claim이 날짜까지 참일 때만.
TE0184,DN_EC0069,DN_J_JEONGJO_17930512_THEFT,TEMPORAL_BEFORE,MEDIUM,active(DN_EC0069) ∧ active(DN_J_JEONGJO_17930512_THEFT) ∧ E_EC0069,CLAIMED_VS_COURT_DATE_ORDER: 1793-02-22 밤 < 1793-05-12,DN_EC0069: 주장 날짜 1793-02-22 밤(claim 참일 때만) / DN_J_JEONGJO_17930512_THEFT: 조정 기사일 1793-05-12(행위 자체 기록일),CONDITIONAL_TEMPORAL,NO,주장 날짜 vs 조정 행위 기사일: 앞 claim이 날짜까지 참일 때만.
TE0185,DN_EC0069,DN_J_JEONGJO_17930613_JISE,TEMPORAL_BEFORE,MEDIUM,active(DN_EC0069) ∧ active(DN_J_JEONGJO_17930613_JISE) ∧ E_EC0069,CLAIMED_VS_COURT_DATE_ORDER: 1793-02-22 밤 < 1793-06-13,DN_EC0069: 주장 날짜 1793-02-22 밤(claim 참일 때만) / DN_J_JEONGJO_17930613_JISE: 조정 기사일 1793-06-13(행위 자체 기록일),CONDITIONAL_TEMPORAL,NO,주장 날짜 vs 조정 행위 기사일: 앞 claim이 날짜까지 참일 때만.
TE0186,DN_EC0069,DN_J_JEONGJO_17930613_KIM_DEATH,TEMPORAL_BEFORE,MEDIUM,active(DN_EC0069) ∧ active(DN_J_JEONGJO_17930613_KIM_DEATH) ∧ E_EC0069,CLAIMED_VS_COURT_DATE_ORDER: 1793-02-22 밤 < 1793-06-13,DN_EC0069: 주장 날짜 1793-02-22 밤(claim 참일 때만) / DN_J_JEONGJO_17930613_KIM_DEATH: 조정 기사일 1793-06-13(행위 자체 기록일),CONDITIONAL_TEMPORAL,NO,주장 날짜 vs 조정 행위 기사일: 앞 claim이 날짜까지 참일 때만.
TE0187,DN_EC0069,DN_J_JEONGJO_17930613_THEFT,TEMPORAL_BEFORE,MEDIUM,active(DN_EC0069) ∧ active(DN_J_JEONGJO_17930613_THEFT) ∧ E_EC0069,CLAIMED_VS_COURT_DATE_ORDER: 1793-02-22 밤 < 1793-06-13,DN_EC0069: 주장 날짜 1793-02-22 밤(claim 참일 때만) / DN_J_JEONGJO_17930613_THEFT: 조정 기사일 1793-06-13(행위 자체 기록일),CONDITIONAL_TEMPORAL,NO,주장 날짜 vs 조정 행위 기사일: 앞 claim이 날짜까지 참일 때만.
TE0188,DN_EC0070,DN_EC0081,TEMPORAL_BEFORE,MEDIUM,active(DN_EC0070) ∧ active(DN_EC0081) ∧ (E_EC0070 ∧ E_EC0081),CLAIMED_DATE_ORDER: 1793-02-22 밤 < 1793-02-28 밤,DN_EC0070: 주장 날짜 1793-02-22 밤(claim 참일 때만) / DN_EC0081: 주장 날짜 1793-02-28 밤(claim 참일 때만),CONDITIONAL_TEMPORAL,NO,주장 날짜쌍: 두 claim이 날짜까지 참인 world에서만(실제 시점 T는 world가 결정).
TE0189,DN_EC0070,DN_EC0082,TEMPORAL_BEFORE,MEDIUM,active(DN_EC0070) ∧ active(DN_EC0082) ∧ (E_EC0070 ∧ E_EC0082),CLAIMED_DATE_ORDER: 1793-02-22 밤 < 1793-02-28 밤,DN_EC0070: 주장 날짜 1793-02-22 밤(claim 참일 때만) / DN_EC0082: 주장 날짜 1793-02-28 밤(claim 참일 때만),CONDITIONAL_TEMPORAL,NO,주장 날짜쌍: 두 claim이 날짜까지 참인 world에서만(실제 시점 T는 world가 결정).
TE0190,DN_EC0070,DN_EC0083,TEMPORAL_BEFORE,MEDIUM,active(DN_EC0070) ∧ active(DN_EC0083) ∧ (E_EC0070 ∧ E_EC0083),CLAIMED_DATE_ORDER: 1793-02-22 밤 < 1793-02-28 밤,DN_EC0070: 주장 날짜 1793-02-22 밤(claim 참일 때만) / DN_EC0083: 주장 날짜 1793-02-28 밤(claim 참일 때만),CONDITIONAL_TEMPORAL,NO,주장 날짜쌍: 두 claim이 날짜까지 참인 world에서만(실제 시점 T는 world가 결정).
TE0191,DN_EC0070,DN_EC0084,TEMPORAL_BEFORE,MEDIUM,active(DN_EC0070) ∧ active(DN_EC0084) ∧ (E_EC0070 ∧ E_EC0084),CLAIMED_DATE_ORDER: 1793-02-22 밤 < 1793-02-28 밤~29 새벽,DN_EC0070: 주장 날짜 1793-02-22 밤(claim 참일 때만) / DN_EC0084: 주장 날짜 1793-02-28 밤~29 새벽(claim 참일 때만),CONDITIONAL_TEMPORAL,NO,주장 날짜쌍: 두 claim이 날짜까지 참인 world에서만(실제 시점 T는 world가 결정).
TE0192,DN_EC0070,DN_EC0089,TEMPORAL_BEFORE,MEDIUM,active(DN_EC0070) ∧ active(DN_EC0089) ∧ (E_EC0070 ∧ E_EC0089),CLAIMED_DATE_ORDER: 1793-02-22 밤 < 1793-02-29,DN_EC0070: 주장 날짜 1793-02-22 밤(claim 참일 때만) / DN_EC0089: 주장 날짜 1793-02-29(claim 참일 때만),CONDITIONAL_TEMPORAL,NO,주장 날짜쌍: 두 claim이 날짜까지 참인 world에서만(실제 시점 T는 world가 결정).
TE0193,DN_EC0070,DN_EC0093,TEMPORAL_BEFORE,MEDIUM,active(DN_EC0070) ∧ active(DN_EC0093) ∧ (E_EC0070 ∧ E_EC0093),CLAIMED_DATE_ORDER: 1793-02-22 밤 < 1793-02-29,DN_EC0070: 주장 날짜 1793-02-22 밤(claim 참일 때만) / DN_EC0093: 주장 날짜 1793-02-29(claim 참일 때만),CONDITIONAL_TEMPORAL,NO,주장 날짜쌍: 두 claim이 날짜까지 참인 world에서만(실제 시점 T는 world가 결정).
TE0194,DN_EC0070,DN_EC0094,TEMPORAL_BEFORE,MEDIUM,active(DN_EC0070) ∧ active(DN_EC0094) ∧ (E_EC0070 ∧ E_EC0094),CLAIMED_DATE_ORDER: 1793-02-22 밤 < 1793-02-29,DN_EC0070: 주장 날짜 1793-02-22 밤(claim 참일 때만) / DN_EC0094: 주장 날짜 1793-02-29(claim 참일 때만),CONDITIONAL_TEMPORAL,NO,주장 날짜쌍: 두 claim이 날짜까지 참인 world에서만(실제 시점 T는 world가 결정).
TE0195,DN_EC0070,DN_EC0095,TEMPORAL_BEFORE,MEDIUM,active(DN_EC0070) ∧ active(DN_EC0095) ∧ (E_EC0070 ∧ E_EC0095),CLAIMED_DATE_ORDER: 1793-02-22 밤 < 1793-02-29,DN_EC0070: 주장 날짜 1793-02-22 밤(claim 참일 때만) / DN_EC0095: 주장 날짜 1793-02-29(claim 참일 때만),CONDITIONAL_TEMPORAL,NO,주장 날짜쌍: 두 claim이 날짜까지 참인 world에서만(실제 시점 T는 world가 결정).
TE0196,DN_EC0070,DN_EC0096,TEMPORAL_BEFORE,MEDIUM,active(DN_EC0070) ∧ active(DN_EC0096) ∧ (E_EC0070 ∧ E_EC0096),CLAIMED_DATE_ORDER: 1793-02-22 밤 < 1793-03-04,DN_EC0070: 주장 날짜 1793-02-22 밤(claim 참일 때만) / DN_EC0096: 주장 날짜 1793-03-04(claim 참일 때만),CONDITIONAL_TEMPORAL,NO,주장 날짜쌍: 두 claim이 날짜까지 참인 world에서만(실제 시점 T는 world가 결정).
TE0197,DN_EC0070,DN_EC0097,TEMPORAL_BEFORE,MEDIUM,active(DN_EC0070) ∧ active(DN_EC0097) ∧ (E_EC0070 ∧ E_EC0097),CLAIMED_DATE_ORDER: 1793-02-22 밤 < 1793-03-04,DN_EC0070: 주장 날짜 1793-02-22 밤(claim 참일 때만) / DN_EC0097: 주장 날짜 1793-03-04(claim 참일 때만),CONDITIONAL_TEMPORAL,NO,주장 날짜쌍: 두 claim이 날짜까지 참인 world에서만(실제 시점 T는 world가 결정).
TE0198,DN_EC0070,DN_EC0098,TEMPORAL_BEFORE,MEDIUM,active(DN_EC0070) ∧ active(DN_EC0098) ∧ (E_EC0070 ∧ E_EC0098),CLAIMED_DATE_ORDER: 1793-02-22 밤 < 1793-03-04,DN_EC0070: 주장 날짜 1793-02-22 밤(claim 참일 때만) / DN_EC0098: 주장 날짜 1793-03-04(claim 참일 때만),CONDITIONAL_TEMPORAL,NO,주장 날짜쌍: 두 claim이 날짜까지 참인 world에서만(실제 시점 T는 world가 결정).
TE0199,DN_EC0070,DN_EC0099,TEMPORAL_BEFORE,MEDIUM,active(DN_EC0070) ∧ active(DN_EC0099) ∧ (E_EC0070 ∧ E_EC0099),CLAIMED_DATE_ORDER: 1793-02-22 밤 < 1793-03-04,DN_EC0070: 주장 날짜 1793-02-22 밤(claim 참일 때만) / DN_EC0099: 주장 날짜 1793-03-04(claim 참일 때만),CONDITIONAL_TEMPORAL,NO,주장 날짜쌍: 두 claim이 날짜까지 참인 world에서만(실제 시점 T는 world가 결정).
TE0200,DN_EC0070,DN_EC0100,TEMPORAL_BEFORE,MEDIUM,active(DN_EC0070) ∧ active(DN_EC0100) ∧ (E_EC0070 ∧ E_EC0100),CLAIMED_DATE_ORDER: 1793-02-22 밤 < 1793-03-04,DN_EC0070: 주장 날짜 1793-02-22 밤(claim 참일 때만) / DN_EC0100: 주장 날짜 1793-03-04(claim 참일 때만),CONDITIONAL_TEMPORAL,NO,주장 날짜쌍: 두 claim이 날짜까지 참인 world에서만(실제 시점 T는 world가 결정).
TE0201,DN_EC0070,DN_EC0101,TEMPORAL_BEFORE,MEDIUM,active(DN_EC0070) ∧ active(DN_EC0101) ∧ (E_EC0070 ∧ E_EC0101),CLAIMED_DATE_ORDER: 1793-02-22 밤 < 1793-03-04,DN_EC0070: 주장 날짜 1793-02-22 밤(claim 참일 때만) / DN_EC0101: 주장 날짜 1793-03-04(claim 참일 때만),CONDITIONAL_TEMPORAL,NO,주장 날짜쌍: 두 claim이 날짜까지 참인 world에서만(실제 시점 T는 world가 결정).
TE0202,DN_EC0070,DN_EC0102,TEMPORAL_BEFORE,MEDIUM,active(DN_EC0070) ∧ active(DN_EC0102) ∧ (E_EC0070 ∧ E_EC0102),CLAIMED_DATE_ORDER: 1793-02-22 밤 < 1793-03-04,DN_EC0070: 주장 날짜 1793-02-22 밤(claim 참일 때만) / DN_EC0102: 주장 날짜 1793-03-04(claim 참일 때만),CONDITIONAL_TEMPORAL,NO,주장 날짜쌍: 두 claim이 날짜까지 참인 world에서만(실제 시점 T는 world가 결정).
TE0203,DN_EC0070,DN_EC0020,TEMPORAL_BEFORE,MEDIUM,active(DN_EC0070) ∧ active(DN_EC0020) ∧ E_EC0070,CLAIMED_VS_COURT_DATE_ORDER: 1793-02-22 밤 < 1793-05-12,DN_EC0070: 주장 날짜 1793-02-22 밤(claim 참일 때만) / DN_EC0020: 조정 기사일 1793-05-12(행위 자체 기록일),CONDITIONAL_TEMPORAL,NO,주장 날짜 vs 조정 행위 기사일: 앞 claim이 날짜까지 참일 때만.
TE0204,DN_EC0070,DN_EC0021,TEMPORAL_BEFORE,MEDIUM,active(DN_EC0070) ∧ active(DN_EC0021) ∧ E_EC0070,CLAIMED_VS_COURT_DATE_ORDER: 1793-02-22 밤 < 1793-05-12,DN_EC0070: 주장 날짜 1793-02-22 밤(claim 참일 때만) / DN_EC0021: 조정 기사일 1793-05-12(행위 자체 기록일),CONDITIONAL_TEMPORAL,NO,주장 날짜 vs 조정 행위 기사일: 앞 claim이 날짜까지 참일 때만.
TE0205,DN_EC0070,DN_EC0023,TEMPORAL_BEFORE,MEDIUM,active(DN_EC0070) ∧ active(DN_EC0023) ∧ E_EC0070,CLAIMED_VS_COURT_DATE_ORDER: 1793-02-22 밤 < 1793-05-12,DN_EC0070: 주장 날짜 1793-02-22 밤(claim 참일 때만) / DN_EC0023: 조정 기사일 1793-05-12(행위 자체 기록일),CONDITIONAL_TEMPORAL,NO,주장 날짜 vs 조정 행위 기사일: 앞 claim이 날짜까지 참일 때만.
TE0206,DN_EC0070,DN_EC0044,TEMPORAL_BEFORE,MEDIUM,active(DN_EC0070) ∧ active(DN_EC0044) ∧ E_EC0070,CLAIMED_VS_COURT_DATE_ORDER: 1793-02-22 밤 < 1793-05-27,DN_EC0070: 주장 날짜 1793-02-22 밤(claim 참일 때만) / DN_EC0044: 조정 기사일 1793-05-27(행위 자체 기록일),CONDITIONAL_TEMPORAL,NO,주장 날짜 vs 조정 행위 기사일: 앞 claim이 날짜까지 참일 때만.
TE0207,DN_EC0070,DN_EC0045,TEMPORAL_BEFORE,MEDIUM,active(DN_EC0070) ∧ active(DN_EC0045) ∧ E_EC0070,CLAIMED_VS_COURT_DATE_ORDER: 1793-02-22 밤 < 1793-05-27,DN_EC0070: 주장 날짜 1793-02-22 밤(claim 참일 때만) / DN_EC0045: 조정 기사일 1793-05-27(행위 자체 기록일),CONDITIONAL_TEMPORAL,NO,주장 날짜 vs 조정 행위 기사일: 앞 claim이 날짜까지 참일 때만.
TE0208,DN_EC0070,DN_EC0048,TEMPORAL_BEFORE,MEDIUM,active(DN_EC0070) ∧ active(DN_EC0048) ∧ E_EC0070,CLAIMED_VS_COURT_DATE_ORDER: 1793-02-22 밤 < 1793-05-28,DN_EC0070: 주장 날짜 1793-02-22 밤(claim 참일 때만) / DN_EC0048: 조정 기사일 1793-05-28(행위 자체 기록일),CONDITIONAL_TEMPORAL,NO,주장 날짜 vs 조정 행위 기사일: 앞 claim이 날짜까지 참일 때만.
TE0209,DN_EC0070,DN_EC0049,TEMPORAL_BEFORE,MEDIUM,active(DN_EC0070) ∧ active(DN_EC0049) ∧ E_EC0070,CLAIMED_VS_COURT_DATE_ORDER: 1793-02-22 밤 < 1793-05-28,DN_EC0070: 주장 날짜 1793-02-22 밤(claim 참일 때만) / DN_EC0049: 조정 기사일 1793-05-28(행위 자체 기록일),CONDITIONAL_TEMPORAL,NO,주장 날짜 vs 조정 행위 기사일: 앞 claim이 날짜까지 참일 때만.
TE0210,DN_EC0070,DN_EC0061,TEMPORAL_BEFORE,MEDIUM,active(DN_EC0070) ∧ active(DN_EC0061) ∧ E_EC0070,CLAIMED_VS_COURT_DATE_ORDER: 1793-02-22 밤 < 1793-06-11,DN_EC0070: 주장 날짜 1793-02-22 밤(claim 참일 때만) / DN_EC0061: 조정 기사일 1793-06-11(행위 자체 기록일),CONDITIONAL_TEMPORAL,NO,주장 날짜 vs 조정 행위 기사일: 앞 claim이 날짜까지 참일 때만.
TE0211,DN_EC0070,DN_EC0062,TEMPORAL_BEFORE,MEDIUM,active(DN_EC0070) ∧ active(DN_EC0062) ∧ E_EC0070,CLAIMED_VS_COURT_DATE_ORDER: 1793-02-22 밤 < 1793-06-11,DN_EC0070: 주장 날짜 1793-02-22 밤(claim 참일 때만) / DN_EC0062: 조정 기사일 1793-06-11(행위 자체 기록일),CONDITIONAL_TEMPORAL,NO,주장 날짜 vs 조정 행위 기사일: 앞 claim이 날짜까지 참일 때만.
TE0212,DN_EC0070,DN_EC0150,TEMPORAL_BEFORE,MEDIUM,active(DN_EC0070) ∧ active(DN_EC0150) ∧ E_EC0070,CLAIMED_VS_COURT_DATE_ORDER: 1793-02-22 밤 < 1793-06-13,DN_EC0070: 주장 날짜 1793-02-22 밤(claim 참일 때만) / DN_EC0150: 조정 기사일 1793-06-13(행위 자체 기록일),CONDITIONAL_TEMPORAL,NO,주장 날짜 vs 조정 행위 기사일: 앞 claim이 날짜까지 참일 때만.
TE0213,DN_EC0070,DN_EC0151,TEMPORAL_BEFORE,MEDIUM,active(DN_EC0070) ∧ active(DN_EC0151) ∧ E_EC0070,CLAIMED_VS_COURT_DATE_ORDER: 1793-02-22 밤 < 1793-06-13,DN_EC0070: 주장 날짜 1793-02-22 밤(claim 참일 때만) / DN_EC0151: 조정 기사일 1793-06-13(행위 자체 기록일),CONDITIONAL_TEMPORAL,NO,주장 날짜 vs 조정 행위 기사일: 앞 claim이 날짜까지 참일 때만.
TE0214,DN_EC0070,DN_EC0152,TEMPORAL_BEFORE,MEDIUM,active(DN_EC0070) ∧ active(DN_EC0152) ∧ E_EC0070,CLAIMED_VS_COURT_DATE_ORDER: 1793-02-22 밤 < 1793-06-13,DN_EC0070: 주장 날짜 1793-02-22 밤(claim 참일 때만) / DN_EC0152: 조정 기사일 1793-06-13(행위 자체 기록일),CONDITIONAL_TEMPORAL,NO,주장 날짜 vs 조정 행위 기사일: 앞 claim이 날짜까지 참일 때만.
TE0215,DN_EC0070,DN_EC0153,TEMPORAL_BEFORE,MEDIUM,active(DN_EC0070) ∧ active(DN_EC0153) ∧ E_EC0070,CLAIMED_VS_COURT_DATE_ORDER: 1793-02-22 밤 < 1793-06-13,DN_EC0070: 주장 날짜 1793-02-22 밤(claim 참일 때만) / DN_EC0153: 조정 기사일 1793-06-13(행위 자체 기록일),CONDITIONAL_TEMPORAL,NO,주장 날짜 vs 조정 행위 기사일: 앞 claim이 날짜까지 참일 때만.
TE0216,DN_EC0070,DN_EC0154,TEMPORAL_BEFORE,MEDIUM,active(DN_EC0070) ∧ active(DN_EC0154) ∧ E_EC0070,CLAIMED_VS_COURT_DATE_ORDER: 1793-02-22 밤 < 1793-06-13,DN_EC0070: 주장 날짜 1793-02-22 밤(claim 참일 때만) / DN_EC0154: 조정 기사일 1793-06-13(행위 자체 기록일),CONDITIONAL_TEMPORAL,NO,주장 날짜 vs 조정 행위 기사일: 앞 claim이 날짜까지 참일 때만.
TE0217,DN_EC0070,DN_EC0155,TEMPORAL_BEFORE,MEDIUM,active(DN_EC0070) ∧ active(DN_EC0155) ∧ E_EC0070,CLAIMED_VS_COURT_DATE_ORDER: 1793-02-22 밤 < 1793-06-16,DN_EC0070: 주장 날짜 1793-02-22 밤(claim 참일 때만) / DN_EC0155: 조정 기사일 1793-06-16(행위 자체 기록일),CONDITIONAL_TEMPORAL,NO,주장 날짜 vs 조정 행위 기사일: 앞 claim이 날짜까지 참일 때만.
TE0218,DN_EC0070,DN_J_HONG_17930528_JISE,TEMPORAL_BEFORE,MEDIUM,active(DN_EC0070) ∧ active(DN_J_HONG_17930528_JISE) ∧ E_EC0070,CLAIMED_VS_COURT_DATE_ORDER: 1793-02-22 밤 < 1793-05-28,DN_EC0070: 주장 날짜 1793-02-22 밤(claim 참일 때만) / DN_J_HONG_17930528_JISE: 조정 기사일 1793-05-28(행위 자체 기록일),CONDITIONAL_TEMPORAL,NO,주장 날짜 vs 조정 행위 기사일: 앞 claim이 날짜까지 참일 때만.
TE0219,DN_EC0070,DN_J_HONG_17930613_JISE,TEMPORAL_BEFORE,MEDIUM,active(DN_EC0070) ∧ active(DN_J_HONG_17930613_JISE) ∧ E_EC0070,CLAIMED_VS_COURT_DATE_ORDER: 1793-02-22 밤 < 1793-06-13,DN_EC0070: 주장 날짜 1793-02-22 밤(claim 참일 때만) / DN_J_HONG_17930613_JISE: 조정 기사일 1793-06-13(행위 자체 기록일),CONDITIONAL_TEMPORAL,NO,주장 날짜 vs 조정 행위 기사일: 앞 claim이 날짜까지 참일 때만.
TE0220,DN_EC0070,DN_J_HONG_17930613_KIM_DEATH,TEMPORAL_BEFORE,MEDIUM,active(DN_EC0070) ∧ active(DN_J_HONG_17930613_KIM_DEATH) ∧ E_EC0070,CLAIMED_VS_COURT_DATE_ORDER: 1793-02-22 밤 < 1793-06-13,DN_EC0070: 주장 날짜 1793-02-22 밤(claim 참일 때만) / DN_J_HONG_17930613_KIM_DEATH: 조정 기사일 1793-06-13(행위 자체 기록일),CONDITIONAL_TEMPORAL,NO,주장 날짜 vs 조정 행위 기사일: 앞 claim이 날짜까지 참일 때만.
TE0221,DN_EC0070,DN_J_HONG_17930613_THEFT,TEMPORAL_BEFORE,MEDIUM,active(DN_EC0070) ∧ active(DN_J_HONG_17930613_THEFT) ∧ E_EC0070,CLAIMED_VS_COURT_DATE_ORDER: 1793-02-22 밤 < 1793-06-13,DN_EC0070: 주장 날짜 1793-02-22 밤(claim 참일 때만) / DN_J_HONG_17930613_THEFT: 조정 기사일 1793-06-13(행위 자체 기록일),CONDITIONAL_TEMPORAL,NO,주장 날짜 vs 조정 행위 기사일: 앞 claim이 날짜까지 참일 때만.
TE0222,DN_EC0070,DN_J_IJOWON_17930527_JISE,TEMPORAL_BEFORE,MEDIUM,active(DN_EC0070) ∧ active(DN_J_IJOWON_17930527_JISE) ∧ E_EC0070,CLAIMED_VS_COURT_DATE_ORDER: 1793-02-22 밤 < 1793-05-27,DN_EC0070: 주장 날짜 1793-02-22 밤(claim 참일 때만) / DN_J_IJOWON_17930527_JISE: 조정 기사일 1793-05-27(행위 자체 기록일),CONDITIONAL_TEMPORAL,NO,주장 날짜 vs 조정 행위 기사일: 앞 claim이 날짜까지 참일 때만.
TE0223,DN_EC0070,DN_J_IJOWON_17930527_KIM_DEATH,TEMPORAL_BEFORE,MEDIUM,active(DN_EC0070) ∧ active(DN_J_IJOWON_17930527_KIM_DEATH) ∧ E_EC0070,CLAIMED_VS_COURT_DATE_ORDER: 1793-02-22 밤 < 1793-05-27,DN_EC0070: 주장 날짜 1793-02-22 밤(claim 참일 때만) / DN_J_IJOWON_17930527_KIM_DEATH: 조정 기사일 1793-05-27(행위 자체 기록일),CONDITIONAL_TEMPORAL,NO,주장 날짜 vs 조정 행위 기사일: 앞 claim이 날짜까지 참일 때만.
TE0224,DN_EC0070,DN_J_IJOWON_17930527_THEFT,TEMPORAL_BEFORE,MEDIUM,active(DN_EC0070) ∧ active(DN_J_IJOWON_17930527_THEFT) ∧ E_EC0070,CLAIMED_VS_COURT_DATE_ORDER: 1793-02-22 밤 < 1793-05-27,DN_EC0070: 주장 날짜 1793-02-22 밤(claim 참일 때만) / DN_J_IJOWON_17930527_THEFT: 조정 기사일 1793-05-27(행위 자체 기록일),CONDITIONAL_TEMPORAL,NO,주장 날짜 vs 조정 행위 기사일: 앞 claim이 날짜까지 참일 때만.
TE0225,DN_EC0070,DN_J_JEONGJO_17930512_THEFT,TEMPORAL_BEFORE,MEDIUM,active(DN_EC0070) ∧ active(DN_J_JEONGJO_17930512_THEFT) ∧ E_EC0070,CLAIMED_VS_COURT_DATE_ORDER: 1793-02-22 밤 < 1793-05-12,DN_EC0070: 주장 날짜 1793-02-22 밤(claim 참일 때만) / DN_J_JEONGJO_17930512_THEFT: 조정 기사일 1793-05-12(행위 자체 기록일),CONDITIONAL_TEMPORAL,NO,주장 날짜 vs 조정 행위 기사일: 앞 claim이 날짜까지 참일 때만.
TE0226,DN_EC0070,DN_J_JEONGJO_17930613_JISE,TEMPORAL_BEFORE,MEDIUM,active(DN_EC0070) ∧ active(DN_J_JEONGJO_17930613_JISE) ∧ E_EC0070,CLAIMED_VS_COURT_DATE_ORDER: 1793-02-22 밤 < 1793-06-13,DN_EC0070: 주장 날짜 1793-02-22 밤(claim 참일 때만) / DN_J_JEONGJO_17930613_JISE: 조정 기사일 1793-06-13(행위 자체 기록일),CONDITIONAL_TEMPORAL,NO,주장 날짜 vs 조정 행위 기사일: 앞 claim이 날짜까지 참일 때만.
TE0227,DN_EC0070,DN_J_JEONGJO_17930613_KIM_DEATH,TEMPORAL_BEFORE,MEDIUM,active(DN_EC0070) ∧ active(DN_J_JEONGJO_17930613_KIM_DEATH) ∧ E_EC0070,CLAIMED_VS_COURT_DATE_ORDER: 1793-02-22 밤 < 1793-06-13,DN_EC0070: 주장 날짜 1793-02-22 밤(claim 참일 때만) / DN_J_JEONGJO_17930613_KIM_DEATH: 조정 기사일 1793-06-13(행위 자체 기록일),CONDITIONAL_TEMPORAL,NO,주장 날짜 vs 조정 행위 기사일: 앞 claim이 날짜까지 참일 때만.
TE0228,DN_EC0070,DN_J_JEONGJO_17930613_THEFT,TEMPORAL_BEFORE,MEDIUM,active(DN_EC0070) ∧ active(DN_J_JEONGJO_17930613_THEFT) ∧ E_EC0070,CLAIMED_VS_COURT_DATE_ORDER: 1793-02-22 밤 < 1793-06-13,DN_EC0070: 주장 날짜 1793-02-22 밤(claim 참일 때만) / DN_J_JEONGJO_17930613_THEFT: 조정 기사일 1793-06-13(행위 자체 기록일),CONDITIONAL_TEMPORAL,NO,주장 날짜 vs 조정 행위 기사일: 앞 claim이 날짜까지 참일 때만.
TE0229,DN_EC0072,DN_EC0065,TEMPORAL_BEFORE,MEDIUM,active(DN_EC0072) ∧ active(DN_EC0065) ∧ (E_EC0072 ∧ E_EC0065 ∧ INTERP_EC0065_DATE_IS_TELLING_TIME),CLAIMED_DATE_ORDER: 1793-02 초순 < 1793-02-22 밤,DN_EC0072: 주장 날짜 1793-02 초순(claim 참일 때만) / DN_EC0065: 주장 날짜 1793-02-22 밤(claim 참일 때만),CONDITIONAL_TEMPORAL,NO,주장 날짜쌍: 두 claim이 날짜까지 참인 world에서만(실제 시점 T는 world가 결정).
TE0230,DN_EC0072,DN_EC0066,TEMPORAL_BEFORE,MEDIUM,active(DN_EC0072) ∧ active(DN_EC0066) ∧ (E_EC0072 ∧ E_EC0066),CLAIMED_DATE_ORDER: 1793-02 초순 < 1793-02-22 밤,DN_EC0072: 주장 날짜 1793-02 초순(claim 참일 때만) / DN_EC0066: 주장 날짜 1793-02-22 밤(claim 참일 때만),CONDITIONAL_TEMPORAL,NO,주장 날짜쌍: 두 claim이 날짜까지 참인 world에서만(실제 시점 T는 world가 결정).
TE0231,DN_EC0072,DN_EC0069,TEMPORAL_BEFORE,MEDIUM,active(DN_EC0072) ∧ active(DN_EC0069) ∧ (E_EC0072 ∧ E_EC0069),CLAIMED_DATE_ORDER: 1793-02 초순 < 1793-02-22 밤,DN_EC0072: 주장 날짜 1793-02 초순(claim 참일 때만) / DN_EC0069: 주장 날짜 1793-02-22 밤(claim 참일 때만),CONDITIONAL_TEMPORAL,NO,주장 날짜쌍: 두 claim이 날짜까지 참인 world에서만(실제 시점 T는 world가 결정).
TE0232,DN_EC0072,DN_EC0070,TEMPORAL_BEFORE,MEDIUM,active(DN_EC0072) ∧ active(DN_EC0070) ∧ (E_EC0072 ∧ E_EC0070),CLAIMED_DATE_ORDER: 1793-02 초순 < 1793-02-22 밤,DN_EC0072: 주장 날짜 1793-02 초순(claim 참일 때만) / DN_EC0070: 주장 날짜 1793-02-22 밤(claim 참일 때만),CONDITIONAL_TEMPORAL,NO,주장 날짜쌍: 두 claim이 날짜까지 참인 world에서만(실제 시점 T는 world가 결정).
TE0233,DN_EC0072,DN_EC0081,TEMPORAL_BEFORE,MEDIUM,active(DN_EC0072) ∧ active(DN_EC0081) ∧ (E_EC0072 ∧ E_EC0081),CLAIMED_DATE_ORDER: 1793-02 초순 < 1793-02-28 밤,DN_EC0072: 주장 날짜 1793-02 초순(claim 참일 때만) / DN_EC0081: 주장 날짜 1793-02-28 밤(claim 참일 때만),CONDITIONAL_TEMPORAL,NO,주장 날짜쌍: 두 claim이 날짜까지 참인 world에서만(실제 시점 T는 world가 결정).
TE0234,DN_EC0072,DN_EC0082,TEMPORAL_BEFORE,MEDIUM,active(DN_EC0072) ∧ active(DN_EC0082) ∧ (E_EC0072 ∧ E_EC0082),CLAIMED_DATE_ORDER: 1793-02 초순 < 1793-02-28 밤,DN_EC0072: 주장 날짜 1793-02 초순(claim 참일 때만) / DN_EC0082: 주장 날짜 1793-02-28 밤(claim 참일 때만),CONDITIONAL_TEMPORAL,NO,주장 날짜쌍: 두 claim이 날짜까지 참인 world에서만(실제 시점 T는 world가 결정).
TE0235,DN_EC0072,DN_EC0083,TEMPORAL_BEFORE,MEDIUM,active(DN_EC0072) ∧ active(DN_EC0083) ∧ (E_EC0072 ∧ E_EC0083),CLAIMED_DATE_ORDER: 1793-02 초순 < 1793-02-28 밤,DN_EC0072: 주장 날짜 1793-02 초순(claim 참일 때만) / DN_EC0083: 주장 날짜 1793-02-28 밤(claim 참일 때만),CONDITIONAL_TEMPORAL,NO,주장 날짜쌍: 두 claim이 날짜까지 참인 world에서만(실제 시점 T는 world가 결정).
TE0236,DN_EC0072,DN_EC0084,TEMPORAL_BEFORE,MEDIUM,active(DN_EC0072) ∧ active(DN_EC0084) ∧ (E_EC0072 ∧ E_EC0084),CLAIMED_DATE_ORDER: 1793-02 초순 < 1793-02-28 밤~29 새벽,DN_EC0072: 주장 날짜 1793-02 초순(claim 참일 때만) / DN_EC0084: 주장 날짜 1793-02-28 밤~29 새벽(claim 참일 때만),CONDITIONAL_TEMPORAL,NO,주장 날짜쌍: 두 claim이 날짜까지 참인 world에서만(실제 시점 T는 world가 결정).
TE0237,DN_EC0072,DN_EC0089,TEMPORAL_BEFORE,MEDIUM,active(DN_EC0072) ∧ active(DN_EC0089) ∧ (E_EC0072 ∧ E_EC0089),CLAIMED_DATE_ORDER: 1793-02 초순 < 1793-02-29,DN_EC0072: 주장 날짜 1793-02 초순(claim 참일 때만) / DN_EC0089: 주장 날짜 1793-02-29(claim 참일 때만),CONDITIONAL_TEMPORAL,NO,주장 날짜쌍: 두 claim이 날짜까지 참인 world에서만(실제 시점 T는 world가 결정).
TE0238,DN_EC0072,DN_EC0093,TEMPORAL_BEFORE,MEDIUM,active(DN_EC0072) ∧ active(DN_EC0093) ∧ (E_EC0072 ∧ E_EC0093),CLAIMED_DATE_ORDER: 1793-02 초순 < 1793-02-29,DN_EC0072: 주장 날짜 1793-02 초순(claim 참일 때만) / DN_EC0093: 주장 날짜 1793-02-29(claim 참일 때만),CONDITIONAL_TEMPORAL,NO,주장 날짜쌍: 두 claim이 날짜까지 참인 world에서만(실제 시점 T는 world가 결정).
TE0239,DN_EC0072,DN_EC0094,TEMPORAL_BEFORE,MEDIUM,active(DN_EC0072) ∧ active(DN_EC0094) ∧ (E_EC0072 ∧ E_EC0094),CLAIMED_DATE_ORDER: 1793-02 초순 < 1793-02-29,DN_EC0072: 주장 날짜 1793-02 초순(claim 참일 때만) / DN_EC0094: 주장 날짜 1793-02-29(claim 참일 때만),CONDITIONAL_TEMPORAL,NO,주장 날짜쌍: 두 claim이 날짜까지 참인 world에서만(실제 시점 T는 world가 결정).
TE0240,DN_EC0072,DN_EC0095,TEMPORAL_BEFORE,MEDIUM,active(DN_EC0072) ∧ active(DN_EC0095) ∧ (E_EC0072 ∧ E_EC0095),CLAIMED_DATE_ORDER: 1793-02 초순 < 1793-02-29,DN_EC0072: 주장 날짜 1793-02 초순(claim 참일 때만) / DN_EC0095: 주장 날짜 1793-02-29(claim 참일 때만),CONDITIONAL_TEMPORAL,NO,주장 날짜쌍: 두 claim이 날짜까지 참인 world에서만(실제 시점 T는 world가 결정).
TE0241,DN_EC0072,DN_EC0096,TEMPORAL_BEFORE,MEDIUM,active(DN_EC0072) ∧ active(DN_EC0096) ∧ (E_EC0072 ∧ E_EC0096),CLAIMED_DATE_ORDER: 1793-02 초순 < 1793-03-04,DN_EC0072: 주장 날짜 1793-02 초순(claim 참일 때만) / DN_EC0096: 주장 날짜 1793-03-04(claim 참일 때만),CONDITIONAL_TEMPORAL,NO,주장 날짜쌍: 두 claim이 날짜까지 참인 world에서만(실제 시점 T는 world가 결정).
TE0242,DN_EC0072,DN_EC0097,TEMPORAL_BEFORE,MEDIUM,active(DN_EC0072) ∧ active(DN_EC0097) ∧ (E_EC0072 ∧ E_EC0097),CLAIMED_DATE_ORDER: 1793-02 초순 < 1793-03-04,DN_EC0072: 주장 날짜 1793-02 초순(claim 참일 때만) / DN_EC0097: 주장 날짜 1793-03-04(claim 참일 때만),CONDITIONAL_TEMPORAL,NO,주장 날짜쌍: 두 claim이 날짜까지 참인 world에서만(실제 시점 T는 world가 결정).
TE0243,DN_EC0072,DN_EC0098,TEMPORAL_BEFORE,MEDIUM,active(DN_EC0072) ∧ active(DN_EC0098) ∧ (E_EC0072 ∧ E_EC0098),CLAIMED_DATE_ORDER: 1793-02 초순 < 1793-03-04,DN_EC0072: 주장 날짜 1793-02 초순(claim 참일 때만) / DN_EC0098: 주장 날짜 1793-03-04(claim 참일 때만),CONDITIONAL_TEMPORAL,NO,주장 날짜쌍: 두 claim이 날짜까지 참인 world에서만(실제 시점 T는 world가 결정).
TE0244,DN_EC0072,DN_EC0099,TEMPORAL_BEFORE,MEDIUM,active(DN_EC0072) ∧ active(DN_EC0099) ∧ (E_EC0072 ∧ E_EC0099),CLAIMED_DATE_ORDER: 1793-02 초순 < 1793-03-04,DN_EC0072: 주장 날짜 1793-02 초순(claim 참일 때만) / DN_EC0099: 주장 날짜 1793-03-04(claim 참일 때만),CONDITIONAL_TEMPORAL,NO,주장 날짜쌍: 두 claim이 날짜까지 참인 world에서만(실제 시점 T는 world가 결정).
TE0245,DN_EC0072,DN_EC0100,TEMPORAL_BEFORE,MEDIUM,active(DN_EC0072) ∧ active(DN_EC0100) ∧ (E_EC0072 ∧ E_EC0100),CLAIMED_DATE_ORDER: 1793-02 초순 < 1793-03-04,DN_EC0072: 주장 날짜 1793-02 초순(claim 참일 때만) / DN_EC0100: 주장 날짜 1793-03-04(claim 참일 때만),CONDITIONAL_TEMPORAL,NO,주장 날짜쌍: 두 claim이 날짜까지 참인 world에서만(실제 시점 T는 world가 결정).
TE0246,DN_EC0072,DN_EC0101,TEMPORAL_BEFORE,MEDIUM,active(DN_EC0072) ∧ active(DN_EC0101) ∧ (E_EC0072 ∧ E_EC0101),CLAIMED_DATE_ORDER: 1793-02 초순 < 1793-03-04,DN_EC0072: 주장 날짜 1793-02 초순(claim 참일 때만) / DN_EC0101: 주장 날짜 1793-03-04(claim 참일 때만),CONDITIONAL_TEMPORAL,NO,주장 날짜쌍: 두 claim이 날짜까지 참인 world에서만(실제 시점 T는 world가 결정).
TE0247,DN_EC0072,DN_EC0102,TEMPORAL_BEFORE,MEDIUM,active(DN_EC0072) ∧ active(DN_EC0102) ∧ (E_EC0072 ∧ E_EC0102),CLAIMED_DATE_ORDER: 1793-02 초순 < 1793-03-04,DN_EC0072: 주장 날짜 1793-02 초순(claim 참일 때만) / DN_EC0102: 주장 날짜 1793-03-04(claim 참일 때만),CONDITIONAL_TEMPORAL,NO,주장 날짜쌍: 두 claim이 날짜까지 참인 world에서만(실제 시점 T는 world가 결정).
TE0248,DN_EC0072,DN_EC0020,TEMPORAL_BEFORE,MEDIUM,active(DN_EC0072) ∧ active(DN_EC0020) ∧ E_EC0072,CLAIMED_VS_COURT_DATE_ORDER: 1793-02 초순 < 1793-05-12,DN_EC0072: 주장 날짜 1793-02 초순(claim 참일 때만) / DN_EC0020: 조정 기사일 1793-05-12(행위 자체 기록일),CONDITIONAL_TEMPORAL,NO,주장 날짜 vs 조정 행위 기사일: 앞 claim이 날짜까지 참일 때만.
TE0249,DN_EC0072,DN_EC0021,TEMPORAL_BEFORE,MEDIUM,active(DN_EC0072) ∧ active(DN_EC0021) ∧ E_EC0072,CLAIMED_VS_COURT_DATE_ORDER: 1793-02 초순 < 1793-05-12,DN_EC0072: 주장 날짜 1793-02 초순(claim 참일 때만) / DN_EC0021: 조정 기사일 1793-05-12(행위 자체 기록일),CONDITIONAL_TEMPORAL,NO,주장 날짜 vs 조정 행위 기사일: 앞 claim이 날짜까지 참일 때만.
TE0250,DN_EC0072,DN_EC0023,TEMPORAL_BEFORE,MEDIUM,active(DN_EC0072) ∧ active(DN_EC0023) ∧ E_EC0072,CLAIMED_VS_COURT_DATE_ORDER: 1793-02 초순 < 1793-05-12,DN_EC0072: 주장 날짜 1793-02 초순(claim 참일 때만) / DN_EC0023: 조정 기사일 1793-05-12(행위 자체 기록일),CONDITIONAL_TEMPORAL,NO,주장 날짜 vs 조정 행위 기사일: 앞 claim이 날짜까지 참일 때만.
TE0251,DN_EC0072,DN_EC0044,TEMPORAL_BEFORE,MEDIUM,active(DN_EC0072) ∧ active(DN_EC0044) ∧ E_EC0072,CLAIMED_VS_COURT_DATE_ORDER: 1793-02 초순 < 1793-05-27,DN_EC0072: 주장 날짜 1793-02 초순(claim 참일 때만) / DN_EC0044: 조정 기사일 1793-05-27(행위 자체 기록일),CONDITIONAL_TEMPORAL,NO,주장 날짜 vs 조정 행위 기사일: 앞 claim이 날짜까지 참일 때만.
TE0252,DN_EC0072,DN_EC0045,TEMPORAL_BEFORE,MEDIUM,active(DN_EC0072) ∧ active(DN_EC0045) ∧ E_EC0072,CLAIMED_VS_COURT_DATE_ORDER: 1793-02 초순 < 1793-05-27,DN_EC0072: 주장 날짜 1793-02 초순(claim 참일 때만) / DN_EC0045: 조정 기사일 1793-05-27(행위 자체 기록일),CONDITIONAL_TEMPORAL,NO,주장 날짜 vs 조정 행위 기사일: 앞 claim이 날짜까지 참일 때만.
TE0253,DN_EC0072,DN_EC0048,TEMPORAL_BEFORE,MEDIUM,active(DN_EC0072) ∧ active(DN_EC0048) ∧ E_EC0072,CLAIMED_VS_COURT_DATE_ORDER: 1793-02 초순 < 1793-05-28,DN_EC0072: 주장 날짜 1793-02 초순(claim 참일 때만) / DN_EC0048: 조정 기사일 1793-05-28(행위 자체 기록일),CONDITIONAL_TEMPORAL,NO,주장 날짜 vs 조정 행위 기사일: 앞 claim이 날짜까지 참일 때만.
TE0254,DN_EC0072,DN_EC0049,TEMPORAL_BEFORE,MEDIUM,active(DN_EC0072) ∧ active(DN_EC0049) ∧ E_EC0072,CLAIMED_VS_COURT_DATE_ORDER: 1793-02 초순 < 1793-05-28,DN_EC0072: 주장 날짜 1793-02 초순(claim 참일 때만) / DN_EC0049: 조정 기사일 1793-05-28(행위 자체 기록일),CONDITIONAL_TEMPORAL,NO,주장 날짜 vs 조정 행위 기사일: 앞 claim이 날짜까지 참일 때만.
TE0255,DN_EC0072,DN_EC0061,TEMPORAL_BEFORE,MEDIUM,active(DN_EC0072) ∧ active(DN_EC0061) ∧ E_EC0072,CLAIMED_VS_COURT_DATE_ORDER: 1793-02 초순 < 1793-06-11,DN_EC0072: 주장 날짜 1793-02 초순(claim 참일 때만) / DN_EC0061: 조정 기사일 1793-06-11(행위 자체 기록일),CONDITIONAL_TEMPORAL,NO,주장 날짜 vs 조정 행위 기사일: 앞 claim이 날짜까지 참일 때만.
TE0256,DN_EC0072,DN_EC0062,TEMPORAL_BEFORE,MEDIUM,active(DN_EC0072) ∧ active(DN_EC0062) ∧ E_EC0072,CLAIMED_VS_COURT_DATE_ORDER: 1793-02 초순 < 1793-06-11,DN_EC0072: 주장 날짜 1793-02 초순(claim 참일 때만) / DN_EC0062: 조정 기사일 1793-06-11(행위 자체 기록일),CONDITIONAL_TEMPORAL,NO,주장 날짜 vs 조정 행위 기사일: 앞 claim이 날짜까지 참일 때만.
TE0257,DN_EC0072,DN_EC0150,TEMPORAL_BEFORE,MEDIUM,active(DN_EC0072) ∧ active(DN_EC0150) ∧ E_EC0072,CLAIMED_VS_COURT_DATE_ORDER: 1793-02 초순 < 1793-06-13,DN_EC0072: 주장 날짜 1793-02 초순(claim 참일 때만) / DN_EC0150: 조정 기사일 1793-06-13(행위 자체 기록일),CONDITIONAL_TEMPORAL,NO,주장 날짜 vs 조정 행위 기사일: 앞 claim이 날짜까지 참일 때만.
TE0258,DN_EC0072,DN_EC0151,TEMPORAL_BEFORE,MEDIUM,active(DN_EC0072) ∧ active(DN_EC0151) ∧ E_EC0072,CLAIMED_VS_COURT_DATE_ORDER: 1793-02 초순 < 1793-06-13,DN_EC0072: 주장 날짜 1793-02 초순(claim 참일 때만) / DN_EC0151: 조정 기사일 1793-06-13(행위 자체 기록일),CONDITIONAL_TEMPORAL,NO,주장 날짜 vs 조정 행위 기사일: 앞 claim이 날짜까지 참일 때만.
TE0259,DN_EC0072,DN_EC0152,TEMPORAL_BEFORE,MEDIUM,active(DN_EC0072) ∧ active(DN_EC0152) ∧ E_EC0072,CLAIMED_VS_COURT_DATE_ORDER: 1793-02 초순 < 1793-06-13,DN_EC0072: 주장 날짜 1793-02 초순(claim 참일 때만) / DN_EC0152: 조정 기사일 1793-06-13(행위 자체 기록일),CONDITIONAL_TEMPORAL,NO,주장 날짜 vs 조정 행위 기사일: 앞 claim이 날짜까지 참일 때만.
TE0260,DN_EC0072,DN_EC0153,TEMPORAL_BEFORE,MEDIUM,active(DN_EC0072) ∧ active(DN_EC0153) ∧ E_EC0072,CLAIMED_VS_COURT_DATE_ORDER: 1793-02 초순 < 1793-06-13,DN_EC0072: 주장 날짜 1793-02 초순(claim 참일 때만) / DN_EC0153: 조정 기사일 1793-06-13(행위 자체 기록일),CONDITIONAL_TEMPORAL,NO,주장 날짜 vs 조정 행위 기사일: 앞 claim이 날짜까지 참일 때만.
TE0261,DN_EC0072,DN_EC0154,TEMPORAL_BEFORE,MEDIUM,active(DN_EC0072) ∧ active(DN_EC0154) ∧ E_EC0072,CLAIMED_VS_COURT_DATE_ORDER: 1793-02 초순 < 1793-06-13,DN_EC0072: 주장 날짜 1793-02 초순(claim 참일 때만) / DN_EC0154: 조정 기사일 1793-06-13(행위 자체 기록일),CONDITIONAL_TEMPORAL,NO,주장 날짜 vs 조정 행위 기사일: 앞 claim이 날짜까지 참일 때만.
TE0262,DN_EC0072,DN_EC0155,TEMPORAL_BEFORE,MEDIUM,active(DN_EC0072) ∧ active(DN_EC0155) ∧ E_EC0072,CLAIMED_VS_COURT_DATE_ORDER: 1793-02 초순 < 1793-06-16,DN_EC0072: 주장 날짜 1793-02 초순(claim 참일 때만) / DN_EC0155: 조정 기사일 1793-06-16(행위 자체 기록일),CONDITIONAL_TEMPORAL,NO,주장 날짜 vs 조정 행위 기사일: 앞 claim이 날짜까지 참일 때만.
TE0263,DN_EC0072,DN_J_HONG_17930528_JISE,TEMPORAL_BEFORE,MEDIUM,active(DN_EC0072) ∧ active(DN_J_HONG_17930528_JISE) ∧ E_EC0072,CLAIMED_VS_COURT_DATE_ORDER: 1793-02 초순 < 1793-05-28,DN_EC0072: 주장 날짜 1793-02 초순(claim 참일 때만) / DN_J_HONG_17930528_JISE: 조정 기사일 1793-05-28(행위 자체 기록일),CONDITIONAL_TEMPORAL,NO,주장 날짜 vs 조정 행위 기사일: 앞 claim이 날짜까지 참일 때만.
TE0264,DN_EC0072,DN_J_HONG_17930613_JISE,TEMPORAL_BEFORE,MEDIUM,active(DN_EC0072) ∧ active(DN_J_HONG_17930613_JISE) ∧ E_EC0072,CLAIMED_VS_COURT_DATE_ORDER: 1793-02 초순 < 1793-06-13,DN_EC0072: 주장 날짜 1793-02 초순(claim 참일 때만) / DN_J_HONG_17930613_JISE: 조정 기사일 1793-06-13(행위 자체 기록일),CONDITIONAL_TEMPORAL,NO,주장 날짜 vs 조정 행위 기사일: 앞 claim이 날짜까지 참일 때만.
TE0265,DN_EC0072,DN_J_HONG_17930613_KIM_DEATH,TEMPORAL_BEFORE,MEDIUM,active(DN_EC0072) ∧ active(DN_J_HONG_17930613_KIM_DEATH) ∧ E_EC0072,CLAIMED_VS_COURT_DATE_ORDER: 1793-02 초순 < 1793-06-13,DN_EC0072: 주장 날짜 1793-02 초순(claim 참일 때만) / DN_J_HONG_17930613_KIM_DEATH: 조정 기사일 1793-06-13(행위 자체 기록일),CONDITIONAL_TEMPORAL,NO,주장 날짜 vs 조정 행위 기사일: 앞 claim이 날짜까지 참일 때만.
TE0266,DN_EC0072,DN_J_HONG_17930613_THEFT,TEMPORAL_BEFORE,MEDIUM,active(DN_EC0072) ∧ active(DN_J_HONG_17930613_THEFT) ∧ E_EC0072,CLAIMED_VS_COURT_DATE_ORDER: 1793-02 초순 < 1793-06-13,DN_EC0072: 주장 날짜 1793-02 초순(claim 참일 때만) / DN_J_HONG_17930613_THEFT: 조정 기사일 1793-06-13(행위 자체 기록일),CONDITIONAL_TEMPORAL,NO,주장 날짜 vs 조정 행위 기사일: 앞 claim이 날짜까지 참일 때만.
TE0267,DN_EC0072,DN_J_IJOWON_17930527_JISE,TEMPORAL_BEFORE,MEDIUM,active(DN_EC0072) ∧ active(DN_J_IJOWON_17930527_JISE) ∧ E_EC0072,CLAIMED_VS_COURT_DATE_ORDER: 1793-02 초순 < 1793-05-27,DN_EC0072: 주장 날짜 1793-02 초순(claim 참일 때만) / DN_J_IJOWON_17930527_JISE: 조정 기사일 1793-05-27(행위 자체 기록일),CONDITIONAL_TEMPORAL,NO,주장 날짜 vs 조정 행위 기사일: 앞 claim이 날짜까지 참일 때만.
TE0268,DN_EC0072,DN_J_IJOWON_17930527_KIM_DEATH,TEMPORAL_BEFORE,MEDIUM,active(DN_EC0072) ∧ active(DN_J_IJOWON_17930527_KIM_DEATH) ∧ E_EC0072,CLAIMED_VS_COURT_DATE_ORDER: 1793-02 초순 < 1793-05-27,DN_EC0072: 주장 날짜 1793-02 초순(claim 참일 때만) / DN_J_IJOWON_17930527_KIM_DEATH: 조정 기사일 1793-05-27(행위 자체 기록일),CONDITIONAL_TEMPORAL,NO,주장 날짜 vs 조정 행위 기사일: 앞 claim이 날짜까지 참일 때만.
TE0269,DN_EC0072,DN_J_IJOWON_17930527_THEFT,TEMPORAL_BEFORE,MEDIUM,active(DN_EC0072) ∧ active(DN_J_IJOWON_17930527_THEFT) ∧ E_EC0072,CLAIMED_VS_COURT_DATE_ORDER: 1793-02 초순 < 1793-05-27,DN_EC0072: 주장 날짜 1793-02 초순(claim 참일 때만) / DN_J_IJOWON_17930527_THEFT: 조정 기사일 1793-05-27(행위 자체 기록일),CONDITIONAL_TEMPORAL,NO,주장 날짜 vs 조정 행위 기사일: 앞 claim이 날짜까지 참일 때만.
TE0270,DN_EC0072,DN_J_JEONGJO_17930512_THEFT,TEMPORAL_BEFORE,MEDIUM,active(DN_EC0072) ∧ active(DN_J_JEONGJO_17930512_THEFT) ∧ E_EC0072,CLAIMED_VS_COURT_DATE_ORDER: 1793-02 초순 < 1793-05-12,DN_EC0072: 주장 날짜 1793-02 초순(claim 참일 때만) / DN_J_JEONGJO_17930512_THEFT: 조정 기사일 1793-05-12(행위 자체 기록일),CONDITIONAL_TEMPORAL,NO,주장 날짜 vs 조정 행위 기사일: 앞 claim이 날짜까지 참일 때만.
TE0271,DN_EC0072,DN_J_JEONGJO_17930613_JISE,TEMPORAL_BEFORE,MEDIUM,active(DN_EC0072) ∧ active(DN_J_JEONGJO_17930613_JISE) ∧ E_EC0072,CLAIMED_VS_COURT_DATE_ORDER: 1793-02 초순 < 1793-06-13,DN_EC0072: 주장 날짜 1793-02 초순(claim 참일 때만) / DN_J_JEONGJO_17930613_JISE: 조정 기사일 1793-06-13(행위 자체 기록일),CONDITIONAL_TEMPORAL,NO,주장 날짜 vs 조정 행위 기사일: 앞 claim이 날짜까지 참일 때만.
TE0272,DN_EC0072,DN_J_JEONGJO_17930613_KIM_DEATH,TEMPORAL_BEFORE,MEDIUM,active(DN_EC0072) ∧ active(DN_J_JEONGJO_17930613_KIM_DEATH) ∧ E_EC0072,CLAIMED_VS_COURT_DATE_ORDER: 1793-02 초순 < 1793-06-13,DN_EC0072: 주장 날짜 1793-02 초순(claim 참일 때만) / DN_J_JEONGJO_17930613_KIM_DEATH: 조정 기사일 1793-06-13(행위 자체 기록일),CONDITIONAL_TEMPORAL,NO,주장 날짜 vs 조정 행위 기사일: 앞 claim이 날짜까지 참일 때만.
TE0273,DN_EC0072,DN_J_JEONGJO_17930613_THEFT,TEMPORAL_BEFORE,MEDIUM,active(DN_EC0072) ∧ active(DN_J_JEONGJO_17930613_THEFT) ∧ E_EC0072,CLAIMED_VS_COURT_DATE_ORDER: 1793-02 초순 < 1793-06-13,DN_EC0072: 주장 날짜 1793-02 초순(claim 참일 때만) / DN_J_JEONGJO_17930613_THEFT: 조정 기사일 1793-06-13(행위 자체 기록일),CONDITIONAL_TEMPORAL,NO,주장 날짜 vs 조정 행위 기사일: 앞 claim이 날짜까지 참일 때만.
TE0274,DN_EC0081,DN_EC0089,TEMPORAL_BEFORE,MEDIUM,active(DN_EC0081) ∧ active(DN_EC0089) ∧ (E_EC0081 ∧ E_EC0089),CLAIMED_DATE_ORDER: 1793-02-28 밤 < 1793-02-29,DN_EC0081: 주장 날짜 1793-02-28 밤(claim 참일 때만) / DN_EC0089: 주장 날짜 1793-02-29(claim 참일 때만),CONDITIONAL_TEMPORAL,NO,주장 날짜쌍: 두 claim이 날짜까지 참인 world에서만(실제 시점 T는 world가 결정).
TE0275,DN_EC0081,DN_EC0093,TEMPORAL_BEFORE,MEDIUM,active(DN_EC0081) ∧ active(DN_EC0093) ∧ (E_EC0081 ∧ E_EC0093),CLAIMED_DATE_ORDER: 1793-02-28 밤 < 1793-02-29,DN_EC0081: 주장 날짜 1793-02-28 밤(claim 참일 때만) / DN_EC0093: 주장 날짜 1793-02-29(claim 참일 때만),CONDITIONAL_TEMPORAL,NO,주장 날짜쌍: 두 claim이 날짜까지 참인 world에서만(실제 시점 T는 world가 결정).
TE0276,DN_EC0081,DN_EC0094,TEMPORAL_BEFORE,MEDIUM,active(DN_EC0081) ∧ active(DN_EC0094) ∧ (E_EC0081 ∧ E_EC0094),CLAIMED_DATE_ORDER: 1793-02-28 밤 < 1793-02-29,DN_EC0081: 주장 날짜 1793-02-28 밤(claim 참일 때만) / DN_EC0094: 주장 날짜 1793-02-29(claim 참일 때만),CONDITIONAL_TEMPORAL,NO,주장 날짜쌍: 두 claim이 날짜까지 참인 world에서만(실제 시점 T는 world가 결정).
TE0277,DN_EC0081,DN_EC0095,TEMPORAL_BEFORE,MEDIUM,active(DN_EC0081) ∧ active(DN_EC0095) ∧ (E_EC0081 ∧ E_EC0095),CLAIMED_DATE_ORDER: 1793-02-28 밤 < 1793-02-29,DN_EC0081: 주장 날짜 1793-02-28 밤(claim 참일 때만) / DN_EC0095: 주장 날짜 1793-02-29(claim 참일 때만),CONDITIONAL_TEMPORAL,NO,주장 날짜쌍: 두 claim이 날짜까지 참인 world에서만(실제 시점 T는 world가 결정).
TE0278,DN_EC0081,DN_EC0096,TEMPORAL_BEFORE,MEDIUM,active(DN_EC0081) ∧ active(DN_EC0096) ∧ (E_EC0081 ∧ E_EC0096),CLAIMED_DATE_ORDER: 1793-02-28 밤 < 1793-03-04,DN_EC0081: 주장 날짜 1793-02-28 밤(claim 참일 때만) / DN_EC0096: 주장 날짜 1793-03-04(claim 참일 때만),CONDITIONAL_TEMPORAL,NO,주장 날짜쌍: 두 claim이 날짜까지 참인 world에서만(실제 시점 T는 world가 결정).
TE0279,DN_EC0081,DN_EC0097,TEMPORAL_BEFORE,MEDIUM,active(DN_EC0081) ∧ active(DN_EC0097) ∧ (E_EC0081 ∧ E_EC0097),CLAIMED_DATE_ORDER: 1793-02-28 밤 < 1793-03-04,DN_EC0081: 주장 날짜 1793-02-28 밤(claim 참일 때만) / DN_EC0097: 주장 날짜 1793-03-04(claim 참일 때만),CONDITIONAL_TEMPORAL,NO,주장 날짜쌍: 두 claim이 날짜까지 참인 world에서만(실제 시점 T는 world가 결정).
TE0280,DN_EC0081,DN_EC0098,TEMPORAL_BEFORE,MEDIUM,active(DN_EC0081) ∧ active(DN_EC0098) ∧ (E_EC0081 ∧ E_EC0098),CLAIMED_DATE_ORDER: 1793-02-28 밤 < 1793-03-04,DN_EC0081: 주장 날짜 1793-02-28 밤(claim 참일 때만) / DN_EC0098: 주장 날짜 1793-03-04(claim 참일 때만),CONDITIONAL_TEMPORAL,NO,주장 날짜쌍: 두 claim이 날짜까지 참인 world에서만(실제 시점 T는 world가 결정).
TE0281,DN_EC0081,DN_EC0099,TEMPORAL_BEFORE,MEDIUM,active(DN_EC0081) ∧ active(DN_EC0099) ∧ (E_EC0081 ∧ E_EC0099),CLAIMED_DATE_ORDER: 1793-02-28 밤 < 1793-03-04,DN_EC0081: 주장 날짜 1793-02-28 밤(claim 참일 때만) / DN_EC0099: 주장 날짜 1793-03-04(claim 참일 때만),CONDITIONAL_TEMPORAL,NO,주장 날짜쌍: 두 claim이 날짜까지 참인 world에서만(실제 시점 T는 world가 결정).
TE0282,DN_EC0081,DN_EC0100,TEMPORAL_BEFORE,MEDIUM,active(DN_EC0081) ∧ active(DN_EC0100) ∧ (E_EC0081 ∧ E_EC0100),CLAIMED_DATE_ORDER: 1793-02-28 밤 < 1793-03-04,DN_EC0081: 주장 날짜 1793-02-28 밤(claim 참일 때만) / DN_EC0100: 주장 날짜 1793-03-04(claim 참일 때만),CONDITIONAL_TEMPORAL,NO,주장 날짜쌍: 두 claim이 날짜까지 참인 world에서만(실제 시점 T는 world가 결정).
TE0283,DN_EC0081,DN_EC0101,TEMPORAL_BEFORE,MEDIUM,active(DN_EC0081) ∧ active(DN_EC0101) ∧ (E_EC0081 ∧ E_EC0101),CLAIMED_DATE_ORDER: 1793-02-28 밤 < 1793-03-04,DN_EC0081: 주장 날짜 1793-02-28 밤(claim 참일 때만) / DN_EC0101: 주장 날짜 1793-03-04(claim 참일 때만),CONDITIONAL_TEMPORAL,NO,주장 날짜쌍: 두 claim이 날짜까지 참인 world에서만(실제 시점 T는 world가 결정).
TE0284,DN_EC0081,DN_EC0102,TEMPORAL_BEFORE,MEDIUM,active(DN_EC0081) ∧ active(DN_EC0102) ∧ (E_EC0081 ∧ E_EC0102),CLAIMED_DATE_ORDER: 1793-02-28 밤 < 1793-03-04,DN_EC0081: 주장 날짜 1793-02-28 밤(claim 참일 때만) / DN_EC0102: 주장 날짜 1793-03-04(claim 참일 때만),CONDITIONAL_TEMPORAL,NO,주장 날짜쌍: 두 claim이 날짜까지 참인 world에서만(실제 시점 T는 world가 결정).
TE0285,DN_EC0081,DN_EC0020,TEMPORAL_BEFORE,MEDIUM,active(DN_EC0081) ∧ active(DN_EC0020) ∧ E_EC0081,CLAIMED_VS_COURT_DATE_ORDER: 1793-02-28 밤 < 1793-05-12,DN_EC0081: 주장 날짜 1793-02-28 밤(claim 참일 때만) / DN_EC0020: 조정 기사일 1793-05-12(행위 자체 기록일),CONDITIONAL_TEMPORAL,NO,주장 날짜 vs 조정 행위 기사일: 앞 claim이 날짜까지 참일 때만.
TE0286,DN_EC0081,DN_EC0021,TEMPORAL_BEFORE,MEDIUM,active(DN_EC0081) ∧ active(DN_EC0021) ∧ E_EC0081,CLAIMED_VS_COURT_DATE_ORDER: 1793-02-28 밤 < 1793-05-12,DN_EC0081: 주장 날짜 1793-02-28 밤(claim 참일 때만) / DN_EC0021: 조정 기사일 1793-05-12(행위 자체 기록일),CONDITIONAL_TEMPORAL,NO,주장 날짜 vs 조정 행위 기사일: 앞 claim이 날짜까지 참일 때만.
TE0287,DN_EC0081,DN_EC0023,TEMPORAL_BEFORE,MEDIUM,active(DN_EC0081) ∧ active(DN_EC0023) ∧ E_EC0081,CLAIMED_VS_COURT_DATE_ORDER: 1793-02-28 밤 < 1793-05-12,DN_EC0081: 주장 날짜 1793-02-28 밤(claim 참일 때만) / DN_EC0023: 조정 기사일 1793-05-12(행위 자체 기록일),CONDITIONAL_TEMPORAL,NO,주장 날짜 vs 조정 행위 기사일: 앞 claim이 날짜까지 참일 때만.
TE0288,DN_EC0081,DN_EC0044,TEMPORAL_BEFORE,MEDIUM,active(DN_EC0081) ∧ active(DN_EC0044) ∧ E_EC0081,CLAIMED_VS_COURT_DATE_ORDER: 1793-02-28 밤 < 1793-05-27,DN_EC0081: 주장 날짜 1793-02-28 밤(claim 참일 때만) / DN_EC0044: 조정 기사일 1793-05-27(행위 자체 기록일),CONDITIONAL_TEMPORAL,NO,주장 날짜 vs 조정 행위 기사일: 앞 claim이 날짜까지 참일 때만.
TE0289,DN_EC0081,DN_EC0045,TEMPORAL_BEFORE,MEDIUM,active(DN_EC0081) ∧ active(DN_EC0045) ∧ E_EC0081,CLAIMED_VS_COURT_DATE_ORDER: 1793-02-28 밤 < 1793-05-27,DN_EC0081: 주장 날짜 1793-02-28 밤(claim 참일 때만) / DN_EC0045: 조정 기사일 1793-05-27(행위 자체 기록일),CONDITIONAL_TEMPORAL,NO,주장 날짜 vs 조정 행위 기사일: 앞 claim이 날짜까지 참일 때만.
TE0290,DN_EC0081,DN_EC0048,TEMPORAL_BEFORE,MEDIUM,active(DN_EC0081) ∧ active(DN_EC0048) ∧ E_EC0081,CLAIMED_VS_COURT_DATE_ORDER: 1793-02-28 밤 < 1793-05-28,DN_EC0081: 주장 날짜 1793-02-28 밤(claim 참일 때만) / DN_EC0048: 조정 기사일 1793-05-28(행위 자체 기록일),CONDITIONAL_TEMPORAL,NO,주장 날짜 vs 조정 행위 기사일: 앞 claim이 날짜까지 참일 때만.
TE0291,DN_EC0081,DN_EC0049,TEMPORAL_BEFORE,MEDIUM,active(DN_EC0081) ∧ active(DN_EC0049) ∧ E_EC0081,CLAIMED_VS_COURT_DATE_ORDER: 1793-02-28 밤 < 1793-05-28,DN_EC0081: 주장 날짜 1793-02-28 밤(claim 참일 때만) / DN_EC0049: 조정 기사일 1793-05-28(행위 자체 기록일),CONDITIONAL_TEMPORAL,NO,주장 날짜 vs 조정 행위 기사일: 앞 claim이 날짜까지 참일 때만.
TE0292,DN_EC0081,DN_EC0061,TEMPORAL_BEFORE,MEDIUM,active(DN_EC0081) ∧ active(DN_EC0061) ∧ E_EC0081,CLAIMED_VS_COURT_DATE_ORDER: 1793-02-28 밤 < 1793-06-11,DN_EC0081: 주장 날짜 1793-02-28 밤(claim 참일 때만) / DN_EC0061: 조정 기사일 1793-06-11(행위 자체 기록일),CONDITIONAL_TEMPORAL,NO,주장 날짜 vs 조정 행위 기사일: 앞 claim이 날짜까지 참일 때만.
TE0293,DN_EC0081,DN_EC0062,TEMPORAL_BEFORE,MEDIUM,active(DN_EC0081) ∧ active(DN_EC0062) ∧ E_EC0081,CLAIMED_VS_COURT_DATE_ORDER: 1793-02-28 밤 < 1793-06-11,DN_EC0081: 주장 날짜 1793-02-28 밤(claim 참일 때만) / DN_EC0062: 조정 기사일 1793-06-11(행위 자체 기록일),CONDITIONAL_TEMPORAL,NO,주장 날짜 vs 조정 행위 기사일: 앞 claim이 날짜까지 참일 때만.
TE0294,DN_EC0081,DN_EC0150,TEMPORAL_BEFORE,MEDIUM,active(DN_EC0081) ∧ active(DN_EC0150) ∧ E_EC0081,CLAIMED_VS_COURT_DATE_ORDER: 1793-02-28 밤 < 1793-06-13,DN_EC0081: 주장 날짜 1793-02-28 밤(claim 참일 때만) / DN_EC0150: 조정 기사일 1793-06-13(행위 자체 기록일),CONDITIONAL_TEMPORAL,NO,주장 날짜 vs 조정 행위 기사일: 앞 claim이 날짜까지 참일 때만.
TE0295,DN_EC0081,DN_EC0151,TEMPORAL_BEFORE,MEDIUM,active(DN_EC0081) ∧ active(DN_EC0151) ∧ E_EC0081,CLAIMED_VS_COURT_DATE_ORDER: 1793-02-28 밤 < 1793-06-13,DN_EC0081: 주장 날짜 1793-02-28 밤(claim 참일 때만) / DN_EC0151: 조정 기사일 1793-06-13(행위 자체 기록일),CONDITIONAL_TEMPORAL,NO,주장 날짜 vs 조정 행위 기사일: 앞 claim이 날짜까지 참일 때만.
TE0296,DN_EC0081,DN_EC0152,TEMPORAL_BEFORE,MEDIUM,active(DN_EC0081) ∧ active(DN_EC0152) ∧ E_EC0081,CLAIMED_VS_COURT_DATE_ORDER: 1793-02-28 밤 < 1793-06-13,DN_EC0081: 주장 날짜 1793-02-28 밤(claim 참일 때만) / DN_EC0152: 조정 기사일 1793-06-13(행위 자체 기록일),CONDITIONAL_TEMPORAL,NO,주장 날짜 vs 조정 행위 기사일: 앞 claim이 날짜까지 참일 때만.
TE0297,DN_EC0081,DN_EC0153,TEMPORAL_BEFORE,MEDIUM,active(DN_EC0081) ∧ active(DN_EC0153) ∧ E_EC0081,CLAIMED_VS_COURT_DATE_ORDER: 1793-02-28 밤 < 1793-06-13,DN_EC0081: 주장 날짜 1793-02-28 밤(claim 참일 때만) / DN_EC0153: 조정 기사일 1793-06-13(행위 자체 기록일),CONDITIONAL_TEMPORAL,NO,주장 날짜 vs 조정 행위 기사일: 앞 claim이 날짜까지 참일 때만.
TE0298,DN_EC0081,DN_EC0154,TEMPORAL_BEFORE,MEDIUM,active(DN_EC0081) ∧ active(DN_EC0154) ∧ E_EC0081,CLAIMED_VS_COURT_DATE_ORDER: 1793-02-28 밤 < 1793-06-13,DN_EC0081: 주장 날짜 1793-02-28 밤(claim 참일 때만) / DN_EC0154: 조정 기사일 1793-06-13(행위 자체 기록일),CONDITIONAL_TEMPORAL,NO,주장 날짜 vs 조정 행위 기사일: 앞 claim이 날짜까지 참일 때만.
TE0299,DN_EC0081,DN_EC0155,TEMPORAL_BEFORE,MEDIUM,active(DN_EC0081) ∧ active(DN_EC0155) ∧ E_EC0081,CLAIMED_VS_COURT_DATE_ORDER: 1793-02-28 밤 < 1793-06-16,DN_EC0081: 주장 날짜 1793-02-28 밤(claim 참일 때만) / DN_EC0155: 조정 기사일 1793-06-16(행위 자체 기록일),CONDITIONAL_TEMPORAL,NO,주장 날짜 vs 조정 행위 기사일: 앞 claim이 날짜까지 참일 때만.
TE0300,DN_EC0081,DN_J_HONG_17930528_JISE,TEMPORAL_BEFORE,MEDIUM,active(DN_EC0081) ∧ active(DN_J_HONG_17930528_JISE) ∧ E_EC0081,CLAIMED_VS_COURT_DATE_ORDER: 1793-02-28 밤 < 1793-05-28,DN_EC0081: 주장 날짜 1793-02-28 밤(claim 참일 때만) / DN_J_HONG_17930528_JISE: 조정 기사일 1793-05-28(행위 자체 기록일),CONDITIONAL_TEMPORAL,NO,주장 날짜 vs 조정 행위 기사일: 앞 claim이 날짜까지 참일 때만.
TE0301,DN_EC0081,DN_J_HONG_17930613_JISE,TEMPORAL_BEFORE,MEDIUM,active(DN_EC0081) ∧ active(DN_J_HONG_17930613_JISE) ∧ E_EC0081,CLAIMED_VS_COURT_DATE_ORDER: 1793-02-28 밤 < 1793-06-13,DN_EC0081: 주장 날짜 1793-02-28 밤(claim 참일 때만) / DN_J_HONG_17930613_JISE: 조정 기사일 1793-06-13(행위 자체 기록일),CONDITIONAL_TEMPORAL,NO,주장 날짜 vs 조정 행위 기사일: 앞 claim이 날짜까지 참일 때만.
TE0302,DN_EC0081,DN_J_HONG_17930613_KIM_DEATH,TEMPORAL_BEFORE,MEDIUM,active(DN_EC0081) ∧ active(DN_J_HONG_17930613_KIM_DEATH) ∧ E_EC0081,CLAIMED_VS_COURT_DATE_ORDER: 1793-02-28 밤 < 1793-06-13,DN_EC0081: 주장 날짜 1793-02-28 밤(claim 참일 때만) / DN_J_HONG_17930613_KIM_DEATH: 조정 기사일 1793-06-13(행위 자체 기록일),CONDITIONAL_TEMPORAL,NO,주장 날짜 vs 조정 행위 기사일: 앞 claim이 날짜까지 참일 때만.
TE0303,DN_EC0081,DN_J_HONG_17930613_THEFT,TEMPORAL_BEFORE,MEDIUM,active(DN_EC0081) ∧ active(DN_J_HONG_17930613_THEFT) ∧ E_EC0081,CLAIMED_VS_COURT_DATE_ORDER: 1793-02-28 밤 < 1793-06-13,DN_EC0081: 주장 날짜 1793-02-28 밤(claim 참일 때만) / DN_J_HONG_17930613_THEFT: 조정 기사일 1793-06-13(행위 자체 기록일),CONDITIONAL_TEMPORAL,NO,주장 날짜 vs 조정 행위 기사일: 앞 claim이 날짜까지 참일 때만.
TE0304,DN_EC0081,DN_J_IJOWON_17930527_JISE,TEMPORAL_BEFORE,MEDIUM,active(DN_EC0081) ∧ active(DN_J_IJOWON_17930527_JISE) ∧ E_EC0081,CLAIMED_VS_COURT_DATE_ORDER: 1793-02-28 밤 < 1793-05-27,DN_EC0081: 주장 날짜 1793-02-28 밤(claim 참일 때만) / DN_J_IJOWON_17930527_JISE: 조정 기사일 1793-05-27(행위 자체 기록일),CONDITIONAL_TEMPORAL,NO,주장 날짜 vs 조정 행위 기사일: 앞 claim이 날짜까지 참일 때만.
TE0305,DN_EC0081,DN_J_IJOWON_17930527_KIM_DEATH,TEMPORAL_BEFORE,MEDIUM,active(DN_EC0081) ∧ active(DN_J_IJOWON_17930527_KIM_DEATH) ∧ E_EC0081,CLAIMED_VS_COURT_DATE_ORDER: 1793-02-28 밤 < 1793-05-27,DN_EC0081: 주장 날짜 1793-02-28 밤(claim 참일 때만) / DN_J_IJOWON_17930527_KIM_DEATH: 조정 기사일 1793-05-27(행위 자체 기록일),CONDITIONAL_TEMPORAL,NO,주장 날짜 vs 조정 행위 기사일: 앞 claim이 날짜까지 참일 때만.
TE0306,DN_EC0081,DN_J_IJOWON_17930527_THEFT,TEMPORAL_BEFORE,MEDIUM,active(DN_EC0081) ∧ active(DN_J_IJOWON_17930527_THEFT) ∧ E_EC0081,CLAIMED_VS_COURT_DATE_ORDER: 1793-02-28 밤 < 1793-05-27,DN_EC0081: 주장 날짜 1793-02-28 밤(claim 참일 때만) / DN_J_IJOWON_17930527_THEFT: 조정 기사일 1793-05-27(행위 자체 기록일),CONDITIONAL_TEMPORAL,NO,주장 날짜 vs 조정 행위 기사일: 앞 claim이 날짜까지 참일 때만.
TE0307,DN_EC0081,DN_J_JEONGJO_17930512_THEFT,TEMPORAL_BEFORE,MEDIUM,active(DN_EC0081) ∧ active(DN_J_JEONGJO_17930512_THEFT) ∧ E_EC0081,CLAIMED_VS_COURT_DATE_ORDER: 1793-02-28 밤 < 1793-05-12,DN_EC0081: 주장 날짜 1793-02-28 밤(claim 참일 때만) / DN_J_JEONGJO_17930512_THEFT: 조정 기사일 1793-05-12(행위 자체 기록일),CONDITIONAL_TEMPORAL,NO,주장 날짜 vs 조정 행위 기사일: 앞 claim이 날짜까지 참일 때만.
TE0308,DN_EC0081,DN_J_JEONGJO_17930613_JISE,TEMPORAL_BEFORE,MEDIUM,active(DN_EC0081) ∧ active(DN_J_JEONGJO_17930613_JISE) ∧ E_EC0081,CLAIMED_VS_COURT_DATE_ORDER: 1793-02-28 밤 < 1793-06-13,DN_EC0081: 주장 날짜 1793-02-28 밤(claim 참일 때만) / DN_J_JEONGJO_17930613_JISE: 조정 기사일 1793-06-13(행위 자체 기록일),CONDITIONAL_TEMPORAL,NO,주장 날짜 vs 조정 행위 기사일: 앞 claim이 날짜까지 참일 때만.
TE0309,DN_EC0081,DN_J_JEONGJO_17930613_KIM_DEATH,TEMPORAL_BEFORE,MEDIUM,active(DN_EC0081) ∧ active(DN_J_JEONGJO_17930613_KIM_DEATH) ∧ E_EC0081,CLAIMED_VS_COURT_DATE_ORDER: 1793-02-28 밤 < 1793-06-13,DN_EC0081: 주장 날짜 1793-02-28 밤(claim 참일 때만) / DN_J_JEONGJO_17930613_KIM_DEATH: 조정 기사일 1793-06-13(행위 자체 기록일),CONDITIONAL_TEMPORAL,NO,주장 날짜 vs 조정 행위 기사일: 앞 claim이 날짜까지 참일 때만.
TE0310,DN_EC0081,DN_J_JEONGJO_17930613_THEFT,TEMPORAL_BEFORE,MEDIUM,active(DN_EC0081) ∧ active(DN_J_JEONGJO_17930613_THEFT) ∧ E_EC0081,CLAIMED_VS_COURT_DATE_ORDER: 1793-02-28 밤 < 1793-06-13,DN_EC0081: 주장 날짜 1793-02-28 밤(claim 참일 때만) / DN_J_JEONGJO_17930613_THEFT: 조정 기사일 1793-06-13(행위 자체 기록일),CONDITIONAL_TEMPORAL,NO,주장 날짜 vs 조정 행위 기사일: 앞 claim이 날짜까지 참일 때만.
TE0311,DN_EC0082,DN_EC0089,TEMPORAL_BEFORE,MEDIUM,active(DN_EC0082) ∧ active(DN_EC0089) ∧ (E_EC0082 ∧ E_EC0089),CLAIMED_DATE_ORDER: 1793-02-28 밤 < 1793-02-29,DN_EC0082: 주장 날짜 1793-02-28 밤(claim 참일 때만) / DN_EC0089: 주장 날짜 1793-02-29(claim 참일 때만),CONDITIONAL_TEMPORAL,NO,주장 날짜쌍: 두 claim이 날짜까지 참인 world에서만(실제 시점 T는 world가 결정).
TE0312,DN_EC0082,DN_EC0093,TEMPORAL_BEFORE,MEDIUM,active(DN_EC0082) ∧ active(DN_EC0093) ∧ (E_EC0082 ∧ E_EC0093),CLAIMED_DATE_ORDER: 1793-02-28 밤 < 1793-02-29,DN_EC0082: 주장 날짜 1793-02-28 밤(claim 참일 때만) / DN_EC0093: 주장 날짜 1793-02-29(claim 참일 때만),CONDITIONAL_TEMPORAL,NO,주장 날짜쌍: 두 claim이 날짜까지 참인 world에서만(실제 시점 T는 world가 결정).
TE0313,DN_EC0082,DN_EC0094,TEMPORAL_BEFORE,MEDIUM,active(DN_EC0082) ∧ active(DN_EC0094) ∧ (E_EC0082 ∧ E_EC0094),CLAIMED_DATE_ORDER: 1793-02-28 밤 < 1793-02-29,DN_EC0082: 주장 날짜 1793-02-28 밤(claim 참일 때만) / DN_EC0094: 주장 날짜 1793-02-29(claim 참일 때만),CONDITIONAL_TEMPORAL,NO,주장 날짜쌍: 두 claim이 날짜까지 참인 world에서만(실제 시점 T는 world가 결정).
TE0314,DN_EC0082,DN_EC0095,TEMPORAL_BEFORE,MEDIUM,active(DN_EC0082) ∧ active(DN_EC0095) ∧ (E_EC0082 ∧ E_EC0095),CLAIMED_DATE_ORDER: 1793-02-28 밤 < 1793-02-29,DN_EC0082: 주장 날짜 1793-02-28 밤(claim 참일 때만) / DN_EC0095: 주장 날짜 1793-02-29(claim 참일 때만),CONDITIONAL_TEMPORAL,NO,주장 날짜쌍: 두 claim이 날짜까지 참인 world에서만(실제 시점 T는 world가 결정).
TE0315,DN_EC0082,DN_EC0096,TEMPORAL_BEFORE,MEDIUM,active(DN_EC0082) ∧ active(DN_EC0096) ∧ (E_EC0082 ∧ E_EC0096),CLAIMED_DATE_ORDER: 1793-02-28 밤 < 1793-03-04,DN_EC0082: 주장 날짜 1793-02-28 밤(claim 참일 때만) / DN_EC0096: 주장 날짜 1793-03-04(claim 참일 때만),CONDITIONAL_TEMPORAL,NO,주장 날짜쌍: 두 claim이 날짜까지 참인 world에서만(실제 시점 T는 world가 결정).
TE0316,DN_EC0082,DN_EC0097,TEMPORAL_BEFORE,MEDIUM,active(DN_EC0082) ∧ active(DN_EC0097) ∧ (E_EC0082 ∧ E_EC0097),CLAIMED_DATE_ORDER: 1793-02-28 밤 < 1793-03-04,DN_EC0082: 주장 날짜 1793-02-28 밤(claim 참일 때만) / DN_EC0097: 주장 날짜 1793-03-04(claim 참일 때만),CONDITIONAL_TEMPORAL,NO,주장 날짜쌍: 두 claim이 날짜까지 참인 world에서만(실제 시점 T는 world가 결정).
TE0317,DN_EC0082,DN_EC0098,TEMPORAL_BEFORE,MEDIUM,active(DN_EC0082) ∧ active(DN_EC0098) ∧ (E_EC0082 ∧ E_EC0098),CLAIMED_DATE_ORDER: 1793-02-28 밤 < 1793-03-04,DN_EC0082: 주장 날짜 1793-02-28 밤(claim 참일 때만) / DN_EC0098: 주장 날짜 1793-03-04(claim 참일 때만),CONDITIONAL_TEMPORAL,NO,주장 날짜쌍: 두 claim이 날짜까지 참인 world에서만(실제 시점 T는 world가 결정).
TE0318,DN_EC0082,DN_EC0099,TEMPORAL_BEFORE,MEDIUM,active(DN_EC0082) ∧ active(DN_EC0099) ∧ (E_EC0082 ∧ E_EC0099),CLAIMED_DATE_ORDER: 1793-02-28 밤 < 1793-03-04,DN_EC0082: 주장 날짜 1793-02-28 밤(claim 참일 때만) / DN_EC0099: 주장 날짜 1793-03-04(claim 참일 때만),CONDITIONAL_TEMPORAL,NO,주장 날짜쌍: 두 claim이 날짜까지 참인 world에서만(실제 시점 T는 world가 결정).
TE0319,DN_EC0082,DN_EC0100,TEMPORAL_BEFORE,MEDIUM,active(DN_EC0082) ∧ active(DN_EC0100) ∧ (E_EC0082 ∧ E_EC0100),CLAIMED_DATE_ORDER: 1793-02-28 밤 < 1793-03-04,DN_EC0082: 주장 날짜 1793-02-28 밤(claim 참일 때만) / DN_EC0100: 주장 날짜 1793-03-04(claim 참일 때만),CONDITIONAL_TEMPORAL,NO,주장 날짜쌍: 두 claim이 날짜까지 참인 world에서만(실제 시점 T는 world가 결정).
TE0320,DN_EC0082,DN_EC0101,TEMPORAL_BEFORE,MEDIUM,active(DN_EC0082) ∧ active(DN_EC0101) ∧ (E_EC0082 ∧ E_EC0101),CLAIMED_DATE_ORDER: 1793-02-28 밤 < 1793-03-04,DN_EC0082: 주장 날짜 1793-02-28 밤(claim 참일 때만) / DN_EC0101: 주장 날짜 1793-03-04(claim 참일 때만),CONDITIONAL_TEMPORAL,NO,주장 날짜쌍: 두 claim이 날짜까지 참인 world에서만(실제 시점 T는 world가 결정).
TE0321,DN_EC0082,DN_EC0102,TEMPORAL_BEFORE,MEDIUM,active(DN_EC0082) ∧ active(DN_EC0102) ∧ (E_EC0082 ∧ E_EC0102),CLAIMED_DATE_ORDER: 1793-02-28 밤 < 1793-03-04,DN_EC0082: 주장 날짜 1793-02-28 밤(claim 참일 때만) / DN_EC0102: 주장 날짜 1793-03-04(claim 참일 때만),CONDITIONAL_TEMPORAL,NO,주장 날짜쌍: 두 claim이 날짜까지 참인 world에서만(실제 시점 T는 world가 결정).
TE0322,DN_EC0082,DN_EC0020,TEMPORAL_BEFORE,MEDIUM,active(DN_EC0082) ∧ active(DN_EC0020) ∧ E_EC0082,CLAIMED_VS_COURT_DATE_ORDER: 1793-02-28 밤 < 1793-05-12,DN_EC0082: 주장 날짜 1793-02-28 밤(claim 참일 때만) / DN_EC0020: 조정 기사일 1793-05-12(행위 자체 기록일),CONDITIONAL_TEMPORAL,NO,주장 날짜 vs 조정 행위 기사일: 앞 claim이 날짜까지 참일 때만.
TE0323,DN_EC0082,DN_EC0021,TEMPORAL_BEFORE,MEDIUM,active(DN_EC0082) ∧ active(DN_EC0021) ∧ E_EC0082,CLAIMED_VS_COURT_DATE_ORDER: 1793-02-28 밤 < 1793-05-12,DN_EC0082: 주장 날짜 1793-02-28 밤(claim 참일 때만) / DN_EC0021: 조정 기사일 1793-05-12(행위 자체 기록일),CONDITIONAL_TEMPORAL,NO,주장 날짜 vs 조정 행위 기사일: 앞 claim이 날짜까지 참일 때만.
TE0324,DN_EC0082,DN_EC0023,TEMPORAL_BEFORE,MEDIUM,active(DN_EC0082) ∧ active(DN_EC0023) ∧ E_EC0082,CLAIMED_VS_COURT_DATE_ORDER: 1793-02-28 밤 < 1793-05-12,DN_EC0082: 주장 날짜 1793-02-28 밤(claim 참일 때만) / DN_EC0023: 조정 기사일 1793-05-12(행위 자체 기록일),CONDITIONAL_TEMPORAL,NO,주장 날짜 vs 조정 행위 기사일: 앞 claim이 날짜까지 참일 때만.
TE0325,DN_EC0082,DN_EC0044,TEMPORAL_BEFORE,MEDIUM,active(DN_EC0082) ∧ active(DN_EC0044) ∧ E_EC0082,CLAIMED_VS_COURT_DATE_ORDER: 1793-02-28 밤 < 1793-05-27,DN_EC0082: 주장 날짜 1793-02-28 밤(claim 참일 때만) / DN_EC0044: 조정 기사일 1793-05-27(행위 자체 기록일),CONDITIONAL_TEMPORAL,NO,주장 날짜 vs 조정 행위 기사일: 앞 claim이 날짜까지 참일 때만.
TE0326,DN_EC0082,DN_EC0045,TEMPORAL_BEFORE,MEDIUM,active(DN_EC0082) ∧ active(DN_EC0045) ∧ E_EC0082,CLAIMED_VS_COURT_DATE_ORDER: 1793-02-28 밤 < 1793-05-27,DN_EC0082: 주장 날짜 1793-02-28 밤(claim 참일 때만) / DN_EC0045: 조정 기사일 1793-05-27(행위 자체 기록일),CONDITIONAL_TEMPORAL,NO,주장 날짜 vs 조정 행위 기사일: 앞 claim이 날짜까지 참일 때만.
TE0327,DN_EC0082,DN_EC0048,TEMPORAL_BEFORE,MEDIUM,active(DN_EC0082) ∧ active(DN_EC0048) ∧ E_EC0082,CLAIMED_VS_COURT_DATE_ORDER: 1793-02-28 밤 < 1793-05-28,DN_EC0082: 주장 날짜 1793-02-28 밤(claim 참일 때만) / DN_EC0048: 조정 기사일 1793-05-28(행위 자체 기록일),CONDITIONAL_TEMPORAL,NO,주장 날짜 vs 조정 행위 기사일: 앞 claim이 날짜까지 참일 때만.
TE0328,DN_EC0082,DN_EC0049,TEMPORAL_BEFORE,MEDIUM,active(DN_EC0082) ∧ active(DN_EC0049) ∧ E_EC0082,CLAIMED_VS_COURT_DATE_ORDER: 1793-02-28 밤 < 1793-05-28,DN_EC0082: 주장 날짜 1793-02-28 밤(claim 참일 때만) / DN_EC0049: 조정 기사일 1793-05-28(행위 자체 기록일),CONDITIONAL_TEMPORAL,NO,주장 날짜 vs 조정 행위 기사일: 앞 claim이 날짜까지 참일 때만.
TE0329,DN_EC0082,DN_EC0061,TEMPORAL_BEFORE,MEDIUM,active(DN_EC0082) ∧ active(DN_EC0061) ∧ E_EC0082,CLAIMED_VS_COURT_DATE_ORDER: 1793-02-28 밤 < 1793-06-11,DN_EC0082: 주장 날짜 1793-02-28 밤(claim 참일 때만) / DN_EC0061: 조정 기사일 1793-06-11(행위 자체 기록일),CONDITIONAL_TEMPORAL,NO,주장 날짜 vs 조정 행위 기사일: 앞 claim이 날짜까지 참일 때만.
TE0330,DN_EC0082,DN_EC0062,TEMPORAL_BEFORE,MEDIUM,active(DN_EC0082) ∧ active(DN_EC0062) ∧ E_EC0082,CLAIMED_VS_COURT_DATE_ORDER: 1793-02-28 밤 < 1793-06-11,DN_EC0082: 주장 날짜 1793-02-28 밤(claim 참일 때만) / DN_EC0062: 조정 기사일 1793-06-11(행위 자체 기록일),CONDITIONAL_TEMPORAL,NO,주장 날짜 vs 조정 행위 기사일: 앞 claim이 날짜까지 참일 때만.
TE0331,DN_EC0082,DN_EC0150,TEMPORAL_BEFORE,MEDIUM,active(DN_EC0082) ∧ active(DN_EC0150) ∧ E_EC0082,CLAIMED_VS_COURT_DATE_ORDER: 1793-02-28 밤 < 1793-06-13,DN_EC0082: 주장 날짜 1793-02-28 밤(claim 참일 때만) / DN_EC0150: 조정 기사일 1793-06-13(행위 자체 기록일),CONDITIONAL_TEMPORAL,NO,주장 날짜 vs 조정 행위 기사일: 앞 claim이 날짜까지 참일 때만.
TE0332,DN_EC0082,DN_EC0151,TEMPORAL_BEFORE,MEDIUM,active(DN_EC0082) ∧ active(DN_EC0151) ∧ E_EC0082,CLAIMED_VS_COURT_DATE_ORDER: 1793-02-28 밤 < 1793-06-13,DN_EC0082: 주장 날짜 1793-02-28 밤(claim 참일 때만) / DN_EC0151: 조정 기사일 1793-06-13(행위 자체 기록일),CONDITIONAL_TEMPORAL,NO,주장 날짜 vs 조정 행위 기사일: 앞 claim이 날짜까지 참일 때만.
TE0333,DN_EC0082,DN_EC0152,TEMPORAL_BEFORE,MEDIUM,active(DN_EC0082) ∧ active(DN_EC0152) ∧ E_EC0082,CLAIMED_VS_COURT_DATE_ORDER: 1793-02-28 밤 < 1793-06-13,DN_EC0082: 주장 날짜 1793-02-28 밤(claim 참일 때만) / DN_EC0152: 조정 기사일 1793-06-13(행위 자체 기록일),CONDITIONAL_TEMPORAL,NO,주장 날짜 vs 조정 행위 기사일: 앞 claim이 날짜까지 참일 때만.
TE0334,DN_EC0082,DN_EC0153,TEMPORAL_BEFORE,MEDIUM,active(DN_EC0082) ∧ active(DN_EC0153) ∧ E_EC0082,CLAIMED_VS_COURT_DATE_ORDER: 1793-02-28 밤 < 1793-06-13,DN_EC0082: 주장 날짜 1793-02-28 밤(claim 참일 때만) / DN_EC0153: 조정 기사일 1793-06-13(행위 자체 기록일),CONDITIONAL_TEMPORAL,NO,주장 날짜 vs 조정 행위 기사일: 앞 claim이 날짜까지 참일 때만.
TE0335,DN_EC0082,DN_EC0154,TEMPORAL_BEFORE,MEDIUM,active(DN_EC0082) ∧ active(DN_EC0154) ∧ E_EC0082,CLAIMED_VS_COURT_DATE_ORDER: 1793-02-28 밤 < 1793-06-13,DN_EC0082: 주장 날짜 1793-02-28 밤(claim 참일 때만) / DN_EC0154: 조정 기사일 1793-06-13(행위 자체 기록일),CONDITIONAL_TEMPORAL,NO,주장 날짜 vs 조정 행위 기사일: 앞 claim이 날짜까지 참일 때만.
TE0336,DN_EC0082,DN_EC0155,TEMPORAL_BEFORE,MEDIUM,active(DN_EC0082) ∧ active(DN_EC0155) ∧ E_EC0082,CLAIMED_VS_COURT_DATE_ORDER: 1793-02-28 밤 < 1793-06-16,DN_EC0082: 주장 날짜 1793-02-28 밤(claim 참일 때만) / DN_EC0155: 조정 기사일 1793-06-16(행위 자체 기록일),CONDITIONAL_TEMPORAL,NO,주장 날짜 vs 조정 행위 기사일: 앞 claim이 날짜까지 참일 때만.
TE0337,DN_EC0082,DN_J_HONG_17930528_JISE,TEMPORAL_BEFORE,MEDIUM,active(DN_EC0082) ∧ active(DN_J_HONG_17930528_JISE) ∧ E_EC0082,CLAIMED_VS_COURT_DATE_ORDER: 1793-02-28 밤 < 1793-05-28,DN_EC0082: 주장 날짜 1793-02-28 밤(claim 참일 때만) / DN_J_HONG_17930528_JISE: 조정 기사일 1793-05-28(행위 자체 기록일),CONDITIONAL_TEMPORAL,NO,주장 날짜 vs 조정 행위 기사일: 앞 claim이 날짜까지 참일 때만.
TE0338,DN_EC0082,DN_J_HONG_17930613_JISE,TEMPORAL_BEFORE,MEDIUM,active(DN_EC0082) ∧ active(DN_J_HONG_17930613_JISE) ∧ E_EC0082,CLAIMED_VS_COURT_DATE_ORDER: 1793-02-28 밤 < 1793-06-13,DN_EC0082: 주장 날짜 1793-02-28 밤(claim 참일 때만) / DN_J_HONG_17930613_JISE: 조정 기사일 1793-06-13(행위 자체 기록일),CONDITIONAL_TEMPORAL,NO,주장 날짜 vs 조정 행위 기사일: 앞 claim이 날짜까지 참일 때만.
TE0339,DN_EC0082,DN_J_HONG_17930613_KIM_DEATH,TEMPORAL_BEFORE,MEDIUM,active(DN_EC0082) ∧ active(DN_J_HONG_17930613_KIM_DEATH) ∧ E_EC0082,CLAIMED_VS_COURT_DATE_ORDER: 1793-02-28 밤 < 1793-06-13,DN_EC0082: 주장 날짜 1793-02-28 밤(claim 참일 때만) / DN_J_HONG_17930613_KIM_DEATH: 조정 기사일 1793-06-13(행위 자체 기록일),CONDITIONAL_TEMPORAL,NO,주장 날짜 vs 조정 행위 기사일: 앞 claim이 날짜까지 참일 때만.
TE0340,DN_EC0082,DN_J_HONG_17930613_THEFT,TEMPORAL_BEFORE,MEDIUM,active(DN_EC0082) ∧ active(DN_J_HONG_17930613_THEFT) ∧ E_EC0082,CLAIMED_VS_COURT_DATE_ORDER: 1793-02-28 밤 < 1793-06-13,DN_EC0082: 주장 날짜 1793-02-28 밤(claim 참일 때만) / DN_J_HONG_17930613_THEFT: 조정 기사일 1793-06-13(행위 자체 기록일),CONDITIONAL_TEMPORAL,NO,주장 날짜 vs 조정 행위 기사일: 앞 claim이 날짜까지 참일 때만.
TE0341,DN_EC0082,DN_J_IJOWON_17930527_JISE,TEMPORAL_BEFORE,MEDIUM,active(DN_EC0082) ∧ active(DN_J_IJOWON_17930527_JISE) ∧ E_EC0082,CLAIMED_VS_COURT_DATE_ORDER: 1793-02-28 밤 < 1793-05-27,DN_EC0082: 주장 날짜 1793-02-28 밤(claim 참일 때만) / DN_J_IJOWON_17930527_JISE: 조정 기사일 1793-05-27(행위 자체 기록일),CONDITIONAL_TEMPORAL,NO,주장 날짜 vs 조정 행위 기사일: 앞 claim이 날짜까지 참일 때만.
TE0342,DN_EC0082,DN_J_IJOWON_17930527_KIM_DEATH,TEMPORAL_BEFORE,MEDIUM,active(DN_EC0082) ∧ active(DN_J_IJOWON_17930527_KIM_DEATH) ∧ E_EC0082,CLAIMED_VS_COURT_DATE_ORDER: 1793-02-28 밤 < 1793-05-27,DN_EC0082: 주장 날짜 1793-02-28 밤(claim 참일 때만) / DN_J_IJOWON_17930527_KIM_DEATH: 조정 기사일 1793-05-27(행위 자체 기록일),CONDITIONAL_TEMPORAL,NO,주장 날짜 vs 조정 행위 기사일: 앞 claim이 날짜까지 참일 때만.
TE0343,DN_EC0082,DN_J_IJOWON_17930527_THEFT,TEMPORAL_BEFORE,MEDIUM,active(DN_EC0082) ∧ active(DN_J_IJOWON_17930527_THEFT) ∧ E_EC0082,CLAIMED_VS_COURT_DATE_ORDER: 1793-02-28 밤 < 1793-05-27,DN_EC0082: 주장 날짜 1793-02-28 밤(claim 참일 때만) / DN_J_IJOWON_17930527_THEFT: 조정 기사일 1793-05-27(행위 자체 기록일),CONDITIONAL_TEMPORAL,NO,주장 날짜 vs 조정 행위 기사일: 앞 claim이 날짜까지 참일 때만.
TE0344,DN_EC0082,DN_J_JEONGJO_17930512_THEFT,TEMPORAL_BEFORE,MEDIUM,active(DN_EC0082) ∧ active(DN_J_JEONGJO_17930512_THEFT) ∧ E_EC0082,CLAIMED_VS_COURT_DATE_ORDER: 1793-02-28 밤 < 1793-05-12,DN_EC0082: 주장 날짜 1793-02-28 밤(claim 참일 때만) / DN_J_JEONGJO_17930512_THEFT: 조정 기사일 1793-05-12(행위 자체 기록일),CONDITIONAL_TEMPORAL,NO,주장 날짜 vs 조정 행위 기사일: 앞 claim이 날짜까지 참일 때만.
TE0345,DN_EC0082,DN_J_JEONGJO_17930613_JISE,TEMPORAL_BEFORE,MEDIUM,active(DN_EC0082) ∧ active(DN_J_JEONGJO_17930613_JISE) ∧ E_EC0082,CLAIMED_VS_COURT_DATE_ORDER: 1793-02-28 밤 < 1793-06-13,DN_EC0082: 주장 날짜 1793-02-28 밤(claim 참일 때만) / DN_J_JEONGJO_17930613_JISE: 조정 기사일 1793-06-13(행위 자체 기록일),CONDITIONAL_TEMPORAL,NO,주장 날짜 vs 조정 행위 기사일: 앞 claim이 날짜까지 참일 때만.
TE0346,DN_EC0082,DN_J_JEONGJO_17930613_KIM_DEATH,TEMPORAL_BEFORE,MEDIUM,active(DN_EC0082) ∧ active(DN_J_JEONGJO_17930613_KIM_DEATH) ∧ E_EC0082,CLAIMED_VS_COURT_DATE_ORDER: 1793-02-28 밤 < 1793-06-13,DN_EC0082: 주장 날짜 1793-02-28 밤(claim 참일 때만) / DN_J_JEONGJO_17930613_KIM_DEATH: 조정 기사일 1793-06-13(행위 자체 기록일),CONDITIONAL_TEMPORAL,NO,주장 날짜 vs 조정 행위 기사일: 앞 claim이 날짜까지 참일 때만.
TE0347,DN_EC0082,DN_J_JEONGJO_17930613_THEFT,TEMPORAL_BEFORE,MEDIUM,active(DN_EC0082) ∧ active(DN_J_JEONGJO_17930613_THEFT) ∧ E_EC0082,CLAIMED_VS_COURT_DATE_ORDER: 1793-02-28 밤 < 1793-06-13,DN_EC0082: 주장 날짜 1793-02-28 밤(claim 참일 때만) / DN_J_JEONGJO_17930613_THEFT: 조정 기사일 1793-06-13(행위 자체 기록일),CONDITIONAL_TEMPORAL,NO,주장 날짜 vs 조정 행위 기사일: 앞 claim이 날짜까지 참일 때만.
TE0348,DN_EC0083,DN_EC0089,TEMPORAL_BEFORE,MEDIUM,active(DN_EC0083) ∧ active(DN_EC0089) ∧ (E_EC0083 ∧ E_EC0089),CLAIMED_DATE_ORDER: 1793-02-28 밤 < 1793-02-29,DN_EC0083: 주장 날짜 1793-02-28 밤(claim 참일 때만) / DN_EC0089: 주장 날짜 1793-02-29(claim 참일 때만),CONDITIONAL_TEMPORAL,NO,주장 날짜쌍: 두 claim이 날짜까지 참인 world에서만(실제 시점 T는 world가 결정).
TE0349,DN_EC0083,DN_EC0093,TEMPORAL_BEFORE,MEDIUM,active(DN_EC0083) ∧ active(DN_EC0093) ∧ (E_EC0083 ∧ E_EC0093),CLAIMED_DATE_ORDER: 1793-02-28 밤 < 1793-02-29,DN_EC0083: 주장 날짜 1793-02-28 밤(claim 참일 때만) / DN_EC0093: 주장 날짜 1793-02-29(claim 참일 때만),CONDITIONAL_TEMPORAL,NO,주장 날짜쌍: 두 claim이 날짜까지 참인 world에서만(실제 시점 T는 world가 결정).
TE0350,DN_EC0083,DN_EC0094,TEMPORAL_BEFORE,MEDIUM,active(DN_EC0083) ∧ active(DN_EC0094) ∧ (E_EC0083 ∧ E_EC0094),CLAIMED_DATE_ORDER: 1793-02-28 밤 < 1793-02-29,DN_EC0083: 주장 날짜 1793-02-28 밤(claim 참일 때만) / DN_EC0094: 주장 날짜 1793-02-29(claim 참일 때만),CONDITIONAL_TEMPORAL,NO,주장 날짜쌍: 두 claim이 날짜까지 참인 world에서만(실제 시점 T는 world가 결정).
TE0351,DN_EC0083,DN_EC0095,TEMPORAL_BEFORE,MEDIUM,active(DN_EC0083) ∧ active(DN_EC0095) ∧ (E_EC0083 ∧ E_EC0095),CLAIMED_DATE_ORDER: 1793-02-28 밤 < 1793-02-29,DN_EC0083: 주장 날짜 1793-02-28 밤(claim 참일 때만) / DN_EC0095: 주장 날짜 1793-02-29(claim 참일 때만),CONDITIONAL_TEMPORAL,NO,주장 날짜쌍: 두 claim이 날짜까지 참인 world에서만(실제 시점 T는 world가 결정).
TE0352,DN_EC0083,DN_EC0096,TEMPORAL_BEFORE,MEDIUM,active(DN_EC0083) ∧ active(DN_EC0096) ∧ (E_EC0083 ∧ E_EC0096),CLAIMED_DATE_ORDER: 1793-02-28 밤 < 1793-03-04,DN_EC0083: 주장 날짜 1793-02-28 밤(claim 참일 때만) / DN_EC0096: 주장 날짜 1793-03-04(claim 참일 때만),CONDITIONAL_TEMPORAL,NO,주장 날짜쌍: 두 claim이 날짜까지 참인 world에서만(실제 시점 T는 world가 결정).
TE0353,DN_EC0083,DN_EC0097,TEMPORAL_BEFORE,MEDIUM,active(DN_EC0083) ∧ active(DN_EC0097) ∧ (E_EC0083 ∧ E_EC0097),CLAIMED_DATE_ORDER: 1793-02-28 밤 < 1793-03-04,DN_EC0083: 주장 날짜 1793-02-28 밤(claim 참일 때만) / DN_EC0097: 주장 날짜 1793-03-04(claim 참일 때만),CONDITIONAL_TEMPORAL,NO,주장 날짜쌍: 두 claim이 날짜까지 참인 world에서만(실제 시점 T는 world가 결정).
TE0354,DN_EC0083,DN_EC0098,TEMPORAL_BEFORE,MEDIUM,active(DN_EC0083) ∧ active(DN_EC0098) ∧ (E_EC0083 ∧ E_EC0098),CLAIMED_DATE_ORDER: 1793-02-28 밤 < 1793-03-04,DN_EC0083: 주장 날짜 1793-02-28 밤(claim 참일 때만) / DN_EC0098: 주장 날짜 1793-03-04(claim 참일 때만),CONDITIONAL_TEMPORAL,NO,주장 날짜쌍: 두 claim이 날짜까지 참인 world에서만(실제 시점 T는 world가 결정).
TE0355,DN_EC0083,DN_EC0099,TEMPORAL_BEFORE,MEDIUM,active(DN_EC0083) ∧ active(DN_EC0099) ∧ (E_EC0083 ∧ E_EC0099),CLAIMED_DATE_ORDER: 1793-02-28 밤 < 1793-03-04,DN_EC0083: 주장 날짜 1793-02-28 밤(claim 참일 때만) / DN_EC0099: 주장 날짜 1793-03-04(claim 참일 때만),CONDITIONAL_TEMPORAL,NO,주장 날짜쌍: 두 claim이 날짜까지 참인 world에서만(실제 시점 T는 world가 결정).
TE0356,DN_EC0083,DN_EC0100,TEMPORAL_BEFORE,MEDIUM,active(DN_EC0083) ∧ active(DN_EC0100) ∧ (E_EC0083 ∧ E_EC0100),CLAIMED_DATE_ORDER: 1793-02-28 밤 < 1793-03-04,DN_EC0083: 주장 날짜 1793-02-28 밤(claim 참일 때만) / DN_EC0100: 주장 날짜 1793-03-04(claim 참일 때만),CONDITIONAL_TEMPORAL,NO,주장 날짜쌍: 두 claim이 날짜까지 참인 world에서만(실제 시점 T는 world가 결정).
TE0357,DN_EC0083,DN_EC0101,TEMPORAL_BEFORE,MEDIUM,active(DN_EC0083) ∧ active(DN_EC0101) ∧ (E_EC0083 ∧ E_EC0101),CLAIMED_DATE_ORDER: 1793-02-28 밤 < 1793-03-04,DN_EC0083: 주장 날짜 1793-02-28 밤(claim 참일 때만) / DN_EC0101: 주장 날짜 1793-03-04(claim 참일 때만),CONDITIONAL_TEMPORAL,NO,주장 날짜쌍: 두 claim이 날짜까지 참인 world에서만(실제 시점 T는 world가 결정).
TE0358,DN_EC0083,DN_EC0102,TEMPORAL_BEFORE,MEDIUM,active(DN_EC0083) ∧ active(DN_EC0102) ∧ (E_EC0083 ∧ E_EC0102),CLAIMED_DATE_ORDER: 1793-02-28 밤 < 1793-03-04,DN_EC0083: 주장 날짜 1793-02-28 밤(claim 참일 때만) / DN_EC0102: 주장 날짜 1793-03-04(claim 참일 때만),CONDITIONAL_TEMPORAL,NO,주장 날짜쌍: 두 claim이 날짜까지 참인 world에서만(실제 시점 T는 world가 결정).
TE0359,DN_EC0083,DN_EC0020,TEMPORAL_BEFORE,MEDIUM,active(DN_EC0083) ∧ active(DN_EC0020) ∧ E_EC0083,CLAIMED_VS_COURT_DATE_ORDER: 1793-02-28 밤 < 1793-05-12,DN_EC0083: 주장 날짜 1793-02-28 밤(claim 참일 때만) / DN_EC0020: 조정 기사일 1793-05-12(행위 자체 기록일),CONDITIONAL_TEMPORAL,NO,주장 날짜 vs 조정 행위 기사일: 앞 claim이 날짜까지 참일 때만.
TE0360,DN_EC0083,DN_EC0021,TEMPORAL_BEFORE,MEDIUM,active(DN_EC0083) ∧ active(DN_EC0021) ∧ E_EC0083,CLAIMED_VS_COURT_DATE_ORDER: 1793-02-28 밤 < 1793-05-12,DN_EC0083: 주장 날짜 1793-02-28 밤(claim 참일 때만) / DN_EC0021: 조정 기사일 1793-05-12(행위 자체 기록일),CONDITIONAL_TEMPORAL,NO,주장 날짜 vs 조정 행위 기사일: 앞 claim이 날짜까지 참일 때만.
TE0361,DN_EC0083,DN_EC0023,TEMPORAL_BEFORE,MEDIUM,active(DN_EC0083) ∧ active(DN_EC0023) ∧ E_EC0083,CLAIMED_VS_COURT_DATE_ORDER: 1793-02-28 밤 < 1793-05-12,DN_EC0083: 주장 날짜 1793-02-28 밤(claim 참일 때만) / DN_EC0023: 조정 기사일 1793-05-12(행위 자체 기록일),CONDITIONAL_TEMPORAL,NO,주장 날짜 vs 조정 행위 기사일: 앞 claim이 날짜까지 참일 때만.
TE0362,DN_EC0083,DN_EC0044,TEMPORAL_BEFORE,MEDIUM,active(DN_EC0083) ∧ active(DN_EC0044) ∧ E_EC0083,CLAIMED_VS_COURT_DATE_ORDER: 1793-02-28 밤 < 1793-05-27,DN_EC0083: 주장 날짜 1793-02-28 밤(claim 참일 때만) / DN_EC0044: 조정 기사일 1793-05-27(행위 자체 기록일),CONDITIONAL_TEMPORAL,NO,주장 날짜 vs 조정 행위 기사일: 앞 claim이 날짜까지 참일 때만.
TE0363,DN_EC0083,DN_EC0045,TEMPORAL_BEFORE,MEDIUM,active(DN_EC0083) ∧ active(DN_EC0045) ∧ E_EC0083,CLAIMED_VS_COURT_DATE_ORDER: 1793-02-28 밤 < 1793-05-27,DN_EC0083: 주장 날짜 1793-02-28 밤(claim 참일 때만) / DN_EC0045: 조정 기사일 1793-05-27(행위 자체 기록일),CONDITIONAL_TEMPORAL,NO,주장 날짜 vs 조정 행위 기사일: 앞 claim이 날짜까지 참일 때만.
TE0364,DN_EC0083,DN_EC0048,TEMPORAL_BEFORE,MEDIUM,active(DN_EC0083) ∧ active(DN_EC0048) ∧ E_EC0083,CLAIMED_VS_COURT_DATE_ORDER: 1793-02-28 밤 < 1793-05-28,DN_EC0083: 주장 날짜 1793-02-28 밤(claim 참일 때만) / DN_EC0048: 조정 기사일 1793-05-28(행위 자체 기록일),CONDITIONAL_TEMPORAL,NO,주장 날짜 vs 조정 행위 기사일: 앞 claim이 날짜까지 참일 때만.
TE0365,DN_EC0083,DN_EC0049,TEMPORAL_BEFORE,MEDIUM,active(DN_EC0083) ∧ active(DN_EC0049) ∧ E_EC0083,CLAIMED_VS_COURT_DATE_ORDER: 1793-02-28 밤 < 1793-05-28,DN_EC0083: 주장 날짜 1793-02-28 밤(claim 참일 때만) / DN_EC0049: 조정 기사일 1793-05-28(행위 자체 기록일),CONDITIONAL_TEMPORAL,NO,주장 날짜 vs 조정 행위 기사일: 앞 claim이 날짜까지 참일 때만.
TE0366,DN_EC0083,DN_EC0061,TEMPORAL_BEFORE,MEDIUM,active(DN_EC0083) ∧ active(DN_EC0061) ∧ E_EC0083,CLAIMED_VS_COURT_DATE_ORDER: 1793-02-28 밤 < 1793-06-11,DN_EC0083: 주장 날짜 1793-02-28 밤(claim 참일 때만) / DN_EC0061: 조정 기사일 1793-06-11(행위 자체 기록일),CONDITIONAL_TEMPORAL,NO,주장 날짜 vs 조정 행위 기사일: 앞 claim이 날짜까지 참일 때만.
TE0367,DN_EC0083,DN_EC0062,TEMPORAL_BEFORE,MEDIUM,active(DN_EC0083) ∧ active(DN_EC0062) ∧ E_EC0083,CLAIMED_VS_COURT_DATE_ORDER: 1793-02-28 밤 < 1793-06-11,DN_EC0083: 주장 날짜 1793-02-28 밤(claim 참일 때만) / DN_EC0062: 조정 기사일 1793-06-11(행위 자체 기록일),CONDITIONAL_TEMPORAL,NO,주장 날짜 vs 조정 행위 기사일: 앞 claim이 날짜까지 참일 때만.
TE0368,DN_EC0083,DN_EC0150,TEMPORAL_BEFORE,MEDIUM,active(DN_EC0083) ∧ active(DN_EC0150) ∧ E_EC0083,CLAIMED_VS_COURT_DATE_ORDER: 1793-02-28 밤 < 1793-06-13,DN_EC0083: 주장 날짜 1793-02-28 밤(claim 참일 때만) / DN_EC0150: 조정 기사일 1793-06-13(행위 자체 기록일),CONDITIONAL_TEMPORAL,NO,주장 날짜 vs 조정 행위 기사일: 앞 claim이 날짜까지 참일 때만.
TE0369,DN_EC0083,DN_EC0151,TEMPORAL_BEFORE,MEDIUM,active(DN_EC0083) ∧ active(DN_EC0151) ∧ E_EC0083,CLAIMED_VS_COURT_DATE_ORDER: 1793-02-28 밤 < 1793-06-13,DN_EC0083: 주장 날짜 1793-02-28 밤(claim 참일 때만) / DN_EC0151: 조정 기사일 1793-06-13(행위 자체 기록일),CONDITIONAL_TEMPORAL,NO,주장 날짜 vs 조정 행위 기사일: 앞 claim이 날짜까지 참일 때만.
TE0370,DN_EC0083,DN_EC0152,TEMPORAL_BEFORE,MEDIUM,active(DN_EC0083) ∧ active(DN_EC0152) ∧ E_EC0083,CLAIMED_VS_COURT_DATE_ORDER: 1793-02-28 밤 < 1793-06-13,DN_EC0083: 주장 날짜 1793-02-28 밤(claim 참일 때만) / DN_EC0152: 조정 기사일 1793-06-13(행위 자체 기록일),CONDITIONAL_TEMPORAL,NO,주장 날짜 vs 조정 행위 기사일: 앞 claim이 날짜까지 참일 때만.
TE0371,DN_EC0083,DN_EC0153,TEMPORAL_BEFORE,MEDIUM,active(DN_EC0083) ∧ active(DN_EC0153) ∧ E_EC0083,CLAIMED_VS_COURT_DATE_ORDER: 1793-02-28 밤 < 1793-06-13,DN_EC0083: 주장 날짜 1793-02-28 밤(claim 참일 때만) / DN_EC0153: 조정 기사일 1793-06-13(행위 자체 기록일),CONDITIONAL_TEMPORAL,NO,주장 날짜 vs 조정 행위 기사일: 앞 claim이 날짜까지 참일 때만.
TE0372,DN_EC0083,DN_EC0154,TEMPORAL_BEFORE,MEDIUM,active(DN_EC0083) ∧ active(DN_EC0154) ∧ E_EC0083,CLAIMED_VS_COURT_DATE_ORDER: 1793-02-28 밤 < 1793-06-13,DN_EC0083: 주장 날짜 1793-02-28 밤(claim 참일 때만) / DN_EC0154: 조정 기사일 1793-06-13(행위 자체 기록일),CONDITIONAL_TEMPORAL,NO,주장 날짜 vs 조정 행위 기사일: 앞 claim이 날짜까지 참일 때만.
TE0373,DN_EC0083,DN_EC0155,TEMPORAL_BEFORE,MEDIUM,active(DN_EC0083) ∧ active(DN_EC0155) ∧ E_EC0083,CLAIMED_VS_COURT_DATE_ORDER: 1793-02-28 밤 < 1793-06-16,DN_EC0083: 주장 날짜 1793-02-28 밤(claim 참일 때만) / DN_EC0155: 조정 기사일 1793-06-16(행위 자체 기록일),CONDITIONAL_TEMPORAL,NO,주장 날짜 vs 조정 행위 기사일: 앞 claim이 날짜까지 참일 때만.
TE0374,DN_EC0083,DN_J_HONG_17930528_JISE,TEMPORAL_BEFORE,MEDIUM,active(DN_EC0083) ∧ active(DN_J_HONG_17930528_JISE) ∧ E_EC0083,CLAIMED_VS_COURT_DATE_ORDER: 1793-02-28 밤 < 1793-05-28,DN_EC0083: 주장 날짜 1793-02-28 밤(claim 참일 때만) / DN_J_HONG_17930528_JISE: 조정 기사일 1793-05-28(행위 자체 기록일),CONDITIONAL_TEMPORAL,NO,주장 날짜 vs 조정 행위 기사일: 앞 claim이 날짜까지 참일 때만.
TE0375,DN_EC0083,DN_J_HONG_17930613_JISE,TEMPORAL_BEFORE,MEDIUM,active(DN_EC0083) ∧ active(DN_J_HONG_17930613_JISE) ∧ E_EC0083,CLAIMED_VS_COURT_DATE_ORDER: 1793-02-28 밤 < 1793-06-13,DN_EC0083: 주장 날짜 1793-02-28 밤(claim 참일 때만) / DN_J_HONG_17930613_JISE: 조정 기사일 1793-06-13(행위 자체 기록일),CONDITIONAL_TEMPORAL,NO,주장 날짜 vs 조정 행위 기사일: 앞 claim이 날짜까지 참일 때만.
TE0376,DN_EC0083,DN_J_HONG_17930613_KIM_DEATH,TEMPORAL_BEFORE,MEDIUM,active(DN_EC0083) ∧ active(DN_J_HONG_17930613_KIM_DEATH) ∧ E_EC0083,CLAIMED_VS_COURT_DATE_ORDER: 1793-02-28 밤 < 1793-06-13,DN_EC0083: 주장 날짜 1793-02-28 밤(claim 참일 때만) / DN_J_HONG_17930613_KIM_DEATH: 조정 기사일 1793-06-13(행위 자체 기록일),CONDITIONAL_TEMPORAL,NO,주장 날짜 vs 조정 행위 기사일: 앞 claim이 날짜까지 참일 때만.
TE0377,DN_EC0083,DN_J_HONG_17930613_THEFT,TEMPORAL_BEFORE,MEDIUM,active(DN_EC0083) ∧ active(DN_J_HONG_17930613_THEFT) ∧ E_EC0083,CLAIMED_VS_COURT_DATE_ORDER: 1793-02-28 밤 < 1793-06-13,DN_EC0083: 주장 날짜 1793-02-28 밤(claim 참일 때만) / DN_J_HONG_17930613_THEFT: 조정 기사일 1793-06-13(행위 자체 기록일),CONDITIONAL_TEMPORAL,NO,주장 날짜 vs 조정 행위 기사일: 앞 claim이 날짜까지 참일 때만.
TE0378,DN_EC0083,DN_J_IJOWON_17930527_JISE,TEMPORAL_BEFORE,MEDIUM,active(DN_EC0083) ∧ active(DN_J_IJOWON_17930527_JISE) ∧ E_EC0083,CLAIMED_VS_COURT_DATE_ORDER: 1793-02-28 밤 < 1793-05-27,DN_EC0083: 주장 날짜 1793-02-28 밤(claim 참일 때만) / DN_J_IJOWON_17930527_JISE: 조정 기사일 1793-05-27(행위 자체 기록일),CONDITIONAL_TEMPORAL,NO,주장 날짜 vs 조정 행위 기사일: 앞 claim이 날짜까지 참일 때만.
TE0379,DN_EC0083,DN_J_IJOWON_17930527_KIM_DEATH,TEMPORAL_BEFORE,MEDIUM,active(DN_EC0083) ∧ active(DN_J_IJOWON_17930527_KIM_DEATH) ∧ E_EC0083,CLAIMED_VS_COURT_DATE_ORDER: 1793-02-28 밤 < 1793-05-27,DN_EC0083: 주장 날짜 1793-02-28 밤(claim 참일 때만) / DN_J_IJOWON_17930527_KIM_DEATH: 조정 기사일 1793-05-27(행위 자체 기록일),CONDITIONAL_TEMPORAL,NO,주장 날짜 vs 조정 행위 기사일: 앞 claim이 날짜까지 참일 때만.
TE0380,DN_EC0083,DN_J_IJOWON_17930527_THEFT,TEMPORAL_BEFORE,MEDIUM,active(DN_EC0083) ∧ active(DN_J_IJOWON_17930527_THEFT) ∧ E_EC0083,CLAIMED_VS_COURT_DATE_ORDER: 1793-02-28 밤 < 1793-05-27,DN_EC0083: 주장 날짜 1793-02-28 밤(claim 참일 때만) / DN_J_IJOWON_17930527_THEFT: 조정 기사일 1793-05-27(행위 자체 기록일),CONDITIONAL_TEMPORAL,NO,주장 날짜 vs 조정 행위 기사일: 앞 claim이 날짜까지 참일 때만.
TE0381,DN_EC0083,DN_J_JEONGJO_17930512_THEFT,TEMPORAL_BEFORE,MEDIUM,active(DN_EC0083) ∧ active(DN_J_JEONGJO_17930512_THEFT) ∧ E_EC0083,CLAIMED_VS_COURT_DATE_ORDER: 1793-02-28 밤 < 1793-05-12,DN_EC0083: 주장 날짜 1793-02-28 밤(claim 참일 때만) / DN_J_JEONGJO_17930512_THEFT: 조정 기사일 1793-05-12(행위 자체 기록일),CONDITIONAL_TEMPORAL,NO,주장 날짜 vs 조정 행위 기사일: 앞 claim이 날짜까지 참일 때만.
TE0382,DN_EC0083,DN_J_JEONGJO_17930613_JISE,TEMPORAL_BEFORE,MEDIUM,active(DN_EC0083) ∧ active(DN_J_JEONGJO_17930613_JISE) ∧ E_EC0083,CLAIMED_VS_COURT_DATE_ORDER: 1793-02-28 밤 < 1793-06-13,DN_EC0083: 주장 날짜 1793-02-28 밤(claim 참일 때만) / DN_J_JEONGJO_17930613_JISE: 조정 기사일 1793-06-13(행위 자체 기록일),CONDITIONAL_TEMPORAL,NO,주장 날짜 vs 조정 행위 기사일: 앞 claim이 날짜까지 참일 때만.
TE0383,DN_EC0083,DN_J_JEONGJO_17930613_KIM_DEATH,TEMPORAL_BEFORE,MEDIUM,active(DN_EC0083) ∧ active(DN_J_JEONGJO_17930613_KIM_DEATH) ∧ E_EC0083,CLAIMED_VS_COURT_DATE_ORDER: 1793-02-28 밤 < 1793-06-13,DN_EC0083: 주장 날짜 1793-02-28 밤(claim 참일 때만) / DN_J_JEONGJO_17930613_KIM_DEATH: 조정 기사일 1793-06-13(행위 자체 기록일),CONDITIONAL_TEMPORAL,NO,주장 날짜 vs 조정 행위 기사일: 앞 claim이 날짜까지 참일 때만.
TE0384,DN_EC0083,DN_J_JEONGJO_17930613_THEFT,TEMPORAL_BEFORE,MEDIUM,active(DN_EC0083) ∧ active(DN_J_JEONGJO_17930613_THEFT) ∧ E_EC0083,CLAIMED_VS_COURT_DATE_ORDER: 1793-02-28 밤 < 1793-06-13,DN_EC0083: 주장 날짜 1793-02-28 밤(claim 참일 때만) / DN_J_JEONGJO_17930613_THEFT: 조정 기사일 1793-06-13(행위 자체 기록일),CONDITIONAL_TEMPORAL,NO,주장 날짜 vs 조정 행위 기사일: 앞 claim이 날짜까지 참일 때만.
TE0385,DN_EC0084,DN_EC0096,TEMPORAL_BEFORE,MEDIUM,active(DN_EC0084) ∧ active(DN_EC0096) ∧ (E_EC0084 ∧ E_EC0096),CLAIMED_DATE_ORDER: 1793-02-28 밤~29 새벽 < 1793-03-04,DN_EC0084: 주장 날짜 1793-02-28 밤~29 새벽(claim 참일 때만) / DN_EC0096: 주장 날짜 1793-03-04(claim 참일 때만),CONDITIONAL_TEMPORAL,NO,주장 날짜쌍: 두 claim이 날짜까지 참인 world에서만(실제 시점 T는 world가 결정).
TE0386,DN_EC0084,DN_EC0097,TEMPORAL_BEFORE,MEDIUM,active(DN_EC0084) ∧ active(DN_EC0097) ∧ (E_EC0084 ∧ E_EC0097),CLAIMED_DATE_ORDER: 1793-02-28 밤~29 새벽 < 1793-03-04,DN_EC0084: 주장 날짜 1793-02-28 밤~29 새벽(claim 참일 때만) / DN_EC0097: 주장 날짜 1793-03-04(claim 참일 때만),CONDITIONAL_TEMPORAL,NO,주장 날짜쌍: 두 claim이 날짜까지 참인 world에서만(실제 시점 T는 world가 결정).
TE0387,DN_EC0084,DN_EC0098,TEMPORAL_BEFORE,MEDIUM,active(DN_EC0084) ∧ active(DN_EC0098) ∧ (E_EC0084 ∧ E_EC0098),CLAIMED_DATE_ORDER: 1793-02-28 밤~29 새벽 < 1793-03-04,DN_EC0084: 주장 날짜 1793-02-28 밤~29 새벽(claim 참일 때만) / DN_EC0098: 주장 날짜 1793-03-04(claim 참일 때만),CONDITIONAL_TEMPORAL,NO,주장 날짜쌍: 두 claim이 날짜까지 참인 world에서만(실제 시점 T는 world가 결정).
TE0388,DN_EC0084,DN_EC0099,TEMPORAL_BEFORE,MEDIUM,active(DN_EC0084) ∧ active(DN_EC0099) ∧ (E_EC0084 ∧ E_EC0099),CLAIMED_DATE_ORDER: 1793-02-28 밤~29 새벽 < 1793-03-04,DN_EC0084: 주장 날짜 1793-02-28 밤~29 새벽(claim 참일 때만) / DN_EC0099: 주장 날짜 1793-03-04(claim 참일 때만),CONDITIONAL_TEMPORAL,NO,주장 날짜쌍: 두 claim이 날짜까지 참인 world에서만(실제 시점 T는 world가 결정).
TE0389,DN_EC0084,DN_EC0100,TEMPORAL_BEFORE,MEDIUM,active(DN_EC0084) ∧ active(DN_EC0100) ∧ (E_EC0084 ∧ E_EC0100),CLAIMED_DATE_ORDER: 1793-02-28 밤~29 새벽 < 1793-03-04,DN_EC0084: 주장 날짜 1793-02-28 밤~29 새벽(claim 참일 때만) / DN_EC0100: 주장 날짜 1793-03-04(claim 참일 때만),CONDITIONAL_TEMPORAL,NO,주장 날짜쌍: 두 claim이 날짜까지 참인 world에서만(실제 시점 T는 world가 결정).
TE0390,DN_EC0084,DN_EC0101,TEMPORAL_BEFORE,MEDIUM,active(DN_EC0084) ∧ active(DN_EC0101) ∧ (E_EC0084 ∧ E_EC0101),CLAIMED_DATE_ORDER: 1793-02-28 밤~29 새벽 < 1793-03-04,DN_EC0084: 주장 날짜 1793-02-28 밤~29 새벽(claim 참일 때만) / DN_EC0101: 주장 날짜 1793-03-04(claim 참일 때만),CONDITIONAL_TEMPORAL,NO,주장 날짜쌍: 두 claim이 날짜까지 참인 world에서만(실제 시점 T는 world가 결정).
TE0391,DN_EC0084,DN_EC0102,TEMPORAL_BEFORE,MEDIUM,active(DN_EC0084) ∧ active(DN_EC0102) ∧ (E_EC0084 ∧ E_EC0102),CLAIMED_DATE_ORDER: 1793-02-28 밤~29 새벽 < 1793-03-04,DN_EC0084: 주장 날짜 1793-02-28 밤~29 새벽(claim 참일 때만) / DN_EC0102: 주장 날짜 1793-03-04(claim 참일 때만),CONDITIONAL_TEMPORAL,NO,주장 날짜쌍: 두 claim이 날짜까지 참인 world에서만(실제 시점 T는 world가 결정).
TE0392,DN_EC0084,DN_EC0020,TEMPORAL_BEFORE,MEDIUM,active(DN_EC0084) ∧ active(DN_EC0020) ∧ E_EC0084,CLAIMED_VS_COURT_DATE_ORDER: 1793-02-28 밤~29 새벽 < 1793-05-12,DN_EC0084: 주장 날짜 1793-02-28 밤~29 새벽(claim 참일 때만) / DN_EC0020: 조정 기사일 1793-05-12(행위 자체 기록일),CONDITIONAL_TEMPORAL,NO,주장 날짜 vs 조정 행위 기사일: 앞 claim이 날짜까지 참일 때만.
TE0393,DN_EC0084,DN_EC0021,TEMPORAL_BEFORE,MEDIUM,active(DN_EC0084) ∧ active(DN_EC0021) ∧ E_EC0084,CLAIMED_VS_COURT_DATE_ORDER: 1793-02-28 밤~29 새벽 < 1793-05-12,DN_EC0084: 주장 날짜 1793-02-28 밤~29 새벽(claim 참일 때만) / DN_EC0021: 조정 기사일 1793-05-12(행위 자체 기록일),CONDITIONAL_TEMPORAL,NO,주장 날짜 vs 조정 행위 기사일: 앞 claim이 날짜까지 참일 때만.
TE0394,DN_EC0084,DN_EC0023,TEMPORAL_BEFORE,MEDIUM,active(DN_EC0084) ∧ active(DN_EC0023) ∧ E_EC0084,CLAIMED_VS_COURT_DATE_ORDER: 1793-02-28 밤~29 새벽 < 1793-05-12,DN_EC0084: 주장 날짜 1793-02-28 밤~29 새벽(claim 참일 때만) / DN_EC0023: 조정 기사일 1793-05-12(행위 자체 기록일),CONDITIONAL_TEMPORAL,NO,주장 날짜 vs 조정 행위 기사일: 앞 claim이 날짜까지 참일 때만.
TE0395,DN_EC0084,DN_EC0044,TEMPORAL_BEFORE,MEDIUM,active(DN_EC0084) ∧ active(DN_EC0044) ∧ E_EC0084,CLAIMED_VS_COURT_DATE_ORDER: 1793-02-28 밤~29 새벽 < 1793-05-27,DN_EC0084: 주장 날짜 1793-02-28 밤~29 새벽(claim 참일 때만) / DN_EC0044: 조정 기사일 1793-05-27(행위 자체 기록일),CONDITIONAL_TEMPORAL,NO,주장 날짜 vs 조정 행위 기사일: 앞 claim이 날짜까지 참일 때만.
TE0396,DN_EC0084,DN_EC0045,TEMPORAL_BEFORE,MEDIUM,active(DN_EC0084) ∧ active(DN_EC0045) ∧ E_EC0084,CLAIMED_VS_COURT_DATE_ORDER: 1793-02-28 밤~29 새벽 < 1793-05-27,DN_EC0084: 주장 날짜 1793-02-28 밤~29 새벽(claim 참일 때만) / DN_EC0045: 조정 기사일 1793-05-27(행위 자체 기록일),CONDITIONAL_TEMPORAL,NO,주장 날짜 vs 조정 행위 기사일: 앞 claim이 날짜까지 참일 때만.
TE0397,DN_EC0084,DN_EC0048,TEMPORAL_BEFORE,MEDIUM,active(DN_EC0084) ∧ active(DN_EC0048) ∧ E_EC0084,CLAIMED_VS_COURT_DATE_ORDER: 1793-02-28 밤~29 새벽 < 1793-05-28,DN_EC0084: 주장 날짜 1793-02-28 밤~29 새벽(claim 참일 때만) / DN_EC0048: 조정 기사일 1793-05-28(행위 자체 기록일),CONDITIONAL_TEMPORAL,NO,주장 날짜 vs 조정 행위 기사일: 앞 claim이 날짜까지 참일 때만.
TE0398,DN_EC0084,DN_EC0049,TEMPORAL_BEFORE,MEDIUM,active(DN_EC0084) ∧ active(DN_EC0049) ∧ E_EC0084,CLAIMED_VS_COURT_DATE_ORDER: 1793-02-28 밤~29 새벽 < 1793-05-28,DN_EC0084: 주장 날짜 1793-02-28 밤~29 새벽(claim 참일 때만) / DN_EC0049: 조정 기사일 1793-05-28(행위 자체 기록일),CONDITIONAL_TEMPORAL,NO,주장 날짜 vs 조정 행위 기사일: 앞 claim이 날짜까지 참일 때만.
TE0399,DN_EC0084,DN_EC0061,TEMPORAL_BEFORE,MEDIUM,active(DN_EC0084) ∧ active(DN_EC0061) ∧ E_EC0084,CLAIMED_VS_COURT_DATE_ORDER: 1793-02-28 밤~29 새벽 < 1793-06-11,DN_EC0084: 주장 날짜 1793-02-28 밤~29 새벽(claim 참일 때만) / DN_EC0061: 조정 기사일 1793-06-11(행위 자체 기록일),CONDITIONAL_TEMPORAL,NO,주장 날짜 vs 조정 행위 기사일: 앞 claim이 날짜까지 참일 때만.
TE0400,DN_EC0084,DN_EC0062,TEMPORAL_BEFORE,MEDIUM,active(DN_EC0084) ∧ active(DN_EC0062) ∧ E_EC0084,CLAIMED_VS_COURT_DATE_ORDER: 1793-02-28 밤~29 새벽 < 1793-06-11,DN_EC0084: 주장 날짜 1793-02-28 밤~29 새벽(claim 참일 때만) / DN_EC0062: 조정 기사일 1793-06-11(행위 자체 기록일),CONDITIONAL_TEMPORAL,NO,주장 날짜 vs 조정 행위 기사일: 앞 claim이 날짜까지 참일 때만.
TE0401,DN_EC0084,DN_EC0150,TEMPORAL_BEFORE,MEDIUM,active(DN_EC0084) ∧ active(DN_EC0150) ∧ E_EC0084,CLAIMED_VS_COURT_DATE_ORDER: 1793-02-28 밤~29 새벽 < 1793-06-13,DN_EC0084: 주장 날짜 1793-02-28 밤~29 새벽(claim 참일 때만) / DN_EC0150: 조정 기사일 1793-06-13(행위 자체 기록일),CONDITIONAL_TEMPORAL,NO,주장 날짜 vs 조정 행위 기사일: 앞 claim이 날짜까지 참일 때만.
TE0402,DN_EC0084,DN_EC0151,TEMPORAL_BEFORE,MEDIUM,active(DN_EC0084) ∧ active(DN_EC0151) ∧ E_EC0084,CLAIMED_VS_COURT_DATE_ORDER: 1793-02-28 밤~29 새벽 < 1793-06-13,DN_EC0084: 주장 날짜 1793-02-28 밤~29 새벽(claim 참일 때만) / DN_EC0151: 조정 기사일 1793-06-13(행위 자체 기록일),CONDITIONAL_TEMPORAL,NO,주장 날짜 vs 조정 행위 기사일: 앞 claim이 날짜까지 참일 때만.
TE0403,DN_EC0084,DN_EC0152,TEMPORAL_BEFORE,MEDIUM,active(DN_EC0084) ∧ active(DN_EC0152) ∧ E_EC0084,CLAIMED_VS_COURT_DATE_ORDER: 1793-02-28 밤~29 새벽 < 1793-06-13,DN_EC0084: 주장 날짜 1793-02-28 밤~29 새벽(claim 참일 때만) / DN_EC0152: 조정 기사일 1793-06-13(행위 자체 기록일),CONDITIONAL_TEMPORAL,NO,주장 날짜 vs 조정 행위 기사일: 앞 claim이 날짜까지 참일 때만.
TE0404,DN_EC0084,DN_EC0153,TEMPORAL_BEFORE,MEDIUM,active(DN_EC0084) ∧ active(DN_EC0153) ∧ E_EC0084,CLAIMED_VS_COURT_DATE_ORDER: 1793-02-28 밤~29 새벽 < 1793-06-13,DN_EC0084: 주장 날짜 1793-02-28 밤~29 새벽(claim 참일 때만) / DN_EC0153: 조정 기사일 1793-06-13(행위 자체 기록일),CONDITIONAL_TEMPORAL,NO,주장 날짜 vs 조정 행위 기사일: 앞 claim이 날짜까지 참일 때만.
TE0405,DN_EC0084,DN_EC0154,TEMPORAL_BEFORE,MEDIUM,active(DN_EC0084) ∧ active(DN_EC0154) ∧ E_EC0084,CLAIMED_VS_COURT_DATE_ORDER: 1793-02-28 밤~29 새벽 < 1793-06-13,DN_EC0084: 주장 날짜 1793-02-28 밤~29 새벽(claim 참일 때만) / DN_EC0154: 조정 기사일 1793-06-13(행위 자체 기록일),CONDITIONAL_TEMPORAL,NO,주장 날짜 vs 조정 행위 기사일: 앞 claim이 날짜까지 참일 때만.
TE0406,DN_EC0084,DN_EC0155,TEMPORAL_BEFORE,MEDIUM,active(DN_EC0084) ∧ active(DN_EC0155) ∧ E_EC0084,CLAIMED_VS_COURT_DATE_ORDER: 1793-02-28 밤~29 새벽 < 1793-06-16,DN_EC0084: 주장 날짜 1793-02-28 밤~29 새벽(claim 참일 때만) / DN_EC0155: 조정 기사일 1793-06-16(행위 자체 기록일),CONDITIONAL_TEMPORAL,NO,주장 날짜 vs 조정 행위 기사일: 앞 claim이 날짜까지 참일 때만.
TE0407,DN_EC0084,DN_J_HONG_17930528_JISE,TEMPORAL_BEFORE,MEDIUM,active(DN_EC0084) ∧ active(DN_J_HONG_17930528_JISE) ∧ E_EC0084,CLAIMED_VS_COURT_DATE_ORDER: 1793-02-28 밤~29 새벽 < 1793-05-28,DN_EC0084: 주장 날짜 1793-02-28 밤~29 새벽(claim 참일 때만) / DN_J_HONG_17930528_JISE: 조정 기사일 1793-05-28(행위 자체 기록일),CONDITIONAL_TEMPORAL,NO,주장 날짜 vs 조정 행위 기사일: 앞 claim이 날짜까지 참일 때만.
TE0408,DN_EC0084,DN_J_HONG_17930613_JISE,TEMPORAL_BEFORE,MEDIUM,active(DN_EC0084) ∧ active(DN_J_HONG_17930613_JISE) ∧ E_EC0084,CLAIMED_VS_COURT_DATE_ORDER: 1793-02-28 밤~29 새벽 < 1793-06-13,DN_EC0084: 주장 날짜 1793-02-28 밤~29 새벽(claim 참일 때만) / DN_J_HONG_17930613_JISE: 조정 기사일 1793-06-13(행위 자체 기록일),CONDITIONAL_TEMPORAL,NO,주장 날짜 vs 조정 행위 기사일: 앞 claim이 날짜까지 참일 때만.
TE0409,DN_EC0084,DN_J_HONG_17930613_KIM_DEATH,TEMPORAL_BEFORE,MEDIUM,active(DN_EC0084) ∧ active(DN_J_HONG_17930613_KIM_DEATH) ∧ E_EC0084,CLAIMED_VS_COURT_DATE_ORDER: 1793-02-28 밤~29 새벽 < 1793-06-13,DN_EC0084: 주장 날짜 1793-02-28 밤~29 새벽(claim 참일 때만) / DN_J_HONG_17930613_KIM_DEATH: 조정 기사일 1793-06-13(행위 자체 기록일),CONDITIONAL_TEMPORAL,NO,주장 날짜 vs 조정 행위 기사일: 앞 claim이 날짜까지 참일 때만.
TE0410,DN_EC0084,DN_J_HONG_17930613_THEFT,TEMPORAL_BEFORE,MEDIUM,active(DN_EC0084) ∧ active(DN_J_HONG_17930613_THEFT) ∧ E_EC0084,CLAIMED_VS_COURT_DATE_ORDER: 1793-02-28 밤~29 새벽 < 1793-06-13,DN_EC0084: 주장 날짜 1793-02-28 밤~29 새벽(claim 참일 때만) / DN_J_HONG_17930613_THEFT: 조정 기사일 1793-06-13(행위 자체 기록일),CONDITIONAL_TEMPORAL,NO,주장 날짜 vs 조정 행위 기사일: 앞 claim이 날짜까지 참일 때만.
TE0411,DN_EC0084,DN_J_IJOWON_17930527_JISE,TEMPORAL_BEFORE,MEDIUM,active(DN_EC0084) ∧ active(DN_J_IJOWON_17930527_JISE) ∧ E_EC0084,CLAIMED_VS_COURT_DATE_ORDER: 1793-02-28 밤~29 새벽 < 1793-05-27,DN_EC0084: 주장 날짜 1793-02-28 밤~29 새벽(claim 참일 때만) / DN_J_IJOWON_17930527_JISE: 조정 기사일 1793-05-27(행위 자체 기록일),CONDITIONAL_TEMPORAL,NO,주장 날짜 vs 조정 행위 기사일: 앞 claim이 날짜까지 참일 때만.
TE0412,DN_EC0084,DN_J_IJOWON_17930527_KIM_DEATH,TEMPORAL_BEFORE,MEDIUM,active(DN_EC0084) ∧ active(DN_J_IJOWON_17930527_KIM_DEATH) ∧ E_EC0084,CLAIMED_VS_COURT_DATE_ORDER: 1793-02-28 밤~29 새벽 < 1793-05-27,DN_EC0084: 주장 날짜 1793-02-28 밤~29 새벽(claim 참일 때만) / DN_J_IJOWON_17930527_KIM_DEATH: 조정 기사일 1793-05-27(행위 자체 기록일),CONDITIONAL_TEMPORAL,NO,주장 날짜 vs 조정 행위 기사일: 앞 claim이 날짜까지 참일 때만.
TE0413,DN_EC0084,DN_J_IJOWON_17930527_THEFT,TEMPORAL_BEFORE,MEDIUM,active(DN_EC0084) ∧ active(DN_J_IJOWON_17930527_THEFT) ∧ E_EC0084,CLAIMED_VS_COURT_DATE_ORDER: 1793-02-28 밤~29 새벽 < 1793-05-27,DN_EC0084: 주장 날짜 1793-02-28 밤~29 새벽(claim 참일 때만) / DN_J_IJOWON_17930527_THEFT: 조정 기사일 1793-05-27(행위 자체 기록일),CONDITIONAL_TEMPORAL,NO,주장 날짜 vs 조정 행위 기사일: 앞 claim이 날짜까지 참일 때만.
TE0414,DN_EC0084,DN_J_JEONGJO_17930512_THEFT,TEMPORAL_BEFORE,MEDIUM,active(DN_EC0084) ∧ active(DN_J_JEONGJO_17930512_THEFT) ∧ E_EC0084,CLAIMED_VS_COURT_DATE_ORDER: 1793-02-28 밤~29 새벽 < 1793-05-12,DN_EC0084: 주장 날짜 1793-02-28 밤~29 새벽(claim 참일 때만) / DN_J_JEONGJO_17930512_THEFT: 조정 기사일 1793-05-12(행위 자체 기록일),CONDITIONAL_TEMPORAL,NO,주장 날짜 vs 조정 행위 기사일: 앞 claim이 날짜까지 참일 때만.
TE0415,DN_EC0084,DN_J_JEONGJO_17930613_JISE,TEMPORAL_BEFORE,MEDIUM,active(DN_EC0084) ∧ active(DN_J_JEONGJO_17930613_JISE) ∧ E_EC0084,CLAIMED_VS_COURT_DATE_ORDER: 1793-02-28 밤~29 새벽 < 1793-06-13,DN_EC0084: 주장 날짜 1793-02-28 밤~29 새벽(claim 참일 때만) / DN_J_JEONGJO_17930613_JISE: 조정 기사일 1793-06-13(행위 자체 기록일),CONDITIONAL_TEMPORAL,NO,주장 날짜 vs 조정 행위 기사일: 앞 claim이 날짜까지 참일 때만.
TE0416,DN_EC0084,DN_J_JEONGJO_17930613_KIM_DEATH,TEMPORAL_BEFORE,MEDIUM,active(DN_EC0084) ∧ active(DN_J_JEONGJO_17930613_KIM_DEATH) ∧ E_EC0084,CLAIMED_VS_COURT_DATE_ORDER: 1793-02-28 밤~29 새벽 < 1793-06-13,DN_EC0084: 주장 날짜 1793-02-28 밤~29 새벽(claim 참일 때만) / DN_J_JEONGJO_17930613_KIM_DEATH: 조정 기사일 1793-06-13(행위 자체 기록일),CONDITIONAL_TEMPORAL,NO,주장 날짜 vs 조정 행위 기사일: 앞 claim이 날짜까지 참일 때만.
TE0417,DN_EC0084,DN_J_JEONGJO_17930613_THEFT,TEMPORAL_BEFORE,MEDIUM,active(DN_EC0084) ∧ active(DN_J_JEONGJO_17930613_THEFT) ∧ E_EC0084,CLAIMED_VS_COURT_DATE_ORDER: 1793-02-28 밤~29 새벽 < 1793-06-13,DN_EC0084: 주장 날짜 1793-02-28 밤~29 새벽(claim 참일 때만) / DN_J_JEONGJO_17930613_THEFT: 조정 기사일 1793-06-13(행위 자체 기록일),CONDITIONAL_TEMPORAL,NO,주장 날짜 vs 조정 행위 기사일: 앞 claim이 날짜까지 참일 때만.
TE0418,DN_EC0089,DN_EC0096,TEMPORAL_BEFORE,MEDIUM,active(DN_EC0089) ∧ active(DN_EC0096) ∧ (E_EC0089 ∧ E_EC0096),CLAIMED_DATE_ORDER: 1793-02-29 < 1793-03-04,DN_EC0089: 주장 날짜 1793-02-29(claim 참일 때만) / DN_EC0096: 주장 날짜 1793-03-04(claim 참일 때만),CONDITIONAL_TEMPORAL,NO,주장 날짜쌍: 두 claim이 날짜까지 참인 world에서만(실제 시점 T는 world가 결정).
TE0419,DN_EC0089,DN_EC0097,TEMPORAL_BEFORE,MEDIUM,active(DN_EC0089) ∧ active(DN_EC0097) ∧ (E_EC0089 ∧ E_EC0097),CLAIMED_DATE_ORDER: 1793-02-29 < 1793-03-04,DN_EC0089: 주장 날짜 1793-02-29(claim 참일 때만) / DN_EC0097: 주장 날짜 1793-03-04(claim 참일 때만),CONDITIONAL_TEMPORAL,NO,주장 날짜쌍: 두 claim이 날짜까지 참인 world에서만(실제 시점 T는 world가 결정).
TE0420,DN_EC0089,DN_EC0098,TEMPORAL_BEFORE,MEDIUM,active(DN_EC0089) ∧ active(DN_EC0098) ∧ (E_EC0089 ∧ E_EC0098),CLAIMED_DATE_ORDER: 1793-02-29 < 1793-03-04,DN_EC0089: 주장 날짜 1793-02-29(claim 참일 때만) / DN_EC0098: 주장 날짜 1793-03-04(claim 참일 때만),CONDITIONAL_TEMPORAL,NO,주장 날짜쌍: 두 claim이 날짜까지 참인 world에서만(실제 시점 T는 world가 결정).
TE0421,DN_EC0089,DN_EC0099,TEMPORAL_BEFORE,MEDIUM,active(DN_EC0089) ∧ active(DN_EC0099) ∧ (E_EC0089 ∧ E_EC0099),CLAIMED_DATE_ORDER: 1793-02-29 < 1793-03-04,DN_EC0089: 주장 날짜 1793-02-29(claim 참일 때만) / DN_EC0099: 주장 날짜 1793-03-04(claim 참일 때만),CONDITIONAL_TEMPORAL,NO,주장 날짜쌍: 두 claim이 날짜까지 참인 world에서만(실제 시점 T는 world가 결정).
TE0422,DN_EC0089,DN_EC0100,TEMPORAL_BEFORE,MEDIUM,active(DN_EC0089) ∧ active(DN_EC0100) ∧ (E_EC0089 ∧ E_EC0100),CLAIMED_DATE_ORDER: 1793-02-29 < 1793-03-04,DN_EC0089: 주장 날짜 1793-02-29(claim 참일 때만) / DN_EC0100: 주장 날짜 1793-03-04(claim 참일 때만),CONDITIONAL_TEMPORAL,NO,주장 날짜쌍: 두 claim이 날짜까지 참인 world에서만(실제 시점 T는 world가 결정).
TE0423,DN_EC0089,DN_EC0101,TEMPORAL_BEFORE,MEDIUM,active(DN_EC0089) ∧ active(DN_EC0101) ∧ (E_EC0089 ∧ E_EC0101),CLAIMED_DATE_ORDER: 1793-02-29 < 1793-03-04,DN_EC0089: 주장 날짜 1793-02-29(claim 참일 때만) / DN_EC0101: 주장 날짜 1793-03-04(claim 참일 때만),CONDITIONAL_TEMPORAL,NO,주장 날짜쌍: 두 claim이 날짜까지 참인 world에서만(실제 시점 T는 world가 결정).
TE0424,DN_EC0089,DN_EC0102,TEMPORAL_BEFORE,MEDIUM,active(DN_EC0089) ∧ active(DN_EC0102) ∧ (E_EC0089 ∧ E_EC0102),CLAIMED_DATE_ORDER: 1793-02-29 < 1793-03-04,DN_EC0089: 주장 날짜 1793-02-29(claim 참일 때만) / DN_EC0102: 주장 날짜 1793-03-04(claim 참일 때만),CONDITIONAL_TEMPORAL,NO,주장 날짜쌍: 두 claim이 날짜까지 참인 world에서만(실제 시점 T는 world가 결정).
TE0425,DN_EC0089,DN_EC0020,TEMPORAL_BEFORE,MEDIUM,active(DN_EC0089) ∧ active(DN_EC0020) ∧ E_EC0089,CLAIMED_VS_COURT_DATE_ORDER: 1793-02-29 < 1793-05-12,DN_EC0089: 주장 날짜 1793-02-29(claim 참일 때만) / DN_EC0020: 조정 기사일 1793-05-12(행위 자체 기록일),CONDITIONAL_TEMPORAL,NO,주장 날짜 vs 조정 행위 기사일: 앞 claim이 날짜까지 참일 때만.
TE0426,DN_EC0089,DN_EC0021,TEMPORAL_BEFORE,MEDIUM,active(DN_EC0089) ∧ active(DN_EC0021) ∧ E_EC0089,CLAIMED_VS_COURT_DATE_ORDER: 1793-02-29 < 1793-05-12,DN_EC0089: 주장 날짜 1793-02-29(claim 참일 때만) / DN_EC0021: 조정 기사일 1793-05-12(행위 자체 기록일),CONDITIONAL_TEMPORAL,NO,주장 날짜 vs 조정 행위 기사일: 앞 claim이 날짜까지 참일 때만.
TE0427,DN_EC0089,DN_EC0023,TEMPORAL_BEFORE,MEDIUM,active(DN_EC0089) ∧ active(DN_EC0023) ∧ E_EC0089,CLAIMED_VS_COURT_DATE_ORDER: 1793-02-29 < 1793-05-12,DN_EC0089: 주장 날짜 1793-02-29(claim 참일 때만) / DN_EC0023: 조정 기사일 1793-05-12(행위 자체 기록일),CONDITIONAL_TEMPORAL,NO,주장 날짜 vs 조정 행위 기사일: 앞 claim이 날짜까지 참일 때만.
TE0428,DN_EC0089,DN_EC0044,TEMPORAL_BEFORE,MEDIUM,active(DN_EC0089) ∧ active(DN_EC0044) ∧ E_EC0089,CLAIMED_VS_COURT_DATE_ORDER: 1793-02-29 < 1793-05-27,DN_EC0089: 주장 날짜 1793-02-29(claim 참일 때만) / DN_EC0044: 조정 기사일 1793-05-27(행위 자체 기록일),CONDITIONAL_TEMPORAL,NO,주장 날짜 vs 조정 행위 기사일: 앞 claim이 날짜까지 참일 때만.
TE0429,DN_EC0089,DN_EC0045,TEMPORAL_BEFORE,MEDIUM,active(DN_EC0089) ∧ active(DN_EC0045) ∧ E_EC0089,CLAIMED_VS_COURT_DATE_ORDER: 1793-02-29 < 1793-05-27,DN_EC0089: 주장 날짜 1793-02-29(claim 참일 때만) / DN_EC0045: 조정 기사일 1793-05-27(행위 자체 기록일),CONDITIONAL_TEMPORAL,NO,주장 날짜 vs 조정 행위 기사일: 앞 claim이 날짜까지 참일 때만.
TE0430,DN_EC0089,DN_EC0048,TEMPORAL_BEFORE,MEDIUM,active(DN_EC0089) ∧ active(DN_EC0048) ∧ E_EC0089,CLAIMED_VS_COURT_DATE_ORDER: 1793-02-29 < 1793-05-28,DN_EC0089: 주장 날짜 1793-02-29(claim 참일 때만) / DN_EC0048: 조정 기사일 1793-05-28(행위 자체 기록일),CONDITIONAL_TEMPORAL,NO,주장 날짜 vs 조정 행위 기사일: 앞 claim이 날짜까지 참일 때만.
TE0431,DN_EC0089,DN_EC0049,TEMPORAL_BEFORE,MEDIUM,active(DN_EC0089) ∧ active(DN_EC0049) ∧ E_EC0089,CLAIMED_VS_COURT_DATE_ORDER: 1793-02-29 < 1793-05-28,DN_EC0089: 주장 날짜 1793-02-29(claim 참일 때만) / DN_EC0049: 조정 기사일 1793-05-28(행위 자체 기록일),CONDITIONAL_TEMPORAL,NO,주장 날짜 vs 조정 행위 기사일: 앞 claim이 날짜까지 참일 때만.
TE0432,DN_EC0089,DN_EC0061,TEMPORAL_BEFORE,MEDIUM,active(DN_EC0089) ∧ active(DN_EC0061) ∧ E_EC0089,CLAIMED_VS_COURT_DATE_ORDER: 1793-02-29 < 1793-06-11,DN_EC0089: 주장 날짜 1793-02-29(claim 참일 때만) / DN_EC0061: 조정 기사일 1793-06-11(행위 자체 기록일),CONDITIONAL_TEMPORAL,NO,주장 날짜 vs 조정 행위 기사일: 앞 claim이 날짜까지 참일 때만.
TE0433,DN_EC0089,DN_EC0062,TEMPORAL_BEFORE,MEDIUM,active(DN_EC0089) ∧ active(DN_EC0062) ∧ E_EC0089,CLAIMED_VS_COURT_DATE_ORDER: 1793-02-29 < 1793-06-11,DN_EC0089: 주장 날짜 1793-02-29(claim 참일 때만) / DN_EC0062: 조정 기사일 1793-06-11(행위 자체 기록일),CONDITIONAL_TEMPORAL,NO,주장 날짜 vs 조정 행위 기사일: 앞 claim이 날짜까지 참일 때만.
TE0434,DN_EC0089,DN_EC0150,TEMPORAL_BEFORE,MEDIUM,active(DN_EC0089) ∧ active(DN_EC0150) ∧ E_EC0089,CLAIMED_VS_COURT_DATE_ORDER: 1793-02-29 < 1793-06-13,DN_EC0089: 주장 날짜 1793-02-29(claim 참일 때만) / DN_EC0150: 조정 기사일 1793-06-13(행위 자체 기록일),CONDITIONAL_TEMPORAL,NO,주장 날짜 vs 조정 행위 기사일: 앞 claim이 날짜까지 참일 때만.
TE0435,DN_EC0089,DN_EC0151,TEMPORAL_BEFORE,MEDIUM,active(DN_EC0089) ∧ active(DN_EC0151) ∧ E_EC0089,CLAIMED_VS_COURT_DATE_ORDER: 1793-02-29 < 1793-06-13,DN_EC0089: 주장 날짜 1793-02-29(claim 참일 때만) / DN_EC0151: 조정 기사일 1793-06-13(행위 자체 기록일),CONDITIONAL_TEMPORAL,NO,주장 날짜 vs 조정 행위 기사일: 앞 claim이 날짜까지 참일 때만.
TE0436,DN_EC0089,DN_EC0152,TEMPORAL_BEFORE,MEDIUM,active(DN_EC0089) ∧ active(DN_EC0152) ∧ E_EC0089,CLAIMED_VS_COURT_DATE_ORDER: 1793-02-29 < 1793-06-13,DN_EC0089: 주장 날짜 1793-02-29(claim 참일 때만) / DN_EC0152: 조정 기사일 1793-06-13(행위 자체 기록일),CONDITIONAL_TEMPORAL,NO,주장 날짜 vs 조정 행위 기사일: 앞 claim이 날짜까지 참일 때만.
TE0437,DN_EC0089,DN_EC0153,TEMPORAL_BEFORE,MEDIUM,active(DN_EC0089) ∧ active(DN_EC0153) ∧ E_EC0089,CLAIMED_VS_COURT_DATE_ORDER: 1793-02-29 < 1793-06-13,DN_EC0089: 주장 날짜 1793-02-29(claim 참일 때만) / DN_EC0153: 조정 기사일 1793-06-13(행위 자체 기록일),CONDITIONAL_TEMPORAL,NO,주장 날짜 vs 조정 행위 기사일: 앞 claim이 날짜까지 참일 때만.
TE0438,DN_EC0089,DN_EC0154,TEMPORAL_BEFORE,MEDIUM,active(DN_EC0089) ∧ active(DN_EC0154) ∧ E_EC0089,CLAIMED_VS_COURT_DATE_ORDER: 1793-02-29 < 1793-06-13,DN_EC0089: 주장 날짜 1793-02-29(claim 참일 때만) / DN_EC0154: 조정 기사일 1793-06-13(행위 자체 기록일),CONDITIONAL_TEMPORAL,NO,주장 날짜 vs 조정 행위 기사일: 앞 claim이 날짜까지 참일 때만.
TE0439,DN_EC0089,DN_EC0155,TEMPORAL_BEFORE,MEDIUM,active(DN_EC0089) ∧ active(DN_EC0155) ∧ E_EC0089,CLAIMED_VS_COURT_DATE_ORDER: 1793-02-29 < 1793-06-16,DN_EC0089: 주장 날짜 1793-02-29(claim 참일 때만) / DN_EC0155: 조정 기사일 1793-06-16(행위 자체 기록일),CONDITIONAL_TEMPORAL,NO,주장 날짜 vs 조정 행위 기사일: 앞 claim이 날짜까지 참일 때만.
TE0440,DN_EC0089,DN_J_HONG_17930528_JISE,TEMPORAL_BEFORE,MEDIUM,active(DN_EC0089) ∧ active(DN_J_HONG_17930528_JISE) ∧ E_EC0089,CLAIMED_VS_COURT_DATE_ORDER: 1793-02-29 < 1793-05-28,DN_EC0089: 주장 날짜 1793-02-29(claim 참일 때만) / DN_J_HONG_17930528_JISE: 조정 기사일 1793-05-28(행위 자체 기록일),CONDITIONAL_TEMPORAL,NO,주장 날짜 vs 조정 행위 기사일: 앞 claim이 날짜까지 참일 때만.
TE0441,DN_EC0089,DN_J_HONG_17930613_JISE,TEMPORAL_BEFORE,MEDIUM,active(DN_EC0089) ∧ active(DN_J_HONG_17930613_JISE) ∧ E_EC0089,CLAIMED_VS_COURT_DATE_ORDER: 1793-02-29 < 1793-06-13,DN_EC0089: 주장 날짜 1793-02-29(claim 참일 때만) / DN_J_HONG_17930613_JISE: 조정 기사일 1793-06-13(행위 자체 기록일),CONDITIONAL_TEMPORAL,NO,주장 날짜 vs 조정 행위 기사일: 앞 claim이 날짜까지 참일 때만.
TE0442,DN_EC0089,DN_J_HONG_17930613_KIM_DEATH,TEMPORAL_BEFORE,MEDIUM,active(DN_EC0089) ∧ active(DN_J_HONG_17930613_KIM_DEATH) ∧ E_EC0089,CLAIMED_VS_COURT_DATE_ORDER: 1793-02-29 < 1793-06-13,DN_EC0089: 주장 날짜 1793-02-29(claim 참일 때만) / DN_J_HONG_17930613_KIM_DEATH: 조정 기사일 1793-06-13(행위 자체 기록일),CONDITIONAL_TEMPORAL,NO,주장 날짜 vs 조정 행위 기사일: 앞 claim이 날짜까지 참일 때만.
TE0443,DN_EC0089,DN_J_HONG_17930613_THEFT,TEMPORAL_BEFORE,MEDIUM,active(DN_EC0089) ∧ active(DN_J_HONG_17930613_THEFT) ∧ E_EC0089,CLAIMED_VS_COURT_DATE_ORDER: 1793-02-29 < 1793-06-13,DN_EC0089: 주장 날짜 1793-02-29(claim 참일 때만) / DN_J_HONG_17930613_THEFT: 조정 기사일 1793-06-13(행위 자체 기록일),CONDITIONAL_TEMPORAL,NO,주장 날짜 vs 조정 행위 기사일: 앞 claim이 날짜까지 참일 때만.
TE0444,DN_EC0089,DN_J_IJOWON_17930527_JISE,TEMPORAL_BEFORE,MEDIUM,active(DN_EC0089) ∧ active(DN_J_IJOWON_17930527_JISE) ∧ E_EC0089,CLAIMED_VS_COURT_DATE_ORDER: 1793-02-29 < 1793-05-27,DN_EC0089: 주장 날짜 1793-02-29(claim 참일 때만) / DN_J_IJOWON_17930527_JISE: 조정 기사일 1793-05-27(행위 자체 기록일),CONDITIONAL_TEMPORAL,NO,주장 날짜 vs 조정 행위 기사일: 앞 claim이 날짜까지 참일 때만.
TE0445,DN_EC0089,DN_J_IJOWON_17930527_KIM_DEATH,TEMPORAL_BEFORE,MEDIUM,active(DN_EC0089) ∧ active(DN_J_IJOWON_17930527_KIM_DEATH) ∧ E_EC0089,CLAIMED_VS_COURT_DATE_ORDER: 1793-02-29 < 1793-05-27,DN_EC0089: 주장 날짜 1793-02-29(claim 참일 때만) / DN_J_IJOWON_17930527_KIM_DEATH: 조정 기사일 1793-05-27(행위 자체 기록일),CONDITIONAL_TEMPORAL,NO,주장 날짜 vs 조정 행위 기사일: 앞 claim이 날짜까지 참일 때만.
TE0446,DN_EC0089,DN_J_IJOWON_17930527_THEFT,TEMPORAL_BEFORE,MEDIUM,active(DN_EC0089) ∧ active(DN_J_IJOWON_17930527_THEFT) ∧ E_EC0089,CLAIMED_VS_COURT_DATE_ORDER: 1793-02-29 < 1793-05-27,DN_EC0089: 주장 날짜 1793-02-29(claim 참일 때만) / DN_J_IJOWON_17930527_THEFT: 조정 기사일 1793-05-27(행위 자체 기록일),CONDITIONAL_TEMPORAL,NO,주장 날짜 vs 조정 행위 기사일: 앞 claim이 날짜까지 참일 때만.
TE0447,DN_EC0089,DN_J_JEONGJO_17930512_THEFT,TEMPORAL_BEFORE,MEDIUM,active(DN_EC0089) ∧ active(DN_J_JEONGJO_17930512_THEFT) ∧ E_EC0089,CLAIMED_VS_COURT_DATE_ORDER: 1793-02-29 < 1793-05-12,DN_EC0089: 주장 날짜 1793-02-29(claim 참일 때만) / DN_J_JEONGJO_17930512_THEFT: 조정 기사일 1793-05-12(행위 자체 기록일),CONDITIONAL_TEMPORAL,NO,주장 날짜 vs 조정 행위 기사일: 앞 claim이 날짜까지 참일 때만.
TE0448,DN_EC0089,DN_J_JEONGJO_17930613_JISE,TEMPORAL_BEFORE,MEDIUM,active(DN_EC0089) ∧ active(DN_J_JEONGJO_17930613_JISE) ∧ E_EC0089,CLAIMED_VS_COURT_DATE_ORDER: 1793-02-29 < 1793-06-13,DN_EC0089: 주장 날짜 1793-02-29(claim 참일 때만) / DN_J_JEONGJO_17930613_JISE: 조정 기사일 1793-06-13(행위 자체 기록일),CONDITIONAL_TEMPORAL,NO,주장 날짜 vs 조정 행위 기사일: 앞 claim이 날짜까지 참일 때만.
TE0449,DN_EC0089,DN_J_JEONGJO_17930613_KIM_DEATH,TEMPORAL_BEFORE,MEDIUM,active(DN_EC0089) ∧ active(DN_J_JEONGJO_17930613_KIM_DEATH) ∧ E_EC0089,CLAIMED_VS_COURT_DATE_ORDER: 1793-02-29 < 1793-06-13,DN_EC0089: 주장 날짜 1793-02-29(claim 참일 때만) / DN_J_JEONGJO_17930613_KIM_DEATH: 조정 기사일 1793-06-13(행위 자체 기록일),CONDITIONAL_TEMPORAL,NO,주장 날짜 vs 조정 행위 기사일: 앞 claim이 날짜까지 참일 때만.
TE0450,DN_EC0089,DN_J_JEONGJO_17930613_THEFT,TEMPORAL_BEFORE,MEDIUM,active(DN_EC0089) ∧ active(DN_J_JEONGJO_17930613_THEFT) ∧ E_EC0089,CLAIMED_VS_COURT_DATE_ORDER: 1793-02-29 < 1793-06-13,DN_EC0089: 주장 날짜 1793-02-29(claim 참일 때만) / DN_J_JEONGJO_17930613_THEFT: 조정 기사일 1793-06-13(행위 자체 기록일),CONDITIONAL_TEMPORAL,NO,주장 날짜 vs 조정 행위 기사일: 앞 claim이 날짜까지 참일 때만.
TE0451,DN_EC0093,DN_EC0096,TEMPORAL_BEFORE,MEDIUM,active(DN_EC0093) ∧ active(DN_EC0096) ∧ (E_EC0093 ∧ E_EC0096),CLAIMED_DATE_ORDER: 1793-02-29 < 1793-03-04,DN_EC0093: 주장 날짜 1793-02-29(claim 참일 때만) / DN_EC0096: 주장 날짜 1793-03-04(claim 참일 때만),CONDITIONAL_TEMPORAL,NO,주장 날짜쌍: 두 claim이 날짜까지 참인 world에서만(실제 시점 T는 world가 결정).
TE0452,DN_EC0093,DN_EC0097,TEMPORAL_BEFORE,MEDIUM,active(DN_EC0093) ∧ active(DN_EC0097) ∧ (E_EC0093 ∧ E_EC0097),CLAIMED_DATE_ORDER: 1793-02-29 < 1793-03-04,DN_EC0093: 주장 날짜 1793-02-29(claim 참일 때만) / DN_EC0097: 주장 날짜 1793-03-04(claim 참일 때만),CONDITIONAL_TEMPORAL,NO,주장 날짜쌍: 두 claim이 날짜까지 참인 world에서만(실제 시점 T는 world가 결정).
TE0453,DN_EC0093,DN_EC0098,TEMPORAL_BEFORE,MEDIUM,active(DN_EC0093) ∧ active(DN_EC0098) ∧ (E_EC0093 ∧ E_EC0098),CLAIMED_DATE_ORDER: 1793-02-29 < 1793-03-04,DN_EC0093: 주장 날짜 1793-02-29(claim 참일 때만) / DN_EC0098: 주장 날짜 1793-03-04(claim 참일 때만),CONDITIONAL_TEMPORAL,NO,주장 날짜쌍: 두 claim이 날짜까지 참인 world에서만(실제 시점 T는 world가 결정).
TE0454,DN_EC0093,DN_EC0099,TEMPORAL_BEFORE,MEDIUM,active(DN_EC0093) ∧ active(DN_EC0099) ∧ (E_EC0093 ∧ E_EC0099),CLAIMED_DATE_ORDER: 1793-02-29 < 1793-03-04,DN_EC0093: 주장 날짜 1793-02-29(claim 참일 때만) / DN_EC0099: 주장 날짜 1793-03-04(claim 참일 때만),CONDITIONAL_TEMPORAL,NO,주장 날짜쌍: 두 claim이 날짜까지 참인 world에서만(실제 시점 T는 world가 결정).
TE0455,DN_EC0093,DN_EC0100,TEMPORAL_BEFORE,MEDIUM,active(DN_EC0093) ∧ active(DN_EC0100) ∧ (E_EC0093 ∧ E_EC0100),CLAIMED_DATE_ORDER: 1793-02-29 < 1793-03-04,DN_EC0093: 주장 날짜 1793-02-29(claim 참일 때만) / DN_EC0100: 주장 날짜 1793-03-04(claim 참일 때만),CONDITIONAL_TEMPORAL,NO,주장 날짜쌍: 두 claim이 날짜까지 참인 world에서만(실제 시점 T는 world가 결정).
TE0456,DN_EC0093,DN_EC0101,TEMPORAL_BEFORE,MEDIUM,active(DN_EC0093) ∧ active(DN_EC0101) ∧ (E_EC0093 ∧ E_EC0101),CLAIMED_DATE_ORDER: 1793-02-29 < 1793-03-04,DN_EC0093: 주장 날짜 1793-02-29(claim 참일 때만) / DN_EC0101: 주장 날짜 1793-03-04(claim 참일 때만),CONDITIONAL_TEMPORAL,NO,주장 날짜쌍: 두 claim이 날짜까지 참인 world에서만(실제 시점 T는 world가 결정).
TE0457,DN_EC0093,DN_EC0102,TEMPORAL_BEFORE,MEDIUM,active(DN_EC0093) ∧ active(DN_EC0102) ∧ (E_EC0093 ∧ E_EC0102),CLAIMED_DATE_ORDER: 1793-02-29 < 1793-03-04,DN_EC0093: 주장 날짜 1793-02-29(claim 참일 때만) / DN_EC0102: 주장 날짜 1793-03-04(claim 참일 때만),CONDITIONAL_TEMPORAL,NO,주장 날짜쌍: 두 claim이 날짜까지 참인 world에서만(실제 시점 T는 world가 결정).
TE0458,DN_EC0093,DN_EC0020,TEMPORAL_BEFORE,MEDIUM,active(DN_EC0093) ∧ active(DN_EC0020) ∧ E_EC0093,CLAIMED_VS_COURT_DATE_ORDER: 1793-02-29 < 1793-05-12,DN_EC0093: 주장 날짜 1793-02-29(claim 참일 때만) / DN_EC0020: 조정 기사일 1793-05-12(행위 자체 기록일),CONDITIONAL_TEMPORAL,NO,주장 날짜 vs 조정 행위 기사일: 앞 claim이 날짜까지 참일 때만.
TE0459,DN_EC0093,DN_EC0021,TEMPORAL_BEFORE,MEDIUM,active(DN_EC0093) ∧ active(DN_EC0021) ∧ E_EC0093,CLAIMED_VS_COURT_DATE_ORDER: 1793-02-29 < 1793-05-12,DN_EC0093: 주장 날짜 1793-02-29(claim 참일 때만) / DN_EC0021: 조정 기사일 1793-05-12(행위 자체 기록일),CONDITIONAL_TEMPORAL,NO,주장 날짜 vs 조정 행위 기사일: 앞 claim이 날짜까지 참일 때만.
TE0460,DN_EC0093,DN_EC0023,TEMPORAL_BEFORE,MEDIUM,active(DN_EC0093) ∧ active(DN_EC0023) ∧ E_EC0093,CLAIMED_VS_COURT_DATE_ORDER: 1793-02-29 < 1793-05-12,DN_EC0093: 주장 날짜 1793-02-29(claim 참일 때만) / DN_EC0023: 조정 기사일 1793-05-12(행위 자체 기록일),CONDITIONAL_TEMPORAL,NO,주장 날짜 vs 조정 행위 기사일: 앞 claim이 날짜까지 참일 때만.
TE0461,DN_EC0093,DN_EC0044,TEMPORAL_BEFORE,MEDIUM,active(DN_EC0093) ∧ active(DN_EC0044) ∧ E_EC0093,CLAIMED_VS_COURT_DATE_ORDER: 1793-02-29 < 1793-05-27,DN_EC0093: 주장 날짜 1793-02-29(claim 참일 때만) / DN_EC0044: 조정 기사일 1793-05-27(행위 자체 기록일),CONDITIONAL_TEMPORAL,NO,주장 날짜 vs 조정 행위 기사일: 앞 claim이 날짜까지 참일 때만.
TE0462,DN_EC0093,DN_EC0045,TEMPORAL_BEFORE,MEDIUM,active(DN_EC0093) ∧ active(DN_EC0045) ∧ E_EC0093,CLAIMED_VS_COURT_DATE_ORDER: 1793-02-29 < 1793-05-27,DN_EC0093: 주장 날짜 1793-02-29(claim 참일 때만) / DN_EC0045: 조정 기사일 1793-05-27(행위 자체 기록일),CONDITIONAL_TEMPORAL,NO,주장 날짜 vs 조정 행위 기사일: 앞 claim이 날짜까지 참일 때만.
TE0463,DN_EC0093,DN_EC0048,TEMPORAL_BEFORE,MEDIUM,active(DN_EC0093) ∧ active(DN_EC0048) ∧ E_EC0093,CLAIMED_VS_COURT_DATE_ORDER: 1793-02-29 < 1793-05-28,DN_EC0093: 주장 날짜 1793-02-29(claim 참일 때만) / DN_EC0048: 조정 기사일 1793-05-28(행위 자체 기록일),CONDITIONAL_TEMPORAL,NO,주장 날짜 vs 조정 행위 기사일: 앞 claim이 날짜까지 참일 때만.
TE0464,DN_EC0093,DN_EC0049,TEMPORAL_BEFORE,MEDIUM,active(DN_EC0093) ∧ active(DN_EC0049) ∧ E_EC0093,CLAIMED_VS_COURT_DATE_ORDER: 1793-02-29 < 1793-05-28,DN_EC0093: 주장 날짜 1793-02-29(claim 참일 때만) / DN_EC0049: 조정 기사일 1793-05-28(행위 자체 기록일),CONDITIONAL_TEMPORAL,NO,주장 날짜 vs 조정 행위 기사일: 앞 claim이 날짜까지 참일 때만.
TE0465,DN_EC0093,DN_EC0061,TEMPORAL_BEFORE,MEDIUM,active(DN_EC0093) ∧ active(DN_EC0061) ∧ E_EC0093,CLAIMED_VS_COURT_DATE_ORDER: 1793-02-29 < 1793-06-11,DN_EC0093: 주장 날짜 1793-02-29(claim 참일 때만) / DN_EC0061: 조정 기사일 1793-06-11(행위 자체 기록일),CONDITIONAL_TEMPORAL,NO,주장 날짜 vs 조정 행위 기사일: 앞 claim이 날짜까지 참일 때만.
TE0466,DN_EC0093,DN_EC0062,TEMPORAL_BEFORE,MEDIUM,active(DN_EC0093) ∧ active(DN_EC0062) ∧ E_EC0093,CLAIMED_VS_COURT_DATE_ORDER: 1793-02-29 < 1793-06-11,DN_EC0093: 주장 날짜 1793-02-29(claim 참일 때만) / DN_EC0062: 조정 기사일 1793-06-11(행위 자체 기록일),CONDITIONAL_TEMPORAL,NO,주장 날짜 vs 조정 행위 기사일: 앞 claim이 날짜까지 참일 때만.
TE0467,DN_EC0093,DN_EC0150,TEMPORAL_BEFORE,MEDIUM,active(DN_EC0093) ∧ active(DN_EC0150) ∧ E_EC0093,CLAIMED_VS_COURT_DATE_ORDER: 1793-02-29 < 1793-06-13,DN_EC0093: 주장 날짜 1793-02-29(claim 참일 때만) / DN_EC0150: 조정 기사일 1793-06-13(행위 자체 기록일),CONDITIONAL_TEMPORAL,NO,주장 날짜 vs 조정 행위 기사일: 앞 claim이 날짜까지 참일 때만.
TE0468,DN_EC0093,DN_EC0151,TEMPORAL_BEFORE,MEDIUM,active(DN_EC0093) ∧ active(DN_EC0151) ∧ E_EC0093,CLAIMED_VS_COURT_DATE_ORDER: 1793-02-29 < 1793-06-13,DN_EC0093: 주장 날짜 1793-02-29(claim 참일 때만) / DN_EC0151: 조정 기사일 1793-06-13(행위 자체 기록일),CONDITIONAL_TEMPORAL,NO,주장 날짜 vs 조정 행위 기사일: 앞 claim이 날짜까지 참일 때만.
TE0469,DN_EC0093,DN_EC0152,TEMPORAL_BEFORE,MEDIUM,active(DN_EC0093) ∧ active(DN_EC0152) ∧ E_EC0093,CLAIMED_VS_COURT_DATE_ORDER: 1793-02-29 < 1793-06-13,DN_EC0093: 주장 날짜 1793-02-29(claim 참일 때만) / DN_EC0152: 조정 기사일 1793-06-13(행위 자체 기록일),CONDITIONAL_TEMPORAL,NO,주장 날짜 vs 조정 행위 기사일: 앞 claim이 날짜까지 참일 때만.
TE0470,DN_EC0093,DN_EC0153,TEMPORAL_BEFORE,MEDIUM,active(DN_EC0093) ∧ active(DN_EC0153) ∧ E_EC0093,CLAIMED_VS_COURT_DATE_ORDER: 1793-02-29 < 1793-06-13,DN_EC0093: 주장 날짜 1793-02-29(claim 참일 때만) / DN_EC0153: 조정 기사일 1793-06-13(행위 자체 기록일),CONDITIONAL_TEMPORAL,NO,주장 날짜 vs 조정 행위 기사일: 앞 claim이 날짜까지 참일 때만.
TE0471,DN_EC0093,DN_EC0154,TEMPORAL_BEFORE,MEDIUM,active(DN_EC0093) ∧ active(DN_EC0154) ∧ E_EC0093,CLAIMED_VS_COURT_DATE_ORDER: 1793-02-29 < 1793-06-13,DN_EC0093: 주장 날짜 1793-02-29(claim 참일 때만) / DN_EC0154: 조정 기사일 1793-06-13(행위 자체 기록일),CONDITIONAL_TEMPORAL,NO,주장 날짜 vs 조정 행위 기사일: 앞 claim이 날짜까지 참일 때만.
TE0472,DN_EC0093,DN_EC0155,TEMPORAL_BEFORE,MEDIUM,active(DN_EC0093) ∧ active(DN_EC0155) ∧ E_EC0093,CLAIMED_VS_COURT_DATE_ORDER: 1793-02-29 < 1793-06-16,DN_EC0093: 주장 날짜 1793-02-29(claim 참일 때만) / DN_EC0155: 조정 기사일 1793-06-16(행위 자체 기록일),CONDITIONAL_TEMPORAL,NO,주장 날짜 vs 조정 행위 기사일: 앞 claim이 날짜까지 참일 때만.
TE0473,DN_EC0093,DN_J_HONG_17930528_JISE,TEMPORAL_BEFORE,MEDIUM,active(DN_EC0093) ∧ active(DN_J_HONG_17930528_JISE) ∧ E_EC0093,CLAIMED_VS_COURT_DATE_ORDER: 1793-02-29 < 1793-05-28,DN_EC0093: 주장 날짜 1793-02-29(claim 참일 때만) / DN_J_HONG_17930528_JISE: 조정 기사일 1793-05-28(행위 자체 기록일),CONDITIONAL_TEMPORAL,NO,주장 날짜 vs 조정 행위 기사일: 앞 claim이 날짜까지 참일 때만.
TE0474,DN_EC0093,DN_J_HONG_17930613_JISE,TEMPORAL_BEFORE,MEDIUM,active(DN_EC0093) ∧ active(DN_J_HONG_17930613_JISE) ∧ E_EC0093,CLAIMED_VS_COURT_DATE_ORDER: 1793-02-29 < 1793-06-13,DN_EC0093: 주장 날짜 1793-02-29(claim 참일 때만) / DN_J_HONG_17930613_JISE: 조정 기사일 1793-06-13(행위 자체 기록일),CONDITIONAL_TEMPORAL,NO,주장 날짜 vs 조정 행위 기사일: 앞 claim이 날짜까지 참일 때만.
TE0475,DN_EC0093,DN_J_HONG_17930613_KIM_DEATH,TEMPORAL_BEFORE,MEDIUM,active(DN_EC0093) ∧ active(DN_J_HONG_17930613_KIM_DEATH) ∧ E_EC0093,CLAIMED_VS_COURT_DATE_ORDER: 1793-02-29 < 1793-06-13,DN_EC0093: 주장 날짜 1793-02-29(claim 참일 때만) / DN_J_HONG_17930613_KIM_DEATH: 조정 기사일 1793-06-13(행위 자체 기록일),CONDITIONAL_TEMPORAL,NO,주장 날짜 vs 조정 행위 기사일: 앞 claim이 날짜까지 참일 때만.
TE0476,DN_EC0093,DN_J_HONG_17930613_THEFT,TEMPORAL_BEFORE,MEDIUM,active(DN_EC0093) ∧ active(DN_J_HONG_17930613_THEFT) ∧ E_EC0093,CLAIMED_VS_COURT_DATE_ORDER: 1793-02-29 < 1793-06-13,DN_EC0093: 주장 날짜 1793-02-29(claim 참일 때만) / DN_J_HONG_17930613_THEFT: 조정 기사일 1793-06-13(행위 자체 기록일),CONDITIONAL_TEMPORAL,NO,주장 날짜 vs 조정 행위 기사일: 앞 claim이 날짜까지 참일 때만.
TE0477,DN_EC0093,DN_J_IJOWON_17930527_JISE,TEMPORAL_BEFORE,MEDIUM,active(DN_EC0093) ∧ active(DN_J_IJOWON_17930527_JISE) ∧ E_EC0093,CLAIMED_VS_COURT_DATE_ORDER: 1793-02-29 < 1793-05-27,DN_EC0093: 주장 날짜 1793-02-29(claim 참일 때만) / DN_J_IJOWON_17930527_JISE: 조정 기사일 1793-05-27(행위 자체 기록일),CONDITIONAL_TEMPORAL,NO,주장 날짜 vs 조정 행위 기사일: 앞 claim이 날짜까지 참일 때만.
TE0478,DN_EC0093,DN_J_IJOWON_17930527_KIM_DEATH,TEMPORAL_BEFORE,MEDIUM,active(DN_EC0093) ∧ active(DN_J_IJOWON_17930527_KIM_DEATH) ∧ E_EC0093,CLAIMED_VS_COURT_DATE_ORDER: 1793-02-29 < 1793-05-27,DN_EC0093: 주장 날짜 1793-02-29(claim 참일 때만) / DN_J_IJOWON_17930527_KIM_DEATH: 조정 기사일 1793-05-27(행위 자체 기록일),CONDITIONAL_TEMPORAL,NO,주장 날짜 vs 조정 행위 기사일: 앞 claim이 날짜까지 참일 때만.
TE0479,DN_EC0093,DN_J_IJOWON_17930527_THEFT,TEMPORAL_BEFORE,MEDIUM,active(DN_EC0093) ∧ active(DN_J_IJOWON_17930527_THEFT) ∧ E_EC0093,CLAIMED_VS_COURT_DATE_ORDER: 1793-02-29 < 1793-05-27,DN_EC0093: 주장 날짜 1793-02-29(claim 참일 때만) / DN_J_IJOWON_17930527_THEFT: 조정 기사일 1793-05-27(행위 자체 기록일),CONDITIONAL_TEMPORAL,NO,주장 날짜 vs 조정 행위 기사일: 앞 claim이 날짜까지 참일 때만.
TE0480,DN_EC0093,DN_J_JEONGJO_17930512_THEFT,TEMPORAL_BEFORE,MEDIUM,active(DN_EC0093) ∧ active(DN_J_JEONGJO_17930512_THEFT) ∧ E_EC0093,CLAIMED_VS_COURT_DATE_ORDER: 1793-02-29 < 1793-05-12,DN_EC0093: 주장 날짜 1793-02-29(claim 참일 때만) / DN_J_JEONGJO_17930512_THEFT: 조정 기사일 1793-05-12(행위 자체 기록일),CONDITIONAL_TEMPORAL,NO,주장 날짜 vs 조정 행위 기사일: 앞 claim이 날짜까지 참일 때만.
TE0481,DN_EC0093,DN_J_JEONGJO_17930613_JISE,TEMPORAL_BEFORE,MEDIUM,active(DN_EC0093) ∧ active(DN_J_JEONGJO_17930613_JISE) ∧ E_EC0093,CLAIMED_VS_COURT_DATE_ORDER: 1793-02-29 < 1793-06-13,DN_EC0093: 주장 날짜 1793-02-29(claim 참일 때만) / DN_J_JEONGJO_17930613_JISE: 조정 기사일 1793-06-13(행위 자체 기록일),CONDITIONAL_TEMPORAL,NO,주장 날짜 vs 조정 행위 기사일: 앞 claim이 날짜까지 참일 때만.
TE0482,DN_EC0093,DN_J_JEONGJO_17930613_KIM_DEATH,TEMPORAL_BEFORE,MEDIUM,active(DN_EC0093) ∧ active(DN_J_JEONGJO_17930613_KIM_DEATH) ∧ E_EC0093,CLAIMED_VS_COURT_DATE_ORDER: 1793-02-29 < 1793-06-13,DN_EC0093: 주장 날짜 1793-02-29(claim 참일 때만) / DN_J_JEONGJO_17930613_KIM_DEATH: 조정 기사일 1793-06-13(행위 자체 기록일),CONDITIONAL_TEMPORAL,NO,주장 날짜 vs 조정 행위 기사일: 앞 claim이 날짜까지 참일 때만.
TE0483,DN_EC0093,DN_J_JEONGJO_17930613_THEFT,TEMPORAL_BEFORE,MEDIUM,active(DN_EC0093) ∧ active(DN_J_JEONGJO_17930613_THEFT) ∧ E_EC0093,CLAIMED_VS_COURT_DATE_ORDER: 1793-02-29 < 1793-06-13,DN_EC0093: 주장 날짜 1793-02-29(claim 참일 때만) / DN_J_JEONGJO_17930613_THEFT: 조정 기사일 1793-06-13(행위 자체 기록일),CONDITIONAL_TEMPORAL,NO,주장 날짜 vs 조정 행위 기사일: 앞 claim이 날짜까지 참일 때만.
TE0484,DN_EC0094,DN_EC0096,TEMPORAL_BEFORE,MEDIUM,active(DN_EC0094) ∧ active(DN_EC0096) ∧ (E_EC0094 ∧ E_EC0096),CLAIMED_DATE_ORDER: 1793-02-29 < 1793-03-04,DN_EC0094: 주장 날짜 1793-02-29(claim 참일 때만) / DN_EC0096: 주장 날짜 1793-03-04(claim 참일 때만),CONDITIONAL_TEMPORAL,NO,주장 날짜쌍: 두 claim이 날짜까지 참인 world에서만(실제 시점 T는 world가 결정).
TE0485,DN_EC0094,DN_EC0097,TEMPORAL_BEFORE,MEDIUM,active(DN_EC0094) ∧ active(DN_EC0097) ∧ (E_EC0094 ∧ E_EC0097),CLAIMED_DATE_ORDER: 1793-02-29 < 1793-03-04,DN_EC0094: 주장 날짜 1793-02-29(claim 참일 때만) / DN_EC0097: 주장 날짜 1793-03-04(claim 참일 때만),CONDITIONAL_TEMPORAL,NO,주장 날짜쌍: 두 claim이 날짜까지 참인 world에서만(실제 시점 T는 world가 결정).
TE0486,DN_EC0094,DN_EC0098,TEMPORAL_BEFORE,MEDIUM,active(DN_EC0094) ∧ active(DN_EC0098) ∧ (E_EC0094 ∧ E_EC0098),CLAIMED_DATE_ORDER: 1793-02-29 < 1793-03-04,DN_EC0094: 주장 날짜 1793-02-29(claim 참일 때만) / DN_EC0098: 주장 날짜 1793-03-04(claim 참일 때만),CONDITIONAL_TEMPORAL,NO,주장 날짜쌍: 두 claim이 날짜까지 참인 world에서만(실제 시점 T는 world가 결정).
TE0487,DN_EC0094,DN_EC0099,TEMPORAL_BEFORE,MEDIUM,active(DN_EC0094) ∧ active(DN_EC0099) ∧ (E_EC0094 ∧ E_EC0099),CLAIMED_DATE_ORDER: 1793-02-29 < 1793-03-04,DN_EC0094: 주장 날짜 1793-02-29(claim 참일 때만) / DN_EC0099: 주장 날짜 1793-03-04(claim 참일 때만),CONDITIONAL_TEMPORAL,NO,주장 날짜쌍: 두 claim이 날짜까지 참인 world에서만(실제 시점 T는 world가 결정).
TE0488,DN_EC0094,DN_EC0100,TEMPORAL_BEFORE,MEDIUM,active(DN_EC0094) ∧ active(DN_EC0100) ∧ (E_EC0094 ∧ E_EC0100),CLAIMED_DATE_ORDER: 1793-02-29 < 1793-03-04,DN_EC0094: 주장 날짜 1793-02-29(claim 참일 때만) / DN_EC0100: 주장 날짜 1793-03-04(claim 참일 때만),CONDITIONAL_TEMPORAL,NO,주장 날짜쌍: 두 claim이 날짜까지 참인 world에서만(실제 시점 T는 world가 결정).
TE0489,DN_EC0094,DN_EC0101,TEMPORAL_BEFORE,MEDIUM,active(DN_EC0094) ∧ active(DN_EC0101) ∧ (E_EC0094 ∧ E_EC0101),CLAIMED_DATE_ORDER: 1793-02-29 < 1793-03-04,DN_EC0094: 주장 날짜 1793-02-29(claim 참일 때만) / DN_EC0101: 주장 날짜 1793-03-04(claim 참일 때만),CONDITIONAL_TEMPORAL,NO,주장 날짜쌍: 두 claim이 날짜까지 참인 world에서만(실제 시점 T는 world가 결정).
TE0490,DN_EC0094,DN_EC0102,TEMPORAL_BEFORE,MEDIUM,active(DN_EC0094) ∧ active(DN_EC0102) ∧ (E_EC0094 ∧ E_EC0102),CLAIMED_DATE_ORDER: 1793-02-29 < 1793-03-04,DN_EC0094: 주장 날짜 1793-02-29(claim 참일 때만) / DN_EC0102: 주장 날짜 1793-03-04(claim 참일 때만),CONDITIONAL_TEMPORAL,NO,주장 날짜쌍: 두 claim이 날짜까지 참인 world에서만(실제 시점 T는 world가 결정).
TE0491,DN_EC0094,DN_EC0020,TEMPORAL_BEFORE,MEDIUM,active(DN_EC0094) ∧ active(DN_EC0020) ∧ E_EC0094,CLAIMED_VS_COURT_DATE_ORDER: 1793-02-29 < 1793-05-12,DN_EC0094: 주장 날짜 1793-02-29(claim 참일 때만) / DN_EC0020: 조정 기사일 1793-05-12(행위 자체 기록일),CONDITIONAL_TEMPORAL,NO,주장 날짜 vs 조정 행위 기사일: 앞 claim이 날짜까지 참일 때만.
TE0492,DN_EC0094,DN_EC0021,TEMPORAL_BEFORE,MEDIUM,active(DN_EC0094) ∧ active(DN_EC0021) ∧ E_EC0094,CLAIMED_VS_COURT_DATE_ORDER: 1793-02-29 < 1793-05-12,DN_EC0094: 주장 날짜 1793-02-29(claim 참일 때만) / DN_EC0021: 조정 기사일 1793-05-12(행위 자체 기록일),CONDITIONAL_TEMPORAL,NO,주장 날짜 vs 조정 행위 기사일: 앞 claim이 날짜까지 참일 때만.
TE0493,DN_EC0094,DN_EC0023,TEMPORAL_BEFORE,MEDIUM,active(DN_EC0094) ∧ active(DN_EC0023) ∧ E_EC0094,CLAIMED_VS_COURT_DATE_ORDER: 1793-02-29 < 1793-05-12,DN_EC0094: 주장 날짜 1793-02-29(claim 참일 때만) / DN_EC0023: 조정 기사일 1793-05-12(행위 자체 기록일),CONDITIONAL_TEMPORAL,NO,주장 날짜 vs 조정 행위 기사일: 앞 claim이 날짜까지 참일 때만.
TE0494,DN_EC0094,DN_EC0044,TEMPORAL_BEFORE,MEDIUM,active(DN_EC0094) ∧ active(DN_EC0044) ∧ E_EC0094,CLAIMED_VS_COURT_DATE_ORDER: 1793-02-29 < 1793-05-27,DN_EC0094: 주장 날짜 1793-02-29(claim 참일 때만) / DN_EC0044: 조정 기사일 1793-05-27(행위 자체 기록일),CONDITIONAL_TEMPORAL,NO,주장 날짜 vs 조정 행위 기사일: 앞 claim이 날짜까지 참일 때만.
TE0495,DN_EC0094,DN_EC0045,TEMPORAL_BEFORE,MEDIUM,active(DN_EC0094) ∧ active(DN_EC0045) ∧ E_EC0094,CLAIMED_VS_COURT_DATE_ORDER: 1793-02-29 < 1793-05-27,DN_EC0094: 주장 날짜 1793-02-29(claim 참일 때만) / DN_EC0045: 조정 기사일 1793-05-27(행위 자체 기록일),CONDITIONAL_TEMPORAL,NO,주장 날짜 vs 조정 행위 기사일: 앞 claim이 날짜까지 참일 때만.
TE0496,DN_EC0094,DN_EC0048,TEMPORAL_BEFORE,MEDIUM,active(DN_EC0094) ∧ active(DN_EC0048) ∧ E_EC0094,CLAIMED_VS_COURT_DATE_ORDER: 1793-02-29 < 1793-05-28,DN_EC0094: 주장 날짜 1793-02-29(claim 참일 때만) / DN_EC0048: 조정 기사일 1793-05-28(행위 자체 기록일),CONDITIONAL_TEMPORAL,NO,주장 날짜 vs 조정 행위 기사일: 앞 claim이 날짜까지 참일 때만.
TE0497,DN_EC0094,DN_EC0049,TEMPORAL_BEFORE,MEDIUM,active(DN_EC0094) ∧ active(DN_EC0049) ∧ E_EC0094,CLAIMED_VS_COURT_DATE_ORDER: 1793-02-29 < 1793-05-28,DN_EC0094: 주장 날짜 1793-02-29(claim 참일 때만) / DN_EC0049: 조정 기사일 1793-05-28(행위 자체 기록일),CONDITIONAL_TEMPORAL,NO,주장 날짜 vs 조정 행위 기사일: 앞 claim이 날짜까지 참일 때만.
TE0498,DN_EC0094,DN_EC0061,TEMPORAL_BEFORE,MEDIUM,active(DN_EC0094) ∧ active(DN_EC0061) ∧ E_EC0094,CLAIMED_VS_COURT_DATE_ORDER: 1793-02-29 < 1793-06-11,DN_EC0094: 주장 날짜 1793-02-29(claim 참일 때만) / DN_EC0061: 조정 기사일 1793-06-11(행위 자체 기록일),CONDITIONAL_TEMPORAL,NO,주장 날짜 vs 조정 행위 기사일: 앞 claim이 날짜까지 참일 때만.
TE0499,DN_EC0094,DN_EC0062,TEMPORAL_BEFORE,MEDIUM,active(DN_EC0094) ∧ active(DN_EC0062) ∧ E_EC0094,CLAIMED_VS_COURT_DATE_ORDER: 1793-02-29 < 1793-06-11,DN_EC0094: 주장 날짜 1793-02-29(claim 참일 때만) / DN_EC0062: 조정 기사일 1793-06-11(행위 자체 기록일),CONDITIONAL_TEMPORAL,NO,주장 날짜 vs 조정 행위 기사일: 앞 claim이 날짜까지 참일 때만.
TE0500,DN_EC0094,DN_EC0150,TEMPORAL_BEFORE,MEDIUM,active(DN_EC0094) ∧ active(DN_EC0150) ∧ E_EC0094,CLAIMED_VS_COURT_DATE_ORDER: 1793-02-29 < 1793-06-13,DN_EC0094: 주장 날짜 1793-02-29(claim 참일 때만) / DN_EC0150: 조정 기사일 1793-06-13(행위 자체 기록일),CONDITIONAL_TEMPORAL,NO,주장 날짜 vs 조정 행위 기사일: 앞 claim이 날짜까지 참일 때만.
TE0501,DN_EC0094,DN_EC0151,TEMPORAL_BEFORE,MEDIUM,active(DN_EC0094) ∧ active(DN_EC0151) ∧ E_EC0094,CLAIMED_VS_COURT_DATE_ORDER: 1793-02-29 < 1793-06-13,DN_EC0094: 주장 날짜 1793-02-29(claim 참일 때만) / DN_EC0151: 조정 기사일 1793-06-13(행위 자체 기록일),CONDITIONAL_TEMPORAL,NO,주장 날짜 vs 조정 행위 기사일: 앞 claim이 날짜까지 참일 때만.
TE0502,DN_EC0094,DN_EC0152,TEMPORAL_BEFORE,MEDIUM,active(DN_EC0094) ∧ active(DN_EC0152) ∧ E_EC0094,CLAIMED_VS_COURT_DATE_ORDER: 1793-02-29 < 1793-06-13,DN_EC0094: 주장 날짜 1793-02-29(claim 참일 때만) / DN_EC0152: 조정 기사일 1793-06-13(행위 자체 기록일),CONDITIONAL_TEMPORAL,NO,주장 날짜 vs 조정 행위 기사일: 앞 claim이 날짜까지 참일 때만.
TE0503,DN_EC0094,DN_EC0153,TEMPORAL_BEFORE,MEDIUM,active(DN_EC0094) ∧ active(DN_EC0153) ∧ E_EC0094,CLAIMED_VS_COURT_DATE_ORDER: 1793-02-29 < 1793-06-13,DN_EC0094: 주장 날짜 1793-02-29(claim 참일 때만) / DN_EC0153: 조정 기사일 1793-06-13(행위 자체 기록일),CONDITIONAL_TEMPORAL,NO,주장 날짜 vs 조정 행위 기사일: 앞 claim이 날짜까지 참일 때만.
TE0504,DN_EC0094,DN_EC0154,TEMPORAL_BEFORE,MEDIUM,active(DN_EC0094) ∧ active(DN_EC0154) ∧ E_EC0094,CLAIMED_VS_COURT_DATE_ORDER: 1793-02-29 < 1793-06-13,DN_EC0094: 주장 날짜 1793-02-29(claim 참일 때만) / DN_EC0154: 조정 기사일 1793-06-13(행위 자체 기록일),CONDITIONAL_TEMPORAL,NO,주장 날짜 vs 조정 행위 기사일: 앞 claim이 날짜까지 참일 때만.
TE0505,DN_EC0094,DN_EC0155,TEMPORAL_BEFORE,MEDIUM,active(DN_EC0094) ∧ active(DN_EC0155) ∧ E_EC0094,CLAIMED_VS_COURT_DATE_ORDER: 1793-02-29 < 1793-06-16,DN_EC0094: 주장 날짜 1793-02-29(claim 참일 때만) / DN_EC0155: 조정 기사일 1793-06-16(행위 자체 기록일),CONDITIONAL_TEMPORAL,NO,주장 날짜 vs 조정 행위 기사일: 앞 claim이 날짜까지 참일 때만.
TE0506,DN_EC0094,DN_J_HONG_17930528_JISE,TEMPORAL_BEFORE,MEDIUM,active(DN_EC0094) ∧ active(DN_J_HONG_17930528_JISE) ∧ E_EC0094,CLAIMED_VS_COURT_DATE_ORDER: 1793-02-29 < 1793-05-28,DN_EC0094: 주장 날짜 1793-02-29(claim 참일 때만) / DN_J_HONG_17930528_JISE: 조정 기사일 1793-05-28(행위 자체 기록일),CONDITIONAL_TEMPORAL,NO,주장 날짜 vs 조정 행위 기사일: 앞 claim이 날짜까지 참일 때만.
TE0507,DN_EC0094,DN_J_HONG_17930613_JISE,TEMPORAL_BEFORE,MEDIUM,active(DN_EC0094) ∧ active(DN_J_HONG_17930613_JISE) ∧ E_EC0094,CLAIMED_VS_COURT_DATE_ORDER: 1793-02-29 < 1793-06-13,DN_EC0094: 주장 날짜 1793-02-29(claim 참일 때만) / DN_J_HONG_17930613_JISE: 조정 기사일 1793-06-13(행위 자체 기록일),CONDITIONAL_TEMPORAL,NO,주장 날짜 vs 조정 행위 기사일: 앞 claim이 날짜까지 참일 때만.
TE0508,DN_EC0094,DN_J_HONG_17930613_KIM_DEATH,TEMPORAL_BEFORE,MEDIUM,active(DN_EC0094) ∧ active(DN_J_HONG_17930613_KIM_DEATH) ∧ E_EC0094,CLAIMED_VS_COURT_DATE_ORDER: 1793-02-29 < 1793-06-13,DN_EC0094: 주장 날짜 1793-02-29(claim 참일 때만) / DN_J_HONG_17930613_KIM_DEATH: 조정 기사일 1793-06-13(행위 자체 기록일),CONDITIONAL_TEMPORAL,NO,주장 날짜 vs 조정 행위 기사일: 앞 claim이 날짜까지 참일 때만.
TE0509,DN_EC0094,DN_J_HONG_17930613_THEFT,TEMPORAL_BEFORE,MEDIUM,active(DN_EC0094) ∧ active(DN_J_HONG_17930613_THEFT) ∧ E_EC0094,CLAIMED_VS_COURT_DATE_ORDER: 1793-02-29 < 1793-06-13,DN_EC0094: 주장 날짜 1793-02-29(claim 참일 때만) / DN_J_HONG_17930613_THEFT: 조정 기사일 1793-06-13(행위 자체 기록일),CONDITIONAL_TEMPORAL,NO,주장 날짜 vs 조정 행위 기사일: 앞 claim이 날짜까지 참일 때만.
TE0510,DN_EC0094,DN_J_IJOWON_17930527_JISE,TEMPORAL_BEFORE,MEDIUM,active(DN_EC0094) ∧ active(DN_J_IJOWON_17930527_JISE) ∧ E_EC0094,CLAIMED_VS_COURT_DATE_ORDER: 1793-02-29 < 1793-05-27,DN_EC0094: 주장 날짜 1793-02-29(claim 참일 때만) / DN_J_IJOWON_17930527_JISE: 조정 기사일 1793-05-27(행위 자체 기록일),CONDITIONAL_TEMPORAL,NO,주장 날짜 vs 조정 행위 기사일: 앞 claim이 날짜까지 참일 때만.
TE0511,DN_EC0094,DN_J_IJOWON_17930527_KIM_DEATH,TEMPORAL_BEFORE,MEDIUM,active(DN_EC0094) ∧ active(DN_J_IJOWON_17930527_KIM_DEATH) ∧ E_EC0094,CLAIMED_VS_COURT_DATE_ORDER: 1793-02-29 < 1793-05-27,DN_EC0094: 주장 날짜 1793-02-29(claim 참일 때만) / DN_J_IJOWON_17930527_KIM_DEATH: 조정 기사일 1793-05-27(행위 자체 기록일),CONDITIONAL_TEMPORAL,NO,주장 날짜 vs 조정 행위 기사일: 앞 claim이 날짜까지 참일 때만.
TE0512,DN_EC0094,DN_J_IJOWON_17930527_THEFT,TEMPORAL_BEFORE,MEDIUM,active(DN_EC0094) ∧ active(DN_J_IJOWON_17930527_THEFT) ∧ E_EC0094,CLAIMED_VS_COURT_DATE_ORDER: 1793-02-29 < 1793-05-27,DN_EC0094: 주장 날짜 1793-02-29(claim 참일 때만) / DN_J_IJOWON_17930527_THEFT: 조정 기사일 1793-05-27(행위 자체 기록일),CONDITIONAL_TEMPORAL,NO,주장 날짜 vs 조정 행위 기사일: 앞 claim이 날짜까지 참일 때만.
TE0513,DN_EC0094,DN_J_JEONGJO_17930512_THEFT,TEMPORAL_BEFORE,MEDIUM,active(DN_EC0094) ∧ active(DN_J_JEONGJO_17930512_THEFT) ∧ E_EC0094,CLAIMED_VS_COURT_DATE_ORDER: 1793-02-29 < 1793-05-12,DN_EC0094: 주장 날짜 1793-02-29(claim 참일 때만) / DN_J_JEONGJO_17930512_THEFT: 조정 기사일 1793-05-12(행위 자체 기록일),CONDITIONAL_TEMPORAL,NO,주장 날짜 vs 조정 행위 기사일: 앞 claim이 날짜까지 참일 때만.
TE0514,DN_EC0094,DN_J_JEONGJO_17930613_JISE,TEMPORAL_BEFORE,MEDIUM,active(DN_EC0094) ∧ active(DN_J_JEONGJO_17930613_JISE) ∧ E_EC0094,CLAIMED_VS_COURT_DATE_ORDER: 1793-02-29 < 1793-06-13,DN_EC0094: 주장 날짜 1793-02-29(claim 참일 때만) / DN_J_JEONGJO_17930613_JISE: 조정 기사일 1793-06-13(행위 자체 기록일),CONDITIONAL_TEMPORAL,NO,주장 날짜 vs 조정 행위 기사일: 앞 claim이 날짜까지 참일 때만.
TE0515,DN_EC0094,DN_J_JEONGJO_17930613_KIM_DEATH,TEMPORAL_BEFORE,MEDIUM,active(DN_EC0094) ∧ active(DN_J_JEONGJO_17930613_KIM_DEATH) ∧ E_EC0094,CLAIMED_VS_COURT_DATE_ORDER: 1793-02-29 < 1793-06-13,DN_EC0094: 주장 날짜 1793-02-29(claim 참일 때만) / DN_J_JEONGJO_17930613_KIM_DEATH: 조정 기사일 1793-06-13(행위 자체 기록일),CONDITIONAL_TEMPORAL,NO,주장 날짜 vs 조정 행위 기사일: 앞 claim이 날짜까지 참일 때만.
TE0516,DN_EC0094,DN_J_JEONGJO_17930613_THEFT,TEMPORAL_BEFORE,MEDIUM,active(DN_EC0094) ∧ active(DN_J_JEONGJO_17930613_THEFT) ∧ E_EC0094,CLAIMED_VS_COURT_DATE_ORDER: 1793-02-29 < 1793-06-13,DN_EC0094: 주장 날짜 1793-02-29(claim 참일 때만) / DN_J_JEONGJO_17930613_THEFT: 조정 기사일 1793-06-13(행위 자체 기록일),CONDITIONAL_TEMPORAL,NO,주장 날짜 vs 조정 행위 기사일: 앞 claim이 날짜까지 참일 때만.
TE0517,DN_EC0095,DN_EC0096,TEMPORAL_BEFORE,MEDIUM,active(DN_EC0095) ∧ active(DN_EC0096) ∧ (E_EC0095 ∧ E_EC0096),CLAIMED_DATE_ORDER: 1793-02-29 < 1793-03-04,DN_EC0095: 주장 날짜 1793-02-29(claim 참일 때만) / DN_EC0096: 주장 날짜 1793-03-04(claim 참일 때만),CONDITIONAL_TEMPORAL,NO,주장 날짜쌍: 두 claim이 날짜까지 참인 world에서만(실제 시점 T는 world가 결정).
TE0518,DN_EC0095,DN_EC0097,TEMPORAL_BEFORE,MEDIUM,active(DN_EC0095) ∧ active(DN_EC0097) ∧ (E_EC0095 ∧ E_EC0097),CLAIMED_DATE_ORDER: 1793-02-29 < 1793-03-04,DN_EC0095: 주장 날짜 1793-02-29(claim 참일 때만) / DN_EC0097: 주장 날짜 1793-03-04(claim 참일 때만),CONDITIONAL_TEMPORAL,NO,주장 날짜쌍: 두 claim이 날짜까지 참인 world에서만(실제 시점 T는 world가 결정).
TE0519,DN_EC0095,DN_EC0098,TEMPORAL_BEFORE,MEDIUM,active(DN_EC0095) ∧ active(DN_EC0098) ∧ (E_EC0095 ∧ E_EC0098),CLAIMED_DATE_ORDER: 1793-02-29 < 1793-03-04,DN_EC0095: 주장 날짜 1793-02-29(claim 참일 때만) / DN_EC0098: 주장 날짜 1793-03-04(claim 참일 때만),CONDITIONAL_TEMPORAL,NO,주장 날짜쌍: 두 claim이 날짜까지 참인 world에서만(실제 시점 T는 world가 결정).
TE0520,DN_EC0095,DN_EC0099,TEMPORAL_BEFORE,MEDIUM,active(DN_EC0095) ∧ active(DN_EC0099) ∧ (E_EC0095 ∧ E_EC0099),CLAIMED_DATE_ORDER: 1793-02-29 < 1793-03-04,DN_EC0095: 주장 날짜 1793-02-29(claim 참일 때만) / DN_EC0099: 주장 날짜 1793-03-04(claim 참일 때만),CONDITIONAL_TEMPORAL,NO,주장 날짜쌍: 두 claim이 날짜까지 참인 world에서만(실제 시점 T는 world가 결정).
TE0521,DN_EC0095,DN_EC0100,TEMPORAL_BEFORE,MEDIUM,active(DN_EC0095) ∧ active(DN_EC0100) ∧ (E_EC0095 ∧ E_EC0100),CLAIMED_DATE_ORDER: 1793-02-29 < 1793-03-04,DN_EC0095: 주장 날짜 1793-02-29(claim 참일 때만) / DN_EC0100: 주장 날짜 1793-03-04(claim 참일 때만),CONDITIONAL_TEMPORAL,NO,주장 날짜쌍: 두 claim이 날짜까지 참인 world에서만(실제 시점 T는 world가 결정).
TE0522,DN_EC0095,DN_EC0101,TEMPORAL_BEFORE,MEDIUM,active(DN_EC0095) ∧ active(DN_EC0101) ∧ (E_EC0095 ∧ E_EC0101),CLAIMED_DATE_ORDER: 1793-02-29 < 1793-03-04,DN_EC0095: 주장 날짜 1793-02-29(claim 참일 때만) / DN_EC0101: 주장 날짜 1793-03-04(claim 참일 때만),CONDITIONAL_TEMPORAL,NO,주장 날짜쌍: 두 claim이 날짜까지 참인 world에서만(실제 시점 T는 world가 결정).
TE0523,DN_EC0095,DN_EC0102,TEMPORAL_BEFORE,MEDIUM,active(DN_EC0095) ∧ active(DN_EC0102) ∧ (E_EC0095 ∧ E_EC0102),CLAIMED_DATE_ORDER: 1793-02-29 < 1793-03-04,DN_EC0095: 주장 날짜 1793-02-29(claim 참일 때만) / DN_EC0102: 주장 날짜 1793-03-04(claim 참일 때만),CONDITIONAL_TEMPORAL,NO,주장 날짜쌍: 두 claim이 날짜까지 참인 world에서만(실제 시점 T는 world가 결정).
TE0524,DN_EC0095,DN_EC0020,TEMPORAL_BEFORE,MEDIUM,active(DN_EC0095) ∧ active(DN_EC0020) ∧ E_EC0095,CLAIMED_VS_COURT_DATE_ORDER: 1793-02-29 < 1793-05-12,DN_EC0095: 주장 날짜 1793-02-29(claim 참일 때만) / DN_EC0020: 조정 기사일 1793-05-12(행위 자체 기록일),CONDITIONAL_TEMPORAL,NO,주장 날짜 vs 조정 행위 기사일: 앞 claim이 날짜까지 참일 때만.
TE0525,DN_EC0095,DN_EC0021,TEMPORAL_BEFORE,MEDIUM,active(DN_EC0095) ∧ active(DN_EC0021) ∧ E_EC0095,CLAIMED_VS_COURT_DATE_ORDER: 1793-02-29 < 1793-05-12,DN_EC0095: 주장 날짜 1793-02-29(claim 참일 때만) / DN_EC0021: 조정 기사일 1793-05-12(행위 자체 기록일),CONDITIONAL_TEMPORAL,NO,주장 날짜 vs 조정 행위 기사일: 앞 claim이 날짜까지 참일 때만.
TE0526,DN_EC0095,DN_EC0023,TEMPORAL_BEFORE,MEDIUM,active(DN_EC0095) ∧ active(DN_EC0023) ∧ E_EC0095,CLAIMED_VS_COURT_DATE_ORDER: 1793-02-29 < 1793-05-12,DN_EC0095: 주장 날짜 1793-02-29(claim 참일 때만) / DN_EC0023: 조정 기사일 1793-05-12(행위 자체 기록일),CONDITIONAL_TEMPORAL,NO,주장 날짜 vs 조정 행위 기사일: 앞 claim이 날짜까지 참일 때만.
TE0527,DN_EC0095,DN_EC0044,TEMPORAL_BEFORE,MEDIUM,active(DN_EC0095) ∧ active(DN_EC0044) ∧ E_EC0095,CLAIMED_VS_COURT_DATE_ORDER: 1793-02-29 < 1793-05-27,DN_EC0095: 주장 날짜 1793-02-29(claim 참일 때만) / DN_EC0044: 조정 기사일 1793-05-27(행위 자체 기록일),CONDITIONAL_TEMPORAL,NO,주장 날짜 vs 조정 행위 기사일: 앞 claim이 날짜까지 참일 때만.
TE0528,DN_EC0095,DN_EC0045,TEMPORAL_BEFORE,MEDIUM,active(DN_EC0095) ∧ active(DN_EC0045) ∧ E_EC0095,CLAIMED_VS_COURT_DATE_ORDER: 1793-02-29 < 1793-05-27,DN_EC0095: 주장 날짜 1793-02-29(claim 참일 때만) / DN_EC0045: 조정 기사일 1793-05-27(행위 자체 기록일),CONDITIONAL_TEMPORAL,NO,주장 날짜 vs 조정 행위 기사일: 앞 claim이 날짜까지 참일 때만.
TE0529,DN_EC0095,DN_EC0048,TEMPORAL_BEFORE,MEDIUM,active(DN_EC0095) ∧ active(DN_EC0048) ∧ E_EC0095,CLAIMED_VS_COURT_DATE_ORDER: 1793-02-29 < 1793-05-28,DN_EC0095: 주장 날짜 1793-02-29(claim 참일 때만) / DN_EC0048: 조정 기사일 1793-05-28(행위 자체 기록일),CONDITIONAL_TEMPORAL,NO,주장 날짜 vs 조정 행위 기사일: 앞 claim이 날짜까지 참일 때만.
TE0530,DN_EC0095,DN_EC0049,TEMPORAL_BEFORE,MEDIUM,active(DN_EC0095) ∧ active(DN_EC0049) ∧ E_EC0095,CLAIMED_VS_COURT_DATE_ORDER: 1793-02-29 < 1793-05-28,DN_EC0095: 주장 날짜 1793-02-29(claim 참일 때만) / DN_EC0049: 조정 기사일 1793-05-28(행위 자체 기록일),CONDITIONAL_TEMPORAL,NO,주장 날짜 vs 조정 행위 기사일: 앞 claim이 날짜까지 참일 때만.
TE0531,DN_EC0095,DN_EC0061,TEMPORAL_BEFORE,MEDIUM,active(DN_EC0095) ∧ active(DN_EC0061) ∧ E_EC0095,CLAIMED_VS_COURT_DATE_ORDER: 1793-02-29 < 1793-06-11,DN_EC0095: 주장 날짜 1793-02-29(claim 참일 때만) / DN_EC0061: 조정 기사일 1793-06-11(행위 자체 기록일),CONDITIONAL_TEMPORAL,NO,주장 날짜 vs 조정 행위 기사일: 앞 claim이 날짜까지 참일 때만.
TE0532,DN_EC0095,DN_EC0062,TEMPORAL_BEFORE,MEDIUM,active(DN_EC0095) ∧ active(DN_EC0062) ∧ E_EC0095,CLAIMED_VS_COURT_DATE_ORDER: 1793-02-29 < 1793-06-11,DN_EC0095: 주장 날짜 1793-02-29(claim 참일 때만) / DN_EC0062: 조정 기사일 1793-06-11(행위 자체 기록일),CONDITIONAL_TEMPORAL,NO,주장 날짜 vs 조정 행위 기사일: 앞 claim이 날짜까지 참일 때만.
TE0533,DN_EC0095,DN_EC0150,TEMPORAL_BEFORE,MEDIUM,active(DN_EC0095) ∧ active(DN_EC0150) ∧ E_EC0095,CLAIMED_VS_COURT_DATE_ORDER: 1793-02-29 < 1793-06-13,DN_EC0095: 주장 날짜 1793-02-29(claim 참일 때만) / DN_EC0150: 조정 기사일 1793-06-13(행위 자체 기록일),CONDITIONAL_TEMPORAL,NO,주장 날짜 vs 조정 행위 기사일: 앞 claim이 날짜까지 참일 때만.
TE0534,DN_EC0095,DN_EC0151,TEMPORAL_BEFORE,MEDIUM,active(DN_EC0095) ∧ active(DN_EC0151) ∧ E_EC0095,CLAIMED_VS_COURT_DATE_ORDER: 1793-02-29 < 1793-06-13,DN_EC0095: 주장 날짜 1793-02-29(claim 참일 때만) / DN_EC0151: 조정 기사일 1793-06-13(행위 자체 기록일),CONDITIONAL_TEMPORAL,NO,주장 날짜 vs 조정 행위 기사일: 앞 claim이 날짜까지 참일 때만.
TE0535,DN_EC0095,DN_EC0152,TEMPORAL_BEFORE,MEDIUM,active(DN_EC0095) ∧ active(DN_EC0152) ∧ E_EC0095,CLAIMED_VS_COURT_DATE_ORDER: 1793-02-29 < 1793-06-13,DN_EC0095: 주장 날짜 1793-02-29(claim 참일 때만) / DN_EC0152: 조정 기사일 1793-06-13(행위 자체 기록일),CONDITIONAL_TEMPORAL,NO,주장 날짜 vs 조정 행위 기사일: 앞 claim이 날짜까지 참일 때만.
TE0536,DN_EC0095,DN_EC0153,TEMPORAL_BEFORE,MEDIUM,active(DN_EC0095) ∧ active(DN_EC0153) ∧ E_EC0095,CLAIMED_VS_COURT_DATE_ORDER: 1793-02-29 < 1793-06-13,DN_EC0095: 주장 날짜 1793-02-29(claim 참일 때만) / DN_EC0153: 조정 기사일 1793-06-13(행위 자체 기록일),CONDITIONAL_TEMPORAL,NO,주장 날짜 vs 조정 행위 기사일: 앞 claim이 날짜까지 참일 때만.
TE0537,DN_EC0095,DN_EC0154,TEMPORAL_BEFORE,MEDIUM,active(DN_EC0095) ∧ active(DN_EC0154) ∧ E_EC0095,CLAIMED_VS_COURT_DATE_ORDER: 1793-02-29 < 1793-06-13,DN_EC0095: 주장 날짜 1793-02-29(claim 참일 때만) / DN_EC0154: 조정 기사일 1793-06-13(행위 자체 기록일),CONDITIONAL_TEMPORAL,NO,주장 날짜 vs 조정 행위 기사일: 앞 claim이 날짜까지 참일 때만.
TE0538,DN_EC0095,DN_EC0155,TEMPORAL_BEFORE,MEDIUM,active(DN_EC0095) ∧ active(DN_EC0155) ∧ E_EC0095,CLAIMED_VS_COURT_DATE_ORDER: 1793-02-29 < 1793-06-16,DN_EC0095: 주장 날짜 1793-02-29(claim 참일 때만) / DN_EC0155: 조정 기사일 1793-06-16(행위 자체 기록일),CONDITIONAL_TEMPORAL,NO,주장 날짜 vs 조정 행위 기사일: 앞 claim이 날짜까지 참일 때만.
TE0539,DN_EC0095,DN_J_HONG_17930528_JISE,TEMPORAL_BEFORE,MEDIUM,active(DN_EC0095) ∧ active(DN_J_HONG_17930528_JISE) ∧ E_EC0095,CLAIMED_VS_COURT_DATE_ORDER: 1793-02-29 < 1793-05-28,DN_EC0095: 주장 날짜 1793-02-29(claim 참일 때만) / DN_J_HONG_17930528_JISE: 조정 기사일 1793-05-28(행위 자체 기록일),CONDITIONAL_TEMPORAL,NO,주장 날짜 vs 조정 행위 기사일: 앞 claim이 날짜까지 참일 때만.
TE0540,DN_EC0095,DN_J_HONG_17930613_JISE,TEMPORAL_BEFORE,MEDIUM,active(DN_EC0095) ∧ active(DN_J_HONG_17930613_JISE) ∧ E_EC0095,CLAIMED_VS_COURT_DATE_ORDER: 1793-02-29 < 1793-06-13,DN_EC0095: 주장 날짜 1793-02-29(claim 참일 때만) / DN_J_HONG_17930613_JISE: 조정 기사일 1793-06-13(행위 자체 기록일),CONDITIONAL_TEMPORAL,NO,주장 날짜 vs 조정 행위 기사일: 앞 claim이 날짜까지 참일 때만.
TE0541,DN_EC0095,DN_J_HONG_17930613_KIM_DEATH,TEMPORAL_BEFORE,MEDIUM,active(DN_EC0095) ∧ active(DN_J_HONG_17930613_KIM_DEATH) ∧ E_EC0095,CLAIMED_VS_COURT_DATE_ORDER: 1793-02-29 < 1793-06-13,DN_EC0095: 주장 날짜 1793-02-29(claim 참일 때만) / DN_J_HONG_17930613_KIM_DEATH: 조정 기사일 1793-06-13(행위 자체 기록일),CONDITIONAL_TEMPORAL,NO,주장 날짜 vs 조정 행위 기사일: 앞 claim이 날짜까지 참일 때만.
TE0542,DN_EC0095,DN_J_HONG_17930613_THEFT,TEMPORAL_BEFORE,MEDIUM,active(DN_EC0095) ∧ active(DN_J_HONG_17930613_THEFT) ∧ E_EC0095,CLAIMED_VS_COURT_DATE_ORDER: 1793-02-29 < 1793-06-13,DN_EC0095: 주장 날짜 1793-02-29(claim 참일 때만) / DN_J_HONG_17930613_THEFT: 조정 기사일 1793-06-13(행위 자체 기록일),CONDITIONAL_TEMPORAL,NO,주장 날짜 vs 조정 행위 기사일: 앞 claim이 날짜까지 참일 때만.
TE0543,DN_EC0095,DN_J_IJOWON_17930527_JISE,TEMPORAL_BEFORE,MEDIUM,active(DN_EC0095) ∧ active(DN_J_IJOWON_17930527_JISE) ∧ E_EC0095,CLAIMED_VS_COURT_DATE_ORDER: 1793-02-29 < 1793-05-27,DN_EC0095: 주장 날짜 1793-02-29(claim 참일 때만) / DN_J_IJOWON_17930527_JISE: 조정 기사일 1793-05-27(행위 자체 기록일),CONDITIONAL_TEMPORAL,NO,주장 날짜 vs 조정 행위 기사일: 앞 claim이 날짜까지 참일 때만.
TE0544,DN_EC0095,DN_J_IJOWON_17930527_KIM_DEATH,TEMPORAL_BEFORE,MEDIUM,active(DN_EC0095) ∧ active(DN_J_IJOWON_17930527_KIM_DEATH) ∧ E_EC0095,CLAIMED_VS_COURT_DATE_ORDER: 1793-02-29 < 1793-05-27,DN_EC0095: 주장 날짜 1793-02-29(claim 참일 때만) / DN_J_IJOWON_17930527_KIM_DEATH: 조정 기사일 1793-05-27(행위 자체 기록일),CONDITIONAL_TEMPORAL,NO,주장 날짜 vs 조정 행위 기사일: 앞 claim이 날짜까지 참일 때만.
TE0545,DN_EC0095,DN_J_IJOWON_17930527_THEFT,TEMPORAL_BEFORE,MEDIUM,active(DN_EC0095) ∧ active(DN_J_IJOWON_17930527_THEFT) ∧ E_EC0095,CLAIMED_VS_COURT_DATE_ORDER: 1793-02-29 < 1793-05-27,DN_EC0095: 주장 날짜 1793-02-29(claim 참일 때만) / DN_J_IJOWON_17930527_THEFT: 조정 기사일 1793-05-27(행위 자체 기록일),CONDITIONAL_TEMPORAL,NO,주장 날짜 vs 조정 행위 기사일: 앞 claim이 날짜까지 참일 때만.
TE0546,DN_EC0095,DN_J_JEONGJO_17930512_THEFT,TEMPORAL_BEFORE,MEDIUM,active(DN_EC0095) ∧ active(DN_J_JEONGJO_17930512_THEFT) ∧ E_EC0095,CLAIMED_VS_COURT_DATE_ORDER: 1793-02-29 < 1793-05-12,DN_EC0095: 주장 날짜 1793-02-29(claim 참일 때만) / DN_J_JEONGJO_17930512_THEFT: 조정 기사일 1793-05-12(행위 자체 기록일),CONDITIONAL_TEMPORAL,NO,주장 날짜 vs 조정 행위 기사일: 앞 claim이 날짜까지 참일 때만.
TE0547,DN_EC0095,DN_J_JEONGJO_17930613_JISE,TEMPORAL_BEFORE,MEDIUM,active(DN_EC0095) ∧ active(DN_J_JEONGJO_17930613_JISE) ∧ E_EC0095,CLAIMED_VS_COURT_DATE_ORDER: 1793-02-29 < 1793-06-13,DN_EC0095: 주장 날짜 1793-02-29(claim 참일 때만) / DN_J_JEONGJO_17930613_JISE: 조정 기사일 1793-06-13(행위 자체 기록일),CONDITIONAL_TEMPORAL,NO,주장 날짜 vs 조정 행위 기사일: 앞 claim이 날짜까지 참일 때만.
TE0548,DN_EC0095,DN_J_JEONGJO_17930613_KIM_DEATH,TEMPORAL_BEFORE,MEDIUM,active(DN_EC0095) ∧ active(DN_J_JEONGJO_17930613_KIM_DEATH) ∧ E_EC0095,CLAIMED_VS_COURT_DATE_ORDER: 1793-02-29 < 1793-06-13,DN_EC0095: 주장 날짜 1793-02-29(claim 참일 때만) / DN_J_JEONGJO_17930613_KIM_DEATH: 조정 기사일 1793-06-13(행위 자체 기록일),CONDITIONAL_TEMPORAL,NO,주장 날짜 vs 조정 행위 기사일: 앞 claim이 날짜까지 참일 때만.
TE0549,DN_EC0095,DN_J_JEONGJO_17930613_THEFT,TEMPORAL_BEFORE,MEDIUM,active(DN_EC0095) ∧ active(DN_J_JEONGJO_17930613_THEFT) ∧ E_EC0095,CLAIMED_VS_COURT_DATE_ORDER: 1793-02-29 < 1793-06-13,DN_EC0095: 주장 날짜 1793-02-29(claim 참일 때만) / DN_J_JEONGJO_17930613_THEFT: 조정 기사일 1793-06-13(행위 자체 기록일),CONDITIONAL_TEMPORAL,NO,주장 날짜 vs 조정 행위 기사일: 앞 claim이 날짜까지 참일 때만.
TE0550,DN_EC0096,DN_EC0020,TEMPORAL_BEFORE,MEDIUM,active(DN_EC0096) ∧ active(DN_EC0020) ∧ E_EC0096,CLAIMED_VS_COURT_DATE_ORDER: 1793-03-04 < 1793-05-12,DN_EC0096: 주장 날짜 1793-03-04(claim 참일 때만) / DN_EC0020: 조정 기사일 1793-05-12(행위 자체 기록일),CONDITIONAL_TEMPORAL,NO,주장 날짜 vs 조정 행위 기사일: 앞 claim이 날짜까지 참일 때만.
TE0551,DN_EC0096,DN_EC0021,TEMPORAL_BEFORE,MEDIUM,active(DN_EC0096) ∧ active(DN_EC0021) ∧ E_EC0096,CLAIMED_VS_COURT_DATE_ORDER: 1793-03-04 < 1793-05-12,DN_EC0096: 주장 날짜 1793-03-04(claim 참일 때만) / DN_EC0021: 조정 기사일 1793-05-12(행위 자체 기록일),CONDITIONAL_TEMPORAL,NO,주장 날짜 vs 조정 행위 기사일: 앞 claim이 날짜까지 참일 때만.
TE0552,DN_EC0096,DN_EC0023,TEMPORAL_BEFORE,MEDIUM,active(DN_EC0096) ∧ active(DN_EC0023) ∧ E_EC0096,CLAIMED_VS_COURT_DATE_ORDER: 1793-03-04 < 1793-05-12,DN_EC0096: 주장 날짜 1793-03-04(claim 참일 때만) / DN_EC0023: 조정 기사일 1793-05-12(행위 자체 기록일),CONDITIONAL_TEMPORAL,NO,주장 날짜 vs 조정 행위 기사일: 앞 claim이 날짜까지 참일 때만.
TE0553,DN_EC0096,DN_EC0044,TEMPORAL_BEFORE,MEDIUM,active(DN_EC0096) ∧ active(DN_EC0044) ∧ E_EC0096,CLAIMED_VS_COURT_DATE_ORDER: 1793-03-04 < 1793-05-27,DN_EC0096: 주장 날짜 1793-03-04(claim 참일 때만) / DN_EC0044: 조정 기사일 1793-05-27(행위 자체 기록일),CONDITIONAL_TEMPORAL,NO,주장 날짜 vs 조정 행위 기사일: 앞 claim이 날짜까지 참일 때만.
TE0554,DN_EC0096,DN_EC0045,TEMPORAL_BEFORE,MEDIUM,active(DN_EC0096) ∧ active(DN_EC0045) ∧ E_EC0096,CLAIMED_VS_COURT_DATE_ORDER: 1793-03-04 < 1793-05-27,DN_EC0096: 주장 날짜 1793-03-04(claim 참일 때만) / DN_EC0045: 조정 기사일 1793-05-27(행위 자체 기록일),CONDITIONAL_TEMPORAL,NO,주장 날짜 vs 조정 행위 기사일: 앞 claim이 날짜까지 참일 때만.
TE0555,DN_EC0096,DN_EC0048,TEMPORAL_BEFORE,MEDIUM,active(DN_EC0096) ∧ active(DN_EC0048) ∧ E_EC0096,CLAIMED_VS_COURT_DATE_ORDER: 1793-03-04 < 1793-05-28,DN_EC0096: 주장 날짜 1793-03-04(claim 참일 때만) / DN_EC0048: 조정 기사일 1793-05-28(행위 자체 기록일),CONDITIONAL_TEMPORAL,NO,주장 날짜 vs 조정 행위 기사일: 앞 claim이 날짜까지 참일 때만.
TE0556,DN_EC0096,DN_EC0049,TEMPORAL_BEFORE,MEDIUM,active(DN_EC0096) ∧ active(DN_EC0049) ∧ E_EC0096,CLAIMED_VS_COURT_DATE_ORDER: 1793-03-04 < 1793-05-28,DN_EC0096: 주장 날짜 1793-03-04(claim 참일 때만) / DN_EC0049: 조정 기사일 1793-05-28(행위 자체 기록일),CONDITIONAL_TEMPORAL,NO,주장 날짜 vs 조정 행위 기사일: 앞 claim이 날짜까지 참일 때만.
TE0557,DN_EC0096,DN_EC0061,TEMPORAL_BEFORE,MEDIUM,active(DN_EC0096) ∧ active(DN_EC0061) ∧ E_EC0096,CLAIMED_VS_COURT_DATE_ORDER: 1793-03-04 < 1793-06-11,DN_EC0096: 주장 날짜 1793-03-04(claim 참일 때만) / DN_EC0061: 조정 기사일 1793-06-11(행위 자체 기록일),CONDITIONAL_TEMPORAL,NO,주장 날짜 vs 조정 행위 기사일: 앞 claim이 날짜까지 참일 때만.
TE0558,DN_EC0096,DN_EC0062,TEMPORAL_BEFORE,MEDIUM,active(DN_EC0096) ∧ active(DN_EC0062) ∧ E_EC0096,CLAIMED_VS_COURT_DATE_ORDER: 1793-03-04 < 1793-06-11,DN_EC0096: 주장 날짜 1793-03-04(claim 참일 때만) / DN_EC0062: 조정 기사일 1793-06-11(행위 자체 기록일),CONDITIONAL_TEMPORAL,NO,주장 날짜 vs 조정 행위 기사일: 앞 claim이 날짜까지 참일 때만.
TE0559,DN_EC0096,DN_EC0150,TEMPORAL_BEFORE,MEDIUM,active(DN_EC0096) ∧ active(DN_EC0150) ∧ E_EC0096,CLAIMED_VS_COURT_DATE_ORDER: 1793-03-04 < 1793-06-13,DN_EC0096: 주장 날짜 1793-03-04(claim 참일 때만) / DN_EC0150: 조정 기사일 1793-06-13(행위 자체 기록일),CONDITIONAL_TEMPORAL,NO,주장 날짜 vs 조정 행위 기사일: 앞 claim이 날짜까지 참일 때만.
TE0560,DN_EC0096,DN_EC0151,TEMPORAL_BEFORE,MEDIUM,active(DN_EC0096) ∧ active(DN_EC0151) ∧ E_EC0096,CLAIMED_VS_COURT_DATE_ORDER: 1793-03-04 < 1793-06-13,DN_EC0096: 주장 날짜 1793-03-04(claim 참일 때만) / DN_EC0151: 조정 기사일 1793-06-13(행위 자체 기록일),CONDITIONAL_TEMPORAL,NO,주장 날짜 vs 조정 행위 기사일: 앞 claim이 날짜까지 참일 때만.
TE0561,DN_EC0096,DN_EC0152,TEMPORAL_BEFORE,MEDIUM,active(DN_EC0096) ∧ active(DN_EC0152) ∧ E_EC0096,CLAIMED_VS_COURT_DATE_ORDER: 1793-03-04 < 1793-06-13,DN_EC0096: 주장 날짜 1793-03-04(claim 참일 때만) / DN_EC0152: 조정 기사일 1793-06-13(행위 자체 기록일),CONDITIONAL_TEMPORAL,NO,주장 날짜 vs 조정 행위 기사일: 앞 claim이 날짜까지 참일 때만.
TE0562,DN_EC0096,DN_EC0153,TEMPORAL_BEFORE,MEDIUM,active(DN_EC0096) ∧ active(DN_EC0153) ∧ E_EC0096,CLAIMED_VS_COURT_DATE_ORDER: 1793-03-04 < 1793-06-13,DN_EC0096: 주장 날짜 1793-03-04(claim 참일 때만) / DN_EC0153: 조정 기사일 1793-06-13(행위 자체 기록일),CONDITIONAL_TEMPORAL,NO,주장 날짜 vs 조정 행위 기사일: 앞 claim이 날짜까지 참일 때만.
TE0563,DN_EC0096,DN_EC0154,TEMPORAL_BEFORE,MEDIUM,active(DN_EC0096) ∧ active(DN_EC0154) ∧ E_EC0096,CLAIMED_VS_COURT_DATE_ORDER: 1793-03-04 < 1793-06-13,DN_EC0096: 주장 날짜 1793-03-04(claim 참일 때만) / DN_EC0154: 조정 기사일 1793-06-13(행위 자체 기록일),CONDITIONAL_TEMPORAL,NO,주장 날짜 vs 조정 행위 기사일: 앞 claim이 날짜까지 참일 때만.
TE0564,DN_EC0096,DN_EC0155,TEMPORAL_BEFORE,MEDIUM,active(DN_EC0096) ∧ active(DN_EC0155) ∧ E_EC0096,CLAIMED_VS_COURT_DATE_ORDER: 1793-03-04 < 1793-06-16,DN_EC0096: 주장 날짜 1793-03-04(claim 참일 때만) / DN_EC0155: 조정 기사일 1793-06-16(행위 자체 기록일),CONDITIONAL_TEMPORAL,NO,주장 날짜 vs 조정 행위 기사일: 앞 claim이 날짜까지 참일 때만.
TE0565,DN_EC0096,DN_J_HONG_17930528_JISE,TEMPORAL_BEFORE,MEDIUM,active(DN_EC0096) ∧ active(DN_J_HONG_17930528_JISE) ∧ E_EC0096,CLAIMED_VS_COURT_DATE_ORDER: 1793-03-04 < 1793-05-28,DN_EC0096: 주장 날짜 1793-03-04(claim 참일 때만) / DN_J_HONG_17930528_JISE: 조정 기사일 1793-05-28(행위 자체 기록일),CONDITIONAL_TEMPORAL,NO,주장 날짜 vs 조정 행위 기사일: 앞 claim이 날짜까지 참일 때만.
TE0566,DN_EC0096,DN_J_HONG_17930613_JISE,TEMPORAL_BEFORE,MEDIUM,active(DN_EC0096) ∧ active(DN_J_HONG_17930613_JISE) ∧ E_EC0096,CLAIMED_VS_COURT_DATE_ORDER: 1793-03-04 < 1793-06-13,DN_EC0096: 주장 날짜 1793-03-04(claim 참일 때만) / DN_J_HONG_17930613_JISE: 조정 기사일 1793-06-13(행위 자체 기록일),CONDITIONAL_TEMPORAL,NO,주장 날짜 vs 조정 행위 기사일: 앞 claim이 날짜까지 참일 때만.
TE0567,DN_EC0096,DN_J_HONG_17930613_KIM_DEATH,TEMPORAL_BEFORE,MEDIUM,active(DN_EC0096) ∧ active(DN_J_HONG_17930613_KIM_DEATH) ∧ E_EC0096,CLAIMED_VS_COURT_DATE_ORDER: 1793-03-04 < 1793-06-13,DN_EC0096: 주장 날짜 1793-03-04(claim 참일 때만) / DN_J_HONG_17930613_KIM_DEATH: 조정 기사일 1793-06-13(행위 자체 기록일),CONDITIONAL_TEMPORAL,NO,주장 날짜 vs 조정 행위 기사일: 앞 claim이 날짜까지 참일 때만.
TE0568,DN_EC0096,DN_J_HONG_17930613_THEFT,TEMPORAL_BEFORE,MEDIUM,active(DN_EC0096) ∧ active(DN_J_HONG_17930613_THEFT) ∧ E_EC0096,CLAIMED_VS_COURT_DATE_ORDER: 1793-03-04 < 1793-06-13,DN_EC0096: 주장 날짜 1793-03-04(claim 참일 때만) / DN_J_HONG_17930613_THEFT: 조정 기사일 1793-06-13(행위 자체 기록일),CONDITIONAL_TEMPORAL,NO,주장 날짜 vs 조정 행위 기사일: 앞 claim이 날짜까지 참일 때만.
TE0569,DN_EC0096,DN_J_IJOWON_17930527_JISE,TEMPORAL_BEFORE,MEDIUM,active(DN_EC0096) ∧ active(DN_J_IJOWON_17930527_JISE) ∧ E_EC0096,CLAIMED_VS_COURT_DATE_ORDER: 1793-03-04 < 1793-05-27,DN_EC0096: 주장 날짜 1793-03-04(claim 참일 때만) / DN_J_IJOWON_17930527_JISE: 조정 기사일 1793-05-27(행위 자체 기록일),CONDITIONAL_TEMPORAL,NO,주장 날짜 vs 조정 행위 기사일: 앞 claim이 날짜까지 참일 때만.
TE0570,DN_EC0096,DN_J_IJOWON_17930527_KIM_DEATH,TEMPORAL_BEFORE,MEDIUM,active(DN_EC0096) ∧ active(DN_J_IJOWON_17930527_KIM_DEATH) ∧ E_EC0096,CLAIMED_VS_COURT_DATE_ORDER: 1793-03-04 < 1793-05-27,DN_EC0096: 주장 날짜 1793-03-04(claim 참일 때만) / DN_J_IJOWON_17930527_KIM_DEATH: 조정 기사일 1793-05-27(행위 자체 기록일),CONDITIONAL_TEMPORAL,NO,주장 날짜 vs 조정 행위 기사일: 앞 claim이 날짜까지 참일 때만.
TE0571,DN_EC0096,DN_J_IJOWON_17930527_THEFT,TEMPORAL_BEFORE,MEDIUM,active(DN_EC0096) ∧ active(DN_J_IJOWON_17930527_THEFT) ∧ E_EC0096,CLAIMED_VS_COURT_DATE_ORDER: 1793-03-04 < 1793-05-27,DN_EC0096: 주장 날짜 1793-03-04(claim 참일 때만) / DN_J_IJOWON_17930527_THEFT: 조정 기사일 1793-05-27(행위 자체 기록일),CONDITIONAL_TEMPORAL,NO,주장 날짜 vs 조정 행위 기사일: 앞 claim이 날짜까지 참일 때만.
TE0572,DN_EC0096,DN_J_JEONGJO_17930512_THEFT,TEMPORAL_BEFORE,MEDIUM,active(DN_EC0096) ∧ active(DN_J_JEONGJO_17930512_THEFT) ∧ E_EC0096,CLAIMED_VS_COURT_DATE_ORDER: 1793-03-04 < 1793-05-12,DN_EC0096: 주장 날짜 1793-03-04(claim 참일 때만) / DN_J_JEONGJO_17930512_THEFT: 조정 기사일 1793-05-12(행위 자체 기록일),CONDITIONAL_TEMPORAL,NO,주장 날짜 vs 조정 행위 기사일: 앞 claim이 날짜까지 참일 때만.
TE0573,DN_EC0096,DN_J_JEONGJO_17930613_JISE,TEMPORAL_BEFORE,MEDIUM,active(DN_EC0096) ∧ active(DN_J_JEONGJO_17930613_JISE) ∧ E_EC0096,CLAIMED_VS_COURT_DATE_ORDER: 1793-03-04 < 1793-06-13,DN_EC0096: 주장 날짜 1793-03-04(claim 참일 때만) / DN_J_JEONGJO_17930613_JISE: 조정 기사일 1793-06-13(행위 자체 기록일),CONDITIONAL_TEMPORAL,NO,주장 날짜 vs 조정 행위 기사일: 앞 claim이 날짜까지 참일 때만.
TE0574,DN_EC0096,DN_J_JEONGJO_17930613_KIM_DEATH,TEMPORAL_BEFORE,MEDIUM,active(DN_EC0096) ∧ active(DN_J_JEONGJO_17930613_KIM_DEATH) ∧ E_EC0096,CLAIMED_VS_COURT_DATE_ORDER: 1793-03-04 < 1793-06-13,DN_EC0096: 주장 날짜 1793-03-04(claim 참일 때만) / DN_J_JEONGJO_17930613_KIM_DEATH: 조정 기사일 1793-06-13(행위 자체 기록일),CONDITIONAL_TEMPORAL,NO,주장 날짜 vs 조정 행위 기사일: 앞 claim이 날짜까지 참일 때만.
TE0575,DN_EC0096,DN_J_JEONGJO_17930613_THEFT,TEMPORAL_BEFORE,MEDIUM,active(DN_EC0096) ∧ active(DN_J_JEONGJO_17930613_THEFT) ∧ E_EC0096,CLAIMED_VS_COURT_DATE_ORDER: 1793-03-04 < 1793-06-13,DN_EC0096: 주장 날짜 1793-03-04(claim 참일 때만) / DN_J_JEONGJO_17930613_THEFT: 조정 기사일 1793-06-13(행위 자체 기록일),CONDITIONAL_TEMPORAL,NO,주장 날짜 vs 조정 행위 기사일: 앞 claim이 날짜까지 참일 때만.
TE0576,DN_EC0097,DN_EC0020,TEMPORAL_BEFORE,MEDIUM,active(DN_EC0097) ∧ active(DN_EC0020) ∧ E_EC0097,CLAIMED_VS_COURT_DATE_ORDER: 1793-03-04 < 1793-05-12,DN_EC0097: 주장 날짜 1793-03-04(claim 참일 때만) / DN_EC0020: 조정 기사일 1793-05-12(행위 자체 기록일),CONDITIONAL_TEMPORAL,NO,주장 날짜 vs 조정 행위 기사일: 앞 claim이 날짜까지 참일 때만.
TE0577,DN_EC0097,DN_EC0021,TEMPORAL_BEFORE,MEDIUM,active(DN_EC0097) ∧ active(DN_EC0021) ∧ E_EC0097,CLAIMED_VS_COURT_DATE_ORDER: 1793-03-04 < 1793-05-12,DN_EC0097: 주장 날짜 1793-03-04(claim 참일 때만) / DN_EC0021: 조정 기사일 1793-05-12(행위 자체 기록일),CONDITIONAL_TEMPORAL,NO,주장 날짜 vs 조정 행위 기사일: 앞 claim이 날짜까지 참일 때만.
TE0578,DN_EC0097,DN_EC0023,TEMPORAL_BEFORE,MEDIUM,active(DN_EC0097) ∧ active(DN_EC0023) ∧ E_EC0097,CLAIMED_VS_COURT_DATE_ORDER: 1793-03-04 < 1793-05-12,DN_EC0097: 주장 날짜 1793-03-04(claim 참일 때만) / DN_EC0023: 조정 기사일 1793-05-12(행위 자체 기록일),CONDITIONAL_TEMPORAL,NO,주장 날짜 vs 조정 행위 기사일: 앞 claim이 날짜까지 참일 때만.
TE0579,DN_EC0097,DN_EC0044,TEMPORAL_BEFORE,MEDIUM,active(DN_EC0097) ∧ active(DN_EC0044) ∧ E_EC0097,CLAIMED_VS_COURT_DATE_ORDER: 1793-03-04 < 1793-05-27,DN_EC0097: 주장 날짜 1793-03-04(claim 참일 때만) / DN_EC0044: 조정 기사일 1793-05-27(행위 자체 기록일),CONDITIONAL_TEMPORAL,NO,주장 날짜 vs 조정 행위 기사일: 앞 claim이 날짜까지 참일 때만.
TE0580,DN_EC0097,DN_EC0045,TEMPORAL_BEFORE,MEDIUM,active(DN_EC0097) ∧ active(DN_EC0045) ∧ E_EC0097,CLAIMED_VS_COURT_DATE_ORDER: 1793-03-04 < 1793-05-27,DN_EC0097: 주장 날짜 1793-03-04(claim 참일 때만) / DN_EC0045: 조정 기사일 1793-05-27(행위 자체 기록일),CONDITIONAL_TEMPORAL,NO,주장 날짜 vs 조정 행위 기사일: 앞 claim이 날짜까지 참일 때만.
TE0581,DN_EC0097,DN_EC0048,TEMPORAL_BEFORE,MEDIUM,active(DN_EC0097) ∧ active(DN_EC0048) ∧ E_EC0097,CLAIMED_VS_COURT_DATE_ORDER: 1793-03-04 < 1793-05-28,DN_EC0097: 주장 날짜 1793-03-04(claim 참일 때만) / DN_EC0048: 조정 기사일 1793-05-28(행위 자체 기록일),CONDITIONAL_TEMPORAL,NO,주장 날짜 vs 조정 행위 기사일: 앞 claim이 날짜까지 참일 때만.
TE0582,DN_EC0097,DN_EC0049,TEMPORAL_BEFORE,MEDIUM,active(DN_EC0097) ∧ active(DN_EC0049) ∧ E_EC0097,CLAIMED_VS_COURT_DATE_ORDER: 1793-03-04 < 1793-05-28,DN_EC0097: 주장 날짜 1793-03-04(claim 참일 때만) / DN_EC0049: 조정 기사일 1793-05-28(행위 자체 기록일),CONDITIONAL_TEMPORAL,NO,주장 날짜 vs 조정 행위 기사일: 앞 claim이 날짜까지 참일 때만.
TE0583,DN_EC0097,DN_EC0061,TEMPORAL_BEFORE,MEDIUM,active(DN_EC0097) ∧ active(DN_EC0061) ∧ E_EC0097,CLAIMED_VS_COURT_DATE_ORDER: 1793-03-04 < 1793-06-11,DN_EC0097: 주장 날짜 1793-03-04(claim 참일 때만) / DN_EC0061: 조정 기사일 1793-06-11(행위 자체 기록일),CONDITIONAL_TEMPORAL,NO,주장 날짜 vs 조정 행위 기사일: 앞 claim이 날짜까지 참일 때만.
TE0584,DN_EC0097,DN_EC0062,TEMPORAL_BEFORE,MEDIUM,active(DN_EC0097) ∧ active(DN_EC0062) ∧ E_EC0097,CLAIMED_VS_COURT_DATE_ORDER: 1793-03-04 < 1793-06-11,DN_EC0097: 주장 날짜 1793-03-04(claim 참일 때만) / DN_EC0062: 조정 기사일 1793-06-11(행위 자체 기록일),CONDITIONAL_TEMPORAL,NO,주장 날짜 vs 조정 행위 기사일: 앞 claim이 날짜까지 참일 때만.
TE0585,DN_EC0097,DN_EC0150,TEMPORAL_BEFORE,MEDIUM,active(DN_EC0097) ∧ active(DN_EC0150) ∧ E_EC0097,CLAIMED_VS_COURT_DATE_ORDER: 1793-03-04 < 1793-06-13,DN_EC0097: 주장 날짜 1793-03-04(claim 참일 때만) / DN_EC0150: 조정 기사일 1793-06-13(행위 자체 기록일),CONDITIONAL_TEMPORAL,NO,주장 날짜 vs 조정 행위 기사일: 앞 claim이 날짜까지 참일 때만.
TE0586,DN_EC0097,DN_EC0151,TEMPORAL_BEFORE,MEDIUM,active(DN_EC0097) ∧ active(DN_EC0151) ∧ E_EC0097,CLAIMED_VS_COURT_DATE_ORDER: 1793-03-04 < 1793-06-13,DN_EC0097: 주장 날짜 1793-03-04(claim 참일 때만) / DN_EC0151: 조정 기사일 1793-06-13(행위 자체 기록일),CONDITIONAL_TEMPORAL,NO,주장 날짜 vs 조정 행위 기사일: 앞 claim이 날짜까지 참일 때만.
TE0587,DN_EC0097,DN_EC0152,TEMPORAL_BEFORE,MEDIUM,active(DN_EC0097) ∧ active(DN_EC0152) ∧ E_EC0097,CLAIMED_VS_COURT_DATE_ORDER: 1793-03-04 < 1793-06-13,DN_EC0097: 주장 날짜 1793-03-04(claim 참일 때만) / DN_EC0152: 조정 기사일 1793-06-13(행위 자체 기록일),CONDITIONAL_TEMPORAL,NO,주장 날짜 vs 조정 행위 기사일: 앞 claim이 날짜까지 참일 때만.
TE0588,DN_EC0097,DN_EC0153,TEMPORAL_BEFORE,MEDIUM,active(DN_EC0097) ∧ active(DN_EC0153) ∧ E_EC0097,CLAIMED_VS_COURT_DATE_ORDER: 1793-03-04 < 1793-06-13,DN_EC0097: 주장 날짜 1793-03-04(claim 참일 때만) / DN_EC0153: 조정 기사일 1793-06-13(행위 자체 기록일),CONDITIONAL_TEMPORAL,NO,주장 날짜 vs 조정 행위 기사일: 앞 claim이 날짜까지 참일 때만.
TE0589,DN_EC0097,DN_EC0154,TEMPORAL_BEFORE,MEDIUM,active(DN_EC0097) ∧ active(DN_EC0154) ∧ E_EC0097,CLAIMED_VS_COURT_DATE_ORDER: 1793-03-04 < 1793-06-13,DN_EC0097: 주장 날짜 1793-03-04(claim 참일 때만) / DN_EC0154: 조정 기사일 1793-06-13(행위 자체 기록일),CONDITIONAL_TEMPORAL,NO,주장 날짜 vs 조정 행위 기사일: 앞 claim이 날짜까지 참일 때만.
TE0590,DN_EC0097,DN_EC0155,TEMPORAL_BEFORE,MEDIUM,active(DN_EC0097) ∧ active(DN_EC0155) ∧ E_EC0097,CLAIMED_VS_COURT_DATE_ORDER: 1793-03-04 < 1793-06-16,DN_EC0097: 주장 날짜 1793-03-04(claim 참일 때만) / DN_EC0155: 조정 기사일 1793-06-16(행위 자체 기록일),CONDITIONAL_TEMPORAL,NO,주장 날짜 vs 조정 행위 기사일: 앞 claim이 날짜까지 참일 때만.
TE0591,DN_EC0097,DN_J_HONG_17930528_JISE,TEMPORAL_BEFORE,MEDIUM,active(DN_EC0097) ∧ active(DN_J_HONG_17930528_JISE) ∧ E_EC0097,CLAIMED_VS_COURT_DATE_ORDER: 1793-03-04 < 1793-05-28,DN_EC0097: 주장 날짜 1793-03-04(claim 참일 때만) / DN_J_HONG_17930528_JISE: 조정 기사일 1793-05-28(행위 자체 기록일),CONDITIONAL_TEMPORAL,NO,주장 날짜 vs 조정 행위 기사일: 앞 claim이 날짜까지 참일 때만.
TE0592,DN_EC0097,DN_J_HONG_17930613_JISE,TEMPORAL_BEFORE,MEDIUM,active(DN_EC0097) ∧ active(DN_J_HONG_17930613_JISE) ∧ E_EC0097,CLAIMED_VS_COURT_DATE_ORDER: 1793-03-04 < 1793-06-13,DN_EC0097: 주장 날짜 1793-03-04(claim 참일 때만) / DN_J_HONG_17930613_JISE: 조정 기사일 1793-06-13(행위 자체 기록일),CONDITIONAL_TEMPORAL,NO,주장 날짜 vs 조정 행위 기사일: 앞 claim이 날짜까지 참일 때만.
TE0593,DN_EC0097,DN_J_HONG_17930613_KIM_DEATH,TEMPORAL_BEFORE,MEDIUM,active(DN_EC0097) ∧ active(DN_J_HONG_17930613_KIM_DEATH) ∧ E_EC0097,CLAIMED_VS_COURT_DATE_ORDER: 1793-03-04 < 1793-06-13,DN_EC0097: 주장 날짜 1793-03-04(claim 참일 때만) / DN_J_HONG_17930613_KIM_DEATH: 조정 기사일 1793-06-13(행위 자체 기록일),CONDITIONAL_TEMPORAL,NO,주장 날짜 vs 조정 행위 기사일: 앞 claim이 날짜까지 참일 때만.
TE0594,DN_EC0097,DN_J_HONG_17930613_THEFT,TEMPORAL_BEFORE,MEDIUM,active(DN_EC0097) ∧ active(DN_J_HONG_17930613_THEFT) ∧ E_EC0097,CLAIMED_VS_COURT_DATE_ORDER: 1793-03-04 < 1793-06-13,DN_EC0097: 주장 날짜 1793-03-04(claim 참일 때만) / DN_J_HONG_17930613_THEFT: 조정 기사일 1793-06-13(행위 자체 기록일),CONDITIONAL_TEMPORAL,NO,주장 날짜 vs 조정 행위 기사일: 앞 claim이 날짜까지 참일 때만.
TE0595,DN_EC0097,DN_J_IJOWON_17930527_JISE,TEMPORAL_BEFORE,MEDIUM,active(DN_EC0097) ∧ active(DN_J_IJOWON_17930527_JISE) ∧ E_EC0097,CLAIMED_VS_COURT_DATE_ORDER: 1793-03-04 < 1793-05-27,DN_EC0097: 주장 날짜 1793-03-04(claim 참일 때만) / DN_J_IJOWON_17930527_JISE: 조정 기사일 1793-05-27(행위 자체 기록일),CONDITIONAL_TEMPORAL,NO,주장 날짜 vs 조정 행위 기사일: 앞 claim이 날짜까지 참일 때만.
TE0596,DN_EC0097,DN_J_IJOWON_17930527_KIM_DEATH,TEMPORAL_BEFORE,MEDIUM,active(DN_EC0097) ∧ active(DN_J_IJOWON_17930527_KIM_DEATH) ∧ E_EC0097,CLAIMED_VS_COURT_DATE_ORDER: 1793-03-04 < 1793-05-27,DN_EC0097: 주장 날짜 1793-03-04(claim 참일 때만) / DN_J_IJOWON_17930527_KIM_DEATH: 조정 기사일 1793-05-27(행위 자체 기록일),CONDITIONAL_TEMPORAL,NO,주장 날짜 vs 조정 행위 기사일: 앞 claim이 날짜까지 참일 때만.
TE0597,DN_EC0097,DN_J_IJOWON_17930527_THEFT,TEMPORAL_BEFORE,MEDIUM,active(DN_EC0097) ∧ active(DN_J_IJOWON_17930527_THEFT) ∧ E_EC0097,CLAIMED_VS_COURT_DATE_ORDER: 1793-03-04 < 1793-05-27,DN_EC0097: 주장 날짜 1793-03-04(claim 참일 때만) / DN_J_IJOWON_17930527_THEFT: 조정 기사일 1793-05-27(행위 자체 기록일),CONDITIONAL_TEMPORAL,NO,주장 날짜 vs 조정 행위 기사일: 앞 claim이 날짜까지 참일 때만.
TE0598,DN_EC0097,DN_J_JEONGJO_17930512_THEFT,TEMPORAL_BEFORE,MEDIUM,active(DN_EC0097) ∧ active(DN_J_JEONGJO_17930512_THEFT) ∧ E_EC0097,CLAIMED_VS_COURT_DATE_ORDER: 1793-03-04 < 1793-05-12,DN_EC0097: 주장 날짜 1793-03-04(claim 참일 때만) / DN_J_JEONGJO_17930512_THEFT: 조정 기사일 1793-05-12(행위 자체 기록일),CONDITIONAL_TEMPORAL,NO,주장 날짜 vs 조정 행위 기사일: 앞 claim이 날짜까지 참일 때만.
TE0599,DN_EC0097,DN_J_JEONGJO_17930613_JISE,TEMPORAL_BEFORE,MEDIUM,active(DN_EC0097) ∧ active(DN_J_JEONGJO_17930613_JISE) ∧ E_EC0097,CLAIMED_VS_COURT_DATE_ORDER: 1793-03-04 < 1793-06-13,DN_EC0097: 주장 날짜 1793-03-04(claim 참일 때만) / DN_J_JEONGJO_17930613_JISE: 조정 기사일 1793-06-13(행위 자체 기록일),CONDITIONAL_TEMPORAL,NO,주장 날짜 vs 조정 행위 기사일: 앞 claim이 날짜까지 참일 때만.
TE0600,DN_EC0097,DN_J_JEONGJO_17930613_KIM_DEATH,TEMPORAL_BEFORE,MEDIUM,active(DN_EC0097) ∧ active(DN_J_JEONGJO_17930613_KIM_DEATH) ∧ E_EC0097,CLAIMED_VS_COURT_DATE_ORDER: 1793-03-04 < 1793-06-13,DN_EC0097: 주장 날짜 1793-03-04(claim 참일 때만) / DN_J_JEONGJO_17930613_KIM_DEATH: 조정 기사일 1793-06-13(행위 자체 기록일),CONDITIONAL_TEMPORAL,NO,주장 날짜 vs 조정 행위 기사일: 앞 claim이 날짜까지 참일 때만.
TE0601,DN_EC0097,DN_J_JEONGJO_17930613_THEFT,TEMPORAL_BEFORE,MEDIUM,active(DN_EC0097) ∧ active(DN_J_JEONGJO_17930613_THEFT) ∧ E_EC0097,CLAIMED_VS_COURT_DATE_ORDER: 1793-03-04 < 1793-06-13,DN_EC0097: 주장 날짜 1793-03-04(claim 참일 때만) / DN_J_JEONGJO_17930613_THEFT: 조정 기사일 1793-06-13(행위 자체 기록일),CONDITIONAL_TEMPORAL,NO,주장 날짜 vs 조정 행위 기사일: 앞 claim이 날짜까지 참일 때만.
TE0602,DN_EC0098,DN_EC0020,TEMPORAL_BEFORE,MEDIUM,active(DN_EC0098) ∧ active(DN_EC0020) ∧ E_EC0098,CLAIMED_VS_COURT_DATE_ORDER: 1793-03-04 < 1793-05-12,DN_EC0098: 주장 날짜 1793-03-04(claim 참일 때만) / DN_EC0020: 조정 기사일 1793-05-12(행위 자체 기록일),CONDITIONAL_TEMPORAL,NO,주장 날짜 vs 조정 행위 기사일: 앞 claim이 날짜까지 참일 때만.
TE0603,DN_EC0098,DN_EC0021,TEMPORAL_BEFORE,MEDIUM,active(DN_EC0098) ∧ active(DN_EC0021) ∧ E_EC0098,CLAIMED_VS_COURT_DATE_ORDER: 1793-03-04 < 1793-05-12,DN_EC0098: 주장 날짜 1793-03-04(claim 참일 때만) / DN_EC0021: 조정 기사일 1793-05-12(행위 자체 기록일),CONDITIONAL_TEMPORAL,NO,주장 날짜 vs 조정 행위 기사일: 앞 claim이 날짜까지 참일 때만.
TE0604,DN_EC0098,DN_EC0023,TEMPORAL_BEFORE,MEDIUM,active(DN_EC0098) ∧ active(DN_EC0023) ∧ E_EC0098,CLAIMED_VS_COURT_DATE_ORDER: 1793-03-04 < 1793-05-12,DN_EC0098: 주장 날짜 1793-03-04(claim 참일 때만) / DN_EC0023: 조정 기사일 1793-05-12(행위 자체 기록일),CONDITIONAL_TEMPORAL,NO,주장 날짜 vs 조정 행위 기사일: 앞 claim이 날짜까지 참일 때만.
TE0605,DN_EC0098,DN_EC0044,TEMPORAL_BEFORE,MEDIUM,active(DN_EC0098) ∧ active(DN_EC0044) ∧ E_EC0098,CLAIMED_VS_COURT_DATE_ORDER: 1793-03-04 < 1793-05-27,DN_EC0098: 주장 날짜 1793-03-04(claim 참일 때만) / DN_EC0044: 조정 기사일 1793-05-27(행위 자체 기록일),CONDITIONAL_TEMPORAL,NO,주장 날짜 vs 조정 행위 기사일: 앞 claim이 날짜까지 참일 때만.
TE0606,DN_EC0098,DN_EC0045,TEMPORAL_BEFORE,MEDIUM,active(DN_EC0098) ∧ active(DN_EC0045) ∧ E_EC0098,CLAIMED_VS_COURT_DATE_ORDER: 1793-03-04 < 1793-05-27,DN_EC0098: 주장 날짜 1793-03-04(claim 참일 때만) / DN_EC0045: 조정 기사일 1793-05-27(행위 자체 기록일),CONDITIONAL_TEMPORAL,NO,주장 날짜 vs 조정 행위 기사일: 앞 claim이 날짜까지 참일 때만.
TE0607,DN_EC0098,DN_EC0048,TEMPORAL_BEFORE,MEDIUM,active(DN_EC0098) ∧ active(DN_EC0048) ∧ E_EC0098,CLAIMED_VS_COURT_DATE_ORDER: 1793-03-04 < 1793-05-28,DN_EC0098: 주장 날짜 1793-03-04(claim 참일 때만) / DN_EC0048: 조정 기사일 1793-05-28(행위 자체 기록일),CONDITIONAL_TEMPORAL,NO,주장 날짜 vs 조정 행위 기사일: 앞 claim이 날짜까지 참일 때만.
TE0608,DN_EC0098,DN_EC0049,TEMPORAL_BEFORE,MEDIUM,active(DN_EC0098) ∧ active(DN_EC0049) ∧ E_EC0098,CLAIMED_VS_COURT_DATE_ORDER: 1793-03-04 < 1793-05-28,DN_EC0098: 주장 날짜 1793-03-04(claim 참일 때만) / DN_EC0049: 조정 기사일 1793-05-28(행위 자체 기록일),CONDITIONAL_TEMPORAL,NO,주장 날짜 vs 조정 행위 기사일: 앞 claim이 날짜까지 참일 때만.
TE0609,DN_EC0098,DN_EC0061,TEMPORAL_BEFORE,MEDIUM,active(DN_EC0098) ∧ active(DN_EC0061) ∧ E_EC0098,CLAIMED_VS_COURT_DATE_ORDER: 1793-03-04 < 1793-06-11,DN_EC0098: 주장 날짜 1793-03-04(claim 참일 때만) / DN_EC0061: 조정 기사일 1793-06-11(행위 자체 기록일),CONDITIONAL_TEMPORAL,NO,주장 날짜 vs 조정 행위 기사일: 앞 claim이 날짜까지 참일 때만.
TE0610,DN_EC0098,DN_EC0062,TEMPORAL_BEFORE,MEDIUM,active(DN_EC0098) ∧ active(DN_EC0062) ∧ E_EC0098,CLAIMED_VS_COURT_DATE_ORDER: 1793-03-04 < 1793-06-11,DN_EC0098: 주장 날짜 1793-03-04(claim 참일 때만) / DN_EC0062: 조정 기사일 1793-06-11(행위 자체 기록일),CONDITIONAL_TEMPORAL,NO,주장 날짜 vs 조정 행위 기사일: 앞 claim이 날짜까지 참일 때만.
TE0611,DN_EC0098,DN_EC0150,TEMPORAL_BEFORE,MEDIUM,active(DN_EC0098) ∧ active(DN_EC0150) ∧ E_EC0098,CLAIMED_VS_COURT_DATE_ORDER: 1793-03-04 < 1793-06-13,DN_EC0098: 주장 날짜 1793-03-04(claim 참일 때만) / DN_EC0150: 조정 기사일 1793-06-13(행위 자체 기록일),CONDITIONAL_TEMPORAL,NO,주장 날짜 vs 조정 행위 기사일: 앞 claim이 날짜까지 참일 때만.
TE0612,DN_EC0098,DN_EC0151,TEMPORAL_BEFORE,MEDIUM,active(DN_EC0098) ∧ active(DN_EC0151) ∧ E_EC0098,CLAIMED_VS_COURT_DATE_ORDER: 1793-03-04 < 1793-06-13,DN_EC0098: 주장 날짜 1793-03-04(claim 참일 때만) / DN_EC0151: 조정 기사일 1793-06-13(행위 자체 기록일),CONDITIONAL_TEMPORAL,NO,주장 날짜 vs 조정 행위 기사일: 앞 claim이 날짜까지 참일 때만.
TE0613,DN_EC0098,DN_EC0152,TEMPORAL_BEFORE,MEDIUM,active(DN_EC0098) ∧ active(DN_EC0152) ∧ E_EC0098,CLAIMED_VS_COURT_DATE_ORDER: 1793-03-04 < 1793-06-13,DN_EC0098: 주장 날짜 1793-03-04(claim 참일 때만) / DN_EC0152: 조정 기사일 1793-06-13(행위 자체 기록일),CONDITIONAL_TEMPORAL,NO,주장 날짜 vs 조정 행위 기사일: 앞 claim이 날짜까지 참일 때만.
TE0614,DN_EC0098,DN_EC0153,TEMPORAL_BEFORE,MEDIUM,active(DN_EC0098) ∧ active(DN_EC0153) ∧ E_EC0098,CLAIMED_VS_COURT_DATE_ORDER: 1793-03-04 < 1793-06-13,DN_EC0098: 주장 날짜 1793-03-04(claim 참일 때만) / DN_EC0153: 조정 기사일 1793-06-13(행위 자체 기록일),CONDITIONAL_TEMPORAL,NO,주장 날짜 vs 조정 행위 기사일: 앞 claim이 날짜까지 참일 때만.
TE0615,DN_EC0098,DN_EC0154,TEMPORAL_BEFORE,MEDIUM,active(DN_EC0098) ∧ active(DN_EC0154) ∧ E_EC0098,CLAIMED_VS_COURT_DATE_ORDER: 1793-03-04 < 1793-06-13,DN_EC0098: 주장 날짜 1793-03-04(claim 참일 때만) / DN_EC0154: 조정 기사일 1793-06-13(행위 자체 기록일),CONDITIONAL_TEMPORAL,NO,주장 날짜 vs 조정 행위 기사일: 앞 claim이 날짜까지 참일 때만.
TE0616,DN_EC0098,DN_EC0155,TEMPORAL_BEFORE,MEDIUM,active(DN_EC0098) ∧ active(DN_EC0155) ∧ E_EC0098,CLAIMED_VS_COURT_DATE_ORDER: 1793-03-04 < 1793-06-16,DN_EC0098: 주장 날짜 1793-03-04(claim 참일 때만) / DN_EC0155: 조정 기사일 1793-06-16(행위 자체 기록일),CONDITIONAL_TEMPORAL,NO,주장 날짜 vs 조정 행위 기사일: 앞 claim이 날짜까지 참일 때만.
TE0617,DN_EC0098,DN_J_HONG_17930528_JISE,TEMPORAL_BEFORE,MEDIUM,active(DN_EC0098) ∧ active(DN_J_HONG_17930528_JISE) ∧ E_EC0098,CLAIMED_VS_COURT_DATE_ORDER: 1793-03-04 < 1793-05-28,DN_EC0098: 주장 날짜 1793-03-04(claim 참일 때만) / DN_J_HONG_17930528_JISE: 조정 기사일 1793-05-28(행위 자체 기록일),CONDITIONAL_TEMPORAL,NO,주장 날짜 vs 조정 행위 기사일: 앞 claim이 날짜까지 참일 때만.
TE0618,DN_EC0098,DN_J_HONG_17930613_JISE,TEMPORAL_BEFORE,MEDIUM,active(DN_EC0098) ∧ active(DN_J_HONG_17930613_JISE) ∧ E_EC0098,CLAIMED_VS_COURT_DATE_ORDER: 1793-03-04 < 1793-06-13,DN_EC0098: 주장 날짜 1793-03-04(claim 참일 때만) / DN_J_HONG_17930613_JISE: 조정 기사일 1793-06-13(행위 자체 기록일),CONDITIONAL_TEMPORAL,NO,주장 날짜 vs 조정 행위 기사일: 앞 claim이 날짜까지 참일 때만.
TE0619,DN_EC0098,DN_J_HONG_17930613_KIM_DEATH,TEMPORAL_BEFORE,MEDIUM,active(DN_EC0098) ∧ active(DN_J_HONG_17930613_KIM_DEATH) ∧ E_EC0098,CLAIMED_VS_COURT_DATE_ORDER: 1793-03-04 < 1793-06-13,DN_EC0098: 주장 날짜 1793-03-04(claim 참일 때만) / DN_J_HONG_17930613_KIM_DEATH: 조정 기사일 1793-06-13(행위 자체 기록일),CONDITIONAL_TEMPORAL,NO,주장 날짜 vs 조정 행위 기사일: 앞 claim이 날짜까지 참일 때만.
TE0620,DN_EC0098,DN_J_HONG_17930613_THEFT,TEMPORAL_BEFORE,MEDIUM,active(DN_EC0098) ∧ active(DN_J_HONG_17930613_THEFT) ∧ E_EC0098,CLAIMED_VS_COURT_DATE_ORDER: 1793-03-04 < 1793-06-13,DN_EC0098: 주장 날짜 1793-03-04(claim 참일 때만) / DN_J_HONG_17930613_THEFT: 조정 기사일 1793-06-13(행위 자체 기록일),CONDITIONAL_TEMPORAL,NO,주장 날짜 vs 조정 행위 기사일: 앞 claim이 날짜까지 참일 때만.
TE0621,DN_EC0098,DN_J_IJOWON_17930527_JISE,TEMPORAL_BEFORE,MEDIUM,active(DN_EC0098) ∧ active(DN_J_IJOWON_17930527_JISE) ∧ E_EC0098,CLAIMED_VS_COURT_DATE_ORDER: 1793-03-04 < 1793-05-27,DN_EC0098: 주장 날짜 1793-03-04(claim 참일 때만) / DN_J_IJOWON_17930527_JISE: 조정 기사일 1793-05-27(행위 자체 기록일),CONDITIONAL_TEMPORAL,NO,주장 날짜 vs 조정 행위 기사일: 앞 claim이 날짜까지 참일 때만.
TE0622,DN_EC0098,DN_J_IJOWON_17930527_KIM_DEATH,TEMPORAL_BEFORE,MEDIUM,active(DN_EC0098) ∧ active(DN_J_IJOWON_17930527_KIM_DEATH) ∧ E_EC0098,CLAIMED_VS_COURT_DATE_ORDER: 1793-03-04 < 1793-05-27,DN_EC0098: 주장 날짜 1793-03-04(claim 참일 때만) / DN_J_IJOWON_17930527_KIM_DEATH: 조정 기사일 1793-05-27(행위 자체 기록일),CONDITIONAL_TEMPORAL,NO,주장 날짜 vs 조정 행위 기사일: 앞 claim이 날짜까지 참일 때만.
TE0623,DN_EC0098,DN_J_IJOWON_17930527_THEFT,TEMPORAL_BEFORE,MEDIUM,active(DN_EC0098) ∧ active(DN_J_IJOWON_17930527_THEFT) ∧ E_EC0098,CLAIMED_VS_COURT_DATE_ORDER: 1793-03-04 < 1793-05-27,DN_EC0098: 주장 날짜 1793-03-04(claim 참일 때만) / DN_J_IJOWON_17930527_THEFT: 조정 기사일 1793-05-27(행위 자체 기록일),CONDITIONAL_TEMPORAL,NO,주장 날짜 vs 조정 행위 기사일: 앞 claim이 날짜까지 참일 때만.
TE0624,DN_EC0098,DN_J_JEONGJO_17930512_THEFT,TEMPORAL_BEFORE,MEDIUM,active(DN_EC0098) ∧ active(DN_J_JEONGJO_17930512_THEFT) ∧ E_EC0098,CLAIMED_VS_COURT_DATE_ORDER: 1793-03-04 < 1793-05-12,DN_EC0098: 주장 날짜 1793-03-04(claim 참일 때만) / DN_J_JEONGJO_17930512_THEFT: 조정 기사일 1793-05-12(행위 자체 기록일),CONDITIONAL_TEMPORAL,NO,주장 날짜 vs 조정 행위 기사일: 앞 claim이 날짜까지 참일 때만.
TE0625,DN_EC0098,DN_J_JEONGJO_17930613_JISE,TEMPORAL_BEFORE,MEDIUM,active(DN_EC0098) ∧ active(DN_J_JEONGJO_17930613_JISE) ∧ E_EC0098,CLAIMED_VS_COURT_DATE_ORDER: 1793-03-04 < 1793-06-13,DN_EC0098: 주장 날짜 1793-03-04(claim 참일 때만) / DN_J_JEONGJO_17930613_JISE: 조정 기사일 1793-06-13(행위 자체 기록일),CONDITIONAL_TEMPORAL,NO,주장 날짜 vs 조정 행위 기사일: 앞 claim이 날짜까지 참일 때만.
TE0626,DN_EC0098,DN_J_JEONGJO_17930613_KIM_DEATH,TEMPORAL_BEFORE,MEDIUM,active(DN_EC0098) ∧ active(DN_J_JEONGJO_17930613_KIM_DEATH) ∧ E_EC0098,CLAIMED_VS_COURT_DATE_ORDER: 1793-03-04 < 1793-06-13,DN_EC0098: 주장 날짜 1793-03-04(claim 참일 때만) / DN_J_JEONGJO_17930613_KIM_DEATH: 조정 기사일 1793-06-13(행위 자체 기록일),CONDITIONAL_TEMPORAL,NO,주장 날짜 vs 조정 행위 기사일: 앞 claim이 날짜까지 참일 때만.
TE0627,DN_EC0098,DN_J_JEONGJO_17930613_THEFT,TEMPORAL_BEFORE,MEDIUM,active(DN_EC0098) ∧ active(DN_J_JEONGJO_17930613_THEFT) ∧ E_EC0098,CLAIMED_VS_COURT_DATE_ORDER: 1793-03-04 < 1793-06-13,DN_EC0098: 주장 날짜 1793-03-04(claim 참일 때만) / DN_J_JEONGJO_17930613_THEFT: 조정 기사일 1793-06-13(행위 자체 기록일),CONDITIONAL_TEMPORAL,NO,주장 날짜 vs 조정 행위 기사일: 앞 claim이 날짜까지 참일 때만.
TE0628,DN_EC0099,DN_EC0020,TEMPORAL_BEFORE,MEDIUM,active(DN_EC0099) ∧ active(DN_EC0020) ∧ E_EC0099,CLAIMED_VS_COURT_DATE_ORDER: 1793-03-04 < 1793-05-12,DN_EC0099: 주장 날짜 1793-03-04(claim 참일 때만) / DN_EC0020: 조정 기사일 1793-05-12(행위 자체 기록일),CONDITIONAL_TEMPORAL,NO,주장 날짜 vs 조정 행위 기사일: 앞 claim이 날짜까지 참일 때만.
TE0629,DN_EC0099,DN_EC0021,TEMPORAL_BEFORE,MEDIUM,active(DN_EC0099) ∧ active(DN_EC0021) ∧ E_EC0099,CLAIMED_VS_COURT_DATE_ORDER: 1793-03-04 < 1793-05-12,DN_EC0099: 주장 날짜 1793-03-04(claim 참일 때만) / DN_EC0021: 조정 기사일 1793-05-12(행위 자체 기록일),CONDITIONAL_TEMPORAL,NO,주장 날짜 vs 조정 행위 기사일: 앞 claim이 날짜까지 참일 때만.
TE0630,DN_EC0099,DN_EC0023,TEMPORAL_BEFORE,MEDIUM,active(DN_EC0099) ∧ active(DN_EC0023) ∧ E_EC0099,CLAIMED_VS_COURT_DATE_ORDER: 1793-03-04 < 1793-05-12,DN_EC0099: 주장 날짜 1793-03-04(claim 참일 때만) / DN_EC0023: 조정 기사일 1793-05-12(행위 자체 기록일),CONDITIONAL_TEMPORAL,NO,주장 날짜 vs 조정 행위 기사일: 앞 claim이 날짜까지 참일 때만.
TE0631,DN_EC0099,DN_EC0044,TEMPORAL_BEFORE,MEDIUM,active(DN_EC0099) ∧ active(DN_EC0044) ∧ E_EC0099,CLAIMED_VS_COURT_DATE_ORDER: 1793-03-04 < 1793-05-27,DN_EC0099: 주장 날짜 1793-03-04(claim 참일 때만) / DN_EC0044: 조정 기사일 1793-05-27(행위 자체 기록일),CONDITIONAL_TEMPORAL,NO,주장 날짜 vs 조정 행위 기사일: 앞 claim이 날짜까지 참일 때만.
TE0632,DN_EC0099,DN_EC0045,TEMPORAL_BEFORE,MEDIUM,active(DN_EC0099) ∧ active(DN_EC0045) ∧ E_EC0099,CLAIMED_VS_COURT_DATE_ORDER: 1793-03-04 < 1793-05-27,DN_EC0099: 주장 날짜 1793-03-04(claim 참일 때만) / DN_EC0045: 조정 기사일 1793-05-27(행위 자체 기록일),CONDITIONAL_TEMPORAL,NO,주장 날짜 vs 조정 행위 기사일: 앞 claim이 날짜까지 참일 때만.
TE0633,DN_EC0099,DN_EC0048,TEMPORAL_BEFORE,MEDIUM,active(DN_EC0099) ∧ active(DN_EC0048) ∧ E_EC0099,CLAIMED_VS_COURT_DATE_ORDER: 1793-03-04 < 1793-05-28,DN_EC0099: 주장 날짜 1793-03-04(claim 참일 때만) / DN_EC0048: 조정 기사일 1793-05-28(행위 자체 기록일),CONDITIONAL_TEMPORAL,NO,주장 날짜 vs 조정 행위 기사일: 앞 claim이 날짜까지 참일 때만.
TE0634,DN_EC0099,DN_EC0049,TEMPORAL_BEFORE,MEDIUM,active(DN_EC0099) ∧ active(DN_EC0049) ∧ E_EC0099,CLAIMED_VS_COURT_DATE_ORDER: 1793-03-04 < 1793-05-28,DN_EC0099: 주장 날짜 1793-03-04(claim 참일 때만) / DN_EC0049: 조정 기사일 1793-05-28(행위 자체 기록일),CONDITIONAL_TEMPORAL,NO,주장 날짜 vs 조정 행위 기사일: 앞 claim이 날짜까지 참일 때만.
TE0635,DN_EC0099,DN_EC0061,TEMPORAL_BEFORE,MEDIUM,active(DN_EC0099) ∧ active(DN_EC0061) ∧ E_EC0099,CLAIMED_VS_COURT_DATE_ORDER: 1793-03-04 < 1793-06-11,DN_EC0099: 주장 날짜 1793-03-04(claim 참일 때만) / DN_EC0061: 조정 기사일 1793-06-11(행위 자체 기록일),CONDITIONAL_TEMPORAL,NO,주장 날짜 vs 조정 행위 기사일: 앞 claim이 날짜까지 참일 때만.
TE0636,DN_EC0099,DN_EC0062,TEMPORAL_BEFORE,MEDIUM,active(DN_EC0099) ∧ active(DN_EC0062) ∧ E_EC0099,CLAIMED_VS_COURT_DATE_ORDER: 1793-03-04 < 1793-06-11,DN_EC0099: 주장 날짜 1793-03-04(claim 참일 때만) / DN_EC0062: 조정 기사일 1793-06-11(행위 자체 기록일),CONDITIONAL_TEMPORAL,NO,주장 날짜 vs 조정 행위 기사일: 앞 claim이 날짜까지 참일 때만.
TE0637,DN_EC0099,DN_EC0150,TEMPORAL_BEFORE,MEDIUM,active(DN_EC0099) ∧ active(DN_EC0150) ∧ E_EC0099,CLAIMED_VS_COURT_DATE_ORDER: 1793-03-04 < 1793-06-13,DN_EC0099: 주장 날짜 1793-03-04(claim 참일 때만) / DN_EC0150: 조정 기사일 1793-06-13(행위 자체 기록일),CONDITIONAL_TEMPORAL,NO,주장 날짜 vs 조정 행위 기사일: 앞 claim이 날짜까지 참일 때만.
TE0638,DN_EC0099,DN_EC0151,TEMPORAL_BEFORE,MEDIUM,active(DN_EC0099) ∧ active(DN_EC0151) ∧ E_EC0099,CLAIMED_VS_COURT_DATE_ORDER: 1793-03-04 < 1793-06-13,DN_EC0099: 주장 날짜 1793-03-04(claim 참일 때만) / DN_EC0151: 조정 기사일 1793-06-13(행위 자체 기록일),CONDITIONAL_TEMPORAL,NO,주장 날짜 vs 조정 행위 기사일: 앞 claim이 날짜까지 참일 때만.
TE0639,DN_EC0099,DN_EC0152,TEMPORAL_BEFORE,MEDIUM,active(DN_EC0099) ∧ active(DN_EC0152) ∧ E_EC0099,CLAIMED_VS_COURT_DATE_ORDER: 1793-03-04 < 1793-06-13,DN_EC0099: 주장 날짜 1793-03-04(claim 참일 때만) / DN_EC0152: 조정 기사일 1793-06-13(행위 자체 기록일),CONDITIONAL_TEMPORAL,NO,주장 날짜 vs 조정 행위 기사일: 앞 claim이 날짜까지 참일 때만.
TE0640,DN_EC0099,DN_EC0153,TEMPORAL_BEFORE,MEDIUM,active(DN_EC0099) ∧ active(DN_EC0153) ∧ E_EC0099,CLAIMED_VS_COURT_DATE_ORDER: 1793-03-04 < 1793-06-13,DN_EC0099: 주장 날짜 1793-03-04(claim 참일 때만) / DN_EC0153: 조정 기사일 1793-06-13(행위 자체 기록일),CONDITIONAL_TEMPORAL,NO,주장 날짜 vs 조정 행위 기사일: 앞 claim이 날짜까지 참일 때만.
TE0641,DN_EC0099,DN_EC0154,TEMPORAL_BEFORE,MEDIUM,active(DN_EC0099) ∧ active(DN_EC0154) ∧ E_EC0099,CLAIMED_VS_COURT_DATE_ORDER: 1793-03-04 < 1793-06-13,DN_EC0099: 주장 날짜 1793-03-04(claim 참일 때만) / DN_EC0154: 조정 기사일 1793-06-13(행위 자체 기록일),CONDITIONAL_TEMPORAL,NO,주장 날짜 vs 조정 행위 기사일: 앞 claim이 날짜까지 참일 때만.
TE0642,DN_EC0099,DN_EC0155,TEMPORAL_BEFORE,MEDIUM,active(DN_EC0099) ∧ active(DN_EC0155) ∧ E_EC0099,CLAIMED_VS_COURT_DATE_ORDER: 1793-03-04 < 1793-06-16,DN_EC0099: 주장 날짜 1793-03-04(claim 참일 때만) / DN_EC0155: 조정 기사일 1793-06-16(행위 자체 기록일),CONDITIONAL_TEMPORAL,NO,주장 날짜 vs 조정 행위 기사일: 앞 claim이 날짜까지 참일 때만.
TE0643,DN_EC0099,DN_J_HONG_17930528_JISE,TEMPORAL_BEFORE,MEDIUM,active(DN_EC0099) ∧ active(DN_J_HONG_17930528_JISE) ∧ E_EC0099,CLAIMED_VS_COURT_DATE_ORDER: 1793-03-04 < 1793-05-28,DN_EC0099: 주장 날짜 1793-03-04(claim 참일 때만) / DN_J_HONG_17930528_JISE: 조정 기사일 1793-05-28(행위 자체 기록일),CONDITIONAL_TEMPORAL,NO,주장 날짜 vs 조정 행위 기사일: 앞 claim이 날짜까지 참일 때만.
TE0644,DN_EC0099,DN_J_HONG_17930613_JISE,TEMPORAL_BEFORE,MEDIUM,active(DN_EC0099) ∧ active(DN_J_HONG_17930613_JISE) ∧ E_EC0099,CLAIMED_VS_COURT_DATE_ORDER: 1793-03-04 < 1793-06-13,DN_EC0099: 주장 날짜 1793-03-04(claim 참일 때만) / DN_J_HONG_17930613_JISE: 조정 기사일 1793-06-13(행위 자체 기록일),CONDITIONAL_TEMPORAL,NO,주장 날짜 vs 조정 행위 기사일: 앞 claim이 날짜까지 참일 때만.
TE0645,DN_EC0099,DN_J_HONG_17930613_KIM_DEATH,TEMPORAL_BEFORE,MEDIUM,active(DN_EC0099) ∧ active(DN_J_HONG_17930613_KIM_DEATH) ∧ E_EC0099,CLAIMED_VS_COURT_DATE_ORDER: 1793-03-04 < 1793-06-13,DN_EC0099: 주장 날짜 1793-03-04(claim 참일 때만) / DN_J_HONG_17930613_KIM_DEATH: 조정 기사일 1793-06-13(행위 자체 기록일),CONDITIONAL_TEMPORAL,NO,주장 날짜 vs 조정 행위 기사일: 앞 claim이 날짜까지 참일 때만.
TE0646,DN_EC0099,DN_J_HONG_17930613_THEFT,TEMPORAL_BEFORE,MEDIUM,active(DN_EC0099) ∧ active(DN_J_HONG_17930613_THEFT) ∧ E_EC0099,CLAIMED_VS_COURT_DATE_ORDER: 1793-03-04 < 1793-06-13,DN_EC0099: 주장 날짜 1793-03-04(claim 참일 때만) / DN_J_HONG_17930613_THEFT: 조정 기사일 1793-06-13(행위 자체 기록일),CONDITIONAL_TEMPORAL,NO,주장 날짜 vs 조정 행위 기사일: 앞 claim이 날짜까지 참일 때만.
TE0647,DN_EC0099,DN_J_IJOWON_17930527_JISE,TEMPORAL_BEFORE,MEDIUM,active(DN_EC0099) ∧ active(DN_J_IJOWON_17930527_JISE) ∧ E_EC0099,CLAIMED_VS_COURT_DATE_ORDER: 1793-03-04 < 1793-05-27,DN_EC0099: 주장 날짜 1793-03-04(claim 참일 때만) / DN_J_IJOWON_17930527_JISE: 조정 기사일 1793-05-27(행위 자체 기록일),CONDITIONAL_TEMPORAL,NO,주장 날짜 vs 조정 행위 기사일: 앞 claim이 날짜까지 참일 때만.
TE0648,DN_EC0099,DN_J_IJOWON_17930527_KIM_DEATH,TEMPORAL_BEFORE,MEDIUM,active(DN_EC0099) ∧ active(DN_J_IJOWON_17930527_KIM_DEATH) ∧ E_EC0099,CLAIMED_VS_COURT_DATE_ORDER: 1793-03-04 < 1793-05-27,DN_EC0099: 주장 날짜 1793-03-04(claim 참일 때만) / DN_J_IJOWON_17930527_KIM_DEATH: 조정 기사일 1793-05-27(행위 자체 기록일),CONDITIONAL_TEMPORAL,NO,주장 날짜 vs 조정 행위 기사일: 앞 claim이 날짜까지 참일 때만.
TE0649,DN_EC0099,DN_J_IJOWON_17930527_THEFT,TEMPORAL_BEFORE,MEDIUM,active(DN_EC0099) ∧ active(DN_J_IJOWON_17930527_THEFT) ∧ E_EC0099,CLAIMED_VS_COURT_DATE_ORDER: 1793-03-04 < 1793-05-27,DN_EC0099: 주장 날짜 1793-03-04(claim 참일 때만) / DN_J_IJOWON_17930527_THEFT: 조정 기사일 1793-05-27(행위 자체 기록일),CONDITIONAL_TEMPORAL,NO,주장 날짜 vs 조정 행위 기사일: 앞 claim이 날짜까지 참일 때만.
TE0650,DN_EC0099,DN_J_JEONGJO_17930512_THEFT,TEMPORAL_BEFORE,MEDIUM,active(DN_EC0099) ∧ active(DN_J_JEONGJO_17930512_THEFT) ∧ E_EC0099,CLAIMED_VS_COURT_DATE_ORDER: 1793-03-04 < 1793-05-12,DN_EC0099: 주장 날짜 1793-03-04(claim 참일 때만) / DN_J_JEONGJO_17930512_THEFT: 조정 기사일 1793-05-12(행위 자체 기록일),CONDITIONAL_TEMPORAL,NO,주장 날짜 vs 조정 행위 기사일: 앞 claim이 날짜까지 참일 때만.
TE0651,DN_EC0099,DN_J_JEONGJO_17930613_JISE,TEMPORAL_BEFORE,MEDIUM,active(DN_EC0099) ∧ active(DN_J_JEONGJO_17930613_JISE) ∧ E_EC0099,CLAIMED_VS_COURT_DATE_ORDER: 1793-03-04 < 1793-06-13,DN_EC0099: 주장 날짜 1793-03-04(claim 참일 때만) / DN_J_JEONGJO_17930613_JISE: 조정 기사일 1793-06-13(행위 자체 기록일),CONDITIONAL_TEMPORAL,NO,주장 날짜 vs 조정 행위 기사일: 앞 claim이 날짜까지 참일 때만.
TE0652,DN_EC0099,DN_J_JEONGJO_17930613_KIM_DEATH,TEMPORAL_BEFORE,MEDIUM,active(DN_EC0099) ∧ active(DN_J_JEONGJO_17930613_KIM_DEATH) ∧ E_EC0099,CLAIMED_VS_COURT_DATE_ORDER: 1793-03-04 < 1793-06-13,DN_EC0099: 주장 날짜 1793-03-04(claim 참일 때만) / DN_J_JEONGJO_17930613_KIM_DEATH: 조정 기사일 1793-06-13(행위 자체 기록일),CONDITIONAL_TEMPORAL,NO,주장 날짜 vs 조정 행위 기사일: 앞 claim이 날짜까지 참일 때만.
TE0653,DN_EC0099,DN_J_JEONGJO_17930613_THEFT,TEMPORAL_BEFORE,MEDIUM,active(DN_EC0099) ∧ active(DN_J_JEONGJO_17930613_THEFT) ∧ E_EC0099,CLAIMED_VS_COURT_DATE_ORDER: 1793-03-04 < 1793-06-13,DN_EC0099: 주장 날짜 1793-03-04(claim 참일 때만) / DN_J_JEONGJO_17930613_THEFT: 조정 기사일 1793-06-13(행위 자체 기록일),CONDITIONAL_TEMPORAL,NO,주장 날짜 vs 조정 행위 기사일: 앞 claim이 날짜까지 참일 때만.
TE0654,DN_EC0100,DN_EC0020,TEMPORAL_BEFORE,MEDIUM,active(DN_EC0100) ∧ active(DN_EC0020) ∧ E_EC0100,CLAIMED_VS_COURT_DATE_ORDER: 1793-03-04 < 1793-05-12,DN_EC0100: 주장 날짜 1793-03-04(claim 참일 때만) / DN_EC0020: 조정 기사일 1793-05-12(행위 자체 기록일),CONDITIONAL_TEMPORAL,NO,주장 날짜 vs 조정 행위 기사일: 앞 claim이 날짜까지 참일 때만.
TE0655,DN_EC0100,DN_EC0021,TEMPORAL_BEFORE,MEDIUM,active(DN_EC0100) ∧ active(DN_EC0021) ∧ E_EC0100,CLAIMED_VS_COURT_DATE_ORDER: 1793-03-04 < 1793-05-12,DN_EC0100: 주장 날짜 1793-03-04(claim 참일 때만) / DN_EC0021: 조정 기사일 1793-05-12(행위 자체 기록일),CONDITIONAL_TEMPORAL,NO,주장 날짜 vs 조정 행위 기사일: 앞 claim이 날짜까지 참일 때만.
TE0656,DN_EC0100,DN_EC0023,TEMPORAL_BEFORE,MEDIUM,active(DN_EC0100) ∧ active(DN_EC0023) ∧ E_EC0100,CLAIMED_VS_COURT_DATE_ORDER: 1793-03-04 < 1793-05-12,DN_EC0100: 주장 날짜 1793-03-04(claim 참일 때만) / DN_EC0023: 조정 기사일 1793-05-12(행위 자체 기록일),CONDITIONAL_TEMPORAL,NO,주장 날짜 vs 조정 행위 기사일: 앞 claim이 날짜까지 참일 때만.
TE0657,DN_EC0100,DN_EC0044,TEMPORAL_BEFORE,MEDIUM,active(DN_EC0100) ∧ active(DN_EC0044) ∧ E_EC0100,CLAIMED_VS_COURT_DATE_ORDER: 1793-03-04 < 1793-05-27,DN_EC0100: 주장 날짜 1793-03-04(claim 참일 때만) / DN_EC0044: 조정 기사일 1793-05-27(행위 자체 기록일),CONDITIONAL_TEMPORAL,NO,주장 날짜 vs 조정 행위 기사일: 앞 claim이 날짜까지 참일 때만.
TE0658,DN_EC0100,DN_EC0045,TEMPORAL_BEFORE,MEDIUM,active(DN_EC0100) ∧ active(DN_EC0045) ∧ E_EC0100,CLAIMED_VS_COURT_DATE_ORDER: 1793-03-04 < 1793-05-27,DN_EC0100: 주장 날짜 1793-03-04(claim 참일 때만) / DN_EC0045: 조정 기사일 1793-05-27(행위 자체 기록일),CONDITIONAL_TEMPORAL,NO,주장 날짜 vs 조정 행위 기사일: 앞 claim이 날짜까지 참일 때만.
TE0659,DN_EC0100,DN_EC0048,TEMPORAL_BEFORE,MEDIUM,active(DN_EC0100) ∧ active(DN_EC0048) ∧ E_EC0100,CLAIMED_VS_COURT_DATE_ORDER: 1793-03-04 < 1793-05-28,DN_EC0100: 주장 날짜 1793-03-04(claim 참일 때만) / DN_EC0048: 조정 기사일 1793-05-28(행위 자체 기록일),CONDITIONAL_TEMPORAL,NO,주장 날짜 vs 조정 행위 기사일: 앞 claim이 날짜까지 참일 때만.
TE0660,DN_EC0100,DN_EC0049,TEMPORAL_BEFORE,MEDIUM,active(DN_EC0100) ∧ active(DN_EC0049) ∧ E_EC0100,CLAIMED_VS_COURT_DATE_ORDER: 1793-03-04 < 1793-05-28,DN_EC0100: 주장 날짜 1793-03-04(claim 참일 때만) / DN_EC0049: 조정 기사일 1793-05-28(행위 자체 기록일),CONDITIONAL_TEMPORAL,NO,주장 날짜 vs 조정 행위 기사일: 앞 claim이 날짜까지 참일 때만.
TE0661,DN_EC0100,DN_EC0061,TEMPORAL_BEFORE,MEDIUM,active(DN_EC0100) ∧ active(DN_EC0061) ∧ E_EC0100,CLAIMED_VS_COURT_DATE_ORDER: 1793-03-04 < 1793-06-11,DN_EC0100: 주장 날짜 1793-03-04(claim 참일 때만) / DN_EC0061: 조정 기사일 1793-06-11(행위 자체 기록일),CONDITIONAL_TEMPORAL,NO,주장 날짜 vs 조정 행위 기사일: 앞 claim이 날짜까지 참일 때만.
TE0662,DN_EC0100,DN_EC0062,TEMPORAL_BEFORE,MEDIUM,active(DN_EC0100) ∧ active(DN_EC0062) ∧ E_EC0100,CLAIMED_VS_COURT_DATE_ORDER: 1793-03-04 < 1793-06-11,DN_EC0100: 주장 날짜 1793-03-04(claim 참일 때만) / DN_EC0062: 조정 기사일 1793-06-11(행위 자체 기록일),CONDITIONAL_TEMPORAL,NO,주장 날짜 vs 조정 행위 기사일: 앞 claim이 날짜까지 참일 때만.
TE0663,DN_EC0100,DN_EC0150,TEMPORAL_BEFORE,MEDIUM,active(DN_EC0100) ∧ active(DN_EC0150) ∧ E_EC0100,CLAIMED_VS_COURT_DATE_ORDER: 1793-03-04 < 1793-06-13,DN_EC0100: 주장 날짜 1793-03-04(claim 참일 때만) / DN_EC0150: 조정 기사일 1793-06-13(행위 자체 기록일),CONDITIONAL_TEMPORAL,NO,주장 날짜 vs 조정 행위 기사일: 앞 claim이 날짜까지 참일 때만.
TE0664,DN_EC0100,DN_EC0151,TEMPORAL_BEFORE,MEDIUM,active(DN_EC0100) ∧ active(DN_EC0151) ∧ E_EC0100,CLAIMED_VS_COURT_DATE_ORDER: 1793-03-04 < 1793-06-13,DN_EC0100: 주장 날짜 1793-03-04(claim 참일 때만) / DN_EC0151: 조정 기사일 1793-06-13(행위 자체 기록일),CONDITIONAL_TEMPORAL,NO,주장 날짜 vs 조정 행위 기사일: 앞 claim이 날짜까지 참일 때만.
TE0665,DN_EC0100,DN_EC0152,TEMPORAL_BEFORE,MEDIUM,active(DN_EC0100) ∧ active(DN_EC0152) ∧ E_EC0100,CLAIMED_VS_COURT_DATE_ORDER: 1793-03-04 < 1793-06-13,DN_EC0100: 주장 날짜 1793-03-04(claim 참일 때만) / DN_EC0152: 조정 기사일 1793-06-13(행위 자체 기록일),CONDITIONAL_TEMPORAL,NO,주장 날짜 vs 조정 행위 기사일: 앞 claim이 날짜까지 참일 때만.
TE0666,DN_EC0100,DN_EC0153,TEMPORAL_BEFORE,MEDIUM,active(DN_EC0100) ∧ active(DN_EC0153) ∧ E_EC0100,CLAIMED_VS_COURT_DATE_ORDER: 1793-03-04 < 1793-06-13,DN_EC0100: 주장 날짜 1793-03-04(claim 참일 때만) / DN_EC0153: 조정 기사일 1793-06-13(행위 자체 기록일),CONDITIONAL_TEMPORAL,NO,주장 날짜 vs 조정 행위 기사일: 앞 claim이 날짜까지 참일 때만.
TE0667,DN_EC0100,DN_EC0154,TEMPORAL_BEFORE,MEDIUM,active(DN_EC0100) ∧ active(DN_EC0154) ∧ E_EC0100,CLAIMED_VS_COURT_DATE_ORDER: 1793-03-04 < 1793-06-13,DN_EC0100: 주장 날짜 1793-03-04(claim 참일 때만) / DN_EC0154: 조정 기사일 1793-06-13(행위 자체 기록일),CONDITIONAL_TEMPORAL,NO,주장 날짜 vs 조정 행위 기사일: 앞 claim이 날짜까지 참일 때만.
TE0668,DN_EC0100,DN_EC0155,TEMPORAL_BEFORE,MEDIUM,active(DN_EC0100) ∧ active(DN_EC0155) ∧ E_EC0100,CLAIMED_VS_COURT_DATE_ORDER: 1793-03-04 < 1793-06-16,DN_EC0100: 주장 날짜 1793-03-04(claim 참일 때만) / DN_EC0155: 조정 기사일 1793-06-16(행위 자체 기록일),CONDITIONAL_TEMPORAL,NO,주장 날짜 vs 조정 행위 기사일: 앞 claim이 날짜까지 참일 때만.
TE0669,DN_EC0100,DN_J_HONG_17930528_JISE,TEMPORAL_BEFORE,MEDIUM,active(DN_EC0100) ∧ active(DN_J_HONG_17930528_JISE) ∧ E_EC0100,CLAIMED_VS_COURT_DATE_ORDER: 1793-03-04 < 1793-05-28,DN_EC0100: 주장 날짜 1793-03-04(claim 참일 때만) / DN_J_HONG_17930528_JISE: 조정 기사일 1793-05-28(행위 자체 기록일),CONDITIONAL_TEMPORAL,NO,주장 날짜 vs 조정 행위 기사일: 앞 claim이 날짜까지 참일 때만.
TE0670,DN_EC0100,DN_J_HONG_17930613_JISE,TEMPORAL_BEFORE,MEDIUM,active(DN_EC0100) ∧ active(DN_J_HONG_17930613_JISE) ∧ E_EC0100,CLAIMED_VS_COURT_DATE_ORDER: 1793-03-04 < 1793-06-13,DN_EC0100: 주장 날짜 1793-03-04(claim 참일 때만) / DN_J_HONG_17930613_JISE: 조정 기사일 1793-06-13(행위 자체 기록일),CONDITIONAL_TEMPORAL,NO,주장 날짜 vs 조정 행위 기사일: 앞 claim이 날짜까지 참일 때만.
TE0671,DN_EC0100,DN_J_HONG_17930613_KIM_DEATH,TEMPORAL_BEFORE,MEDIUM,active(DN_EC0100) ∧ active(DN_J_HONG_17930613_KIM_DEATH) ∧ E_EC0100,CLAIMED_VS_COURT_DATE_ORDER: 1793-03-04 < 1793-06-13,DN_EC0100: 주장 날짜 1793-03-04(claim 참일 때만) / DN_J_HONG_17930613_KIM_DEATH: 조정 기사일 1793-06-13(행위 자체 기록일),CONDITIONAL_TEMPORAL,NO,주장 날짜 vs 조정 행위 기사일: 앞 claim이 날짜까지 참일 때만.
TE0672,DN_EC0100,DN_J_HONG_17930613_THEFT,TEMPORAL_BEFORE,MEDIUM,active(DN_EC0100) ∧ active(DN_J_HONG_17930613_THEFT) ∧ E_EC0100,CLAIMED_VS_COURT_DATE_ORDER: 1793-03-04 < 1793-06-13,DN_EC0100: 주장 날짜 1793-03-04(claim 참일 때만) / DN_J_HONG_17930613_THEFT: 조정 기사일 1793-06-13(행위 자체 기록일),CONDITIONAL_TEMPORAL,NO,주장 날짜 vs 조정 행위 기사일: 앞 claim이 날짜까지 참일 때만.
TE0673,DN_EC0100,DN_J_IJOWON_17930527_JISE,TEMPORAL_BEFORE,MEDIUM,active(DN_EC0100) ∧ active(DN_J_IJOWON_17930527_JISE) ∧ E_EC0100,CLAIMED_VS_COURT_DATE_ORDER: 1793-03-04 < 1793-05-27,DN_EC0100: 주장 날짜 1793-03-04(claim 참일 때만) / DN_J_IJOWON_17930527_JISE: 조정 기사일 1793-05-27(행위 자체 기록일),CONDITIONAL_TEMPORAL,NO,주장 날짜 vs 조정 행위 기사일: 앞 claim이 날짜까지 참일 때만.
TE0674,DN_EC0100,DN_J_IJOWON_17930527_KIM_DEATH,TEMPORAL_BEFORE,MEDIUM,active(DN_EC0100) ∧ active(DN_J_IJOWON_17930527_KIM_DEATH) ∧ E_EC0100,CLAIMED_VS_COURT_DATE_ORDER: 1793-03-04 < 1793-05-27,DN_EC0100: 주장 날짜 1793-03-04(claim 참일 때만) / DN_J_IJOWON_17930527_KIM_DEATH: 조정 기사일 1793-05-27(행위 자체 기록일),CONDITIONAL_TEMPORAL,NO,주장 날짜 vs 조정 행위 기사일: 앞 claim이 날짜까지 참일 때만.
TE0675,DN_EC0100,DN_J_IJOWON_17930527_THEFT,TEMPORAL_BEFORE,MEDIUM,active(DN_EC0100) ∧ active(DN_J_IJOWON_17930527_THEFT) ∧ E_EC0100,CLAIMED_VS_COURT_DATE_ORDER: 1793-03-04 < 1793-05-27,DN_EC0100: 주장 날짜 1793-03-04(claim 참일 때만) / DN_J_IJOWON_17930527_THEFT: 조정 기사일 1793-05-27(행위 자체 기록일),CONDITIONAL_TEMPORAL,NO,주장 날짜 vs 조정 행위 기사일: 앞 claim이 날짜까지 참일 때만.
TE0676,DN_EC0100,DN_J_JEONGJO_17930512_THEFT,TEMPORAL_BEFORE,MEDIUM,active(DN_EC0100) ∧ active(DN_J_JEONGJO_17930512_THEFT) ∧ E_EC0100,CLAIMED_VS_COURT_DATE_ORDER: 1793-03-04 < 1793-05-12,DN_EC0100: 주장 날짜 1793-03-04(claim 참일 때만) / DN_J_JEONGJO_17930512_THEFT: 조정 기사일 1793-05-12(행위 자체 기록일),CONDITIONAL_TEMPORAL,NO,주장 날짜 vs 조정 행위 기사일: 앞 claim이 날짜까지 참일 때만.
TE0677,DN_EC0100,DN_J_JEONGJO_17930613_JISE,TEMPORAL_BEFORE,MEDIUM,active(DN_EC0100) ∧ active(DN_J_JEONGJO_17930613_JISE) ∧ E_EC0100,CLAIMED_VS_COURT_DATE_ORDER: 1793-03-04 < 1793-06-13,DN_EC0100: 주장 날짜 1793-03-04(claim 참일 때만) / DN_J_JEONGJO_17930613_JISE: 조정 기사일 1793-06-13(행위 자체 기록일),CONDITIONAL_TEMPORAL,NO,주장 날짜 vs 조정 행위 기사일: 앞 claim이 날짜까지 참일 때만.
TE0678,DN_EC0100,DN_J_JEONGJO_17930613_KIM_DEATH,TEMPORAL_BEFORE,MEDIUM,active(DN_EC0100) ∧ active(DN_J_JEONGJO_17930613_KIM_DEATH) ∧ E_EC0100,CLAIMED_VS_COURT_DATE_ORDER: 1793-03-04 < 1793-06-13,DN_EC0100: 주장 날짜 1793-03-04(claim 참일 때만) / DN_J_JEONGJO_17930613_KIM_DEATH: 조정 기사일 1793-06-13(행위 자체 기록일),CONDITIONAL_TEMPORAL,NO,주장 날짜 vs 조정 행위 기사일: 앞 claim이 날짜까지 참일 때만.
TE0679,DN_EC0100,DN_J_JEONGJO_17930613_THEFT,TEMPORAL_BEFORE,MEDIUM,active(DN_EC0100) ∧ active(DN_J_JEONGJO_17930613_THEFT) ∧ E_EC0100,CLAIMED_VS_COURT_DATE_ORDER: 1793-03-04 < 1793-06-13,DN_EC0100: 주장 날짜 1793-03-04(claim 참일 때만) / DN_J_JEONGJO_17930613_THEFT: 조정 기사일 1793-06-13(행위 자체 기록일),CONDITIONAL_TEMPORAL,NO,주장 날짜 vs 조정 행위 기사일: 앞 claim이 날짜까지 참일 때만.
TE0680,DN_EC0101,DN_EC0020,TEMPORAL_BEFORE,MEDIUM,active(DN_EC0101) ∧ active(DN_EC0020) ∧ E_EC0101,CLAIMED_VS_COURT_DATE_ORDER: 1793-03-04 < 1793-05-12,DN_EC0101: 주장 날짜 1793-03-04(claim 참일 때만) / DN_EC0020: 조정 기사일 1793-05-12(행위 자체 기록일),CONDITIONAL_TEMPORAL,NO,주장 날짜 vs 조정 행위 기사일: 앞 claim이 날짜까지 참일 때만.
TE0681,DN_EC0101,DN_EC0021,TEMPORAL_BEFORE,MEDIUM,active(DN_EC0101) ∧ active(DN_EC0021) ∧ E_EC0101,CLAIMED_VS_COURT_DATE_ORDER: 1793-03-04 < 1793-05-12,DN_EC0101: 주장 날짜 1793-03-04(claim 참일 때만) / DN_EC0021: 조정 기사일 1793-05-12(행위 자체 기록일),CONDITIONAL_TEMPORAL,NO,주장 날짜 vs 조정 행위 기사일: 앞 claim이 날짜까지 참일 때만.
TE0682,DN_EC0101,DN_EC0023,TEMPORAL_BEFORE,MEDIUM,active(DN_EC0101) ∧ active(DN_EC0023) ∧ E_EC0101,CLAIMED_VS_COURT_DATE_ORDER: 1793-03-04 < 1793-05-12,DN_EC0101: 주장 날짜 1793-03-04(claim 참일 때만) / DN_EC0023: 조정 기사일 1793-05-12(행위 자체 기록일),CONDITIONAL_TEMPORAL,NO,주장 날짜 vs 조정 행위 기사일: 앞 claim이 날짜까지 참일 때만.
TE0683,DN_EC0101,DN_EC0044,TEMPORAL_BEFORE,MEDIUM,active(DN_EC0101) ∧ active(DN_EC0044) ∧ E_EC0101,CLAIMED_VS_COURT_DATE_ORDER: 1793-03-04 < 1793-05-27,DN_EC0101: 주장 날짜 1793-03-04(claim 참일 때만) / DN_EC0044: 조정 기사일 1793-05-27(행위 자체 기록일),CONDITIONAL_TEMPORAL,NO,주장 날짜 vs 조정 행위 기사일: 앞 claim이 날짜까지 참일 때만.
TE0684,DN_EC0101,DN_EC0045,TEMPORAL_BEFORE,MEDIUM,active(DN_EC0101) ∧ active(DN_EC0045) ∧ E_EC0101,CLAIMED_VS_COURT_DATE_ORDER: 1793-03-04 < 1793-05-27,DN_EC0101: 주장 날짜 1793-03-04(claim 참일 때만) / DN_EC0045: 조정 기사일 1793-05-27(행위 자체 기록일),CONDITIONAL_TEMPORAL,NO,주장 날짜 vs 조정 행위 기사일: 앞 claim이 날짜까지 참일 때만.
TE0685,DN_EC0101,DN_EC0048,TEMPORAL_BEFORE,MEDIUM,active(DN_EC0101) ∧ active(DN_EC0048) ∧ E_EC0101,CLAIMED_VS_COURT_DATE_ORDER: 1793-03-04 < 1793-05-28,DN_EC0101: 주장 날짜 1793-03-04(claim 참일 때만) / DN_EC0048: 조정 기사일 1793-05-28(행위 자체 기록일),CONDITIONAL_TEMPORAL,NO,주장 날짜 vs 조정 행위 기사일: 앞 claim이 날짜까지 참일 때만.
TE0686,DN_EC0101,DN_EC0049,TEMPORAL_BEFORE,MEDIUM,active(DN_EC0101) ∧ active(DN_EC0049) ∧ E_EC0101,CLAIMED_VS_COURT_DATE_ORDER: 1793-03-04 < 1793-05-28,DN_EC0101: 주장 날짜 1793-03-04(claim 참일 때만) / DN_EC0049: 조정 기사일 1793-05-28(행위 자체 기록일),CONDITIONAL_TEMPORAL,NO,주장 날짜 vs 조정 행위 기사일: 앞 claim이 날짜까지 참일 때만.
TE0687,DN_EC0101,DN_EC0061,TEMPORAL_BEFORE,MEDIUM,active(DN_EC0101) ∧ active(DN_EC0061) ∧ E_EC0101,CLAIMED_VS_COURT_DATE_ORDER: 1793-03-04 < 1793-06-11,DN_EC0101: 주장 날짜 1793-03-04(claim 참일 때만) / DN_EC0061: 조정 기사일 1793-06-11(행위 자체 기록일),CONDITIONAL_TEMPORAL,NO,주장 날짜 vs 조정 행위 기사일: 앞 claim이 날짜까지 참일 때만.
TE0688,DN_EC0101,DN_EC0062,TEMPORAL_BEFORE,MEDIUM,active(DN_EC0101) ∧ active(DN_EC0062) ∧ E_EC0101,CLAIMED_VS_COURT_DATE_ORDER: 1793-03-04 < 1793-06-11,DN_EC0101: 주장 날짜 1793-03-04(claim 참일 때만) / DN_EC0062: 조정 기사일 1793-06-11(행위 자체 기록일),CONDITIONAL_TEMPORAL,NO,주장 날짜 vs 조정 행위 기사일: 앞 claim이 날짜까지 참일 때만.
TE0689,DN_EC0101,DN_EC0150,TEMPORAL_BEFORE,MEDIUM,active(DN_EC0101) ∧ active(DN_EC0150) ∧ E_EC0101,CLAIMED_VS_COURT_DATE_ORDER: 1793-03-04 < 1793-06-13,DN_EC0101: 주장 날짜 1793-03-04(claim 참일 때만) / DN_EC0150: 조정 기사일 1793-06-13(행위 자체 기록일),CONDITIONAL_TEMPORAL,NO,주장 날짜 vs 조정 행위 기사일: 앞 claim이 날짜까지 참일 때만.
TE0690,DN_EC0101,DN_EC0151,TEMPORAL_BEFORE,MEDIUM,active(DN_EC0101) ∧ active(DN_EC0151) ∧ E_EC0101,CLAIMED_VS_COURT_DATE_ORDER: 1793-03-04 < 1793-06-13,DN_EC0101: 주장 날짜 1793-03-04(claim 참일 때만) / DN_EC0151: 조정 기사일 1793-06-13(행위 자체 기록일),CONDITIONAL_TEMPORAL,NO,주장 날짜 vs 조정 행위 기사일: 앞 claim이 날짜까지 참일 때만.
TE0691,DN_EC0101,DN_EC0152,TEMPORAL_BEFORE,MEDIUM,active(DN_EC0101) ∧ active(DN_EC0152) ∧ E_EC0101,CLAIMED_VS_COURT_DATE_ORDER: 1793-03-04 < 1793-06-13,DN_EC0101: 주장 날짜 1793-03-04(claim 참일 때만) / DN_EC0152: 조정 기사일 1793-06-13(행위 자체 기록일),CONDITIONAL_TEMPORAL,NO,주장 날짜 vs 조정 행위 기사일: 앞 claim이 날짜까지 참일 때만.
TE0692,DN_EC0101,DN_EC0153,TEMPORAL_BEFORE,MEDIUM,active(DN_EC0101) ∧ active(DN_EC0153) ∧ E_EC0101,CLAIMED_VS_COURT_DATE_ORDER: 1793-03-04 < 1793-06-13,DN_EC0101: 주장 날짜 1793-03-04(claim 참일 때만) / DN_EC0153: 조정 기사일 1793-06-13(행위 자체 기록일),CONDITIONAL_TEMPORAL,NO,주장 날짜 vs 조정 행위 기사일: 앞 claim이 날짜까지 참일 때만.
TE0693,DN_EC0101,DN_EC0154,TEMPORAL_BEFORE,MEDIUM,active(DN_EC0101) ∧ active(DN_EC0154) ∧ E_EC0101,CLAIMED_VS_COURT_DATE_ORDER: 1793-03-04 < 1793-06-13,DN_EC0101: 주장 날짜 1793-03-04(claim 참일 때만) / DN_EC0154: 조정 기사일 1793-06-13(행위 자체 기록일),CONDITIONAL_TEMPORAL,NO,주장 날짜 vs 조정 행위 기사일: 앞 claim이 날짜까지 참일 때만.
TE0694,DN_EC0101,DN_EC0155,TEMPORAL_BEFORE,MEDIUM,active(DN_EC0101) ∧ active(DN_EC0155) ∧ E_EC0101,CLAIMED_VS_COURT_DATE_ORDER: 1793-03-04 < 1793-06-16,DN_EC0101: 주장 날짜 1793-03-04(claim 참일 때만) / DN_EC0155: 조정 기사일 1793-06-16(행위 자체 기록일),CONDITIONAL_TEMPORAL,NO,주장 날짜 vs 조정 행위 기사일: 앞 claim이 날짜까지 참일 때만.
TE0695,DN_EC0101,DN_J_HONG_17930528_JISE,TEMPORAL_BEFORE,MEDIUM,active(DN_EC0101) ∧ active(DN_J_HONG_17930528_JISE) ∧ E_EC0101,CLAIMED_VS_COURT_DATE_ORDER: 1793-03-04 < 1793-05-28,DN_EC0101: 주장 날짜 1793-03-04(claim 참일 때만) / DN_J_HONG_17930528_JISE: 조정 기사일 1793-05-28(행위 자체 기록일),CONDITIONAL_TEMPORAL,NO,주장 날짜 vs 조정 행위 기사일: 앞 claim이 날짜까지 참일 때만.
TE0696,DN_EC0101,DN_J_HONG_17930613_JISE,TEMPORAL_BEFORE,MEDIUM,active(DN_EC0101) ∧ active(DN_J_HONG_17930613_JISE) ∧ E_EC0101,CLAIMED_VS_COURT_DATE_ORDER: 1793-03-04 < 1793-06-13,DN_EC0101: 주장 날짜 1793-03-04(claim 참일 때만) / DN_J_HONG_17930613_JISE: 조정 기사일 1793-06-13(행위 자체 기록일),CONDITIONAL_TEMPORAL,NO,주장 날짜 vs 조정 행위 기사일: 앞 claim이 날짜까지 참일 때만.
TE0697,DN_EC0101,DN_J_HONG_17930613_KIM_DEATH,TEMPORAL_BEFORE,MEDIUM,active(DN_EC0101) ∧ active(DN_J_HONG_17930613_KIM_DEATH) ∧ E_EC0101,CLAIMED_VS_COURT_DATE_ORDER: 1793-03-04 < 1793-06-13,DN_EC0101: 주장 날짜 1793-03-04(claim 참일 때만) / DN_J_HONG_17930613_KIM_DEATH: 조정 기사일 1793-06-13(행위 자체 기록일),CONDITIONAL_TEMPORAL,NO,주장 날짜 vs 조정 행위 기사일: 앞 claim이 날짜까지 참일 때만.
TE0698,DN_EC0101,DN_J_HONG_17930613_THEFT,TEMPORAL_BEFORE,MEDIUM,active(DN_EC0101) ∧ active(DN_J_HONG_17930613_THEFT) ∧ E_EC0101,CLAIMED_VS_COURT_DATE_ORDER: 1793-03-04 < 1793-06-13,DN_EC0101: 주장 날짜 1793-03-04(claim 참일 때만) / DN_J_HONG_17930613_THEFT: 조정 기사일 1793-06-13(행위 자체 기록일),CONDITIONAL_TEMPORAL,NO,주장 날짜 vs 조정 행위 기사일: 앞 claim이 날짜까지 참일 때만.
TE0699,DN_EC0101,DN_J_IJOWON_17930527_JISE,TEMPORAL_BEFORE,MEDIUM,active(DN_EC0101) ∧ active(DN_J_IJOWON_17930527_JISE) ∧ E_EC0101,CLAIMED_VS_COURT_DATE_ORDER: 1793-03-04 < 1793-05-27,DN_EC0101: 주장 날짜 1793-03-04(claim 참일 때만) / DN_J_IJOWON_17930527_JISE: 조정 기사일 1793-05-27(행위 자체 기록일),CONDITIONAL_TEMPORAL,NO,주장 날짜 vs 조정 행위 기사일: 앞 claim이 날짜까지 참일 때만.
TE0700,DN_EC0101,DN_J_IJOWON_17930527_KIM_DEATH,TEMPORAL_BEFORE,MEDIUM,active(DN_EC0101) ∧ active(DN_J_IJOWON_17930527_KIM_DEATH) ∧ E_EC0101,CLAIMED_VS_COURT_DATE_ORDER: 1793-03-04 < 1793-05-27,DN_EC0101: 주장 날짜 1793-03-04(claim 참일 때만) / DN_J_IJOWON_17930527_KIM_DEATH: 조정 기사일 1793-05-27(행위 자체 기록일),CONDITIONAL_TEMPORAL,NO,주장 날짜 vs 조정 행위 기사일: 앞 claim이 날짜까지 참일 때만.
TE0701,DN_EC0101,DN_J_IJOWON_17930527_THEFT,TEMPORAL_BEFORE,MEDIUM,active(DN_EC0101) ∧ active(DN_J_IJOWON_17930527_THEFT) ∧ E_EC0101,CLAIMED_VS_COURT_DATE_ORDER: 1793-03-04 < 1793-05-27,DN_EC0101: 주장 날짜 1793-03-04(claim 참일 때만) / DN_J_IJOWON_17930527_THEFT: 조정 기사일 1793-05-27(행위 자체 기록일),CONDITIONAL_TEMPORAL,NO,주장 날짜 vs 조정 행위 기사일: 앞 claim이 날짜까지 참일 때만.
TE0702,DN_EC0101,DN_J_JEONGJO_17930512_THEFT,TEMPORAL_BEFORE,MEDIUM,active(DN_EC0101) ∧ active(DN_J_JEONGJO_17930512_THEFT) ∧ E_EC0101,CLAIMED_VS_COURT_DATE_ORDER: 1793-03-04 < 1793-05-12,DN_EC0101: 주장 날짜 1793-03-04(claim 참일 때만) / DN_J_JEONGJO_17930512_THEFT: 조정 기사일 1793-05-12(행위 자체 기록일),CONDITIONAL_TEMPORAL,NO,주장 날짜 vs 조정 행위 기사일: 앞 claim이 날짜까지 참일 때만.
TE0703,DN_EC0101,DN_J_JEONGJO_17930613_JISE,TEMPORAL_BEFORE,MEDIUM,active(DN_EC0101) ∧ active(DN_J_JEONGJO_17930613_JISE) ∧ E_EC0101,CLAIMED_VS_COURT_DATE_ORDER: 1793-03-04 < 1793-06-13,DN_EC0101: 주장 날짜 1793-03-04(claim 참일 때만) / DN_J_JEONGJO_17930613_JISE: 조정 기사일 1793-06-13(행위 자체 기록일),CONDITIONAL_TEMPORAL,NO,주장 날짜 vs 조정 행위 기사일: 앞 claim이 날짜까지 참일 때만.
TE0704,DN_EC0101,DN_J_JEONGJO_17930613_KIM_DEATH,TEMPORAL_BEFORE,MEDIUM,active(DN_EC0101) ∧ active(DN_J_JEONGJO_17930613_KIM_DEATH) ∧ E_EC0101,CLAIMED_VS_COURT_DATE_ORDER: 1793-03-04 < 1793-06-13,DN_EC0101: 주장 날짜 1793-03-04(claim 참일 때만) / DN_J_JEONGJO_17930613_KIM_DEATH: 조정 기사일 1793-06-13(행위 자체 기록일),CONDITIONAL_TEMPORAL,NO,주장 날짜 vs 조정 행위 기사일: 앞 claim이 날짜까지 참일 때만.
TE0705,DN_EC0101,DN_J_JEONGJO_17930613_THEFT,TEMPORAL_BEFORE,MEDIUM,active(DN_EC0101) ∧ active(DN_J_JEONGJO_17930613_THEFT) ∧ E_EC0101,CLAIMED_VS_COURT_DATE_ORDER: 1793-03-04 < 1793-06-13,DN_EC0101: 주장 날짜 1793-03-04(claim 참일 때만) / DN_J_JEONGJO_17930613_THEFT: 조정 기사일 1793-06-13(행위 자체 기록일),CONDITIONAL_TEMPORAL,NO,주장 날짜 vs 조정 행위 기사일: 앞 claim이 날짜까지 참일 때만.
TE0706,DN_EC0102,DN_EC0020,TEMPORAL_BEFORE,MEDIUM,active(DN_EC0102) ∧ active(DN_EC0020) ∧ E_EC0102,CLAIMED_VS_COURT_DATE_ORDER: 1793-03-04 < 1793-05-12,DN_EC0102: 주장 날짜 1793-03-04(claim 참일 때만) / DN_EC0020: 조정 기사일 1793-05-12(행위 자체 기록일),CONDITIONAL_TEMPORAL,NO,주장 날짜 vs 조정 행위 기사일: 앞 claim이 날짜까지 참일 때만.
TE0707,DN_EC0102,DN_EC0021,TEMPORAL_BEFORE,MEDIUM,active(DN_EC0102) ∧ active(DN_EC0021) ∧ E_EC0102,CLAIMED_VS_COURT_DATE_ORDER: 1793-03-04 < 1793-05-12,DN_EC0102: 주장 날짜 1793-03-04(claim 참일 때만) / DN_EC0021: 조정 기사일 1793-05-12(행위 자체 기록일),CONDITIONAL_TEMPORAL,NO,주장 날짜 vs 조정 행위 기사일: 앞 claim이 날짜까지 참일 때만.
TE0708,DN_EC0102,DN_EC0023,TEMPORAL_BEFORE,MEDIUM,active(DN_EC0102) ∧ active(DN_EC0023) ∧ E_EC0102,CLAIMED_VS_COURT_DATE_ORDER: 1793-03-04 < 1793-05-12,DN_EC0102: 주장 날짜 1793-03-04(claim 참일 때만) / DN_EC0023: 조정 기사일 1793-05-12(행위 자체 기록일),CONDITIONAL_TEMPORAL,NO,주장 날짜 vs 조정 행위 기사일: 앞 claim이 날짜까지 참일 때만.
TE0709,DN_EC0102,DN_EC0044,TEMPORAL_BEFORE,MEDIUM,active(DN_EC0102) ∧ active(DN_EC0044) ∧ E_EC0102,CLAIMED_VS_COURT_DATE_ORDER: 1793-03-04 < 1793-05-27,DN_EC0102: 주장 날짜 1793-03-04(claim 참일 때만) / DN_EC0044: 조정 기사일 1793-05-27(행위 자체 기록일),CONDITIONAL_TEMPORAL,NO,주장 날짜 vs 조정 행위 기사일: 앞 claim이 날짜까지 참일 때만.
TE0710,DN_EC0102,DN_EC0045,TEMPORAL_BEFORE,MEDIUM,active(DN_EC0102) ∧ active(DN_EC0045) ∧ E_EC0102,CLAIMED_VS_COURT_DATE_ORDER: 1793-03-04 < 1793-05-27,DN_EC0102: 주장 날짜 1793-03-04(claim 참일 때만) / DN_EC0045: 조정 기사일 1793-05-27(행위 자체 기록일),CONDITIONAL_TEMPORAL,NO,주장 날짜 vs 조정 행위 기사일: 앞 claim이 날짜까지 참일 때만.
TE0711,DN_EC0102,DN_EC0048,TEMPORAL_BEFORE,MEDIUM,active(DN_EC0102) ∧ active(DN_EC0048) ∧ E_EC0102,CLAIMED_VS_COURT_DATE_ORDER: 1793-03-04 < 1793-05-28,DN_EC0102: 주장 날짜 1793-03-04(claim 참일 때만) / DN_EC0048: 조정 기사일 1793-05-28(행위 자체 기록일),CONDITIONAL_TEMPORAL,NO,주장 날짜 vs 조정 행위 기사일: 앞 claim이 날짜까지 참일 때만.
TE0712,DN_EC0102,DN_EC0049,TEMPORAL_BEFORE,MEDIUM,active(DN_EC0102) ∧ active(DN_EC0049) ∧ E_EC0102,CLAIMED_VS_COURT_DATE_ORDER: 1793-03-04 < 1793-05-28,DN_EC0102: 주장 날짜 1793-03-04(claim 참일 때만) / DN_EC0049: 조정 기사일 1793-05-28(행위 자체 기록일),CONDITIONAL_TEMPORAL,NO,주장 날짜 vs 조정 행위 기사일: 앞 claim이 날짜까지 참일 때만.
TE0713,DN_EC0102,DN_EC0061,TEMPORAL_BEFORE,MEDIUM,active(DN_EC0102) ∧ active(DN_EC0061) ∧ E_EC0102,CLAIMED_VS_COURT_DATE_ORDER: 1793-03-04 < 1793-06-11,DN_EC0102: 주장 날짜 1793-03-04(claim 참일 때만) / DN_EC0061: 조정 기사일 1793-06-11(행위 자체 기록일),CONDITIONAL_TEMPORAL,NO,주장 날짜 vs 조정 행위 기사일: 앞 claim이 날짜까지 참일 때만.
TE0714,DN_EC0102,DN_EC0062,TEMPORAL_BEFORE,MEDIUM,active(DN_EC0102) ∧ active(DN_EC0062) ∧ E_EC0102,CLAIMED_VS_COURT_DATE_ORDER: 1793-03-04 < 1793-06-11,DN_EC0102: 주장 날짜 1793-03-04(claim 참일 때만) / DN_EC0062: 조정 기사일 1793-06-11(행위 자체 기록일),CONDITIONAL_TEMPORAL,NO,주장 날짜 vs 조정 행위 기사일: 앞 claim이 날짜까지 참일 때만.
TE0715,DN_EC0102,DN_EC0150,TEMPORAL_BEFORE,MEDIUM,active(DN_EC0102) ∧ active(DN_EC0150) ∧ E_EC0102,CLAIMED_VS_COURT_DATE_ORDER: 1793-03-04 < 1793-06-13,DN_EC0102: 주장 날짜 1793-03-04(claim 참일 때만) / DN_EC0150: 조정 기사일 1793-06-13(행위 자체 기록일),CONDITIONAL_TEMPORAL,NO,주장 날짜 vs 조정 행위 기사일: 앞 claim이 날짜까지 참일 때만.
TE0716,DN_EC0102,DN_EC0151,TEMPORAL_BEFORE,MEDIUM,active(DN_EC0102) ∧ active(DN_EC0151) ∧ E_EC0102,CLAIMED_VS_COURT_DATE_ORDER: 1793-03-04 < 1793-06-13,DN_EC0102: 주장 날짜 1793-03-04(claim 참일 때만) / DN_EC0151: 조정 기사일 1793-06-13(행위 자체 기록일),CONDITIONAL_TEMPORAL,NO,주장 날짜 vs 조정 행위 기사일: 앞 claim이 날짜까지 참일 때만.
TE0717,DN_EC0102,DN_EC0152,TEMPORAL_BEFORE,MEDIUM,active(DN_EC0102) ∧ active(DN_EC0152) ∧ E_EC0102,CLAIMED_VS_COURT_DATE_ORDER: 1793-03-04 < 1793-06-13,DN_EC0102: 주장 날짜 1793-03-04(claim 참일 때만) / DN_EC0152: 조정 기사일 1793-06-13(행위 자체 기록일),CONDITIONAL_TEMPORAL,NO,주장 날짜 vs 조정 행위 기사일: 앞 claim이 날짜까지 참일 때만.
TE0718,DN_EC0102,DN_EC0153,TEMPORAL_BEFORE,MEDIUM,active(DN_EC0102) ∧ active(DN_EC0153) ∧ E_EC0102,CLAIMED_VS_COURT_DATE_ORDER: 1793-03-04 < 1793-06-13,DN_EC0102: 주장 날짜 1793-03-04(claim 참일 때만) / DN_EC0153: 조정 기사일 1793-06-13(행위 자체 기록일),CONDITIONAL_TEMPORAL,NO,주장 날짜 vs 조정 행위 기사일: 앞 claim이 날짜까지 참일 때만.
TE0719,DN_EC0102,DN_EC0154,TEMPORAL_BEFORE,MEDIUM,active(DN_EC0102) ∧ active(DN_EC0154) ∧ E_EC0102,CLAIMED_VS_COURT_DATE_ORDER: 1793-03-04 < 1793-06-13,DN_EC0102: 주장 날짜 1793-03-04(claim 참일 때만) / DN_EC0154: 조정 기사일 1793-06-13(행위 자체 기록일),CONDITIONAL_TEMPORAL,NO,주장 날짜 vs 조정 행위 기사일: 앞 claim이 날짜까지 참일 때만.
TE0720,DN_EC0102,DN_EC0155,TEMPORAL_BEFORE,MEDIUM,active(DN_EC0102) ∧ active(DN_EC0155) ∧ E_EC0102,CLAIMED_VS_COURT_DATE_ORDER: 1793-03-04 < 1793-06-16,DN_EC0102: 주장 날짜 1793-03-04(claim 참일 때만) / DN_EC0155: 조정 기사일 1793-06-16(행위 자체 기록일),CONDITIONAL_TEMPORAL,NO,주장 날짜 vs 조정 행위 기사일: 앞 claim이 날짜까지 참일 때만.
TE0721,DN_EC0102,DN_J_HONG_17930528_JISE,TEMPORAL_BEFORE,MEDIUM,active(DN_EC0102) ∧ active(DN_J_HONG_17930528_JISE) ∧ E_EC0102,CLAIMED_VS_COURT_DATE_ORDER: 1793-03-04 < 1793-05-28,DN_EC0102: 주장 날짜 1793-03-04(claim 참일 때만) / DN_J_HONG_17930528_JISE: 조정 기사일 1793-05-28(행위 자체 기록일),CONDITIONAL_TEMPORAL,NO,주장 날짜 vs 조정 행위 기사일: 앞 claim이 날짜까지 참일 때만.
TE0722,DN_EC0102,DN_J_HONG_17930613_JISE,TEMPORAL_BEFORE,MEDIUM,active(DN_EC0102) ∧ active(DN_J_HONG_17930613_JISE) ∧ E_EC0102,CLAIMED_VS_COURT_DATE_ORDER: 1793-03-04 < 1793-06-13,DN_EC0102: 주장 날짜 1793-03-04(claim 참일 때만) / DN_J_HONG_17930613_JISE: 조정 기사일 1793-06-13(행위 자체 기록일),CONDITIONAL_TEMPORAL,NO,주장 날짜 vs 조정 행위 기사일: 앞 claim이 날짜까지 참일 때만.
TE0723,DN_EC0102,DN_J_HONG_17930613_KIM_DEATH,TEMPORAL_BEFORE,MEDIUM,active(DN_EC0102) ∧ active(DN_J_HONG_17930613_KIM_DEATH) ∧ E_EC0102,CLAIMED_VS_COURT_DATE_ORDER: 1793-03-04 < 1793-06-13,DN_EC0102: 주장 날짜 1793-03-04(claim 참일 때만) / DN_J_HONG_17930613_KIM_DEATH: 조정 기사일 1793-06-13(행위 자체 기록일),CONDITIONAL_TEMPORAL,NO,주장 날짜 vs 조정 행위 기사일: 앞 claim이 날짜까지 참일 때만.
TE0724,DN_EC0102,DN_J_HONG_17930613_THEFT,TEMPORAL_BEFORE,MEDIUM,active(DN_EC0102) ∧ active(DN_J_HONG_17930613_THEFT) ∧ E_EC0102,CLAIMED_VS_COURT_DATE_ORDER: 1793-03-04 < 1793-06-13,DN_EC0102: 주장 날짜 1793-03-04(claim 참일 때만) / DN_J_HONG_17930613_THEFT: 조정 기사일 1793-06-13(행위 자체 기록일),CONDITIONAL_TEMPORAL,NO,주장 날짜 vs 조정 행위 기사일: 앞 claim이 날짜까지 참일 때만.
TE0725,DN_EC0102,DN_J_IJOWON_17930527_JISE,TEMPORAL_BEFORE,MEDIUM,active(DN_EC0102) ∧ active(DN_J_IJOWON_17930527_JISE) ∧ E_EC0102,CLAIMED_VS_COURT_DATE_ORDER: 1793-03-04 < 1793-05-27,DN_EC0102: 주장 날짜 1793-03-04(claim 참일 때만) / DN_J_IJOWON_17930527_JISE: 조정 기사일 1793-05-27(행위 자체 기록일),CONDITIONAL_TEMPORAL,NO,주장 날짜 vs 조정 행위 기사일: 앞 claim이 날짜까지 참일 때만.
TE0726,DN_EC0102,DN_J_IJOWON_17930527_KIM_DEATH,TEMPORAL_BEFORE,MEDIUM,active(DN_EC0102) ∧ active(DN_J_IJOWON_17930527_KIM_DEATH) ∧ E_EC0102,CLAIMED_VS_COURT_DATE_ORDER: 1793-03-04 < 1793-05-27,DN_EC0102: 주장 날짜 1793-03-04(claim 참일 때만) / DN_J_IJOWON_17930527_KIM_DEATH: 조정 기사일 1793-05-27(행위 자체 기록일),CONDITIONAL_TEMPORAL,NO,주장 날짜 vs 조정 행위 기사일: 앞 claim이 날짜까지 참일 때만.
TE0727,DN_EC0102,DN_J_IJOWON_17930527_THEFT,TEMPORAL_BEFORE,MEDIUM,active(DN_EC0102) ∧ active(DN_J_IJOWON_17930527_THEFT) ∧ E_EC0102,CLAIMED_VS_COURT_DATE_ORDER: 1793-03-04 < 1793-05-27,DN_EC0102: 주장 날짜 1793-03-04(claim 참일 때만) / DN_J_IJOWON_17930527_THEFT: 조정 기사일 1793-05-27(행위 자체 기록일),CONDITIONAL_TEMPORAL,NO,주장 날짜 vs 조정 행위 기사일: 앞 claim이 날짜까지 참일 때만.
TE0728,DN_EC0102,DN_J_JEONGJO_17930512_THEFT,TEMPORAL_BEFORE,MEDIUM,active(DN_EC0102) ∧ active(DN_J_JEONGJO_17930512_THEFT) ∧ E_EC0102,CLAIMED_VS_COURT_DATE_ORDER: 1793-03-04 < 1793-05-12,DN_EC0102: 주장 날짜 1793-03-04(claim 참일 때만) / DN_J_JEONGJO_17930512_THEFT: 조정 기사일 1793-05-12(행위 자체 기록일),CONDITIONAL_TEMPORAL,NO,주장 날짜 vs 조정 행위 기사일: 앞 claim이 날짜까지 참일 때만.
TE0729,DN_EC0102,DN_J_JEONGJO_17930613_JISE,TEMPORAL_BEFORE,MEDIUM,active(DN_EC0102) ∧ active(DN_J_JEONGJO_17930613_JISE) ∧ E_EC0102,CLAIMED_VS_COURT_DATE_ORDER: 1793-03-04 < 1793-06-13,DN_EC0102: 주장 날짜 1793-03-04(claim 참일 때만) / DN_J_JEONGJO_17930613_JISE: 조정 기사일 1793-06-13(행위 자체 기록일),CONDITIONAL_TEMPORAL,NO,주장 날짜 vs 조정 행위 기사일: 앞 claim이 날짜까지 참일 때만.
TE0730,DN_EC0102,DN_J_JEONGJO_17930613_KIM_DEATH,TEMPORAL_BEFORE,MEDIUM,active(DN_EC0102) ∧ active(DN_J_JEONGJO_17930613_KIM_DEATH) ∧ E_EC0102,CLAIMED_VS_COURT_DATE_ORDER: 1793-03-04 < 1793-06-13,DN_EC0102: 주장 날짜 1793-03-04(claim 참일 때만) / DN_J_JEONGJO_17930613_KIM_DEATH: 조정 기사일 1793-06-13(행위 자체 기록일),CONDITIONAL_TEMPORAL,NO,주장 날짜 vs 조정 행위 기사일: 앞 claim이 날짜까지 참일 때만.
TE0731,DN_EC0102,DN_J_JEONGJO_17930613_THEFT,TEMPORAL_BEFORE,MEDIUM,active(DN_EC0102) ∧ active(DN_J_JEONGJO_17930613_THEFT) ∧ E_EC0102,CLAIMED_VS_COURT_DATE_ORDER: 1793-03-04 < 1793-06-13,DN_EC0102: 주장 날짜 1793-03-04(claim 참일 때만) / DN_J_JEONGJO_17930613_THEFT: 조정 기사일 1793-06-13(행위 자체 기록일),CONDITIONAL_TEMPORAL,NO,주장 날짜 vs 조정 행위 기사일: 앞 claim이 날짜까지 참일 때만.
TE0732,DN_EC0020,DN_EC0044,TEMPORAL_BEFORE,STRONG,active(DN_EC0020) ∧ active(DN_EC0044),COURT_ENTRY_DATE_ORDER: 1793-05-12 < 1793-05-27,DN_EC0020: 조정 기사일 1793-05-12(행위 자체 기록일) / DN_EC0044: 조정 기사일 1793-05-27(행위 자체 기록일),HARD_TEMPORAL,NO,두 조정 행위의 기사일(행위 자체의 기록일) 순서. HARD = node 존재 외 조건 없음.
TE0733,DN_EC0020,DN_EC0045,TEMPORAL_BEFORE,STRONG,active(DN_EC0020) ∧ active(DN_EC0045),COURT_ENTRY_DATE_ORDER: 1793-05-12 < 1793-05-27,DN_EC0020: 조정 기사일 1793-05-12(행위 자체 기록일) / DN_EC0045: 조정 기사일 1793-05-27(행위 자체 기록일),HARD_TEMPORAL,NO,두 조정 행위의 기사일(행위 자체의 기록일) 순서. HARD = node 존재 외 조건 없음.
TE0734,DN_EC0020,DN_EC0048,TEMPORAL_BEFORE,STRONG,active(DN_EC0020) ∧ active(DN_EC0048),COURT_ENTRY_DATE_ORDER: 1793-05-12 < 1793-05-28,DN_EC0020: 조정 기사일 1793-05-12(행위 자체 기록일) / DN_EC0048: 조정 기사일 1793-05-28(행위 자체 기록일),HARD_TEMPORAL,NO,두 조정 행위의 기사일(행위 자체의 기록일) 순서. HARD = node 존재 외 조건 없음.
TE0735,DN_EC0020,DN_EC0049,TEMPORAL_BEFORE,STRONG,active(DN_EC0020) ∧ active(DN_EC0049),COURT_ENTRY_DATE_ORDER: 1793-05-12 < 1793-05-28,DN_EC0020: 조정 기사일 1793-05-12(행위 자체 기록일) / DN_EC0049: 조정 기사일 1793-05-28(행위 자체 기록일),HARD_TEMPORAL,NO,두 조정 행위의 기사일(행위 자체의 기록일) 순서. HARD = node 존재 외 조건 없음.
TE0736,DN_EC0020,DN_EC0061,TEMPORAL_BEFORE,STRONG,active(DN_EC0020) ∧ active(DN_EC0061),COURT_ENTRY_DATE_ORDER: 1793-05-12 < 1793-06-11,DN_EC0020: 조정 기사일 1793-05-12(행위 자체 기록일) / DN_EC0061: 조정 기사일 1793-06-11(행위 자체 기록일),HARD_TEMPORAL,NO,두 조정 행위의 기사일(행위 자체의 기록일) 순서. HARD = node 존재 외 조건 없음.
TE0737,DN_EC0020,DN_EC0062,TEMPORAL_BEFORE,STRONG,active(DN_EC0020) ∧ active(DN_EC0062),COURT_ENTRY_DATE_ORDER: 1793-05-12 < 1793-06-11,DN_EC0020: 조정 기사일 1793-05-12(행위 자체 기록일) / DN_EC0062: 조정 기사일 1793-06-11(행위 자체 기록일),HARD_TEMPORAL,NO,두 조정 행위의 기사일(행위 자체의 기록일) 순서. HARD = node 존재 외 조건 없음.
TE0738,DN_EC0020,DN_EC0150,TEMPORAL_BEFORE,STRONG,active(DN_EC0020) ∧ active(DN_EC0150),COURT_ENTRY_DATE_ORDER: 1793-05-12 < 1793-06-13,DN_EC0020: 조정 기사일 1793-05-12(행위 자체 기록일) / DN_EC0150: 조정 기사일 1793-06-13(행위 자체 기록일),HARD_TEMPORAL,NO,두 조정 행위의 기사일(행위 자체의 기록일) 순서. HARD = node 존재 외 조건 없음.
TE0739,DN_EC0020,DN_EC0151,TEMPORAL_BEFORE,STRONG,active(DN_EC0020) ∧ active(DN_EC0151),COURT_ENTRY_DATE_ORDER: 1793-05-12 < 1793-06-13,DN_EC0020: 조정 기사일 1793-05-12(행위 자체 기록일) / DN_EC0151: 조정 기사일 1793-06-13(행위 자체 기록일),HARD_TEMPORAL,NO,두 조정 행위의 기사일(행위 자체의 기록일) 순서. HARD = node 존재 외 조건 없음.
TE0740,DN_EC0020,DN_EC0152,TEMPORAL_BEFORE,STRONG,active(DN_EC0020) ∧ active(DN_EC0152),COURT_ENTRY_DATE_ORDER: 1793-05-12 < 1793-06-13,DN_EC0020: 조정 기사일 1793-05-12(행위 자체 기록일) / DN_EC0152: 조정 기사일 1793-06-13(행위 자체 기록일),HARD_TEMPORAL,NO,두 조정 행위의 기사일(행위 자체의 기록일) 순서. HARD = node 존재 외 조건 없음.
TE0741,DN_EC0020,DN_EC0153,TEMPORAL_BEFORE,STRONG,active(DN_EC0020) ∧ active(DN_EC0153),COURT_ENTRY_DATE_ORDER: 1793-05-12 < 1793-06-13,DN_EC0020: 조정 기사일 1793-05-12(행위 자체 기록일) / DN_EC0153: 조정 기사일 1793-06-13(행위 자체 기록일),HARD_TEMPORAL,NO,두 조정 행위의 기사일(행위 자체의 기록일) 순서. HARD = node 존재 외 조건 없음.
TE0742,DN_EC0020,DN_EC0154,TEMPORAL_BEFORE,STRONG,active(DN_EC0020) ∧ active(DN_EC0154),COURT_ENTRY_DATE_ORDER: 1793-05-12 < 1793-06-13,DN_EC0020: 조정 기사일 1793-05-12(행위 자체 기록일) / DN_EC0154: 조정 기사일 1793-06-13(행위 자체 기록일),HARD_TEMPORAL,NO,두 조정 행위의 기사일(행위 자체의 기록일) 순서. HARD = node 존재 외 조건 없음.
TE0743,DN_EC0020,DN_EC0155,TEMPORAL_BEFORE,STRONG,active(DN_EC0020) ∧ active(DN_EC0155),COURT_ENTRY_DATE_ORDER: 1793-05-12 < 1793-06-16,DN_EC0020: 조정 기사일 1793-05-12(행위 자체 기록일) / DN_EC0155: 조정 기사일 1793-06-16(행위 자체 기록일),HARD_TEMPORAL,NO,두 조정 행위의 기사일(행위 자체의 기록일) 순서. HARD = node 존재 외 조건 없음.
TE0744,DN_EC0020,DN_J_HONG_17930528_JISE,TEMPORAL_BEFORE,STRONG,active(DN_EC0020) ∧ active(DN_J_HONG_17930528_JISE),COURT_ENTRY_DATE_ORDER: 1793-05-12 < 1793-05-28,DN_EC0020: 조정 기사일 1793-05-12(행위 자체 기록일) / DN_J_HONG_17930528_JISE: 조정 기사일 1793-05-28(행위 자체 기록일),HARD_TEMPORAL,NO,두 조정 행위의 기사일(행위 자체의 기록일) 순서. HARD = node 존재 외 조건 없음.
TE0745,DN_EC0020,DN_J_HONG_17930613_JISE,TEMPORAL_BEFORE,STRONG,active(DN_EC0020) ∧ active(DN_J_HONG_17930613_JISE),COURT_ENTRY_DATE_ORDER: 1793-05-12 < 1793-06-13,DN_EC0020: 조정 기사일 1793-05-12(행위 자체 기록일) / DN_J_HONG_17930613_JISE: 조정 기사일 1793-06-13(행위 자체 기록일),HARD_TEMPORAL,NO,두 조정 행위의 기사일(행위 자체의 기록일) 순서. HARD = node 존재 외 조건 없음.
TE0746,DN_EC0020,DN_J_HONG_17930613_KIM_DEATH,TEMPORAL_BEFORE,STRONG,active(DN_EC0020) ∧ active(DN_J_HONG_17930613_KIM_DEATH),COURT_ENTRY_DATE_ORDER: 1793-05-12 < 1793-06-13,DN_EC0020: 조정 기사일 1793-05-12(행위 자체 기록일) / DN_J_HONG_17930613_KIM_DEATH: 조정 기사일 1793-06-13(행위 자체 기록일),HARD_TEMPORAL,NO,두 조정 행위의 기사일(행위 자체의 기록일) 순서. HARD = node 존재 외 조건 없음.
TE0747,DN_EC0020,DN_J_HONG_17930613_THEFT,TEMPORAL_BEFORE,STRONG,active(DN_EC0020) ∧ active(DN_J_HONG_17930613_THEFT),COURT_ENTRY_DATE_ORDER: 1793-05-12 < 1793-06-13,DN_EC0020: 조정 기사일 1793-05-12(행위 자체 기록일) / DN_J_HONG_17930613_THEFT: 조정 기사일 1793-06-13(행위 자체 기록일),HARD_TEMPORAL,NO,두 조정 행위의 기사일(행위 자체의 기록일) 순서. HARD = node 존재 외 조건 없음.
TE0748,DN_EC0020,DN_J_IJOWON_17930527_JISE,TEMPORAL_BEFORE,STRONG,active(DN_EC0020) ∧ active(DN_J_IJOWON_17930527_JISE),COURT_ENTRY_DATE_ORDER: 1793-05-12 < 1793-05-27,DN_EC0020: 조정 기사일 1793-05-12(행위 자체 기록일) / DN_J_IJOWON_17930527_JISE: 조정 기사일 1793-05-27(행위 자체 기록일),HARD_TEMPORAL,NO,두 조정 행위의 기사일(행위 자체의 기록일) 순서. HARD = node 존재 외 조건 없음.
TE0749,DN_EC0020,DN_J_IJOWON_17930527_KIM_DEATH,TEMPORAL_BEFORE,STRONG,active(DN_EC0020) ∧ active(DN_J_IJOWON_17930527_KIM_DEATH),COURT_ENTRY_DATE_ORDER: 1793-05-12 < 1793-05-27,DN_EC0020: 조정 기사일 1793-05-12(행위 자체 기록일) / DN_J_IJOWON_17930527_KIM_DEATH: 조정 기사일 1793-05-27(행위 자체 기록일),HARD_TEMPORAL,NO,두 조정 행위의 기사일(행위 자체의 기록일) 순서. HARD = node 존재 외 조건 없음.
TE0750,DN_EC0020,DN_J_IJOWON_17930527_THEFT,TEMPORAL_BEFORE,STRONG,active(DN_EC0020) ∧ active(DN_J_IJOWON_17930527_THEFT),COURT_ENTRY_DATE_ORDER: 1793-05-12 < 1793-05-27,DN_EC0020: 조정 기사일 1793-05-12(행위 자체 기록일) / DN_J_IJOWON_17930527_THEFT: 조정 기사일 1793-05-27(행위 자체 기록일),HARD_TEMPORAL,NO,두 조정 행위의 기사일(행위 자체의 기록일) 순서. HARD = node 존재 외 조건 없음.
TE0751,DN_EC0020,DN_J_JEONGJO_17930613_JISE,TEMPORAL_BEFORE,STRONG,active(DN_EC0020) ∧ active(DN_J_JEONGJO_17930613_JISE),COURT_ENTRY_DATE_ORDER: 1793-05-12 < 1793-06-13,DN_EC0020: 조정 기사일 1793-05-12(행위 자체 기록일) / DN_J_JEONGJO_17930613_JISE: 조정 기사일 1793-06-13(행위 자체 기록일),HARD_TEMPORAL,NO,두 조정 행위의 기사일(행위 자체의 기록일) 순서. HARD = node 존재 외 조건 없음.
TE0752,DN_EC0020,DN_J_JEONGJO_17930613_KIM_DEATH,TEMPORAL_BEFORE,STRONG,active(DN_EC0020) ∧ active(DN_J_JEONGJO_17930613_KIM_DEATH),COURT_ENTRY_DATE_ORDER: 1793-05-12 < 1793-06-13,DN_EC0020: 조정 기사일 1793-05-12(행위 자체 기록일) / DN_J_JEONGJO_17930613_KIM_DEATH: 조정 기사일 1793-06-13(행위 자체 기록일),HARD_TEMPORAL,NO,두 조정 행위의 기사일(행위 자체의 기록일) 순서. HARD = node 존재 외 조건 없음.
TE0753,DN_EC0020,DN_J_JEONGJO_17930613_THEFT,TEMPORAL_BEFORE,STRONG,active(DN_EC0020) ∧ active(DN_J_JEONGJO_17930613_THEFT),COURT_ENTRY_DATE_ORDER: 1793-05-12 < 1793-06-13,DN_EC0020: 조정 기사일 1793-05-12(행위 자체 기록일) / DN_J_JEONGJO_17930613_THEFT: 조정 기사일 1793-06-13(행위 자체 기록일),HARD_TEMPORAL,NO,두 조정 행위의 기사일(행위 자체의 기록일) 순서. HARD = node 존재 외 조건 없음.
TE0754,DN_EC0021,DN_EC0044,TEMPORAL_BEFORE,STRONG,active(DN_EC0021) ∧ active(DN_EC0044),COURT_ENTRY_DATE_ORDER: 1793-05-12 < 1793-05-27,DN_EC0021: 조정 기사일 1793-05-12(행위 자체 기록일) / DN_EC0044: 조정 기사일 1793-05-27(행위 자체 기록일),HARD_TEMPORAL,NO,두 조정 행위의 기사일(행위 자체의 기록일) 순서. HARD = node 존재 외 조건 없음.
TE0755,DN_EC0021,DN_EC0045,TEMPORAL_BEFORE,STRONG,active(DN_EC0021) ∧ active(DN_EC0045),COURT_ENTRY_DATE_ORDER: 1793-05-12 < 1793-05-27,DN_EC0021: 조정 기사일 1793-05-12(행위 자체 기록일) / DN_EC0045: 조정 기사일 1793-05-27(행위 자체 기록일),HARD_TEMPORAL,NO,두 조정 행위의 기사일(행위 자체의 기록일) 순서. HARD = node 존재 외 조건 없음.
TE0756,DN_EC0021,DN_EC0048,TEMPORAL_BEFORE,STRONG,active(DN_EC0021) ∧ active(DN_EC0048),COURT_ENTRY_DATE_ORDER: 1793-05-12 < 1793-05-28,DN_EC0021: 조정 기사일 1793-05-12(행위 자체 기록일) / DN_EC0048: 조정 기사일 1793-05-28(행위 자체 기록일),HARD_TEMPORAL,NO,두 조정 행위의 기사일(행위 자체의 기록일) 순서. HARD = node 존재 외 조건 없음.
TE0757,DN_EC0021,DN_EC0049,TEMPORAL_BEFORE,STRONG,active(DN_EC0021) ∧ active(DN_EC0049),COURT_ENTRY_DATE_ORDER: 1793-05-12 < 1793-05-28,DN_EC0021: 조정 기사일 1793-05-12(행위 자체 기록일) / DN_EC0049: 조정 기사일 1793-05-28(행위 자체 기록일),HARD_TEMPORAL,NO,두 조정 행위의 기사일(행위 자체의 기록일) 순서. HARD = node 존재 외 조건 없음.
TE0758,DN_EC0021,DN_EC0061,TEMPORAL_BEFORE,STRONG,active(DN_EC0021) ∧ active(DN_EC0061),COURT_ENTRY_DATE_ORDER: 1793-05-12 < 1793-06-11,DN_EC0021: 조정 기사일 1793-05-12(행위 자체 기록일) / DN_EC0061: 조정 기사일 1793-06-11(행위 자체 기록일),HARD_TEMPORAL,NO,두 조정 행위의 기사일(행위 자체의 기록일) 순서. HARD = node 존재 외 조건 없음.
TE0759,DN_EC0021,DN_EC0062,TEMPORAL_BEFORE,STRONG,active(DN_EC0021) ∧ active(DN_EC0062),COURT_ENTRY_DATE_ORDER: 1793-05-12 < 1793-06-11,DN_EC0021: 조정 기사일 1793-05-12(행위 자체 기록일) / DN_EC0062: 조정 기사일 1793-06-11(행위 자체 기록일),HARD_TEMPORAL,NO,두 조정 행위의 기사일(행위 자체의 기록일) 순서. HARD = node 존재 외 조건 없음.
TE0760,DN_EC0021,DN_EC0150,TEMPORAL_BEFORE,STRONG,active(DN_EC0021) ∧ active(DN_EC0150),COURT_ENTRY_DATE_ORDER: 1793-05-12 < 1793-06-13,DN_EC0021: 조정 기사일 1793-05-12(행위 자체 기록일) / DN_EC0150: 조정 기사일 1793-06-13(행위 자체 기록일),HARD_TEMPORAL,NO,두 조정 행위의 기사일(행위 자체의 기록일) 순서. HARD = node 존재 외 조건 없음.
TE0761,DN_EC0021,DN_EC0151,TEMPORAL_BEFORE,STRONG,active(DN_EC0021) ∧ active(DN_EC0151),COURT_ENTRY_DATE_ORDER: 1793-05-12 < 1793-06-13,DN_EC0021: 조정 기사일 1793-05-12(행위 자체 기록일) / DN_EC0151: 조정 기사일 1793-06-13(행위 자체 기록일),HARD_TEMPORAL,NO,두 조정 행위의 기사일(행위 자체의 기록일) 순서. HARD = node 존재 외 조건 없음.
TE0762,DN_EC0021,DN_EC0152,TEMPORAL_BEFORE,STRONG,active(DN_EC0021) ∧ active(DN_EC0152),COURT_ENTRY_DATE_ORDER: 1793-05-12 < 1793-06-13,DN_EC0021: 조정 기사일 1793-05-12(행위 자체 기록일) / DN_EC0152: 조정 기사일 1793-06-13(행위 자체 기록일),HARD_TEMPORAL,NO,두 조정 행위의 기사일(행위 자체의 기록일) 순서. HARD = node 존재 외 조건 없음.
TE0763,DN_EC0021,DN_EC0153,TEMPORAL_BEFORE,STRONG,active(DN_EC0021) ∧ active(DN_EC0153),COURT_ENTRY_DATE_ORDER: 1793-05-12 < 1793-06-13,DN_EC0021: 조정 기사일 1793-05-12(행위 자체 기록일) / DN_EC0153: 조정 기사일 1793-06-13(행위 자체 기록일),HARD_TEMPORAL,NO,두 조정 행위의 기사일(행위 자체의 기록일) 순서. HARD = node 존재 외 조건 없음.
TE0764,DN_EC0021,DN_EC0154,TEMPORAL_BEFORE,STRONG,active(DN_EC0021) ∧ active(DN_EC0154),COURT_ENTRY_DATE_ORDER: 1793-05-12 < 1793-06-13,DN_EC0021: 조정 기사일 1793-05-12(행위 자체 기록일) / DN_EC0154: 조정 기사일 1793-06-13(행위 자체 기록일),HARD_TEMPORAL,NO,두 조정 행위의 기사일(행위 자체의 기록일) 순서. HARD = node 존재 외 조건 없음.
TE0765,DN_EC0021,DN_EC0155,TEMPORAL_BEFORE,STRONG,active(DN_EC0021) ∧ active(DN_EC0155),COURT_ENTRY_DATE_ORDER: 1793-05-12 < 1793-06-16,DN_EC0021: 조정 기사일 1793-05-12(행위 자체 기록일) / DN_EC0155: 조정 기사일 1793-06-16(행위 자체 기록일),HARD_TEMPORAL,NO,두 조정 행위의 기사일(행위 자체의 기록일) 순서. HARD = node 존재 외 조건 없음.
TE0766,DN_EC0021,DN_J_HONG_17930528_JISE,TEMPORAL_BEFORE,STRONG,active(DN_EC0021) ∧ active(DN_J_HONG_17930528_JISE),COURT_ENTRY_DATE_ORDER: 1793-05-12 < 1793-05-28,DN_EC0021: 조정 기사일 1793-05-12(행위 자체 기록일) / DN_J_HONG_17930528_JISE: 조정 기사일 1793-05-28(행위 자체 기록일),HARD_TEMPORAL,NO,두 조정 행위의 기사일(행위 자체의 기록일) 순서. HARD = node 존재 외 조건 없음.
TE0767,DN_EC0021,DN_J_HONG_17930613_JISE,TEMPORAL_BEFORE,STRONG,active(DN_EC0021) ∧ active(DN_J_HONG_17930613_JISE),COURT_ENTRY_DATE_ORDER: 1793-05-12 < 1793-06-13,DN_EC0021: 조정 기사일 1793-05-12(행위 자체 기록일) / DN_J_HONG_17930613_JISE: 조정 기사일 1793-06-13(행위 자체 기록일),HARD_TEMPORAL,NO,두 조정 행위의 기사일(행위 자체의 기록일) 순서. HARD = node 존재 외 조건 없음.
TE0768,DN_EC0021,DN_J_HONG_17930613_KIM_DEATH,TEMPORAL_BEFORE,STRONG,active(DN_EC0021) ∧ active(DN_J_HONG_17930613_KIM_DEATH),COURT_ENTRY_DATE_ORDER: 1793-05-12 < 1793-06-13,DN_EC0021: 조정 기사일 1793-05-12(행위 자체 기록일) / DN_J_HONG_17930613_KIM_DEATH: 조정 기사일 1793-06-13(행위 자체 기록일),HARD_TEMPORAL,NO,두 조정 행위의 기사일(행위 자체의 기록일) 순서. HARD = node 존재 외 조건 없음.
TE0769,DN_EC0021,DN_J_HONG_17930613_THEFT,TEMPORAL_BEFORE,STRONG,active(DN_EC0021) ∧ active(DN_J_HONG_17930613_THEFT),COURT_ENTRY_DATE_ORDER: 1793-05-12 < 1793-06-13,DN_EC0021: 조정 기사일 1793-05-12(행위 자체 기록일) / DN_J_HONG_17930613_THEFT: 조정 기사일 1793-06-13(행위 자체 기록일),HARD_TEMPORAL,NO,두 조정 행위의 기사일(행위 자체의 기록일) 순서. HARD = node 존재 외 조건 없음.
TE0770,DN_EC0021,DN_J_IJOWON_17930527_JISE,TEMPORAL_BEFORE,STRONG,active(DN_EC0021) ∧ active(DN_J_IJOWON_17930527_JISE),COURT_ENTRY_DATE_ORDER: 1793-05-12 < 1793-05-27,DN_EC0021: 조정 기사일 1793-05-12(행위 자체 기록일) / DN_J_IJOWON_17930527_JISE: 조정 기사일 1793-05-27(행위 자체 기록일),HARD_TEMPORAL,NO,두 조정 행위의 기사일(행위 자체의 기록일) 순서. HARD = node 존재 외 조건 없음.
TE0771,DN_EC0021,DN_J_IJOWON_17930527_KIM_DEATH,TEMPORAL_BEFORE,STRONG,active(DN_EC0021) ∧ active(DN_J_IJOWON_17930527_KIM_DEATH),COURT_ENTRY_DATE_ORDER: 1793-05-12 < 1793-05-27,DN_EC0021: 조정 기사일 1793-05-12(행위 자체 기록일) / DN_J_IJOWON_17930527_KIM_DEATH: 조정 기사일 1793-05-27(행위 자체 기록일),HARD_TEMPORAL,NO,두 조정 행위의 기사일(행위 자체의 기록일) 순서. HARD = node 존재 외 조건 없음.
TE0772,DN_EC0021,DN_J_IJOWON_17930527_THEFT,TEMPORAL_BEFORE,STRONG,active(DN_EC0021) ∧ active(DN_J_IJOWON_17930527_THEFT),COURT_ENTRY_DATE_ORDER: 1793-05-12 < 1793-05-27,DN_EC0021: 조정 기사일 1793-05-12(행위 자체 기록일) / DN_J_IJOWON_17930527_THEFT: 조정 기사일 1793-05-27(행위 자체 기록일),HARD_TEMPORAL,NO,두 조정 행위의 기사일(행위 자체의 기록일) 순서. HARD = node 존재 외 조건 없음.
TE0773,DN_EC0021,DN_J_JEONGJO_17930613_JISE,TEMPORAL_BEFORE,STRONG,active(DN_EC0021) ∧ active(DN_J_JEONGJO_17930613_JISE),COURT_ENTRY_DATE_ORDER: 1793-05-12 < 1793-06-13,DN_EC0021: 조정 기사일 1793-05-12(행위 자체 기록일) / DN_J_JEONGJO_17930613_JISE: 조정 기사일 1793-06-13(행위 자체 기록일),HARD_TEMPORAL,NO,두 조정 행위의 기사일(행위 자체의 기록일) 순서. HARD = node 존재 외 조건 없음.
TE0774,DN_EC0021,DN_J_JEONGJO_17930613_KIM_DEATH,TEMPORAL_BEFORE,STRONG,active(DN_EC0021) ∧ active(DN_J_JEONGJO_17930613_KIM_DEATH),COURT_ENTRY_DATE_ORDER: 1793-05-12 < 1793-06-13,DN_EC0021: 조정 기사일 1793-05-12(행위 자체 기록일) / DN_J_JEONGJO_17930613_KIM_DEATH: 조정 기사일 1793-06-13(행위 자체 기록일),HARD_TEMPORAL,NO,두 조정 행위의 기사일(행위 자체의 기록일) 순서. HARD = node 존재 외 조건 없음.
TE0775,DN_EC0021,DN_J_JEONGJO_17930613_THEFT,TEMPORAL_BEFORE,STRONG,active(DN_EC0021) ∧ active(DN_J_JEONGJO_17930613_THEFT),COURT_ENTRY_DATE_ORDER: 1793-05-12 < 1793-06-13,DN_EC0021: 조정 기사일 1793-05-12(행위 자체 기록일) / DN_J_JEONGJO_17930613_THEFT: 조정 기사일 1793-06-13(행위 자체 기록일),HARD_TEMPORAL,NO,두 조정 행위의 기사일(행위 자체의 기록일) 순서. HARD = node 존재 외 조건 없음.
TE0776,DN_EC0023,DN_EC0044,TEMPORAL_BEFORE,STRONG,active(DN_EC0023) ∧ active(DN_EC0044),COURT_ENTRY_DATE_ORDER: 1793-05-12 < 1793-05-27,DN_EC0023: 조정 기사일 1793-05-12(행위 자체 기록일) / DN_EC0044: 조정 기사일 1793-05-27(행위 자체 기록일),HARD_TEMPORAL,NO,두 조정 행위의 기사일(행위 자체의 기록일) 순서. HARD = node 존재 외 조건 없음.
TE0777,DN_EC0023,DN_EC0045,TEMPORAL_BEFORE,STRONG,active(DN_EC0023) ∧ active(DN_EC0045),COURT_ENTRY_DATE_ORDER: 1793-05-12 < 1793-05-27,DN_EC0023: 조정 기사일 1793-05-12(행위 자체 기록일) / DN_EC0045: 조정 기사일 1793-05-27(행위 자체 기록일),HARD_TEMPORAL,NO,두 조정 행위의 기사일(행위 자체의 기록일) 순서. HARD = node 존재 외 조건 없음.
TE0778,DN_EC0023,DN_EC0048,TEMPORAL_BEFORE,STRONG,active(DN_EC0023) ∧ active(DN_EC0048),COURT_ENTRY_DATE_ORDER: 1793-05-12 < 1793-05-28,DN_EC0023: 조정 기사일 1793-05-12(행위 자체 기록일) / DN_EC0048: 조정 기사일 1793-05-28(행위 자체 기록일),HARD_TEMPORAL,NO,두 조정 행위의 기사일(행위 자체의 기록일) 순서. HARD = node 존재 외 조건 없음.
TE0779,DN_EC0023,DN_EC0049,TEMPORAL_BEFORE,STRONG,active(DN_EC0023) ∧ active(DN_EC0049),COURT_ENTRY_DATE_ORDER: 1793-05-12 < 1793-05-28,DN_EC0023: 조정 기사일 1793-05-12(행위 자체 기록일) / DN_EC0049: 조정 기사일 1793-05-28(행위 자체 기록일),HARD_TEMPORAL,NO,두 조정 행위의 기사일(행위 자체의 기록일) 순서. HARD = node 존재 외 조건 없음.
TE0780,DN_EC0023,DN_EC0061,TEMPORAL_BEFORE,STRONG,active(DN_EC0023) ∧ active(DN_EC0061),COURT_ENTRY_DATE_ORDER: 1793-05-12 < 1793-06-11,DN_EC0023: 조정 기사일 1793-05-12(행위 자체 기록일) / DN_EC0061: 조정 기사일 1793-06-11(행위 자체 기록일),HARD_TEMPORAL,NO,두 조정 행위의 기사일(행위 자체의 기록일) 순서. HARD = node 존재 외 조건 없음.
TE0781,DN_EC0023,DN_EC0062,TEMPORAL_BEFORE,STRONG,active(DN_EC0023) ∧ active(DN_EC0062),COURT_ENTRY_DATE_ORDER: 1793-05-12 < 1793-06-11,DN_EC0023: 조정 기사일 1793-05-12(행위 자체 기록일) / DN_EC0062: 조정 기사일 1793-06-11(행위 자체 기록일),HARD_TEMPORAL,NO,두 조정 행위의 기사일(행위 자체의 기록일) 순서. HARD = node 존재 외 조건 없음.
TE0782,DN_EC0023,DN_EC0150,TEMPORAL_BEFORE,STRONG,active(DN_EC0023) ∧ active(DN_EC0150),COURT_ENTRY_DATE_ORDER: 1793-05-12 < 1793-06-13,DN_EC0023: 조정 기사일 1793-05-12(행위 자체 기록일) / DN_EC0150: 조정 기사일 1793-06-13(행위 자체 기록일),HARD_TEMPORAL,NO,두 조정 행위의 기사일(행위 자체의 기록일) 순서. HARD = node 존재 외 조건 없음.
TE0783,DN_EC0023,DN_EC0151,TEMPORAL_BEFORE,STRONG,active(DN_EC0023) ∧ active(DN_EC0151),COURT_ENTRY_DATE_ORDER: 1793-05-12 < 1793-06-13,DN_EC0023: 조정 기사일 1793-05-12(행위 자체 기록일) / DN_EC0151: 조정 기사일 1793-06-13(행위 자체 기록일),HARD_TEMPORAL,NO,두 조정 행위의 기사일(행위 자체의 기록일) 순서. HARD = node 존재 외 조건 없음.
TE0784,DN_EC0023,DN_EC0152,TEMPORAL_BEFORE,STRONG,active(DN_EC0023) ∧ active(DN_EC0152),COURT_ENTRY_DATE_ORDER: 1793-05-12 < 1793-06-13,DN_EC0023: 조정 기사일 1793-05-12(행위 자체 기록일) / DN_EC0152: 조정 기사일 1793-06-13(행위 자체 기록일),HARD_TEMPORAL,NO,두 조정 행위의 기사일(행위 자체의 기록일) 순서. HARD = node 존재 외 조건 없음.
TE0785,DN_EC0023,DN_EC0153,TEMPORAL_BEFORE,STRONG,active(DN_EC0023) ∧ active(DN_EC0153),COURT_ENTRY_DATE_ORDER: 1793-05-12 < 1793-06-13,DN_EC0023: 조정 기사일 1793-05-12(행위 자체 기록일) / DN_EC0153: 조정 기사일 1793-06-13(행위 자체 기록일),HARD_TEMPORAL,NO,두 조정 행위의 기사일(행위 자체의 기록일) 순서. HARD = node 존재 외 조건 없음.
TE0786,DN_EC0023,DN_EC0154,TEMPORAL_BEFORE,STRONG,active(DN_EC0023) ∧ active(DN_EC0154),COURT_ENTRY_DATE_ORDER: 1793-05-12 < 1793-06-13,DN_EC0023: 조정 기사일 1793-05-12(행위 자체 기록일) / DN_EC0154: 조정 기사일 1793-06-13(행위 자체 기록일),HARD_TEMPORAL,NO,두 조정 행위의 기사일(행위 자체의 기록일) 순서. HARD = node 존재 외 조건 없음.
TE0787,DN_EC0023,DN_EC0155,TEMPORAL_BEFORE,STRONG,active(DN_EC0023) ∧ active(DN_EC0155),COURT_ENTRY_DATE_ORDER: 1793-05-12 < 1793-06-16,DN_EC0023: 조정 기사일 1793-05-12(행위 자체 기록일) / DN_EC0155: 조정 기사일 1793-06-16(행위 자체 기록일),HARD_TEMPORAL,NO,두 조정 행위의 기사일(행위 자체의 기록일) 순서. HARD = node 존재 외 조건 없음.
TE0788,DN_EC0023,DN_J_HONG_17930528_JISE,TEMPORAL_BEFORE,STRONG,active(DN_EC0023) ∧ active(DN_J_HONG_17930528_JISE),COURT_ENTRY_DATE_ORDER: 1793-05-12 < 1793-05-28,DN_EC0023: 조정 기사일 1793-05-12(행위 자체 기록일) / DN_J_HONG_17930528_JISE: 조정 기사일 1793-05-28(행위 자체 기록일),HARD_TEMPORAL,NO,두 조정 행위의 기사일(행위 자체의 기록일) 순서. HARD = node 존재 외 조건 없음.
TE0789,DN_EC0023,DN_J_HONG_17930613_JISE,TEMPORAL_BEFORE,STRONG,active(DN_EC0023) ∧ active(DN_J_HONG_17930613_JISE),COURT_ENTRY_DATE_ORDER: 1793-05-12 < 1793-06-13,DN_EC0023: 조정 기사일 1793-05-12(행위 자체 기록일) / DN_J_HONG_17930613_JISE: 조정 기사일 1793-06-13(행위 자체 기록일),HARD_TEMPORAL,NO,두 조정 행위의 기사일(행위 자체의 기록일) 순서. HARD = node 존재 외 조건 없음.
TE0790,DN_EC0023,DN_J_HONG_17930613_KIM_DEATH,TEMPORAL_BEFORE,STRONG,active(DN_EC0023) ∧ active(DN_J_HONG_17930613_KIM_DEATH),COURT_ENTRY_DATE_ORDER: 1793-05-12 < 1793-06-13,DN_EC0023: 조정 기사일 1793-05-12(행위 자체 기록일) / DN_J_HONG_17930613_KIM_DEATH: 조정 기사일 1793-06-13(행위 자체 기록일),HARD_TEMPORAL,NO,두 조정 행위의 기사일(행위 자체의 기록일) 순서. HARD = node 존재 외 조건 없음.
TE0791,DN_EC0023,DN_J_HONG_17930613_THEFT,TEMPORAL_BEFORE,STRONG,active(DN_EC0023) ∧ active(DN_J_HONG_17930613_THEFT),COURT_ENTRY_DATE_ORDER: 1793-05-12 < 1793-06-13,DN_EC0023: 조정 기사일 1793-05-12(행위 자체 기록일) / DN_J_HONG_17930613_THEFT: 조정 기사일 1793-06-13(행위 자체 기록일),HARD_TEMPORAL,NO,두 조정 행위의 기사일(행위 자체의 기록일) 순서. HARD = node 존재 외 조건 없음.
TE0792,DN_EC0023,DN_J_IJOWON_17930527_JISE,TEMPORAL_BEFORE,STRONG,active(DN_EC0023) ∧ active(DN_J_IJOWON_17930527_JISE),COURT_ENTRY_DATE_ORDER: 1793-05-12 < 1793-05-27,DN_EC0023: 조정 기사일 1793-05-12(행위 자체 기록일) / DN_J_IJOWON_17930527_JISE: 조정 기사일 1793-05-27(행위 자체 기록일),HARD_TEMPORAL,NO,두 조정 행위의 기사일(행위 자체의 기록일) 순서. HARD = node 존재 외 조건 없음.
TE0793,DN_EC0023,DN_J_IJOWON_17930527_KIM_DEATH,TEMPORAL_BEFORE,STRONG,active(DN_EC0023) ∧ active(DN_J_IJOWON_17930527_KIM_DEATH),COURT_ENTRY_DATE_ORDER: 1793-05-12 < 1793-05-27,DN_EC0023: 조정 기사일 1793-05-12(행위 자체 기록일) / DN_J_IJOWON_17930527_KIM_DEATH: 조정 기사일 1793-05-27(행위 자체 기록일),HARD_TEMPORAL,NO,두 조정 행위의 기사일(행위 자체의 기록일) 순서. HARD = node 존재 외 조건 없음.
TE0794,DN_EC0023,DN_J_IJOWON_17930527_THEFT,TEMPORAL_BEFORE,STRONG,active(DN_EC0023) ∧ active(DN_J_IJOWON_17930527_THEFT),COURT_ENTRY_DATE_ORDER: 1793-05-12 < 1793-05-27,DN_EC0023: 조정 기사일 1793-05-12(행위 자체 기록일) / DN_J_IJOWON_17930527_THEFT: 조정 기사일 1793-05-27(행위 자체 기록일),HARD_TEMPORAL,NO,두 조정 행위의 기사일(행위 자체의 기록일) 순서. HARD = node 존재 외 조건 없음.
TE0795,DN_EC0023,DN_J_JEONGJO_17930613_JISE,TEMPORAL_BEFORE,STRONG,active(DN_EC0023) ∧ active(DN_J_JEONGJO_17930613_JISE),COURT_ENTRY_DATE_ORDER: 1793-05-12 < 1793-06-13,DN_EC0023: 조정 기사일 1793-05-12(행위 자체 기록일) / DN_J_JEONGJO_17930613_JISE: 조정 기사일 1793-06-13(행위 자체 기록일),HARD_TEMPORAL,NO,두 조정 행위의 기사일(행위 자체의 기록일) 순서. HARD = node 존재 외 조건 없음.
TE0796,DN_EC0023,DN_J_JEONGJO_17930613_KIM_DEATH,TEMPORAL_BEFORE,STRONG,active(DN_EC0023) ∧ active(DN_J_JEONGJO_17930613_KIM_DEATH),COURT_ENTRY_DATE_ORDER: 1793-05-12 < 1793-06-13,DN_EC0023: 조정 기사일 1793-05-12(행위 자체 기록일) / DN_J_JEONGJO_17930613_KIM_DEATH: 조정 기사일 1793-06-13(행위 자체 기록일),HARD_TEMPORAL,NO,두 조정 행위의 기사일(행위 자체의 기록일) 순서. HARD = node 존재 외 조건 없음.
TE0797,DN_EC0023,DN_J_JEONGJO_17930613_THEFT,TEMPORAL_BEFORE,STRONG,active(DN_EC0023) ∧ active(DN_J_JEONGJO_17930613_THEFT),COURT_ENTRY_DATE_ORDER: 1793-05-12 < 1793-06-13,DN_EC0023: 조정 기사일 1793-05-12(행위 자체 기록일) / DN_J_JEONGJO_17930613_THEFT: 조정 기사일 1793-06-13(행위 자체 기록일),HARD_TEMPORAL,NO,두 조정 행위의 기사일(행위 자체의 기록일) 순서. HARD = node 존재 외 조건 없음.
TE0798,DN_EC0044,DN_EC0048,TEMPORAL_BEFORE,STRONG,active(DN_EC0044) ∧ active(DN_EC0048),COURT_ENTRY_DATE_ORDER: 1793-05-27 < 1793-05-28,DN_EC0044: 조정 기사일 1793-05-27(행위 자체 기록일) / DN_EC0048: 조정 기사일 1793-05-28(행위 자체 기록일),HARD_TEMPORAL,NO,두 조정 행위의 기사일(행위 자체의 기록일) 순서. HARD = node 존재 외 조건 없음.
TE0799,DN_EC0044,DN_EC0049,TEMPORAL_BEFORE,STRONG,active(DN_EC0044) ∧ active(DN_EC0049),COURT_ENTRY_DATE_ORDER: 1793-05-27 < 1793-05-28,DN_EC0044: 조정 기사일 1793-05-27(행위 자체 기록일) / DN_EC0049: 조정 기사일 1793-05-28(행위 자체 기록일),HARD_TEMPORAL,NO,두 조정 행위의 기사일(행위 자체의 기록일) 순서. HARD = node 존재 외 조건 없음.
TE0800,DN_EC0044,DN_EC0061,TEMPORAL_BEFORE,STRONG,active(DN_EC0044) ∧ active(DN_EC0061),COURT_ENTRY_DATE_ORDER: 1793-05-27 < 1793-06-11,DN_EC0044: 조정 기사일 1793-05-27(행위 자체 기록일) / DN_EC0061: 조정 기사일 1793-06-11(행위 자체 기록일),HARD_TEMPORAL,NO,두 조정 행위의 기사일(행위 자체의 기록일) 순서. HARD = node 존재 외 조건 없음.
TE0801,DN_EC0044,DN_EC0062,TEMPORAL_BEFORE,STRONG,active(DN_EC0044) ∧ active(DN_EC0062),COURT_ENTRY_DATE_ORDER: 1793-05-27 < 1793-06-11,DN_EC0044: 조정 기사일 1793-05-27(행위 자체 기록일) / DN_EC0062: 조정 기사일 1793-06-11(행위 자체 기록일),HARD_TEMPORAL,NO,두 조정 행위의 기사일(행위 자체의 기록일) 순서. HARD = node 존재 외 조건 없음.
TE0802,DN_EC0044,DN_EC0150,TEMPORAL_BEFORE,STRONG,active(DN_EC0044) ∧ active(DN_EC0150),COURT_ENTRY_DATE_ORDER: 1793-05-27 < 1793-06-13,DN_EC0044: 조정 기사일 1793-05-27(행위 자체 기록일) / DN_EC0150: 조정 기사일 1793-06-13(행위 자체 기록일),HARD_TEMPORAL,NO,두 조정 행위의 기사일(행위 자체의 기록일) 순서. HARD = node 존재 외 조건 없음.
TE0803,DN_EC0044,DN_EC0151,TEMPORAL_BEFORE,STRONG,active(DN_EC0044) ∧ active(DN_EC0151),COURT_ENTRY_DATE_ORDER: 1793-05-27 < 1793-06-13,DN_EC0044: 조정 기사일 1793-05-27(행위 자체 기록일) / DN_EC0151: 조정 기사일 1793-06-13(행위 자체 기록일),HARD_TEMPORAL,NO,두 조정 행위의 기사일(행위 자체의 기록일) 순서. HARD = node 존재 외 조건 없음.
TE0804,DN_EC0044,DN_EC0152,TEMPORAL_BEFORE,STRONG,active(DN_EC0044) ∧ active(DN_EC0152),COURT_ENTRY_DATE_ORDER: 1793-05-27 < 1793-06-13,DN_EC0044: 조정 기사일 1793-05-27(행위 자체 기록일) / DN_EC0152: 조정 기사일 1793-06-13(행위 자체 기록일),HARD_TEMPORAL,NO,두 조정 행위의 기사일(행위 자체의 기록일) 순서. HARD = node 존재 외 조건 없음.
TE0805,DN_EC0044,DN_EC0153,TEMPORAL_BEFORE,STRONG,active(DN_EC0044) ∧ active(DN_EC0153),COURT_ENTRY_DATE_ORDER: 1793-05-27 < 1793-06-13,DN_EC0044: 조정 기사일 1793-05-27(행위 자체 기록일) / DN_EC0153: 조정 기사일 1793-06-13(행위 자체 기록일),HARD_TEMPORAL,NO,두 조정 행위의 기사일(행위 자체의 기록일) 순서. HARD = node 존재 외 조건 없음.
TE0806,DN_EC0044,DN_EC0154,TEMPORAL_BEFORE,STRONG,active(DN_EC0044) ∧ active(DN_EC0154),COURT_ENTRY_DATE_ORDER: 1793-05-27 < 1793-06-13,DN_EC0044: 조정 기사일 1793-05-27(행위 자체 기록일) / DN_EC0154: 조정 기사일 1793-06-13(행위 자체 기록일),HARD_TEMPORAL,NO,두 조정 행위의 기사일(행위 자체의 기록일) 순서. HARD = node 존재 외 조건 없음.
TE0807,DN_EC0044,DN_EC0155,TEMPORAL_BEFORE,STRONG,active(DN_EC0044) ∧ active(DN_EC0155),COURT_ENTRY_DATE_ORDER: 1793-05-27 < 1793-06-16,DN_EC0044: 조정 기사일 1793-05-27(행위 자체 기록일) / DN_EC0155: 조정 기사일 1793-06-16(행위 자체 기록일),HARD_TEMPORAL,NO,두 조정 행위의 기사일(행위 자체의 기록일) 순서. HARD = node 존재 외 조건 없음.
TE0808,DN_EC0044,DN_J_HONG_17930528_JISE,TEMPORAL_BEFORE,STRONG,active(DN_EC0044) ∧ active(DN_J_HONG_17930528_JISE),COURT_ENTRY_DATE_ORDER: 1793-05-27 < 1793-05-28,DN_EC0044: 조정 기사일 1793-05-27(행위 자체 기록일) / DN_J_HONG_17930528_JISE: 조정 기사일 1793-05-28(행위 자체 기록일),HARD_TEMPORAL,NO,두 조정 행위의 기사일(행위 자체의 기록일) 순서. HARD = node 존재 외 조건 없음.
TE0809,DN_EC0044,DN_J_HONG_17930613_JISE,TEMPORAL_BEFORE,STRONG,active(DN_EC0044) ∧ active(DN_J_HONG_17930613_JISE),COURT_ENTRY_DATE_ORDER: 1793-05-27 < 1793-06-13,DN_EC0044: 조정 기사일 1793-05-27(행위 자체 기록일) / DN_J_HONG_17930613_JISE: 조정 기사일 1793-06-13(행위 자체 기록일),HARD_TEMPORAL,NO,두 조정 행위의 기사일(행위 자체의 기록일) 순서. HARD = node 존재 외 조건 없음.
TE0810,DN_EC0044,DN_J_HONG_17930613_KIM_DEATH,TEMPORAL_BEFORE,STRONG,active(DN_EC0044) ∧ active(DN_J_HONG_17930613_KIM_DEATH),COURT_ENTRY_DATE_ORDER: 1793-05-27 < 1793-06-13,DN_EC0044: 조정 기사일 1793-05-27(행위 자체 기록일) / DN_J_HONG_17930613_KIM_DEATH: 조정 기사일 1793-06-13(행위 자체 기록일),HARD_TEMPORAL,NO,두 조정 행위의 기사일(행위 자체의 기록일) 순서. HARD = node 존재 외 조건 없음.
TE0811,DN_EC0044,DN_J_HONG_17930613_THEFT,TEMPORAL_BEFORE,STRONG,active(DN_EC0044) ∧ active(DN_J_HONG_17930613_THEFT),COURT_ENTRY_DATE_ORDER: 1793-05-27 < 1793-06-13,DN_EC0044: 조정 기사일 1793-05-27(행위 자체 기록일) / DN_J_HONG_17930613_THEFT: 조정 기사일 1793-06-13(행위 자체 기록일),HARD_TEMPORAL,NO,두 조정 행위의 기사일(행위 자체의 기록일) 순서. HARD = node 존재 외 조건 없음.
TE0812,DN_EC0044,DN_J_JEONGJO_17930613_JISE,TEMPORAL_BEFORE,STRONG,active(DN_EC0044) ∧ active(DN_J_JEONGJO_17930613_JISE),COURT_ENTRY_DATE_ORDER: 1793-05-27 < 1793-06-13,DN_EC0044: 조정 기사일 1793-05-27(행위 자체 기록일) / DN_J_JEONGJO_17930613_JISE: 조정 기사일 1793-06-13(행위 자체 기록일),HARD_TEMPORAL,NO,두 조정 행위의 기사일(행위 자체의 기록일) 순서. HARD = node 존재 외 조건 없음.
TE0813,DN_EC0044,DN_J_JEONGJO_17930613_KIM_DEATH,TEMPORAL_BEFORE,STRONG,active(DN_EC0044) ∧ active(DN_J_JEONGJO_17930613_KIM_DEATH),COURT_ENTRY_DATE_ORDER: 1793-05-27 < 1793-06-13,DN_EC0044: 조정 기사일 1793-05-27(행위 자체 기록일) / DN_J_JEONGJO_17930613_KIM_DEATH: 조정 기사일 1793-06-13(행위 자체 기록일),HARD_TEMPORAL,NO,두 조정 행위의 기사일(행위 자체의 기록일) 순서. HARD = node 존재 외 조건 없음.
TE0814,DN_EC0044,DN_J_JEONGJO_17930613_THEFT,TEMPORAL_BEFORE,STRONG,active(DN_EC0044) ∧ active(DN_J_JEONGJO_17930613_THEFT),COURT_ENTRY_DATE_ORDER: 1793-05-27 < 1793-06-13,DN_EC0044: 조정 기사일 1793-05-27(행위 자체 기록일) / DN_J_JEONGJO_17930613_THEFT: 조정 기사일 1793-06-13(행위 자체 기록일),HARD_TEMPORAL,NO,두 조정 행위의 기사일(행위 자체의 기록일) 순서. HARD = node 존재 외 조건 없음.
TE0815,DN_EC0045,DN_EC0048,TEMPORAL_BEFORE,STRONG,active(DN_EC0045) ∧ active(DN_EC0048),COURT_ENTRY_DATE_ORDER: 1793-05-27 < 1793-05-28,DN_EC0045: 조정 기사일 1793-05-27(행위 자체 기록일) / DN_EC0048: 조정 기사일 1793-05-28(행위 자체 기록일),HARD_TEMPORAL,NO,두 조정 행위의 기사일(행위 자체의 기록일) 순서. HARD = node 존재 외 조건 없음.
TE0816,DN_EC0045,DN_EC0049,TEMPORAL_BEFORE,STRONG,active(DN_EC0045) ∧ active(DN_EC0049),COURT_ENTRY_DATE_ORDER: 1793-05-27 < 1793-05-28,DN_EC0045: 조정 기사일 1793-05-27(행위 자체 기록일) / DN_EC0049: 조정 기사일 1793-05-28(행위 자체 기록일),HARD_TEMPORAL,NO,두 조정 행위의 기사일(행위 자체의 기록일) 순서. HARD = node 존재 외 조건 없음.
TE0817,DN_EC0045,DN_EC0061,TEMPORAL_BEFORE,STRONG,active(DN_EC0045) ∧ active(DN_EC0061),COURT_ENTRY_DATE_ORDER: 1793-05-27 < 1793-06-11,DN_EC0045: 조정 기사일 1793-05-27(행위 자체 기록일) / DN_EC0061: 조정 기사일 1793-06-11(행위 자체 기록일),HARD_TEMPORAL,NO,두 조정 행위의 기사일(행위 자체의 기록일) 순서. HARD = node 존재 외 조건 없음.
TE0818,DN_EC0045,DN_EC0062,TEMPORAL_BEFORE,STRONG,active(DN_EC0045) ∧ active(DN_EC0062),COURT_ENTRY_DATE_ORDER: 1793-05-27 < 1793-06-11,DN_EC0045: 조정 기사일 1793-05-27(행위 자체 기록일) / DN_EC0062: 조정 기사일 1793-06-11(행위 자체 기록일),HARD_TEMPORAL,NO,두 조정 행위의 기사일(행위 자체의 기록일) 순서. HARD = node 존재 외 조건 없음.
TE0819,DN_EC0045,DN_EC0150,TEMPORAL_BEFORE,STRONG,active(DN_EC0045) ∧ active(DN_EC0150),COURT_ENTRY_DATE_ORDER: 1793-05-27 < 1793-06-13,DN_EC0045: 조정 기사일 1793-05-27(행위 자체 기록일) / DN_EC0150: 조정 기사일 1793-06-13(행위 자체 기록일),HARD_TEMPORAL,NO,두 조정 행위의 기사일(행위 자체의 기록일) 순서. HARD = node 존재 외 조건 없음.
TE0820,DN_EC0045,DN_EC0151,TEMPORAL_BEFORE,STRONG,active(DN_EC0045) ∧ active(DN_EC0151),COURT_ENTRY_DATE_ORDER: 1793-05-27 < 1793-06-13,DN_EC0045: 조정 기사일 1793-05-27(행위 자체 기록일) / DN_EC0151: 조정 기사일 1793-06-13(행위 자체 기록일),HARD_TEMPORAL,NO,두 조정 행위의 기사일(행위 자체의 기록일) 순서. HARD = node 존재 외 조건 없음.
TE0821,DN_EC0045,DN_EC0152,TEMPORAL_BEFORE,STRONG,active(DN_EC0045) ∧ active(DN_EC0152),COURT_ENTRY_DATE_ORDER: 1793-05-27 < 1793-06-13,DN_EC0045: 조정 기사일 1793-05-27(행위 자체 기록일) / DN_EC0152: 조정 기사일 1793-06-13(행위 자체 기록일),HARD_TEMPORAL,NO,두 조정 행위의 기사일(행위 자체의 기록일) 순서. HARD = node 존재 외 조건 없음.
TE0822,DN_EC0045,DN_EC0153,TEMPORAL_BEFORE,STRONG,active(DN_EC0045) ∧ active(DN_EC0153),COURT_ENTRY_DATE_ORDER: 1793-05-27 < 1793-06-13,DN_EC0045: 조정 기사일 1793-05-27(행위 자체 기록일) / DN_EC0153: 조정 기사일 1793-06-13(행위 자체 기록일),HARD_TEMPORAL,NO,두 조정 행위의 기사일(행위 자체의 기록일) 순서. HARD = node 존재 외 조건 없음.
TE0823,DN_EC0045,DN_EC0154,TEMPORAL_BEFORE,STRONG,active(DN_EC0045) ∧ active(DN_EC0154),COURT_ENTRY_DATE_ORDER: 1793-05-27 < 1793-06-13,DN_EC0045: 조정 기사일 1793-05-27(행위 자체 기록일) / DN_EC0154: 조정 기사일 1793-06-13(행위 자체 기록일),HARD_TEMPORAL,NO,두 조정 행위의 기사일(행위 자체의 기록일) 순서. HARD = node 존재 외 조건 없음.
TE0824,DN_EC0045,DN_EC0155,TEMPORAL_BEFORE,STRONG,active(DN_EC0045) ∧ active(DN_EC0155),COURT_ENTRY_DATE_ORDER: 1793-05-27 < 1793-06-16,DN_EC0045: 조정 기사일 1793-05-27(행위 자체 기록일) / DN_EC0155: 조정 기사일 1793-06-16(행위 자체 기록일),HARD_TEMPORAL,NO,두 조정 행위의 기사일(행위 자체의 기록일) 순서. HARD = node 존재 외 조건 없음.
TE0825,DN_EC0045,DN_J_HONG_17930528_JISE,TEMPORAL_BEFORE,STRONG,active(DN_EC0045) ∧ active(DN_J_HONG_17930528_JISE),COURT_ENTRY_DATE_ORDER: 1793-05-27 < 1793-05-28,DN_EC0045: 조정 기사일 1793-05-27(행위 자체 기록일) / DN_J_HONG_17930528_JISE: 조정 기사일 1793-05-28(행위 자체 기록일),HARD_TEMPORAL,NO,두 조정 행위의 기사일(행위 자체의 기록일) 순서. HARD = node 존재 외 조건 없음.
TE0826,DN_EC0045,DN_J_HONG_17930613_JISE,TEMPORAL_BEFORE,STRONG,active(DN_EC0045) ∧ active(DN_J_HONG_17930613_JISE),COURT_ENTRY_DATE_ORDER: 1793-05-27 < 1793-06-13,DN_EC0045: 조정 기사일 1793-05-27(행위 자체 기록일) / DN_J_HONG_17930613_JISE: 조정 기사일 1793-06-13(행위 자체 기록일),HARD_TEMPORAL,NO,두 조정 행위의 기사일(행위 자체의 기록일) 순서. HARD = node 존재 외 조건 없음.
TE0827,DN_EC0045,DN_J_HONG_17930613_KIM_DEATH,TEMPORAL_BEFORE,STRONG,active(DN_EC0045) ∧ active(DN_J_HONG_17930613_KIM_DEATH),COURT_ENTRY_DATE_ORDER: 1793-05-27 < 1793-06-13,DN_EC0045: 조정 기사일 1793-05-27(행위 자체 기록일) / DN_J_HONG_17930613_KIM_DEATH: 조정 기사일 1793-06-13(행위 자체 기록일),HARD_TEMPORAL,NO,두 조정 행위의 기사일(행위 자체의 기록일) 순서. HARD = node 존재 외 조건 없음.
TE0828,DN_EC0045,DN_J_HONG_17930613_THEFT,TEMPORAL_BEFORE,STRONG,active(DN_EC0045) ∧ active(DN_J_HONG_17930613_THEFT),COURT_ENTRY_DATE_ORDER: 1793-05-27 < 1793-06-13,DN_EC0045: 조정 기사일 1793-05-27(행위 자체 기록일) / DN_J_HONG_17930613_THEFT: 조정 기사일 1793-06-13(행위 자체 기록일),HARD_TEMPORAL,NO,두 조정 행위의 기사일(행위 자체의 기록일) 순서. HARD = node 존재 외 조건 없음.
TE0829,DN_EC0045,DN_J_JEONGJO_17930613_JISE,TEMPORAL_BEFORE,STRONG,active(DN_EC0045) ∧ active(DN_J_JEONGJO_17930613_JISE),COURT_ENTRY_DATE_ORDER: 1793-05-27 < 1793-06-13,DN_EC0045: 조정 기사일 1793-05-27(행위 자체 기록일) / DN_J_JEONGJO_17930613_JISE: 조정 기사일 1793-06-13(행위 자체 기록일),HARD_TEMPORAL,NO,두 조정 행위의 기사일(행위 자체의 기록일) 순서. HARD = node 존재 외 조건 없음.
TE0830,DN_EC0045,DN_J_JEONGJO_17930613_KIM_DEATH,TEMPORAL_BEFORE,STRONG,active(DN_EC0045) ∧ active(DN_J_JEONGJO_17930613_KIM_DEATH),COURT_ENTRY_DATE_ORDER: 1793-05-27 < 1793-06-13,DN_EC0045: 조정 기사일 1793-05-27(행위 자체 기록일) / DN_J_JEONGJO_17930613_KIM_DEATH: 조정 기사일 1793-06-13(행위 자체 기록일),HARD_TEMPORAL,NO,두 조정 행위의 기사일(행위 자체의 기록일) 순서. HARD = node 존재 외 조건 없음.
TE0831,DN_EC0045,DN_J_JEONGJO_17930613_THEFT,TEMPORAL_BEFORE,STRONG,active(DN_EC0045) ∧ active(DN_J_JEONGJO_17930613_THEFT),COURT_ENTRY_DATE_ORDER: 1793-05-27 < 1793-06-13,DN_EC0045: 조정 기사일 1793-05-27(행위 자체 기록일) / DN_J_JEONGJO_17930613_THEFT: 조정 기사일 1793-06-13(행위 자체 기록일),HARD_TEMPORAL,NO,두 조정 행위의 기사일(행위 자체의 기록일) 순서. HARD = node 존재 외 조건 없음.
TE0832,DN_EC0048,DN_EC0061,TEMPORAL_BEFORE,STRONG,active(DN_EC0048) ∧ active(DN_EC0061),COURT_ENTRY_DATE_ORDER: 1793-05-28 < 1793-06-11,DN_EC0048: 조정 기사일 1793-05-28(행위 자체 기록일) / DN_EC0061: 조정 기사일 1793-06-11(행위 자체 기록일),HARD_TEMPORAL,NO,두 조정 행위의 기사일(행위 자체의 기록일) 순서. HARD = node 존재 외 조건 없음.
TE0833,DN_EC0048,DN_EC0062,TEMPORAL_BEFORE,STRONG,active(DN_EC0048) ∧ active(DN_EC0062),COURT_ENTRY_DATE_ORDER: 1793-05-28 < 1793-06-11,DN_EC0048: 조정 기사일 1793-05-28(행위 자체 기록일) / DN_EC0062: 조정 기사일 1793-06-11(행위 자체 기록일),HARD_TEMPORAL,NO,두 조정 행위의 기사일(행위 자체의 기록일) 순서. HARD = node 존재 외 조건 없음.
TE0834,DN_EC0048,DN_EC0150,TEMPORAL_BEFORE,STRONG,active(DN_EC0048) ∧ active(DN_EC0150),COURT_ENTRY_DATE_ORDER: 1793-05-28 < 1793-06-13,DN_EC0048: 조정 기사일 1793-05-28(행위 자체 기록일) / DN_EC0150: 조정 기사일 1793-06-13(행위 자체 기록일),HARD_TEMPORAL,NO,두 조정 행위의 기사일(행위 자체의 기록일) 순서. HARD = node 존재 외 조건 없음.
TE0835,DN_EC0048,DN_EC0151,TEMPORAL_BEFORE,STRONG,active(DN_EC0048) ∧ active(DN_EC0151),COURT_ENTRY_DATE_ORDER: 1793-05-28 < 1793-06-13,DN_EC0048: 조정 기사일 1793-05-28(행위 자체 기록일) / DN_EC0151: 조정 기사일 1793-06-13(행위 자체 기록일),HARD_TEMPORAL,NO,두 조정 행위의 기사일(행위 자체의 기록일) 순서. HARD = node 존재 외 조건 없음.
TE0836,DN_EC0048,DN_EC0152,TEMPORAL_BEFORE,STRONG,active(DN_EC0048) ∧ active(DN_EC0152),COURT_ENTRY_DATE_ORDER: 1793-05-28 < 1793-06-13,DN_EC0048: 조정 기사일 1793-05-28(행위 자체 기록일) / DN_EC0152: 조정 기사일 1793-06-13(행위 자체 기록일),HARD_TEMPORAL,NO,두 조정 행위의 기사일(행위 자체의 기록일) 순서. HARD = node 존재 외 조건 없음.
TE0837,DN_EC0048,DN_EC0153,TEMPORAL_BEFORE,STRONG,active(DN_EC0048) ∧ active(DN_EC0153),COURT_ENTRY_DATE_ORDER: 1793-05-28 < 1793-06-13,DN_EC0048: 조정 기사일 1793-05-28(행위 자체 기록일) / DN_EC0153: 조정 기사일 1793-06-13(행위 자체 기록일),HARD_TEMPORAL,NO,두 조정 행위의 기사일(행위 자체의 기록일) 순서. HARD = node 존재 외 조건 없음.
TE0838,DN_EC0048,DN_EC0154,TEMPORAL_BEFORE,STRONG,active(DN_EC0048) ∧ active(DN_EC0154),COURT_ENTRY_DATE_ORDER: 1793-05-28 < 1793-06-13,DN_EC0048: 조정 기사일 1793-05-28(행위 자체 기록일) / DN_EC0154: 조정 기사일 1793-06-13(행위 자체 기록일),HARD_TEMPORAL,NO,두 조정 행위의 기사일(행위 자체의 기록일) 순서. HARD = node 존재 외 조건 없음.
TE0839,DN_EC0048,DN_EC0155,TEMPORAL_BEFORE,STRONG,active(DN_EC0048) ∧ active(DN_EC0155),COURT_ENTRY_DATE_ORDER: 1793-05-28 < 1793-06-16,DN_EC0048: 조정 기사일 1793-05-28(행위 자체 기록일) / DN_EC0155: 조정 기사일 1793-06-16(행위 자체 기록일),HARD_TEMPORAL,NO,두 조정 행위의 기사일(행위 자체의 기록일) 순서. HARD = node 존재 외 조건 없음.
TE0840,DN_EC0048,DN_J_JEONGJO_17930613_JISE,TEMPORAL_BEFORE,STRONG,active(DN_EC0048) ∧ active(DN_J_JEONGJO_17930613_JISE),COURT_ENTRY_DATE_ORDER: 1793-05-28 < 1793-06-13,DN_EC0048: 조정 기사일 1793-05-28(행위 자체 기록일) / DN_J_JEONGJO_17930613_JISE: 조정 기사일 1793-06-13(행위 자체 기록일),HARD_TEMPORAL,NO,두 조정 행위의 기사일(행위 자체의 기록일) 순서. HARD = node 존재 외 조건 없음.
TE0841,DN_EC0048,DN_J_JEONGJO_17930613_KIM_DEATH,TEMPORAL_BEFORE,STRONG,active(DN_EC0048) ∧ active(DN_J_JEONGJO_17930613_KIM_DEATH),COURT_ENTRY_DATE_ORDER: 1793-05-28 < 1793-06-13,DN_EC0048: 조정 기사일 1793-05-28(행위 자체 기록일) / DN_J_JEONGJO_17930613_KIM_DEATH: 조정 기사일 1793-06-13(행위 자체 기록일),HARD_TEMPORAL,NO,두 조정 행위의 기사일(행위 자체의 기록일) 순서. HARD = node 존재 외 조건 없음.
TE0842,DN_EC0048,DN_J_JEONGJO_17930613_THEFT,TEMPORAL_BEFORE,STRONG,active(DN_EC0048) ∧ active(DN_J_JEONGJO_17930613_THEFT),COURT_ENTRY_DATE_ORDER: 1793-05-28 < 1793-06-13,DN_EC0048: 조정 기사일 1793-05-28(행위 자체 기록일) / DN_J_JEONGJO_17930613_THEFT: 조정 기사일 1793-06-13(행위 자체 기록일),HARD_TEMPORAL,NO,두 조정 행위의 기사일(행위 자체의 기록일) 순서. HARD = node 존재 외 조건 없음.
TE0843,DN_EC0049,DN_EC0061,TEMPORAL_BEFORE,STRONG,active(DN_EC0049) ∧ active(DN_EC0061),COURT_ENTRY_DATE_ORDER: 1793-05-28 < 1793-06-11,DN_EC0049: 조정 기사일 1793-05-28(행위 자체 기록일) / DN_EC0061: 조정 기사일 1793-06-11(행위 자체 기록일),HARD_TEMPORAL,NO,두 조정 행위의 기사일(행위 자체의 기록일) 순서. HARD = node 존재 외 조건 없음.
TE0844,DN_EC0049,DN_EC0062,TEMPORAL_BEFORE,STRONG,active(DN_EC0049) ∧ active(DN_EC0062),COURT_ENTRY_DATE_ORDER: 1793-05-28 < 1793-06-11,DN_EC0049: 조정 기사일 1793-05-28(행위 자체 기록일) / DN_EC0062: 조정 기사일 1793-06-11(행위 자체 기록일),HARD_TEMPORAL,NO,두 조정 행위의 기사일(행위 자체의 기록일) 순서. HARD = node 존재 외 조건 없음.
TE0845,DN_EC0049,DN_EC0150,TEMPORAL_BEFORE,STRONG,active(DN_EC0049) ∧ active(DN_EC0150),COURT_ENTRY_DATE_ORDER: 1793-05-28 < 1793-06-13,DN_EC0049: 조정 기사일 1793-05-28(행위 자체 기록일) / DN_EC0150: 조정 기사일 1793-06-13(행위 자체 기록일),HARD_TEMPORAL,NO,두 조정 행위의 기사일(행위 자체의 기록일) 순서. HARD = node 존재 외 조건 없음.
TE0846,DN_EC0049,DN_EC0151,TEMPORAL_BEFORE,STRONG,active(DN_EC0049) ∧ active(DN_EC0151),COURT_ENTRY_DATE_ORDER: 1793-05-28 < 1793-06-13,DN_EC0049: 조정 기사일 1793-05-28(행위 자체 기록일) / DN_EC0151: 조정 기사일 1793-06-13(행위 자체 기록일),HARD_TEMPORAL,NO,두 조정 행위의 기사일(행위 자체의 기록일) 순서. HARD = node 존재 외 조건 없음.
TE0847,DN_EC0049,DN_EC0152,TEMPORAL_BEFORE,STRONG,active(DN_EC0049) ∧ active(DN_EC0152),COURT_ENTRY_DATE_ORDER: 1793-05-28 < 1793-06-13,DN_EC0049: 조정 기사일 1793-05-28(행위 자체 기록일) / DN_EC0152: 조정 기사일 1793-06-13(행위 자체 기록일),HARD_TEMPORAL,NO,두 조정 행위의 기사일(행위 자체의 기록일) 순서. HARD = node 존재 외 조건 없음.
TE0848,DN_EC0049,DN_EC0153,TEMPORAL_BEFORE,STRONG,active(DN_EC0049) ∧ active(DN_EC0153),COURT_ENTRY_DATE_ORDER: 1793-05-28 < 1793-06-13,DN_EC0049: 조정 기사일 1793-05-28(행위 자체 기록일) / DN_EC0153: 조정 기사일 1793-06-13(행위 자체 기록일),HARD_TEMPORAL,NO,두 조정 행위의 기사일(행위 자체의 기록일) 순서. HARD = node 존재 외 조건 없음.
TE0849,DN_EC0049,DN_EC0154,TEMPORAL_BEFORE,STRONG,active(DN_EC0049) ∧ active(DN_EC0154),COURT_ENTRY_DATE_ORDER: 1793-05-28 < 1793-06-13,DN_EC0049: 조정 기사일 1793-05-28(행위 자체 기록일) / DN_EC0154: 조정 기사일 1793-06-13(행위 자체 기록일),HARD_TEMPORAL,NO,두 조정 행위의 기사일(행위 자체의 기록일) 순서. HARD = node 존재 외 조건 없음.
TE0850,DN_EC0049,DN_EC0155,TEMPORAL_BEFORE,STRONG,active(DN_EC0049) ∧ active(DN_EC0155),COURT_ENTRY_DATE_ORDER: 1793-05-28 < 1793-06-16,DN_EC0049: 조정 기사일 1793-05-28(행위 자체 기록일) / DN_EC0155: 조정 기사일 1793-06-16(행위 자체 기록일),HARD_TEMPORAL,NO,두 조정 행위의 기사일(행위 자체의 기록일) 순서. HARD = node 존재 외 조건 없음.
TE0851,DN_EC0049,DN_J_JEONGJO_17930613_JISE,TEMPORAL_BEFORE,STRONG,active(DN_EC0049) ∧ active(DN_J_JEONGJO_17930613_JISE),COURT_ENTRY_DATE_ORDER: 1793-05-28 < 1793-06-13,DN_EC0049: 조정 기사일 1793-05-28(행위 자체 기록일) / DN_J_JEONGJO_17930613_JISE: 조정 기사일 1793-06-13(행위 자체 기록일),HARD_TEMPORAL,NO,두 조정 행위의 기사일(행위 자체의 기록일) 순서. HARD = node 존재 외 조건 없음.
TE0852,DN_EC0049,DN_J_JEONGJO_17930613_KIM_DEATH,TEMPORAL_BEFORE,STRONG,active(DN_EC0049) ∧ active(DN_J_JEONGJO_17930613_KIM_DEATH),COURT_ENTRY_DATE_ORDER: 1793-05-28 < 1793-06-13,DN_EC0049: 조정 기사일 1793-05-28(행위 자체 기록일) / DN_J_JEONGJO_17930613_KIM_DEATH: 조정 기사일 1793-06-13(행위 자체 기록일),HARD_TEMPORAL,NO,두 조정 행위의 기사일(행위 자체의 기록일) 순서. HARD = node 존재 외 조건 없음.
TE0853,DN_EC0049,DN_J_JEONGJO_17930613_THEFT,TEMPORAL_BEFORE,STRONG,active(DN_EC0049) ∧ active(DN_J_JEONGJO_17930613_THEFT),COURT_ENTRY_DATE_ORDER: 1793-05-28 < 1793-06-13,DN_EC0049: 조정 기사일 1793-05-28(행위 자체 기록일) / DN_J_JEONGJO_17930613_THEFT: 조정 기사일 1793-06-13(행위 자체 기록일),HARD_TEMPORAL,NO,두 조정 행위의 기사일(행위 자체의 기록일) 순서. HARD = node 존재 외 조건 없음.
TE0854,DN_EC0061,DN_EC0150,TEMPORAL_BEFORE,STRONG,active(DN_EC0061) ∧ active(DN_EC0150),COURT_ENTRY_DATE_ORDER: 1793-06-11 < 1793-06-13,DN_EC0061: 조정 기사일 1793-06-11(행위 자체 기록일) / DN_EC0150: 조정 기사일 1793-06-13(행위 자체 기록일),HARD_TEMPORAL,NO,두 조정 행위의 기사일(행위 자체의 기록일) 순서. HARD = node 존재 외 조건 없음.
TE0855,DN_EC0061,DN_EC0151,TEMPORAL_BEFORE,STRONG,active(DN_EC0061) ∧ active(DN_EC0151),COURT_ENTRY_DATE_ORDER: 1793-06-11 < 1793-06-13,DN_EC0061: 조정 기사일 1793-06-11(행위 자체 기록일) / DN_EC0151: 조정 기사일 1793-06-13(행위 자체 기록일),HARD_TEMPORAL,NO,두 조정 행위의 기사일(행위 자체의 기록일) 순서. HARD = node 존재 외 조건 없음.
TE0856,DN_EC0061,DN_EC0152,TEMPORAL_BEFORE,STRONG,active(DN_EC0061) ∧ active(DN_EC0152),COURT_ENTRY_DATE_ORDER: 1793-06-11 < 1793-06-13,DN_EC0061: 조정 기사일 1793-06-11(행위 자체 기록일) / DN_EC0152: 조정 기사일 1793-06-13(행위 자체 기록일),HARD_TEMPORAL,NO,두 조정 행위의 기사일(행위 자체의 기록일) 순서. HARD = node 존재 외 조건 없음.
TE0857,DN_EC0061,DN_EC0153,TEMPORAL_BEFORE,STRONG,active(DN_EC0061) ∧ active(DN_EC0153),COURT_ENTRY_DATE_ORDER: 1793-06-11 < 1793-06-13,DN_EC0061: 조정 기사일 1793-06-11(행위 자체 기록일) / DN_EC0153: 조정 기사일 1793-06-13(행위 자체 기록일),HARD_TEMPORAL,NO,두 조정 행위의 기사일(행위 자체의 기록일) 순서. HARD = node 존재 외 조건 없음.
TE0858,DN_EC0061,DN_EC0154,TEMPORAL_BEFORE,STRONG,active(DN_EC0061) ∧ active(DN_EC0154),COURT_ENTRY_DATE_ORDER: 1793-06-11 < 1793-06-13,DN_EC0061: 조정 기사일 1793-06-11(행위 자체 기록일) / DN_EC0154: 조정 기사일 1793-06-13(행위 자체 기록일),HARD_TEMPORAL,NO,두 조정 행위의 기사일(행위 자체의 기록일) 순서. HARD = node 존재 외 조건 없음.
TE0859,DN_EC0061,DN_EC0155,TEMPORAL_BEFORE,STRONG,active(DN_EC0061) ∧ active(DN_EC0155),COURT_ENTRY_DATE_ORDER: 1793-06-11 < 1793-06-16,DN_EC0061: 조정 기사일 1793-06-11(행위 자체 기록일) / DN_EC0155: 조정 기사일 1793-06-16(행위 자체 기록일),HARD_TEMPORAL,NO,두 조정 행위의 기사일(행위 자체의 기록일) 순서. HARD = node 존재 외 조건 없음.
TE0860,DN_EC0061,DN_J_JEONGJO_17930613_JISE,TEMPORAL_BEFORE,STRONG,active(DN_EC0061) ∧ active(DN_J_JEONGJO_17930613_JISE),COURT_ENTRY_DATE_ORDER: 1793-06-11 < 1793-06-13,DN_EC0061: 조정 기사일 1793-06-11(행위 자체 기록일) / DN_J_JEONGJO_17930613_JISE: 조정 기사일 1793-06-13(행위 자체 기록일),HARD_TEMPORAL,NO,두 조정 행위의 기사일(행위 자체의 기록일) 순서. HARD = node 존재 외 조건 없음.
TE0861,DN_EC0061,DN_J_JEONGJO_17930613_KIM_DEATH,TEMPORAL_BEFORE,STRONG,active(DN_EC0061) ∧ active(DN_J_JEONGJO_17930613_KIM_DEATH),COURT_ENTRY_DATE_ORDER: 1793-06-11 < 1793-06-13,DN_EC0061: 조정 기사일 1793-06-11(행위 자체 기록일) / DN_J_JEONGJO_17930613_KIM_DEATH: 조정 기사일 1793-06-13(행위 자체 기록일),HARD_TEMPORAL,NO,두 조정 행위의 기사일(행위 자체의 기록일) 순서. HARD = node 존재 외 조건 없음.
TE0862,DN_EC0061,DN_J_JEONGJO_17930613_THEFT,TEMPORAL_BEFORE,STRONG,active(DN_EC0061) ∧ active(DN_J_JEONGJO_17930613_THEFT),COURT_ENTRY_DATE_ORDER: 1793-06-11 < 1793-06-13,DN_EC0061: 조정 기사일 1793-06-11(행위 자체 기록일) / DN_J_JEONGJO_17930613_THEFT: 조정 기사일 1793-06-13(행위 자체 기록일),HARD_TEMPORAL,NO,두 조정 행위의 기사일(행위 자체의 기록일) 순서. HARD = node 존재 외 조건 없음.
TE0863,DN_EC0062,DN_EC0150,TEMPORAL_BEFORE,STRONG,active(DN_EC0062) ∧ active(DN_EC0150),COURT_ENTRY_DATE_ORDER: 1793-06-11 < 1793-06-13,DN_EC0062: 조정 기사일 1793-06-11(행위 자체 기록일) / DN_EC0150: 조정 기사일 1793-06-13(행위 자체 기록일),HARD_TEMPORAL,NO,두 조정 행위의 기사일(행위 자체의 기록일) 순서. HARD = node 존재 외 조건 없음.
TE0864,DN_EC0062,DN_EC0151,TEMPORAL_BEFORE,STRONG,active(DN_EC0062) ∧ active(DN_EC0151),COURT_ENTRY_DATE_ORDER: 1793-06-11 < 1793-06-13,DN_EC0062: 조정 기사일 1793-06-11(행위 자체 기록일) / DN_EC0151: 조정 기사일 1793-06-13(행위 자체 기록일),HARD_TEMPORAL,NO,두 조정 행위의 기사일(행위 자체의 기록일) 순서. HARD = node 존재 외 조건 없음.
TE0865,DN_EC0062,DN_EC0152,TEMPORAL_BEFORE,STRONG,active(DN_EC0062) ∧ active(DN_EC0152),COURT_ENTRY_DATE_ORDER: 1793-06-11 < 1793-06-13,DN_EC0062: 조정 기사일 1793-06-11(행위 자체 기록일) / DN_EC0152: 조정 기사일 1793-06-13(행위 자체 기록일),HARD_TEMPORAL,NO,두 조정 행위의 기사일(행위 자체의 기록일) 순서. HARD = node 존재 외 조건 없음.
TE0866,DN_EC0062,DN_EC0153,TEMPORAL_BEFORE,STRONG,active(DN_EC0062) ∧ active(DN_EC0153),COURT_ENTRY_DATE_ORDER: 1793-06-11 < 1793-06-13,DN_EC0062: 조정 기사일 1793-06-11(행위 자체 기록일) / DN_EC0153: 조정 기사일 1793-06-13(행위 자체 기록일),HARD_TEMPORAL,NO,두 조정 행위의 기사일(행위 자체의 기록일) 순서. HARD = node 존재 외 조건 없음.
TE0867,DN_EC0062,DN_EC0154,TEMPORAL_BEFORE,STRONG,active(DN_EC0062) ∧ active(DN_EC0154),COURT_ENTRY_DATE_ORDER: 1793-06-11 < 1793-06-13,DN_EC0062: 조정 기사일 1793-06-11(행위 자체 기록일) / DN_EC0154: 조정 기사일 1793-06-13(행위 자체 기록일),HARD_TEMPORAL,NO,두 조정 행위의 기사일(행위 자체의 기록일) 순서. HARD = node 존재 외 조건 없음.
TE0868,DN_EC0062,DN_EC0155,TEMPORAL_BEFORE,STRONG,active(DN_EC0062) ∧ active(DN_EC0155),COURT_ENTRY_DATE_ORDER: 1793-06-11 < 1793-06-16,DN_EC0062: 조정 기사일 1793-06-11(행위 자체 기록일) / DN_EC0155: 조정 기사일 1793-06-16(행위 자체 기록일),HARD_TEMPORAL,NO,두 조정 행위의 기사일(행위 자체의 기록일) 순서. HARD = node 존재 외 조건 없음.
TE0869,DN_EC0062,DN_J_HONG_17930613_JISE,TEMPORAL_BEFORE,STRONG,active(DN_EC0062) ∧ active(DN_J_HONG_17930613_JISE),COURT_ENTRY_DATE_ORDER: 1793-06-11 < 1793-06-13,DN_EC0062: 조정 기사일 1793-06-11(행위 자체 기록일) / DN_J_HONG_17930613_JISE: 조정 기사일 1793-06-13(행위 자체 기록일),HARD_TEMPORAL,NO,두 조정 행위의 기사일(행위 자체의 기록일) 순서. HARD = node 존재 외 조건 없음.
TE0870,DN_EC0062,DN_J_HONG_17930613_KIM_DEATH,TEMPORAL_BEFORE,STRONG,active(DN_EC0062) ∧ active(DN_J_HONG_17930613_KIM_DEATH),COURT_ENTRY_DATE_ORDER: 1793-06-11 < 1793-06-13,DN_EC0062: 조정 기사일 1793-06-11(행위 자체 기록일) / DN_J_HONG_17930613_KIM_DEATH: 조정 기사일 1793-06-13(행위 자체 기록일),HARD_TEMPORAL,NO,두 조정 행위의 기사일(행위 자체의 기록일) 순서. HARD = node 존재 외 조건 없음.
TE0871,DN_EC0062,DN_J_HONG_17930613_THEFT,TEMPORAL_BEFORE,STRONG,active(DN_EC0062) ∧ active(DN_J_HONG_17930613_THEFT),COURT_ENTRY_DATE_ORDER: 1793-06-11 < 1793-06-13,DN_EC0062: 조정 기사일 1793-06-11(행위 자체 기록일) / DN_J_HONG_17930613_THEFT: 조정 기사일 1793-06-13(행위 자체 기록일),HARD_TEMPORAL,NO,두 조정 행위의 기사일(행위 자체의 기록일) 순서. HARD = node 존재 외 조건 없음.
TE0872,DN_EC0062,DN_J_JEONGJO_17930613_JISE,TEMPORAL_BEFORE,STRONG,active(DN_EC0062) ∧ active(DN_J_JEONGJO_17930613_JISE),COURT_ENTRY_DATE_ORDER: 1793-06-11 < 1793-06-13,DN_EC0062: 조정 기사일 1793-06-11(행위 자체 기록일) / DN_J_JEONGJO_17930613_JISE: 조정 기사일 1793-06-13(행위 자체 기록일),HARD_TEMPORAL,NO,두 조정 행위의 기사일(행위 자체의 기록일) 순서. HARD = node 존재 외 조건 없음.
TE0873,DN_EC0062,DN_J_JEONGJO_17930613_KIM_DEATH,TEMPORAL_BEFORE,STRONG,active(DN_EC0062) ∧ active(DN_J_JEONGJO_17930613_KIM_DEATH),COURT_ENTRY_DATE_ORDER: 1793-06-11 < 1793-06-13,DN_EC0062: 조정 기사일 1793-06-11(행위 자체 기록일) / DN_J_JEONGJO_17930613_KIM_DEATH: 조정 기사일 1793-06-13(행위 자체 기록일),HARD_TEMPORAL,NO,두 조정 행위의 기사일(행위 자체의 기록일) 순서. HARD = node 존재 외 조건 없음.
TE0874,DN_EC0062,DN_J_JEONGJO_17930613_THEFT,TEMPORAL_BEFORE,STRONG,active(DN_EC0062) ∧ active(DN_J_JEONGJO_17930613_THEFT),COURT_ENTRY_DATE_ORDER: 1793-06-11 < 1793-06-13,DN_EC0062: 조정 기사일 1793-06-11(행위 자체 기록일) / DN_J_JEONGJO_17930613_THEFT: 조정 기사일 1793-06-13(행위 자체 기록일),HARD_TEMPORAL,NO,두 조정 행위의 기사일(행위 자체의 기록일) 순서. HARD = node 존재 외 조건 없음.
TE0875,DN_EC0150,DN_EC0155,TEMPORAL_BEFORE,STRONG,active(DN_EC0150) ∧ active(DN_EC0155),COURT_ENTRY_DATE_ORDER: 1793-06-13 < 1793-06-16,DN_EC0150: 조정 기사일 1793-06-13(행위 자체 기록일) / DN_EC0155: 조정 기사일 1793-06-16(행위 자체 기록일),HARD_TEMPORAL,NO,두 조정 행위의 기사일(행위 자체의 기록일) 순서. HARD = node 존재 외 조건 없음.
TE0876,DN_EC0151,DN_EC0155,TEMPORAL_BEFORE,STRONG,active(DN_EC0151) ∧ active(DN_EC0155),COURT_ENTRY_DATE_ORDER: 1793-06-13 < 1793-06-16,DN_EC0151: 조정 기사일 1793-06-13(행위 자체 기록일) / DN_EC0155: 조정 기사일 1793-06-16(행위 자체 기록일),HARD_TEMPORAL,NO,두 조정 행위의 기사일(행위 자체의 기록일) 순서. HARD = node 존재 외 조건 없음.
TE0877,DN_EC0152,DN_EC0155,TEMPORAL_BEFORE,STRONG,active(DN_EC0152) ∧ active(DN_EC0155),COURT_ENTRY_DATE_ORDER: 1793-06-13 < 1793-06-16,DN_EC0152: 조정 기사일 1793-06-13(행위 자체 기록일) / DN_EC0155: 조정 기사일 1793-06-16(행위 자체 기록일),HARD_TEMPORAL,NO,두 조정 행위의 기사일(행위 자체의 기록일) 순서. HARD = node 존재 외 조건 없음.
TE0878,DN_EC0153,DN_EC0155,TEMPORAL_BEFORE,STRONG,active(DN_EC0153) ∧ active(DN_EC0155),COURT_ENTRY_DATE_ORDER: 1793-06-13 < 1793-06-16,DN_EC0153: 조정 기사일 1793-06-13(행위 자체 기록일) / DN_EC0155: 조정 기사일 1793-06-16(행위 자체 기록일),HARD_TEMPORAL,NO,두 조정 행위의 기사일(행위 자체의 기록일) 순서. HARD = node 존재 외 조건 없음.
TE0879,DN_J_HONG_17930528_JISE,DN_EC0061,TEMPORAL_BEFORE,STRONG,active(DN_J_HONG_17930528_JISE) ∧ active(DN_EC0061),COURT_ENTRY_DATE_ORDER: 1793-05-28 < 1793-06-11,DN_J_HONG_17930528_JISE: 조정 기사일 1793-05-28(행위 자체 기록일) / DN_EC0061: 조정 기사일 1793-06-11(행위 자체 기록일),HARD_TEMPORAL,NO,두 조정 행위의 기사일(행위 자체의 기록일) 순서. HARD = node 존재 외 조건 없음.
TE0880,DN_J_HONG_17930528_JISE,DN_EC0062,TEMPORAL_BEFORE,STRONG,active(DN_J_HONG_17930528_JISE) ∧ active(DN_EC0062),COURT_ENTRY_DATE_ORDER: 1793-05-28 < 1793-06-11,DN_J_HONG_17930528_JISE: 조정 기사일 1793-05-28(행위 자체 기록일) / DN_EC0062: 조정 기사일 1793-06-11(행위 자체 기록일),HARD_TEMPORAL,NO,두 조정 행위의 기사일(행위 자체의 기록일) 순서. HARD = node 존재 외 조건 없음.
TE0881,DN_J_HONG_17930528_JISE,DN_EC0150,TEMPORAL_BEFORE,STRONG,active(DN_J_HONG_17930528_JISE) ∧ active(DN_EC0150),COURT_ENTRY_DATE_ORDER: 1793-05-28 < 1793-06-13,DN_J_HONG_17930528_JISE: 조정 기사일 1793-05-28(행위 자체 기록일) / DN_EC0150: 조정 기사일 1793-06-13(행위 자체 기록일),HARD_TEMPORAL,NO,두 조정 행위의 기사일(행위 자체의 기록일) 순서. HARD = node 존재 외 조건 없음.
TE0882,DN_J_HONG_17930528_JISE,DN_EC0151,TEMPORAL_BEFORE,STRONG,active(DN_J_HONG_17930528_JISE) ∧ active(DN_EC0151),COURT_ENTRY_DATE_ORDER: 1793-05-28 < 1793-06-13,DN_J_HONG_17930528_JISE: 조정 기사일 1793-05-28(행위 자체 기록일) / DN_EC0151: 조정 기사일 1793-06-13(행위 자체 기록일),HARD_TEMPORAL,NO,두 조정 행위의 기사일(행위 자체의 기록일) 순서. HARD = node 존재 외 조건 없음.
TE0883,DN_J_HONG_17930528_JISE,DN_EC0152,TEMPORAL_BEFORE,STRONG,active(DN_J_HONG_17930528_JISE) ∧ active(DN_EC0152),COURT_ENTRY_DATE_ORDER: 1793-05-28 < 1793-06-13,DN_J_HONG_17930528_JISE: 조정 기사일 1793-05-28(행위 자체 기록일) / DN_EC0152: 조정 기사일 1793-06-13(행위 자체 기록일),HARD_TEMPORAL,NO,두 조정 행위의 기사일(행위 자체의 기록일) 순서. HARD = node 존재 외 조건 없음.
TE0884,DN_J_HONG_17930528_JISE,DN_EC0153,TEMPORAL_BEFORE,STRONG,active(DN_J_HONG_17930528_JISE) ∧ active(DN_EC0153),COURT_ENTRY_DATE_ORDER: 1793-05-28 < 1793-06-13,DN_J_HONG_17930528_JISE: 조정 기사일 1793-05-28(행위 자체 기록일) / DN_EC0153: 조정 기사일 1793-06-13(행위 자체 기록일),HARD_TEMPORAL,NO,두 조정 행위의 기사일(행위 자체의 기록일) 순서. HARD = node 존재 외 조건 없음.
TE0885,DN_J_HONG_17930528_JISE,DN_EC0154,TEMPORAL_BEFORE,STRONG,active(DN_J_HONG_17930528_JISE) ∧ active(DN_EC0154),COURT_ENTRY_DATE_ORDER: 1793-05-28 < 1793-06-13,DN_J_HONG_17930528_JISE: 조정 기사일 1793-05-28(행위 자체 기록일) / DN_EC0154: 조정 기사일 1793-06-13(행위 자체 기록일),HARD_TEMPORAL,NO,두 조정 행위의 기사일(행위 자체의 기록일) 순서. HARD = node 존재 외 조건 없음.
TE0886,DN_J_HONG_17930528_JISE,DN_EC0155,TEMPORAL_BEFORE,STRONG,active(DN_J_HONG_17930528_JISE) ∧ active(DN_EC0155),COURT_ENTRY_DATE_ORDER: 1793-05-28 < 1793-06-16,DN_J_HONG_17930528_JISE: 조정 기사일 1793-05-28(행위 자체 기록일) / DN_EC0155: 조정 기사일 1793-06-16(행위 자체 기록일),HARD_TEMPORAL,NO,두 조정 행위의 기사일(행위 자체의 기록일) 순서. HARD = node 존재 외 조건 없음.
TE0887,DN_J_HONG_17930528_JISE,DN_J_HONG_17930613_KIM_DEATH,TEMPORAL_BEFORE,STRONG,active(DN_J_HONG_17930528_JISE) ∧ active(DN_J_HONG_17930613_KIM_DEATH),COURT_ENTRY_DATE_ORDER: 1793-05-28 < 1793-06-13,DN_J_HONG_17930528_JISE: 조정 기사일 1793-05-28(행위 자체 기록일) / DN_J_HONG_17930613_KIM_DEATH: 조정 기사일 1793-06-13(행위 자체 기록일),HARD_TEMPORAL,NO,두 조정 행위의 기사일(행위 자체의 기록일) 순서. HARD = node 존재 외 조건 없음.
TE0888,DN_J_HONG_17930528_JISE,DN_J_HONG_17930613_THEFT,TEMPORAL_BEFORE,STRONG,active(DN_J_HONG_17930528_JISE) ∧ active(DN_J_HONG_17930613_THEFT),COURT_ENTRY_DATE_ORDER: 1793-05-28 < 1793-06-13,DN_J_HONG_17930528_JISE: 조정 기사일 1793-05-28(행위 자체 기록일) / DN_J_HONG_17930613_THEFT: 조정 기사일 1793-06-13(행위 자체 기록일),HARD_TEMPORAL,NO,두 조정 행위의 기사일(행위 자체의 기록일) 순서. HARD = node 존재 외 조건 없음.
TE0889,DN_J_HONG_17930528_JISE,DN_J_JEONGJO_17930613_JISE,TEMPORAL_BEFORE,STRONG,active(DN_J_HONG_17930528_JISE) ∧ active(DN_J_JEONGJO_17930613_JISE),COURT_ENTRY_DATE_ORDER: 1793-05-28 < 1793-06-13,DN_J_HONG_17930528_JISE: 조정 기사일 1793-05-28(행위 자체 기록일) / DN_J_JEONGJO_17930613_JISE: 조정 기사일 1793-06-13(행위 자체 기록일),HARD_TEMPORAL,NO,두 조정 행위의 기사일(행위 자체의 기록일) 순서. HARD = node 존재 외 조건 없음.
TE0890,DN_J_HONG_17930528_JISE,DN_J_JEONGJO_17930613_KIM_DEATH,TEMPORAL_BEFORE,STRONG,active(DN_J_HONG_17930528_JISE) ∧ active(DN_J_JEONGJO_17930613_KIM_DEATH),COURT_ENTRY_DATE_ORDER: 1793-05-28 < 1793-06-13,DN_J_HONG_17930528_JISE: 조정 기사일 1793-05-28(행위 자체 기록일) / DN_J_JEONGJO_17930613_KIM_DEATH: 조정 기사일 1793-06-13(행위 자체 기록일),HARD_TEMPORAL,NO,두 조정 행위의 기사일(행위 자체의 기록일) 순서. HARD = node 존재 외 조건 없음.
TE0891,DN_J_HONG_17930528_JISE,DN_J_JEONGJO_17930613_THEFT,TEMPORAL_BEFORE,STRONG,active(DN_J_HONG_17930528_JISE) ∧ active(DN_J_JEONGJO_17930613_THEFT),COURT_ENTRY_DATE_ORDER: 1793-05-28 < 1793-06-13,DN_J_HONG_17930528_JISE: 조정 기사일 1793-05-28(행위 자체 기록일) / DN_J_JEONGJO_17930613_THEFT: 조정 기사일 1793-06-13(행위 자체 기록일),HARD_TEMPORAL,NO,두 조정 행위의 기사일(행위 자체의 기록일) 순서. HARD = node 존재 외 조건 없음.
TE0892,DN_J_HONG_17930613_JISE,DN_EC0155,TEMPORAL_BEFORE,STRONG,active(DN_J_HONG_17930613_JISE) ∧ active(DN_EC0155),COURT_ENTRY_DATE_ORDER: 1793-06-13 < 1793-06-16,DN_J_HONG_17930613_JISE: 조정 기사일 1793-06-13(행위 자체 기록일) / DN_EC0155: 조정 기사일 1793-06-16(행위 자체 기록일),HARD_TEMPORAL,NO,두 조정 행위의 기사일(행위 자체의 기록일) 순서. HARD = node 존재 외 조건 없음.
TE0893,DN_J_HONG_17930613_KIM_DEATH,DN_EC0155,TEMPORAL_BEFORE,STRONG,active(DN_J_HONG_17930613_KIM_DEATH) ∧ active(DN_EC0155),COURT_ENTRY_DATE_ORDER: 1793-06-13 < 1793-06-16,DN_J_HONG_17930613_KIM_DEATH: 조정 기사일 1793-06-13(행위 자체 기록일) / DN_EC0155: 조정 기사일 1793-06-16(행위 자체 기록일),HARD_TEMPORAL,NO,두 조정 행위의 기사일(행위 자체의 기록일) 순서. HARD = node 존재 외 조건 없음.
TE0894,DN_J_HONG_17930613_THEFT,DN_EC0155,TEMPORAL_BEFORE,STRONG,active(DN_J_HONG_17930613_THEFT) ∧ active(DN_EC0155),COURT_ENTRY_DATE_ORDER: 1793-06-13 < 1793-06-16,DN_J_HONG_17930613_THEFT: 조정 기사일 1793-06-13(행위 자체 기록일) / DN_EC0155: 조정 기사일 1793-06-16(행위 자체 기록일),HARD_TEMPORAL,NO,두 조정 행위의 기사일(행위 자체의 기록일) 순서. HARD = node 존재 외 조건 없음.
TE0895,DN_J_IJOWON_17930527_JISE,DN_EC0048,TEMPORAL_BEFORE,STRONG,active(DN_J_IJOWON_17930527_JISE) ∧ active(DN_EC0048),COURT_ENTRY_DATE_ORDER: 1793-05-27 < 1793-05-28,DN_J_IJOWON_17930527_JISE: 조정 기사일 1793-05-27(행위 자체 기록일) / DN_EC0048: 조정 기사일 1793-05-28(행위 자체 기록일),HARD_TEMPORAL,NO,두 조정 행위의 기사일(행위 자체의 기록일) 순서. HARD = node 존재 외 조건 없음.
TE0896,DN_J_IJOWON_17930527_JISE,DN_EC0049,TEMPORAL_BEFORE,STRONG,active(DN_J_IJOWON_17930527_JISE) ∧ active(DN_EC0049),COURT_ENTRY_DATE_ORDER: 1793-05-27 < 1793-05-28,DN_J_IJOWON_17930527_JISE: 조정 기사일 1793-05-27(행위 자체 기록일) / DN_EC0049: 조정 기사일 1793-05-28(행위 자체 기록일),HARD_TEMPORAL,NO,두 조정 행위의 기사일(행위 자체의 기록일) 순서. HARD = node 존재 외 조건 없음.
TE0897,DN_J_IJOWON_17930527_JISE,DN_EC0061,TEMPORAL_BEFORE,STRONG,active(DN_J_IJOWON_17930527_JISE) ∧ active(DN_EC0061),COURT_ENTRY_DATE_ORDER: 1793-05-27 < 1793-06-11,DN_J_IJOWON_17930527_JISE: 조정 기사일 1793-05-27(행위 자체 기록일) / DN_EC0061: 조정 기사일 1793-06-11(행위 자체 기록일),HARD_TEMPORAL,NO,두 조정 행위의 기사일(행위 자체의 기록일) 순서. HARD = node 존재 외 조건 없음.
TE0898,DN_J_IJOWON_17930527_JISE,DN_EC0062,TEMPORAL_BEFORE,STRONG,active(DN_J_IJOWON_17930527_JISE) ∧ active(DN_EC0062),COURT_ENTRY_DATE_ORDER: 1793-05-27 < 1793-06-11,DN_J_IJOWON_17930527_JISE: 조정 기사일 1793-05-27(행위 자체 기록일) / DN_EC0062: 조정 기사일 1793-06-11(행위 자체 기록일),HARD_TEMPORAL,NO,두 조정 행위의 기사일(행위 자체의 기록일) 순서. HARD = node 존재 외 조건 없음.
TE0899,DN_J_IJOWON_17930527_JISE,DN_EC0150,TEMPORAL_BEFORE,STRONG,active(DN_J_IJOWON_17930527_JISE) ∧ active(DN_EC0150),COURT_ENTRY_DATE_ORDER: 1793-05-27 < 1793-06-13,DN_J_IJOWON_17930527_JISE: 조정 기사일 1793-05-27(행위 자체 기록일) / DN_EC0150: 조정 기사일 1793-06-13(행위 자체 기록일),HARD_TEMPORAL,NO,두 조정 행위의 기사일(행위 자체의 기록일) 순서. HARD = node 존재 외 조건 없음.
TE0900,DN_J_IJOWON_17930527_JISE,DN_EC0151,TEMPORAL_BEFORE,STRONG,active(DN_J_IJOWON_17930527_JISE) ∧ active(DN_EC0151),COURT_ENTRY_DATE_ORDER: 1793-05-27 < 1793-06-13,DN_J_IJOWON_17930527_JISE: 조정 기사일 1793-05-27(행위 자체 기록일) / DN_EC0151: 조정 기사일 1793-06-13(행위 자체 기록일),HARD_TEMPORAL,NO,두 조정 행위의 기사일(행위 자체의 기록일) 순서. HARD = node 존재 외 조건 없음.
TE0901,DN_J_IJOWON_17930527_JISE,DN_EC0152,TEMPORAL_BEFORE,STRONG,active(DN_J_IJOWON_17930527_JISE) ∧ active(DN_EC0152),COURT_ENTRY_DATE_ORDER: 1793-05-27 < 1793-06-13,DN_J_IJOWON_17930527_JISE: 조정 기사일 1793-05-27(행위 자체 기록일) / DN_EC0152: 조정 기사일 1793-06-13(행위 자체 기록일),HARD_TEMPORAL,NO,두 조정 행위의 기사일(행위 자체의 기록일) 순서. HARD = node 존재 외 조건 없음.
TE0902,DN_J_IJOWON_17930527_JISE,DN_EC0153,TEMPORAL_BEFORE,STRONG,active(DN_J_IJOWON_17930527_JISE) ∧ active(DN_EC0153),COURT_ENTRY_DATE_ORDER: 1793-05-27 < 1793-06-13,DN_J_IJOWON_17930527_JISE: 조정 기사일 1793-05-27(행위 자체 기록일) / DN_EC0153: 조정 기사일 1793-06-13(행위 자체 기록일),HARD_TEMPORAL,NO,두 조정 행위의 기사일(행위 자체의 기록일) 순서. HARD = node 존재 외 조건 없음.
TE0903,DN_J_IJOWON_17930527_JISE,DN_EC0154,TEMPORAL_BEFORE,STRONG,active(DN_J_IJOWON_17930527_JISE) ∧ active(DN_EC0154),COURT_ENTRY_DATE_ORDER: 1793-05-27 < 1793-06-13,DN_J_IJOWON_17930527_JISE: 조정 기사일 1793-05-27(행위 자체 기록일) / DN_EC0154: 조정 기사일 1793-06-13(행위 자체 기록일),HARD_TEMPORAL,NO,두 조정 행위의 기사일(행위 자체의 기록일) 순서. HARD = node 존재 외 조건 없음.
TE0904,DN_J_IJOWON_17930527_JISE,DN_EC0155,TEMPORAL_BEFORE,STRONG,active(DN_J_IJOWON_17930527_JISE) ∧ active(DN_EC0155),COURT_ENTRY_DATE_ORDER: 1793-05-27 < 1793-06-16,DN_J_IJOWON_17930527_JISE: 조정 기사일 1793-05-27(행위 자체 기록일) / DN_EC0155: 조정 기사일 1793-06-16(행위 자체 기록일),HARD_TEMPORAL,NO,두 조정 행위의 기사일(행위 자체의 기록일) 순서. HARD = node 존재 외 조건 없음.
TE0905,DN_J_IJOWON_17930527_JISE,DN_J_HONG_17930528_JISE,TEMPORAL_BEFORE,STRONG,active(DN_J_IJOWON_17930527_JISE) ∧ active(DN_J_HONG_17930528_JISE),COURT_ENTRY_DATE_ORDER: 1793-05-27 < 1793-05-28,DN_J_IJOWON_17930527_JISE: 조정 기사일 1793-05-27(행위 자체 기록일) / DN_J_HONG_17930528_JISE: 조정 기사일 1793-05-28(행위 자체 기록일),HARD_TEMPORAL,NO,두 조정 행위의 기사일(행위 자체의 기록일) 순서. HARD = node 존재 외 조건 없음.
TE0906,DN_J_IJOWON_17930527_JISE,DN_J_HONG_17930613_JISE,TEMPORAL_BEFORE,STRONG,active(DN_J_IJOWON_17930527_JISE) ∧ active(DN_J_HONG_17930613_JISE),COURT_ENTRY_DATE_ORDER: 1793-05-27 < 1793-06-13,DN_J_IJOWON_17930527_JISE: 조정 기사일 1793-05-27(행위 자체 기록일) / DN_J_HONG_17930613_JISE: 조정 기사일 1793-06-13(행위 자체 기록일),HARD_TEMPORAL,NO,두 조정 행위의 기사일(행위 자체의 기록일) 순서. HARD = node 존재 외 조건 없음.
TE0907,DN_J_IJOWON_17930527_JISE,DN_J_HONG_17930613_KIM_DEATH,TEMPORAL_BEFORE,STRONG,active(DN_J_IJOWON_17930527_JISE) ∧ active(DN_J_HONG_17930613_KIM_DEATH),COURT_ENTRY_DATE_ORDER: 1793-05-27 < 1793-06-13,DN_J_IJOWON_17930527_JISE: 조정 기사일 1793-05-27(행위 자체 기록일) / DN_J_HONG_17930613_KIM_DEATH: 조정 기사일 1793-06-13(행위 자체 기록일),HARD_TEMPORAL,NO,두 조정 행위의 기사일(행위 자체의 기록일) 순서. HARD = node 존재 외 조건 없음.
TE0908,DN_J_IJOWON_17930527_JISE,DN_J_HONG_17930613_THEFT,TEMPORAL_BEFORE,STRONG,active(DN_J_IJOWON_17930527_JISE) ∧ active(DN_J_HONG_17930613_THEFT),COURT_ENTRY_DATE_ORDER: 1793-05-27 < 1793-06-13,DN_J_IJOWON_17930527_JISE: 조정 기사일 1793-05-27(행위 자체 기록일) / DN_J_HONG_17930613_THEFT: 조정 기사일 1793-06-13(행위 자체 기록일),HARD_TEMPORAL,NO,두 조정 행위의 기사일(행위 자체의 기록일) 순서. HARD = node 존재 외 조건 없음.
TE0909,DN_J_IJOWON_17930527_JISE,DN_J_JEONGJO_17930613_JISE,TEMPORAL_BEFORE,STRONG,active(DN_J_IJOWON_17930527_JISE) ∧ active(DN_J_JEONGJO_17930613_JISE),COURT_ENTRY_DATE_ORDER: 1793-05-27 < 1793-06-13,DN_J_IJOWON_17930527_JISE: 조정 기사일 1793-05-27(행위 자체 기록일) / DN_J_JEONGJO_17930613_JISE: 조정 기사일 1793-06-13(행위 자체 기록일),HARD_TEMPORAL,NO,두 조정 행위의 기사일(행위 자체의 기록일) 순서. HARD = node 존재 외 조건 없음.
TE0910,DN_J_IJOWON_17930527_JISE,DN_J_JEONGJO_17930613_KIM_DEATH,TEMPORAL_BEFORE,STRONG,active(DN_J_IJOWON_17930527_JISE) ∧ active(DN_J_JEONGJO_17930613_KIM_DEATH),COURT_ENTRY_DATE_ORDER: 1793-05-27 < 1793-06-13,DN_J_IJOWON_17930527_JISE: 조정 기사일 1793-05-27(행위 자체 기록일) / DN_J_JEONGJO_17930613_KIM_DEATH: 조정 기사일 1793-06-13(행위 자체 기록일),HARD_TEMPORAL,NO,두 조정 행위의 기사일(행위 자체의 기록일) 순서. HARD = node 존재 외 조건 없음.
TE0911,DN_J_IJOWON_17930527_JISE,DN_J_JEONGJO_17930613_THEFT,TEMPORAL_BEFORE,STRONG,active(DN_J_IJOWON_17930527_JISE) ∧ active(DN_J_JEONGJO_17930613_THEFT),COURT_ENTRY_DATE_ORDER: 1793-05-27 < 1793-06-13,DN_J_IJOWON_17930527_JISE: 조정 기사일 1793-05-27(행위 자체 기록일) / DN_J_JEONGJO_17930613_THEFT: 조정 기사일 1793-06-13(행위 자체 기록일),HARD_TEMPORAL,NO,두 조정 행위의 기사일(행위 자체의 기록일) 순서. HARD = node 존재 외 조건 없음.
TE0912,DN_J_IJOWON_17930527_KIM_DEATH,DN_EC0048,TEMPORAL_BEFORE,STRONG,active(DN_J_IJOWON_17930527_KIM_DEATH) ∧ active(DN_EC0048),COURT_ENTRY_DATE_ORDER: 1793-05-27 < 1793-05-28,DN_J_IJOWON_17930527_KIM_DEATH: 조정 기사일 1793-05-27(행위 자체 기록일) / DN_EC0048: 조정 기사일 1793-05-28(행위 자체 기록일),HARD_TEMPORAL,NO,두 조정 행위의 기사일(행위 자체의 기록일) 순서. HARD = node 존재 외 조건 없음.
TE0913,DN_J_IJOWON_17930527_KIM_DEATH,DN_EC0049,TEMPORAL_BEFORE,STRONG,active(DN_J_IJOWON_17930527_KIM_DEATH) ∧ active(DN_EC0049),COURT_ENTRY_DATE_ORDER: 1793-05-27 < 1793-05-28,DN_J_IJOWON_17930527_KIM_DEATH: 조정 기사일 1793-05-27(행위 자체 기록일) / DN_EC0049: 조정 기사일 1793-05-28(행위 자체 기록일),HARD_TEMPORAL,NO,두 조정 행위의 기사일(행위 자체의 기록일) 순서. HARD = node 존재 외 조건 없음.
TE0914,DN_J_IJOWON_17930527_KIM_DEATH,DN_EC0061,TEMPORAL_BEFORE,STRONG,active(DN_J_IJOWON_17930527_KIM_DEATH) ∧ active(DN_EC0061),COURT_ENTRY_DATE_ORDER: 1793-05-27 < 1793-06-11,DN_J_IJOWON_17930527_KIM_DEATH: 조정 기사일 1793-05-27(행위 자체 기록일) / DN_EC0061: 조정 기사일 1793-06-11(행위 자체 기록일),HARD_TEMPORAL,NO,두 조정 행위의 기사일(행위 자체의 기록일) 순서. HARD = node 존재 외 조건 없음.
TE0915,DN_J_IJOWON_17930527_KIM_DEATH,DN_EC0062,TEMPORAL_BEFORE,STRONG,active(DN_J_IJOWON_17930527_KIM_DEATH) ∧ active(DN_EC0062),COURT_ENTRY_DATE_ORDER: 1793-05-27 < 1793-06-11,DN_J_IJOWON_17930527_KIM_DEATH: 조정 기사일 1793-05-27(행위 자체 기록일) / DN_EC0062: 조정 기사일 1793-06-11(행위 자체 기록일),HARD_TEMPORAL,NO,두 조정 행위의 기사일(행위 자체의 기록일) 순서. HARD = node 존재 외 조건 없음.
TE0916,DN_J_IJOWON_17930527_KIM_DEATH,DN_EC0150,TEMPORAL_BEFORE,STRONG,active(DN_J_IJOWON_17930527_KIM_DEATH) ∧ active(DN_EC0150),COURT_ENTRY_DATE_ORDER: 1793-05-27 < 1793-06-13,DN_J_IJOWON_17930527_KIM_DEATH: 조정 기사일 1793-05-27(행위 자체 기록일) / DN_EC0150: 조정 기사일 1793-06-13(행위 자체 기록일),HARD_TEMPORAL,NO,두 조정 행위의 기사일(행위 자체의 기록일) 순서. HARD = node 존재 외 조건 없음.
TE0917,DN_J_IJOWON_17930527_KIM_DEATH,DN_EC0151,TEMPORAL_BEFORE,STRONG,active(DN_J_IJOWON_17930527_KIM_DEATH) ∧ active(DN_EC0151),COURT_ENTRY_DATE_ORDER: 1793-05-27 < 1793-06-13,DN_J_IJOWON_17930527_KIM_DEATH: 조정 기사일 1793-05-27(행위 자체 기록일) / DN_EC0151: 조정 기사일 1793-06-13(행위 자체 기록일),HARD_TEMPORAL,NO,두 조정 행위의 기사일(행위 자체의 기록일) 순서. HARD = node 존재 외 조건 없음.
TE0918,DN_J_IJOWON_17930527_KIM_DEATH,DN_EC0152,TEMPORAL_BEFORE,STRONG,active(DN_J_IJOWON_17930527_KIM_DEATH) ∧ active(DN_EC0152),COURT_ENTRY_DATE_ORDER: 1793-05-27 < 1793-06-13,DN_J_IJOWON_17930527_KIM_DEATH: 조정 기사일 1793-05-27(행위 자체 기록일) / DN_EC0152: 조정 기사일 1793-06-13(행위 자체 기록일),HARD_TEMPORAL,NO,두 조정 행위의 기사일(행위 자체의 기록일) 순서. HARD = node 존재 외 조건 없음.
TE0919,DN_J_IJOWON_17930527_KIM_DEATH,DN_EC0153,TEMPORAL_BEFORE,STRONG,active(DN_J_IJOWON_17930527_KIM_DEATH) ∧ active(DN_EC0153),COURT_ENTRY_DATE_ORDER: 1793-05-27 < 1793-06-13,DN_J_IJOWON_17930527_KIM_DEATH: 조정 기사일 1793-05-27(행위 자체 기록일) / DN_EC0153: 조정 기사일 1793-06-13(행위 자체 기록일),HARD_TEMPORAL,NO,두 조정 행위의 기사일(행위 자체의 기록일) 순서. HARD = node 존재 외 조건 없음.
TE0920,DN_J_IJOWON_17930527_KIM_DEATH,DN_EC0154,TEMPORAL_BEFORE,STRONG,active(DN_J_IJOWON_17930527_KIM_DEATH) ∧ active(DN_EC0154),COURT_ENTRY_DATE_ORDER: 1793-05-27 < 1793-06-13,DN_J_IJOWON_17930527_KIM_DEATH: 조정 기사일 1793-05-27(행위 자체 기록일) / DN_EC0154: 조정 기사일 1793-06-13(행위 자체 기록일),HARD_TEMPORAL,NO,두 조정 행위의 기사일(행위 자체의 기록일) 순서. HARD = node 존재 외 조건 없음.
TE0921,DN_J_IJOWON_17930527_KIM_DEATH,DN_EC0155,TEMPORAL_BEFORE,STRONG,active(DN_J_IJOWON_17930527_KIM_DEATH) ∧ active(DN_EC0155),COURT_ENTRY_DATE_ORDER: 1793-05-27 < 1793-06-16,DN_J_IJOWON_17930527_KIM_DEATH: 조정 기사일 1793-05-27(행위 자체 기록일) / DN_EC0155: 조정 기사일 1793-06-16(행위 자체 기록일),HARD_TEMPORAL,NO,두 조정 행위의 기사일(행위 자체의 기록일) 순서. HARD = node 존재 외 조건 없음.
TE0922,DN_J_IJOWON_17930527_KIM_DEATH,DN_J_HONG_17930528_JISE,TEMPORAL_BEFORE,STRONG,active(DN_J_IJOWON_17930527_KIM_DEATH) ∧ active(DN_J_HONG_17930528_JISE),COURT_ENTRY_DATE_ORDER: 1793-05-27 < 1793-05-28,DN_J_IJOWON_17930527_KIM_DEATH: 조정 기사일 1793-05-27(행위 자체 기록일) / DN_J_HONG_17930528_JISE: 조정 기사일 1793-05-28(행위 자체 기록일),HARD_TEMPORAL,NO,두 조정 행위의 기사일(행위 자체의 기록일) 순서. HARD = node 존재 외 조건 없음.
TE0923,DN_J_IJOWON_17930527_KIM_DEATH,DN_J_HONG_17930613_JISE,TEMPORAL_BEFORE,STRONG,active(DN_J_IJOWON_17930527_KIM_DEATH) ∧ active(DN_J_HONG_17930613_JISE),COURT_ENTRY_DATE_ORDER: 1793-05-27 < 1793-06-13,DN_J_IJOWON_17930527_KIM_DEATH: 조정 기사일 1793-05-27(행위 자체 기록일) / DN_J_HONG_17930613_JISE: 조정 기사일 1793-06-13(행위 자체 기록일),HARD_TEMPORAL,NO,두 조정 행위의 기사일(행위 자체의 기록일) 순서. HARD = node 존재 외 조건 없음.
TE0924,DN_J_IJOWON_17930527_KIM_DEATH,DN_J_HONG_17930613_KIM_DEATH,TEMPORAL_BEFORE,STRONG,active(DN_J_IJOWON_17930527_KIM_DEATH) ∧ active(DN_J_HONG_17930613_KIM_DEATH),COURT_ENTRY_DATE_ORDER: 1793-05-27 < 1793-06-13,DN_J_IJOWON_17930527_KIM_DEATH: 조정 기사일 1793-05-27(행위 자체 기록일) / DN_J_HONG_17930613_KIM_DEATH: 조정 기사일 1793-06-13(행위 자체 기록일),HARD_TEMPORAL,NO,두 조정 행위의 기사일(행위 자체의 기록일) 순서. HARD = node 존재 외 조건 없음.
TE0925,DN_J_IJOWON_17930527_KIM_DEATH,DN_J_HONG_17930613_THEFT,TEMPORAL_BEFORE,STRONG,active(DN_J_IJOWON_17930527_KIM_DEATH) ∧ active(DN_J_HONG_17930613_THEFT),COURT_ENTRY_DATE_ORDER: 1793-05-27 < 1793-06-13,DN_J_IJOWON_17930527_KIM_DEATH: 조정 기사일 1793-05-27(행위 자체 기록일) / DN_J_HONG_17930613_THEFT: 조정 기사일 1793-06-13(행위 자체 기록일),HARD_TEMPORAL,NO,두 조정 행위의 기사일(행위 자체의 기록일) 순서. HARD = node 존재 외 조건 없음.
TE0926,DN_J_IJOWON_17930527_KIM_DEATH,DN_J_JEONGJO_17930613_JISE,TEMPORAL_BEFORE,STRONG,active(DN_J_IJOWON_17930527_KIM_DEATH) ∧ active(DN_J_JEONGJO_17930613_JISE),COURT_ENTRY_DATE_ORDER: 1793-05-27 < 1793-06-13,DN_J_IJOWON_17930527_KIM_DEATH: 조정 기사일 1793-05-27(행위 자체 기록일) / DN_J_JEONGJO_17930613_JISE: 조정 기사일 1793-06-13(행위 자체 기록일),HARD_TEMPORAL,NO,두 조정 행위의 기사일(행위 자체의 기록일) 순서. HARD = node 존재 외 조건 없음.
TE0927,DN_J_IJOWON_17930527_KIM_DEATH,DN_J_JEONGJO_17930613_KIM_DEATH,TEMPORAL_BEFORE,STRONG,active(DN_J_IJOWON_17930527_KIM_DEATH) ∧ active(DN_J_JEONGJO_17930613_KIM_DEATH),COURT_ENTRY_DATE_ORDER: 1793-05-27 < 1793-06-13,DN_J_IJOWON_17930527_KIM_DEATH: 조정 기사일 1793-05-27(행위 자체 기록일) / DN_J_JEONGJO_17930613_KIM_DEATH: 조정 기사일 1793-06-13(행위 자체 기록일),HARD_TEMPORAL,NO,두 조정 행위의 기사일(행위 자체의 기록일) 순서. HARD = node 존재 외 조건 없음.
TE0928,DN_J_IJOWON_17930527_KIM_DEATH,DN_J_JEONGJO_17930613_THEFT,TEMPORAL_BEFORE,STRONG,active(DN_J_IJOWON_17930527_KIM_DEATH) ∧ active(DN_J_JEONGJO_17930613_THEFT),COURT_ENTRY_DATE_ORDER: 1793-05-27 < 1793-06-13,DN_J_IJOWON_17930527_KIM_DEATH: 조정 기사일 1793-05-27(행위 자체 기록일) / DN_J_JEONGJO_17930613_THEFT: 조정 기사일 1793-06-13(행위 자체 기록일),HARD_TEMPORAL,NO,두 조정 행위의 기사일(행위 자체의 기록일) 순서. HARD = node 존재 외 조건 없음.
TE0929,DN_J_IJOWON_17930527_THEFT,DN_EC0048,TEMPORAL_BEFORE,STRONG,active(DN_J_IJOWON_17930527_THEFT) ∧ active(DN_EC0048),COURT_ENTRY_DATE_ORDER: 1793-05-27 < 1793-05-28,DN_J_IJOWON_17930527_THEFT: 조정 기사일 1793-05-27(행위 자체 기록일) / DN_EC0048: 조정 기사일 1793-05-28(행위 자체 기록일),HARD_TEMPORAL,NO,두 조정 행위의 기사일(행위 자체의 기록일) 순서. HARD = node 존재 외 조건 없음.
TE0930,DN_J_IJOWON_17930527_THEFT,DN_EC0049,TEMPORAL_BEFORE,STRONG,active(DN_J_IJOWON_17930527_THEFT) ∧ active(DN_EC0049),COURT_ENTRY_DATE_ORDER: 1793-05-27 < 1793-05-28,DN_J_IJOWON_17930527_THEFT: 조정 기사일 1793-05-27(행위 자체 기록일) / DN_EC0049: 조정 기사일 1793-05-28(행위 자체 기록일),HARD_TEMPORAL,NO,두 조정 행위의 기사일(행위 자체의 기록일) 순서. HARD = node 존재 외 조건 없음.
TE0931,DN_J_IJOWON_17930527_THEFT,DN_EC0061,TEMPORAL_BEFORE,STRONG,active(DN_J_IJOWON_17930527_THEFT) ∧ active(DN_EC0061),COURT_ENTRY_DATE_ORDER: 1793-05-27 < 1793-06-11,DN_J_IJOWON_17930527_THEFT: 조정 기사일 1793-05-27(행위 자체 기록일) / DN_EC0061: 조정 기사일 1793-06-11(행위 자체 기록일),HARD_TEMPORAL,NO,두 조정 행위의 기사일(행위 자체의 기록일) 순서. HARD = node 존재 외 조건 없음.
TE0932,DN_J_IJOWON_17930527_THEFT,DN_EC0062,TEMPORAL_BEFORE,STRONG,active(DN_J_IJOWON_17930527_THEFT) ∧ active(DN_EC0062),COURT_ENTRY_DATE_ORDER: 1793-05-27 < 1793-06-11,DN_J_IJOWON_17930527_THEFT: 조정 기사일 1793-05-27(행위 자체 기록일) / DN_EC0062: 조정 기사일 1793-06-11(행위 자체 기록일),HARD_TEMPORAL,NO,두 조정 행위의 기사일(행위 자체의 기록일) 순서. HARD = node 존재 외 조건 없음.
TE0933,DN_J_IJOWON_17930527_THEFT,DN_EC0150,TEMPORAL_BEFORE,STRONG,active(DN_J_IJOWON_17930527_THEFT) ∧ active(DN_EC0150),COURT_ENTRY_DATE_ORDER: 1793-05-27 < 1793-06-13,DN_J_IJOWON_17930527_THEFT: 조정 기사일 1793-05-27(행위 자체 기록일) / DN_EC0150: 조정 기사일 1793-06-13(행위 자체 기록일),HARD_TEMPORAL,NO,두 조정 행위의 기사일(행위 자체의 기록일) 순서. HARD = node 존재 외 조건 없음.
TE0934,DN_J_IJOWON_17930527_THEFT,DN_EC0151,TEMPORAL_BEFORE,STRONG,active(DN_J_IJOWON_17930527_THEFT) ∧ active(DN_EC0151),COURT_ENTRY_DATE_ORDER: 1793-05-27 < 1793-06-13,DN_J_IJOWON_17930527_THEFT: 조정 기사일 1793-05-27(행위 자체 기록일) / DN_EC0151: 조정 기사일 1793-06-13(행위 자체 기록일),HARD_TEMPORAL,NO,두 조정 행위의 기사일(행위 자체의 기록일) 순서. HARD = node 존재 외 조건 없음.
TE0935,DN_J_IJOWON_17930527_THEFT,DN_EC0152,TEMPORAL_BEFORE,STRONG,active(DN_J_IJOWON_17930527_THEFT) ∧ active(DN_EC0152),COURT_ENTRY_DATE_ORDER: 1793-05-27 < 1793-06-13,DN_J_IJOWON_17930527_THEFT: 조정 기사일 1793-05-27(행위 자체 기록일) / DN_EC0152: 조정 기사일 1793-06-13(행위 자체 기록일),HARD_TEMPORAL,NO,두 조정 행위의 기사일(행위 자체의 기록일) 순서. HARD = node 존재 외 조건 없음.
TE0936,DN_J_IJOWON_17930527_THEFT,DN_EC0153,TEMPORAL_BEFORE,STRONG,active(DN_J_IJOWON_17930527_THEFT) ∧ active(DN_EC0153),COURT_ENTRY_DATE_ORDER: 1793-05-27 < 1793-06-13,DN_J_IJOWON_17930527_THEFT: 조정 기사일 1793-05-27(행위 자체 기록일) / DN_EC0153: 조정 기사일 1793-06-13(행위 자체 기록일),HARD_TEMPORAL,NO,두 조정 행위의 기사일(행위 자체의 기록일) 순서. HARD = node 존재 외 조건 없음.
TE0937,DN_J_IJOWON_17930527_THEFT,DN_EC0154,TEMPORAL_BEFORE,STRONG,active(DN_J_IJOWON_17930527_THEFT) ∧ active(DN_EC0154),COURT_ENTRY_DATE_ORDER: 1793-05-27 < 1793-06-13,DN_J_IJOWON_17930527_THEFT: 조정 기사일 1793-05-27(행위 자체 기록일) / DN_EC0154: 조정 기사일 1793-06-13(행위 자체 기록일),HARD_TEMPORAL,NO,두 조정 행위의 기사일(행위 자체의 기록일) 순서. HARD = node 존재 외 조건 없음.
TE0938,DN_J_IJOWON_17930527_THEFT,DN_EC0155,TEMPORAL_BEFORE,STRONG,active(DN_J_IJOWON_17930527_THEFT) ∧ active(DN_EC0155),COURT_ENTRY_DATE_ORDER: 1793-05-27 < 1793-06-16,DN_J_IJOWON_17930527_THEFT: 조정 기사일 1793-05-27(행위 자체 기록일) / DN_EC0155: 조정 기사일 1793-06-16(행위 자체 기록일),HARD_TEMPORAL,NO,두 조정 행위의 기사일(행위 자체의 기록일) 순서. HARD = node 존재 외 조건 없음.
TE0939,DN_J_IJOWON_17930527_THEFT,DN_J_HONG_17930528_JISE,TEMPORAL_BEFORE,STRONG,active(DN_J_IJOWON_17930527_THEFT) ∧ active(DN_J_HONG_17930528_JISE),COURT_ENTRY_DATE_ORDER: 1793-05-27 < 1793-05-28,DN_J_IJOWON_17930527_THEFT: 조정 기사일 1793-05-27(행위 자체 기록일) / DN_J_HONG_17930528_JISE: 조정 기사일 1793-05-28(행위 자체 기록일),HARD_TEMPORAL,NO,두 조정 행위의 기사일(행위 자체의 기록일) 순서. HARD = node 존재 외 조건 없음.
TE0940,DN_J_IJOWON_17930527_THEFT,DN_J_HONG_17930613_JISE,TEMPORAL_BEFORE,STRONG,active(DN_J_IJOWON_17930527_THEFT) ∧ active(DN_J_HONG_17930613_JISE),COURT_ENTRY_DATE_ORDER: 1793-05-27 < 1793-06-13,DN_J_IJOWON_17930527_THEFT: 조정 기사일 1793-05-27(행위 자체 기록일) / DN_J_HONG_17930613_JISE: 조정 기사일 1793-06-13(행위 자체 기록일),HARD_TEMPORAL,NO,두 조정 행위의 기사일(행위 자체의 기록일) 순서. HARD = node 존재 외 조건 없음.
TE0941,DN_J_IJOWON_17930527_THEFT,DN_J_HONG_17930613_KIM_DEATH,TEMPORAL_BEFORE,STRONG,active(DN_J_IJOWON_17930527_THEFT) ∧ active(DN_J_HONG_17930613_KIM_DEATH),COURT_ENTRY_DATE_ORDER: 1793-05-27 < 1793-06-13,DN_J_IJOWON_17930527_THEFT: 조정 기사일 1793-05-27(행위 자체 기록일) / DN_J_HONG_17930613_KIM_DEATH: 조정 기사일 1793-06-13(행위 자체 기록일),HARD_TEMPORAL,NO,두 조정 행위의 기사일(행위 자체의 기록일) 순서. HARD = node 존재 외 조건 없음.
TE0942,DN_J_IJOWON_17930527_THEFT,DN_J_HONG_17930613_THEFT,TEMPORAL_BEFORE,STRONG,active(DN_J_IJOWON_17930527_THEFT) ∧ active(DN_J_HONG_17930613_THEFT),COURT_ENTRY_DATE_ORDER: 1793-05-27 < 1793-06-13,DN_J_IJOWON_17930527_THEFT: 조정 기사일 1793-05-27(행위 자체 기록일) / DN_J_HONG_17930613_THEFT: 조정 기사일 1793-06-13(행위 자체 기록일),HARD_TEMPORAL,NO,두 조정 행위의 기사일(행위 자체의 기록일) 순서. HARD = node 존재 외 조건 없음.
TE0943,DN_J_IJOWON_17930527_THEFT,DN_J_JEONGJO_17930613_JISE,TEMPORAL_BEFORE,STRONG,active(DN_J_IJOWON_17930527_THEFT) ∧ active(DN_J_JEONGJO_17930613_JISE),COURT_ENTRY_DATE_ORDER: 1793-05-27 < 1793-06-13,DN_J_IJOWON_17930527_THEFT: 조정 기사일 1793-05-27(행위 자체 기록일) / DN_J_JEONGJO_17930613_JISE: 조정 기사일 1793-06-13(행위 자체 기록일),HARD_TEMPORAL,NO,두 조정 행위의 기사일(행위 자체의 기록일) 순서. HARD = node 존재 외 조건 없음.
TE0944,DN_J_IJOWON_17930527_THEFT,DN_J_JEONGJO_17930613_KIM_DEATH,TEMPORAL_BEFORE,STRONG,active(DN_J_IJOWON_17930527_THEFT) ∧ active(DN_J_JEONGJO_17930613_KIM_DEATH),COURT_ENTRY_DATE_ORDER: 1793-05-27 < 1793-06-13,DN_J_IJOWON_17930527_THEFT: 조정 기사일 1793-05-27(행위 자체 기록일) / DN_J_JEONGJO_17930613_KIM_DEATH: 조정 기사일 1793-06-13(행위 자체 기록일),HARD_TEMPORAL,NO,두 조정 행위의 기사일(행위 자체의 기록일) 순서. HARD = node 존재 외 조건 없음.
TE0945,DN_J_IJOWON_17930527_THEFT,DN_J_JEONGJO_17930613_THEFT,TEMPORAL_BEFORE,STRONG,active(DN_J_IJOWON_17930527_THEFT) ∧ active(DN_J_JEONGJO_17930613_THEFT),COURT_ENTRY_DATE_ORDER: 1793-05-27 < 1793-06-13,DN_J_IJOWON_17930527_THEFT: 조정 기사일 1793-05-27(행위 자체 기록일) / DN_J_JEONGJO_17930613_THEFT: 조정 기사일 1793-06-13(행위 자체 기록일),HARD_TEMPORAL,NO,두 조정 행위의 기사일(행위 자체의 기록일) 순서. HARD = node 존재 외 조건 없음.
TE0946,DN_J_JEONGJO_17930512_THEFT,DN_EC0044,TEMPORAL_BEFORE,STRONG,active(DN_J_JEONGJO_17930512_THEFT) ∧ active(DN_EC0044),COURT_ENTRY_DATE_ORDER: 1793-05-12 < 1793-05-27,DN_J_JEONGJO_17930512_THEFT: 조정 기사일 1793-05-12(행위 자체 기록일) / DN_EC0044: 조정 기사일 1793-05-27(행위 자체 기록일),HARD_TEMPORAL,NO,두 조정 행위의 기사일(행위 자체의 기록일) 순서. HARD = node 존재 외 조건 없음.
TE0947,DN_J_JEONGJO_17930512_THEFT,DN_EC0045,TEMPORAL_BEFORE,STRONG,active(DN_J_JEONGJO_17930512_THEFT) ∧ active(DN_EC0045),COURT_ENTRY_DATE_ORDER: 1793-05-12 < 1793-05-27,DN_J_JEONGJO_17930512_THEFT: 조정 기사일 1793-05-12(행위 자체 기록일) / DN_EC0045: 조정 기사일 1793-05-27(행위 자체 기록일),HARD_TEMPORAL,NO,두 조정 행위의 기사일(행위 자체의 기록일) 순서. HARD = node 존재 외 조건 없음.
TE0948,DN_J_JEONGJO_17930512_THEFT,DN_EC0048,TEMPORAL_BEFORE,STRONG,active(DN_J_JEONGJO_17930512_THEFT) ∧ active(DN_EC0048),COURT_ENTRY_DATE_ORDER: 1793-05-12 < 1793-05-28,DN_J_JEONGJO_17930512_THEFT: 조정 기사일 1793-05-12(행위 자체 기록일) / DN_EC0048: 조정 기사일 1793-05-28(행위 자체 기록일),HARD_TEMPORAL,NO,두 조정 행위의 기사일(행위 자체의 기록일) 순서. HARD = node 존재 외 조건 없음.
TE0949,DN_J_JEONGJO_17930512_THEFT,DN_EC0049,TEMPORAL_BEFORE,STRONG,active(DN_J_JEONGJO_17930512_THEFT) ∧ active(DN_EC0049),COURT_ENTRY_DATE_ORDER: 1793-05-12 < 1793-05-28,DN_J_JEONGJO_17930512_THEFT: 조정 기사일 1793-05-12(행위 자체 기록일) / DN_EC0049: 조정 기사일 1793-05-28(행위 자체 기록일),HARD_TEMPORAL,NO,두 조정 행위의 기사일(행위 자체의 기록일) 순서. HARD = node 존재 외 조건 없음.
TE0950,DN_J_JEONGJO_17930512_THEFT,DN_EC0061,TEMPORAL_BEFORE,STRONG,active(DN_J_JEONGJO_17930512_THEFT) ∧ active(DN_EC0061),COURT_ENTRY_DATE_ORDER: 1793-05-12 < 1793-06-11,DN_J_JEONGJO_17930512_THEFT: 조정 기사일 1793-05-12(행위 자체 기록일) / DN_EC0061: 조정 기사일 1793-06-11(행위 자체 기록일),HARD_TEMPORAL,NO,두 조정 행위의 기사일(행위 자체의 기록일) 순서. HARD = node 존재 외 조건 없음.
TE0951,DN_J_JEONGJO_17930512_THEFT,DN_EC0062,TEMPORAL_BEFORE,STRONG,active(DN_J_JEONGJO_17930512_THEFT) ∧ active(DN_EC0062),COURT_ENTRY_DATE_ORDER: 1793-05-12 < 1793-06-11,DN_J_JEONGJO_17930512_THEFT: 조정 기사일 1793-05-12(행위 자체 기록일) / DN_EC0062: 조정 기사일 1793-06-11(행위 자체 기록일),HARD_TEMPORAL,NO,두 조정 행위의 기사일(행위 자체의 기록일) 순서. HARD = node 존재 외 조건 없음.
TE0952,DN_J_JEONGJO_17930512_THEFT,DN_EC0150,TEMPORAL_BEFORE,STRONG,active(DN_J_JEONGJO_17930512_THEFT) ∧ active(DN_EC0150),COURT_ENTRY_DATE_ORDER: 1793-05-12 < 1793-06-13,DN_J_JEONGJO_17930512_THEFT: 조정 기사일 1793-05-12(행위 자체 기록일) / DN_EC0150: 조정 기사일 1793-06-13(행위 자체 기록일),HARD_TEMPORAL,NO,두 조정 행위의 기사일(행위 자체의 기록일) 순서. HARD = node 존재 외 조건 없음.
TE0953,DN_J_JEONGJO_17930512_THEFT,DN_EC0151,TEMPORAL_BEFORE,STRONG,active(DN_J_JEONGJO_17930512_THEFT) ∧ active(DN_EC0151),COURT_ENTRY_DATE_ORDER: 1793-05-12 < 1793-06-13,DN_J_JEONGJO_17930512_THEFT: 조정 기사일 1793-05-12(행위 자체 기록일) / DN_EC0151: 조정 기사일 1793-06-13(행위 자체 기록일),HARD_TEMPORAL,NO,두 조정 행위의 기사일(행위 자체의 기록일) 순서. HARD = node 존재 외 조건 없음.
TE0954,DN_J_JEONGJO_17930512_THEFT,DN_EC0152,TEMPORAL_BEFORE,STRONG,active(DN_J_JEONGJO_17930512_THEFT) ∧ active(DN_EC0152),COURT_ENTRY_DATE_ORDER: 1793-05-12 < 1793-06-13,DN_J_JEONGJO_17930512_THEFT: 조정 기사일 1793-05-12(행위 자체 기록일) / DN_EC0152: 조정 기사일 1793-06-13(행위 자체 기록일),HARD_TEMPORAL,NO,두 조정 행위의 기사일(행위 자체의 기록일) 순서. HARD = node 존재 외 조건 없음.
TE0955,DN_J_JEONGJO_17930512_THEFT,DN_EC0153,TEMPORAL_BEFORE,STRONG,active(DN_J_JEONGJO_17930512_THEFT) ∧ active(DN_EC0153),COURT_ENTRY_DATE_ORDER: 1793-05-12 < 1793-06-13,DN_J_JEONGJO_17930512_THEFT: 조정 기사일 1793-05-12(행위 자체 기록일) / DN_EC0153: 조정 기사일 1793-06-13(행위 자체 기록일),HARD_TEMPORAL,NO,두 조정 행위의 기사일(행위 자체의 기록일) 순서. HARD = node 존재 외 조건 없음.
TE0956,DN_J_JEONGJO_17930512_THEFT,DN_EC0154,TEMPORAL_BEFORE,STRONG,active(DN_J_JEONGJO_17930512_THEFT) ∧ active(DN_EC0154),COURT_ENTRY_DATE_ORDER: 1793-05-12 < 1793-06-13,DN_J_JEONGJO_17930512_THEFT: 조정 기사일 1793-05-12(행위 자체 기록일) / DN_EC0154: 조정 기사일 1793-06-13(행위 자체 기록일),HARD_TEMPORAL,NO,두 조정 행위의 기사일(행위 자체의 기록일) 순서. HARD = node 존재 외 조건 없음.
TE0957,DN_J_JEONGJO_17930512_THEFT,DN_EC0155,TEMPORAL_BEFORE,STRONG,active(DN_J_JEONGJO_17930512_THEFT) ∧ active(DN_EC0155),COURT_ENTRY_DATE_ORDER: 1793-05-12 < 1793-06-16,DN_J_JEONGJO_17930512_THEFT: 조정 기사일 1793-05-12(행위 자체 기록일) / DN_EC0155: 조정 기사일 1793-06-16(행위 자체 기록일),HARD_TEMPORAL,NO,두 조정 행위의 기사일(행위 자체의 기록일) 순서. HARD = node 존재 외 조건 없음.
TE0958,DN_J_JEONGJO_17930512_THEFT,DN_J_HONG_17930528_JISE,TEMPORAL_BEFORE,STRONG,active(DN_J_JEONGJO_17930512_THEFT) ∧ active(DN_J_HONG_17930528_JISE),COURT_ENTRY_DATE_ORDER: 1793-05-12 < 1793-05-28,DN_J_JEONGJO_17930512_THEFT: 조정 기사일 1793-05-12(행위 자체 기록일) / DN_J_HONG_17930528_JISE: 조정 기사일 1793-05-28(행위 자체 기록일),HARD_TEMPORAL,NO,두 조정 행위의 기사일(행위 자체의 기록일) 순서. HARD = node 존재 외 조건 없음.
TE0959,DN_J_JEONGJO_17930512_THEFT,DN_J_HONG_17930613_JISE,TEMPORAL_BEFORE,STRONG,active(DN_J_JEONGJO_17930512_THEFT) ∧ active(DN_J_HONG_17930613_JISE),COURT_ENTRY_DATE_ORDER: 1793-05-12 < 1793-06-13,DN_J_JEONGJO_17930512_THEFT: 조정 기사일 1793-05-12(행위 자체 기록일) / DN_J_HONG_17930613_JISE: 조정 기사일 1793-06-13(행위 자체 기록일),HARD_TEMPORAL,NO,두 조정 행위의 기사일(행위 자체의 기록일) 순서. HARD = node 존재 외 조건 없음.
TE0960,DN_J_JEONGJO_17930512_THEFT,DN_J_HONG_17930613_KIM_DEATH,TEMPORAL_BEFORE,STRONG,active(DN_J_JEONGJO_17930512_THEFT) ∧ active(DN_J_HONG_17930613_KIM_DEATH),COURT_ENTRY_DATE_ORDER: 1793-05-12 < 1793-06-13,DN_J_JEONGJO_17930512_THEFT: 조정 기사일 1793-05-12(행위 자체 기록일) / DN_J_HONG_17930613_KIM_DEATH: 조정 기사일 1793-06-13(행위 자체 기록일),HARD_TEMPORAL,NO,두 조정 행위의 기사일(행위 자체의 기록일) 순서. HARD = node 존재 외 조건 없음.
TE0961,DN_J_JEONGJO_17930512_THEFT,DN_J_HONG_17930613_THEFT,TEMPORAL_BEFORE,STRONG,active(DN_J_JEONGJO_17930512_THEFT) ∧ active(DN_J_HONG_17930613_THEFT),COURT_ENTRY_DATE_ORDER: 1793-05-12 < 1793-06-13,DN_J_JEONGJO_17930512_THEFT: 조정 기사일 1793-05-12(행위 자체 기록일) / DN_J_HONG_17930613_THEFT: 조정 기사일 1793-06-13(행위 자체 기록일),HARD_TEMPORAL,NO,두 조정 행위의 기사일(행위 자체의 기록일) 순서. HARD = node 존재 외 조건 없음.
TE0962,DN_J_JEONGJO_17930512_THEFT,DN_J_IJOWON_17930527_JISE,TEMPORAL_BEFORE,STRONG,active(DN_J_JEONGJO_17930512_THEFT) ∧ active(DN_J_IJOWON_17930527_JISE),COURT_ENTRY_DATE_ORDER: 1793-05-12 < 1793-05-27,DN_J_JEONGJO_17930512_THEFT: 조정 기사일 1793-05-12(행위 자체 기록일) / DN_J_IJOWON_17930527_JISE: 조정 기사일 1793-05-27(행위 자체 기록일),HARD_TEMPORAL,NO,두 조정 행위의 기사일(행위 자체의 기록일) 순서. HARD = node 존재 외 조건 없음.
TE0963,DN_J_JEONGJO_17930512_THEFT,DN_J_IJOWON_17930527_KIM_DEATH,TEMPORAL_BEFORE,STRONG,active(DN_J_JEONGJO_17930512_THEFT) ∧ active(DN_J_IJOWON_17930527_KIM_DEATH),COURT_ENTRY_DATE_ORDER: 1793-05-12 < 1793-05-27,DN_J_JEONGJO_17930512_THEFT: 조정 기사일 1793-05-12(행위 자체 기록일) / DN_J_IJOWON_17930527_KIM_DEATH: 조정 기사일 1793-05-27(행위 자체 기록일),HARD_TEMPORAL,NO,두 조정 행위의 기사일(행위 자체의 기록일) 순서. HARD = node 존재 외 조건 없음.
TE0964,DN_J_JEONGJO_17930512_THEFT,DN_J_IJOWON_17930527_THEFT,TEMPORAL_BEFORE,STRONG,active(DN_J_JEONGJO_17930512_THEFT) ∧ active(DN_J_IJOWON_17930527_THEFT),COURT_ENTRY_DATE_ORDER: 1793-05-12 < 1793-05-27,DN_J_JEONGJO_17930512_THEFT: 조정 기사일 1793-05-12(행위 자체 기록일) / DN_J_IJOWON_17930527_THEFT: 조정 기사일 1793-05-27(행위 자체 기록일),HARD_TEMPORAL,NO,두 조정 행위의 기사일(행위 자체의 기록일) 순서. HARD = node 존재 외 조건 없음.
TE0965,DN_J_JEONGJO_17930512_THEFT,DN_J_JEONGJO_17930613_JISE,TEMPORAL_BEFORE,STRONG,active(DN_J_JEONGJO_17930512_THEFT) ∧ active(DN_J_JEONGJO_17930613_JISE),COURT_ENTRY_DATE_ORDER: 1793-05-12 < 1793-06-13,DN_J_JEONGJO_17930512_THEFT: 조정 기사일 1793-05-12(행위 자체 기록일) / DN_J_JEONGJO_17930613_JISE: 조정 기사일 1793-06-13(행위 자체 기록일),HARD_TEMPORAL,NO,두 조정 행위의 기사일(행위 자체의 기록일) 순서. HARD = node 존재 외 조건 없음.
TE0966,DN_J_JEONGJO_17930512_THEFT,DN_J_JEONGJO_17930613_KIM_DEATH,TEMPORAL_BEFORE,STRONG,active(DN_J_JEONGJO_17930512_THEFT) ∧ active(DN_J_JEONGJO_17930613_KIM_DEATH),COURT_ENTRY_DATE_ORDER: 1793-05-12 < 1793-06-13,DN_J_JEONGJO_17930512_THEFT: 조정 기사일 1793-05-12(행위 자체 기록일) / DN_J_JEONGJO_17930613_KIM_DEATH: 조정 기사일 1793-06-13(행위 자체 기록일),HARD_TEMPORAL,NO,두 조정 행위의 기사일(행위 자체의 기록일) 순서. HARD = node 존재 외 조건 없음.
TE0967,DN_J_JEONGJO_17930613_JISE,DN_EC0155,TEMPORAL_BEFORE,STRONG,active(DN_J_JEONGJO_17930613_JISE) ∧ active(DN_EC0155),COURT_ENTRY_DATE_ORDER: 1793-06-13 < 1793-06-16,DN_J_JEONGJO_17930613_JISE: 조정 기사일 1793-06-13(행위 자체 기록일) / DN_EC0155: 조정 기사일 1793-06-16(행위 자체 기록일),HARD_TEMPORAL,NO,두 조정 행위의 기사일(행위 자체의 기록일) 순서. HARD = node 존재 외 조건 없음.
TE0968,DN_J_JEONGJO_17930613_KIM_DEATH,DN_EC0155,TEMPORAL_BEFORE,STRONG,active(DN_J_JEONGJO_17930613_KIM_DEATH) ∧ active(DN_EC0155),COURT_ENTRY_DATE_ORDER: 1793-06-13 < 1793-06-16,DN_J_JEONGJO_17930613_KIM_DEATH: 조정 기사일 1793-06-13(행위 자체 기록일) / DN_EC0155: 조정 기사일 1793-06-16(행위 자체 기록일),HARD_TEMPORAL,NO,두 조정 행위의 기사일(행위 자체의 기록일) 순서. HARD = node 존재 외 조건 없음.
TE0969,DN_J_JEONGJO_17930613_THEFT,DN_EC0155,TEMPORAL_BEFORE,STRONG,active(DN_J_JEONGJO_17930613_THEFT) ∧ active(DN_EC0155),COURT_ENTRY_DATE_ORDER: 1793-06-13 < 1793-06-16,DN_J_JEONGJO_17930613_THEFT: 조정 기사일 1793-06-13(행위 자체 기록일) / DN_EC0155: 조정 기사일 1793-06-16(행위 자체 기록일),HARD_TEMPORAL,NO,두 조정 행위의 기사일(행위 자체의 기록일) 순서. HARD = node 존재 외 조건 없음.
