edge_candidate_id,from_node,to_node,original_edge_type,activation_condition,evidence_type,reduction_class,alternative_path,alternative_path_conditions,primitive_reason,notes
TE0001,DN_EC0004,DN_EC0007,TEMPORAL_BEFORE,active(DN_EC0004) ∧ active(DN_EC0007) ∧ (E_EC0008 ∧ REF_EC0008_DETENTION__EC0004),EXPLICIT:RELATIVE_TIME_TEXT,PRIMITIVE_EDGE,,,EXPLICIT_TEXT_OR_PROCEDURAL_KEPT,42의 witness_world에서 이 edge 없이 from→to 도달 불가 / 37 manual_review_required=YES 유지 / endpoint가 SAME 후보: collapse된 class로 활성될 수 있어 그 endpoint의 활성 literal은 L(e)에서 제외
TE0002,DN_EC0005,DN_EC0007,TEMPORAL_BEFORE,active(DN_EC0005) ∧ active(DN_EC0007) ∧ (E_EC0008 ∧ REF_EC0008_INVESTIGATION__EC0005),EXPLICIT:RELATIVE_TIME_TEXT,PRIMITIVE_EDGE,,,EXPLICIT_TEXT_OR_PROCEDURAL_KEPT,42의 witness_world에서 이 edge 없이 from→to 도달 불가 / 37 manual_review_required=YES 유지 / endpoint가 SAME 후보: collapse된 class로 활성될 수 있어 그 endpoint의 활성 literal은 L(e)에서 제외
TE0003,DN_EC0036,DN_EC0039,TEMPORAL_BEFORE,active(DN_EC0036) ∧ active(DN_EC0039) ∧ (E_EC0040 ∧ REF_EC0040_KIMDEATH__EC0036),EXPLICIT:RELATIVE_TIME_TEXT,PRIMITIVE_EDGE,,,EXPLICIT_TEXT_OR_PROCEDURAL_KEPT,42의 witness_world에서 이 edge 없이 from→to 도달 불가 / 37 manual_review_required=YES 유지 / endpoint가 SAME 후보: collapse된 class로 활성될 수 있어 그 endpoint의 활성 literal은 L(e)에서 제외
TE0004,DN_EC0072,DN_EC0073,TEMPORAL_BEFORE,active(DN_EC0072) ∧ active(DN_EC0073) ∧ (E_EC0073 ∧ REF_EC0073_THEN__EC0072),EXPLICIT:RELATIVE_TIME_TEXT,PRIMITIVE_EDGE,,,EXPLICIT_TEXT_OR_PROCEDURAL_KEPT,42의 witness_world에서 이 edge 없이 from→to 도달 불가 / 37 manual_review_required=YES 유지 / endpoint가 SAME 후보: collapse된 class로 활성될 수 있어 그 endpoint의 활성 literal은 L(e)에서 제외
TE0005,DN_EC0103,DN_EC0104,TEMPORAL_BEFORE,active(DN_EC0103) ∧ active(DN_EC0104) ∧ (E_EC0103 ∧ REF_EC0103_ARREST__EC0104),EXPLICIT:RELATIVE_TIME_TEXT,PRIMITIVE_EDGE,,,EXPLICIT_TEXT_OR_PROCEDURAL_KEPT,42의 witness_world에서 이 edge 없이 from→to 도달 불가 / 37 manual_review_required=YES 유지 / endpoint가 SAME 후보: collapse된 class로 활성될 수 있어 그 endpoint의 활성 literal은 L(e)에서 제외
TE0006,DN_EC0105,DN_EC0106,TEMPORAL_BEFORE,active(DN_EC0105) ∧ active(DN_EC0106) ∧ (E_EC0106 ∧ REF_EC0106_INTERROGATION__EC0105),EXPLICIT:RELATIVE_TIME_TEXT,PRIMITIVE_EDGE,,,EXPLICIT_TEXT_OR_PROCEDURAL_KEPT,42의 witness_world에서 이 edge 없이 from→to 도달 불가 / 37 manual_review_required=YES 유지
TE0007,DN_EC0106,DN_EC0107,TEMPORAL_BEFORE,active(DN_EC0106) ∧ active(DN_EC0107) ∧ (E_EC0107 ∧ REF_EC0107_AFTER__EC0106),EXPLICIT:RELATIVE_TIME_TEXT,PRIMITIVE_EDGE,,,EXPLICIT_TEXT_OR_PROCEDURAL_KEPT,42의 witness_world에서 이 edge 없이 from→to 도달 불가 / 37 manual_review_required=YES 유지 / endpoint가 SAME 후보: collapse된 class로 활성될 수 있어 그 endpoint의 활성 literal은 L(e)에서 제외
TE0008,DN_EC0077,DN_EC0079,TEMPORAL_BEFORE,active(DN_EC0077) ∧ active(DN_EC0079) ∧ (E_EC0077 ∧ E_EC0079),EXPLICIT:RELATIVE_TIME_TEXT,PRIMITIVE_EDGE,,,EXPLICIT_TEXT_OR_PROCEDURAL_KEPT,42의 witness_world에서 이 edge 없이 from→to 도달 불가 / 37 manual_review_required=YES 유지
TE0009,DN_EC0113,DN_EC0112,TEMPORAL_DURING,active(DN_EC0113) ∧ active(DN_EC0112) ∧ H_JAMIDEOK_FALSE_STATEMENT_AT_CONFRONTATION,EXPLICIT:RELATIVE_TIME_TEXT,PRIMITIVE_EDGE,,,DURING_CONTAINMENT_NOT_ORDER,
TE0010,DN_EC0096,DN_EC0097,PROCEDURAL_TRIGGER_IF_EXPLICIT,active(DN_EC0096) ∧ active(DN_EC0097) ∧ (E_EC0096 ∧ E_EC0097 ∧ ID_BYEONGSA_SRC2_006__IGWANGSEOP),EXPLICIT:ORDER_EXECUTION_EXPLICIT,PRIMITIVE_EDGE,,,EXPLICIT_TEXT_OR_PROCEDURAL_KEPT,42의 witness_world에서 이 edge 없이 from→to 도달 불가 / endpoint가 SAME 후보: collapse된 class로 활성될 수 있어 그 endpoint의 활성 literal은 L(e)에서 제외
TE0011,DN_EC0074,DN_EC0075,PROCEDURAL_TRIGGER_IF_EXPLICIT,active(DN_EC0074) ∧ active(DN_EC0075) ∧ (E_EC0074 ∧ E_EC0075),EXPLICIT:PROCEDURAL_EXPLICIT,PRIMITIVE_EDGE,,,EXPLICIT_TEXT_OR_PROCEDURAL_KEPT,42의 witness_world에서 이 edge 없이 from→to 도달 불가
TE0012,DN_EC0122,DN_EC0123,PROCEDURAL_TRIGGER_IF_EXPLICIT,active(DN_EC0122) ∧ active(DN_EC0123) ∧ (E_EC0122 ∧ E_EC0123 ∧ E_EC0124),EXPLICIT:PROCEDURAL_EXPLICIT,PRIMITIVE_EDGE,,,EXPLICIT_TEXT_OR_PROCEDURAL_KEPT,42의 witness_world에서 이 edge 없이 from→to 도달 불가
TE0013,DN_EC0058,DN_EC0059,PROCEDURAL_TRIGGER_IF_EXPLICIT,active(DN_EC0058) ∧ active(DN_EC0059) ∧ E_EC0060,EXPLICIT:PROCEDURAL_EXPLICIT,PRIMITIVE_EDGE,,,EXPLICIT_TEXT_OR_PROCEDURAL_KEPT,42의 witness_world에서 이 edge 없이 from→to 도달 불가
TE0014,DN_EC0141,DN_EC0142,PROCEDURAL_TRIGGER_IF_EXPLICIT,active(DN_EC0141) ∧ active(DN_EC0142) ∧ (E_EC0141 ∧ E_EC0142),EXPLICIT:PROCEDURAL_EXPLICIT,PRIMITIVE_EDGE,,,EXPLICIT_TEXT_OR_PROCEDURAL_KEPT,42의 witness_world에서 이 edge 없이 from→to 도달 불가
TE0015,DN_EC0048,DN_EC0063,PROCEDURAL_TRIGGER_IF_EXPLICIT,active(DN_EC0048) ∧ active(DN_EC0063) ∧ (E_EC0048 ∧ E_EC0063),EXPLICIT:ORDER_EXECUTION_EXPLICIT,PRIMITIVE_EDGE,,,EXPLICIT_TEXT_OR_PROCEDURAL_KEPT,42의 witness_world에서 이 edge 없이 from→to 도달 불가 / 37 manual_review_required=YES 유지
TE0016,DN_EC0049,DN_EC0063,PROCEDURAL_TRIGGER_IF_EXPLICIT,active(DN_EC0049) ∧ active(DN_EC0063) ∧ (E_EC0049 ∧ E_EC0063),EXPLICIT:ORDER_EXECUTION_EXPLICIT,PRIMITIVE_EDGE,,,EXPLICIT_TEXT_OR_PROCEDURAL_KEPT,42의 witness_world에서 이 edge 없이 from→to 도달 불가 / 37 manual_review_required=YES 유지
TE0017,DN_EC0063,DN_J_HONG_17930613_THEFT,PROCEDURAL_PRECEDES,active(DN_EC0063) ∧ active(DN_J_HONG_17930613_THEFT) ∧ E_EC0063,EXPLICIT:PROCEDURAL_EXPLICIT,PRIMITIVE_EDGE,,,EXPLICIT_TEXT_OR_PROCEDURAL_KEPT,42의 witness_world에서 이 edge 없이 from→to 도달 불가
TE0018,DN_EC0063,DN_J_HONG_17930613_KIM_DEATH,PROCEDURAL_PRECEDES,active(DN_EC0063) ∧ active(DN_J_HONG_17930613_KIM_DEATH) ∧ E_EC0063,EXPLICIT:PROCEDURAL_EXPLICIT,PRIMITIVE_EDGE,,,EXPLICIT_TEXT_OR_PROCEDURAL_KEPT,42의 witness_world에서 이 edge 없이 from→to 도달 불가
TE0019,DN_EC0063,DN_J_HONG_17930613_JISE,PROCEDURAL_PRECEDES,active(DN_EC0063) ∧ active(DN_J_HONG_17930613_JISE) ∧ E_EC0063,EXPLICIT:PROCEDURAL_EXPLICIT,PRIMITIVE_EDGE,,,EXPLICIT_TEXT_OR_PROCEDURAL_KEPT,42의 witness_world에서 이 edge 없이 from→to 도달 불가
TE0020,DN_J_LEEHYEONGWON_17930512_THEFT,DN_J_JEONGJO_17930512_THEFT,PROCEDURAL_PRECEDES,active(DN_J_LEEHYEONGWON_17930512_THEFT) ∧ active(DN_J_JEONGJO_17930512_THEFT),EXPLICIT:PROCEDURAL_EXPLICIT,PRIMITIVE_EDGE,,,EXPLICIT_TEXT_OR_PROCEDURAL_KEPT,42의 witness_world에서 이 edge 없이 from→to 도달 불가
TE0021,DN_J_LEEHYEONGWON_17930512_KIM_DEATH,DN_J_JEONGJO_17930512_THEFT,PROCEDURAL_PRECEDES,active(DN_J_LEEHYEONGWON_17930512_KIM_DEATH) ∧ active(DN_J_JEONGJO_17930512_THEFT),EXPLICIT:PROCEDURAL_EXPLICIT,PRIMITIVE_EDGE,,,EXPLICIT_TEXT_OR_PROCEDURAL_KEPT,42의 witness_world에서 이 edge 없이 from→to 도달 불가
TE0022,DN_J_YUNNODONG_17930611_KIM_DEATH,DN_EC0061,PROCEDURAL_PRECEDES,active(DN_J_YUNNODONG_17930611_KIM_DEATH) ∧ active(DN_EC0061),EXPLICIT:PROCEDURAL_EXPLICIT,PRIMITIVE_EDGE,,,EXPLICIT_TEXT_OR_PROCEDURAL_KEPT,42의 witness_world에서 이 edge 없이 from→to 도달 불가
TE0023,DN_J_YUNNODONG_17930611_COACHING,DN_EC0061,PROCEDURAL_PRECEDES,active(DN_J_YUNNODONG_17930611_COACHING) ∧ active(DN_EC0061),EXPLICIT:PROCEDURAL_EXPLICIT,PRIMITIVE_EDGE,,,EXPLICIT_TEXT_OR_PROCEDURAL_KEPT,42의 witness_world에서 이 edge 없이 from→to 도달 불가
TE0024,DN_EC0020,DN_EC0021,PROCEDURAL_PRECEDES,active(DN_EC0020) ∧ active(DN_EC0021),EXPLICIT:PROCEDURAL_EXPLICIT,PRIMITIVE_EDGE,,,EXPLICIT_TEXT_OR_PROCEDURAL_KEPT,42의 witness_world에서 이 edge 없이 from→to 도달 불가
TE0025,DN_EC0061,DN_EC0062,PROCEDURAL_PRECEDES,active(DN_EC0061) ∧ active(DN_EC0062),EXPLICIT:PROCEDURAL_EXPLICIT,PRIMITIVE_EDGE,,,EXPLICIT_TEXT_OR_PROCEDURAL_KEPT,42의 witness_world에서 이 edge 없이 from→to 도달 불가
TE0026,DN_EC0061,DN_J_HONG_17930613_THEFT,TEMPORAL_BEFORE,active(DN_EC0061) ∧ active(DN_J_HONG_17930613_THEFT),EXPLICIT_AND_DATE:COURT_ENTRY_DATE_ORDER|PROCEDURAL_EXPLICIT,PRIMITIVE_EDGE,,,EXPLICIT_TEXT_OR_PROCEDURAL_KEPT,42의 witness_world에서 이 edge 없이 from→to 도달 불가
TE0027,DN_EC0048,DN_J_HONG_17930613_THEFT,PROCEDURAL_PRECEDES,active(DN_EC0048) ∧ active(DN_J_HONG_17930613_THEFT),EXPLICIT_AND_DATE:COURT_ENTRY_DATE_ORDER|PROCEDURAL_EXPLICIT,PRIMITIVE_EDGE,,,EXPLICIT_TEXT_OR_PROCEDURAL_KEPT,42의 witness_world에서 이 edge 없이 from→to 도달 불가
TE0028,DN_EC0049,DN_J_HONG_17930613_THEFT,PROCEDURAL_PRECEDES,active(DN_EC0049) ∧ active(DN_J_HONG_17930613_THEFT),EXPLICIT_AND_DATE:COURT_ENTRY_DATE_ORDER|PROCEDURAL_EXPLICIT,PRIMITIVE_EDGE,,,EXPLICIT_TEXT_OR_PROCEDURAL_KEPT,42의 witness_world에서 이 edge 없이 from→to 도달 불가
TE0029,DN_J_HONG_17930613_THEFT,DN_J_JEONGJO_17930613_THEFT,PROCEDURAL_PRECEDES,active(DN_J_HONG_17930613_THEFT) ∧ active(DN_J_JEONGJO_17930613_THEFT),EXPLICIT:PROCEDURAL_EXPLICIT,PRIMITIVE_EDGE,,,EXPLICIT_TEXT_OR_PROCEDURAL_KEPT,42의 witness_world에서 이 edge 없이 from→to 도달 불가
TE0030,DN_J_HONG_17930613_THEFT,DN_J_JEONGJO_17930613_KIM_DEATH,PROCEDURAL_PRECEDES,active(DN_J_HONG_17930613_THEFT) ∧ active(DN_J_JEONGJO_17930613_KIM_DEATH),EXPLICIT:PROCEDURAL_EXPLICIT,PRIMITIVE_EDGE,,,EXPLICIT_TEXT_OR_PROCEDURAL_KEPT,42의 witness_world에서 이 edge 없이 from→to 도달 불가
TE0031,DN_J_HONG_17930613_THEFT,DN_J_JEONGJO_17930613_JISE,PROCEDURAL_PRECEDES,active(DN_J_HONG_17930613_THEFT) ∧ active(DN_J_JEONGJO_17930613_JISE),EXPLICIT:PROCEDURAL_EXPLICIT,PRIMITIVE_EDGE,,,EXPLICIT_TEXT_OR_PROCEDURAL_KEPT,42의 witness_world에서 이 edge 없이 from→to 도달 불가
TE0032,DN_EC0061,DN_J_HONG_17930613_KIM_DEATH,TEMPORAL_BEFORE,active(DN_EC0061) ∧ active(DN_J_HONG_17930613_KIM_DEATH),EXPLICIT_AND_DATE:COURT_ENTRY_DATE_ORDER|PROCEDURAL_EXPLICIT,PRIMITIVE_EDGE,,,EXPLICIT_TEXT_OR_PROCEDURAL_KEPT,42의 witness_world에서 이 edge 없이 from→to 도달 불가
TE0033,DN_EC0048,DN_J_HONG_17930613_KIM_DEATH,PROCEDURAL_PRECEDES,active(DN_EC0048) ∧ active(DN_J_HONG_17930613_KIM_DEATH),EXPLICIT_AND_DATE:COURT_ENTRY_DATE_ORDER|PROCEDURAL_EXPLICIT,PRIMITIVE_EDGE,,,EXPLICIT_TEXT_OR_PROCEDURAL_KEPT,42의 witness_world에서 이 edge 없이 from→to 도달 불가
TE0034,DN_EC0049,DN_J_HONG_17930613_KIM_DEATH,PROCEDURAL_PRECEDES,active(DN_EC0049) ∧ active(DN_J_HONG_17930613_KIM_DEATH),EXPLICIT_AND_DATE:COURT_ENTRY_DATE_ORDER|PROCEDURAL_EXPLICIT,PRIMITIVE_EDGE,,,EXPLICIT_TEXT_OR_PROCEDURAL_KEPT,42의 witness_world에서 이 edge 없이 from→to 도달 불가
TE0035,DN_J_HONG_17930613_KIM_DEATH,DN_J_JEONGJO_17930613_THEFT,PROCEDURAL_PRECEDES,active(DN_J_HONG_17930613_KIM_DEATH) ∧ active(DN_J_JEONGJO_17930613_THEFT),EXPLICIT:PROCEDURAL_EXPLICIT,PRIMITIVE_EDGE,,,EXPLICIT_TEXT_OR_PROCEDURAL_KEPT,42의 witness_world에서 이 edge 없이 from→to 도달 불가
TE0036,DN_J_HONG_17930613_KIM_DEATH,DN_J_JEONGJO_17930613_KIM_DEATH,PROCEDURAL_PRECEDES,active(DN_J_HONG_17930613_KIM_DEATH) ∧ active(DN_J_JEONGJO_17930613_KIM_DEATH),EXPLICIT:PROCEDURAL_EXPLICIT,PRIMITIVE_EDGE,,,EXPLICIT_TEXT_OR_PROCEDURAL_KEPT,42의 witness_world에서 이 edge 없이 from→to 도달 불가
TE0037,DN_J_HONG_17930613_KIM_DEATH,DN_J_JEONGJO_17930613_JISE,PROCEDURAL_PRECEDES,active(DN_J_HONG_17930613_KIM_DEATH) ∧ active(DN_J_JEONGJO_17930613_JISE),EXPLICIT:PROCEDURAL_EXPLICIT,PRIMITIVE_EDGE,,,EXPLICIT_TEXT_OR_PROCEDURAL_KEPT,42의 witness_world에서 이 edge 없이 from→to 도달 불가
TE0038,DN_EC0061,DN_J_HONG_17930613_JISE,TEMPORAL_BEFORE,active(DN_EC0061) ∧ active(DN_J_HONG_17930613_JISE),EXPLICIT_AND_DATE:COURT_ENTRY_DATE_ORDER|PROCEDURAL_EXPLICIT,PRIMITIVE_EDGE,,,EXPLICIT_TEXT_OR_PROCEDURAL_KEPT,42의 witness_world에서 이 edge 없이 from→to 도달 불가
TE0039,DN_EC0048,DN_J_HONG_17930613_JISE,PROCEDURAL_PRECEDES,active(DN_EC0048) ∧ active(DN_J_HONG_17930613_JISE),EXPLICIT_AND_DATE:COURT_ENTRY_DATE_ORDER|PROCEDURAL_EXPLICIT,PRIMITIVE_EDGE,,,EXPLICIT_TEXT_OR_PROCEDURAL_KEPT,42의 witness_world에서 이 edge 없이 from→to 도달 불가
TE0040,DN_EC0049,DN_J_HONG_17930613_JISE,PROCEDURAL_PRECEDES,active(DN_EC0049) ∧ active(DN_J_HONG_17930613_JISE),EXPLICIT_AND_DATE:COURT_ENTRY_DATE_ORDER|PROCEDURAL_EXPLICIT,PRIMITIVE_EDGE,,,EXPLICIT_TEXT_OR_PROCEDURAL_KEPT,42의 witness_world에서 이 edge 없이 from→to 도달 불가
TE0041,DN_J_HONG_17930613_JISE,DN_J_JEONGJO_17930613_THEFT,PROCEDURAL_PRECEDES,active(DN_J_HONG_17930613_JISE) ∧ active(DN_J_JEONGJO_17930613_THEFT),EXPLICIT:PROCEDURAL_EXPLICIT,PRIMITIVE_EDGE,,,EXPLICIT_TEXT_OR_PROCEDURAL_KEPT,42의 witness_world에서 이 edge 없이 from→to 도달 불가
TE0042,DN_J_HONG_17930613_JISE,DN_J_JEONGJO_17930613_KIM_DEATH,PROCEDURAL_PRECEDES,active(DN_J_HONG_17930613_JISE) ∧ active(DN_J_JEONGJO_17930613_KIM_DEATH),EXPLICIT:PROCEDURAL_EXPLICIT,PRIMITIVE_EDGE,,,EXPLICIT_TEXT_OR_PROCEDURAL_KEPT,42의 witness_world에서 이 edge 없이 from→to 도달 불가
TE0043,DN_J_HONG_17930613_JISE,DN_J_JEONGJO_17930613_JISE,PROCEDURAL_PRECEDES,active(DN_J_HONG_17930613_JISE) ∧ active(DN_J_JEONGJO_17930613_JISE),EXPLICIT:PROCEDURAL_EXPLICIT,PRIMITIVE_EDGE,,,EXPLICIT_TEXT_OR_PROCEDURAL_KEPT,42의 witness_world에서 이 edge 없이 from→to 도달 불가
TE0044,DN_J_JEONGJO_17930512_THEFT,DN_J_JEONGJO_17930613_THEFT,PROCEDURAL_PRECEDES,active(DN_J_JEONGJO_17930512_THEFT) ∧ active(DN_J_JEONGJO_17930613_THEFT),EXPLICIT_AND_DATE:COURT_ENTRY_DATE_ORDER|JUDGMENT_REVISION,PRIMITIVE_EDGE,,,EXPLICIT_TEXT_OR_PROCEDURAL_KEPT,42의 witness_world에서 이 edge 없이 from→to 도달 불가
TE0045,DN_J_HONG_17930528_JISE,DN_J_HONG_17930613_JISE,PROCEDURAL_PRECEDES,active(DN_J_HONG_17930528_JISE) ∧ active(DN_J_HONG_17930613_JISE),EXPLICIT_AND_DATE:COURT_ENTRY_DATE_ORDER|JUDGMENT_REVISION,PRIMITIVE_EDGE,,,EXPLICIT_TEXT_OR_PROCEDURAL_KEPT,42의 witness_world에서 이 edge 없이 from→to 도달 불가 / 37 manual_review_required=YES 유지
TE0046,DN_EC0154,DN_EC0155,TEMPORAL_BEFORE,active(DN_EC0154) ∧ active(DN_EC0155),EXPLICIT_AND_DATE:COURT_ENTRY_DATE_ORDER|PROCEDURAL_EXPLICIT,PRIMITIVE_EDGE,,,EXPLICIT_TEXT_OR_PROCEDURAL_KEPT,42의 witness_world에서 이 edge 없이 from→to 도달 불가
TE0047,DN_EC0003,DN_EC0053,TEMPORAL_BEFORE,NEVER (EVIDENCE_ONLY: 시간 제약으로 강제하지 않음),NONACTIVE:REFERENT_NOT_IN_OWN_SOURCE,REVIEW_REQUIRED,,,EVIDENCE_ONLY/REVIEW_REQUIRED edge (template 비활성),template에서 어떤 world에도 활성화되지 않음 → reduction 대상 아님 / 37 manual_review_required=YES 유지 / endpoint가 SAME 후보: collapse된 class로 활성될 수 있어 그 endpoint의 활성 literal은 L(e)에서 제외
TE0048,DN_EC0004,DN_EC0053,TEMPORAL_BEFORE,NEVER (EVIDENCE_ONLY: 시간 제약으로 강제하지 않음),NONACTIVE:REFERENT_NOT_IN_OWN_SOURCE,REVIEW_REQUIRED,,,EVIDENCE_ONLY/REVIEW_REQUIRED edge (template 비활성),template에서 어떤 world에도 활성화되지 않음 → reduction 대상 아님 / 37 manual_review_required=YES 유지 / endpoint가 SAME 후보: collapse된 class로 활성될 수 있어 그 endpoint의 활성 literal은 L(e)에서 제외
TE0049,DN_EC0003,DN_EC0004,TEMPORAL_BEFORE,NEVER (REVIEW_REQUIRED: 검토 전 비활성),NONACTIVE:SERIAL_CONNECTIVE,REVIEW_REQUIRED,,,EVIDENCE_ONLY/REVIEW_REQUIRED edge (template 비활성),template에서 어떤 world에도 활성화되지 않음 → reduction 대상 아님 / 37 manual_review_required=YES 유지 / endpoint가 SAME 후보: collapse된 class로 활성될 수 있어 그 endpoint의 활성 literal은 L(e)에서 제외
TE0050,DN_EC0003,DN_EC0005,TEMPORAL_BEFORE,NEVER (REVIEW_REQUIRED: 검토 전 비활성),NONACTIVE:SERIAL_CONNECTIVE,REVIEW_REQUIRED,,,EVIDENCE_ONLY/REVIEW_REQUIRED edge (template 비활성),template에서 어떤 world에도 활성화되지 않음 → reduction 대상 아님 / 37 manual_review_required=YES 유지 / endpoint가 SAME 후보: collapse된 class로 활성될 수 있어 그 endpoint의 활성 literal은 L(e)에서 제외
TE0051,DN_EC0051,DN_EC0052,TEMPORAL_BEFORE,NEVER (REVIEW_REQUIRED: 검토 전 비활성),NONACTIVE:SERIAL_CONNECTIVE,REVIEW_REQUIRED,,,EVIDENCE_ONLY/REVIEW_REQUIRED edge (template 비활성),template에서 어떤 world에도 활성화되지 않음 → reduction 대상 아님 / 37 manual_review_required=YES 유지
TE0052,DN_EC0119,DN_EC0120,TEMPORAL_BEFORE,NEVER (REVIEW_REQUIRED: 검토 전 비활성),NONACTIVE:SERIAL_CONNECTIVE,REVIEW_REQUIRED,,,EVIDENCE_ONLY/REVIEW_REQUIRED edge (template 비활성),template에서 어떤 world에도 활성화되지 않음 → reduction 대상 아님 / 37 manual_review_required=YES 유지 / endpoint가 SAME 후보: collapse된 class로 활성될 수 있어 그 endpoint의 활성 literal은 L(e)에서 제외
TE0053,DN_EC0099,DN_EC0100,TEMPORAL_BEFORE,NEVER (REVIEW_REQUIRED: 검토 전 비활성),NONACTIVE:REPLY_REFERENCE,REVIEW_REQUIRED,,,EVIDENCE_ONLY/REVIEW_REQUIRED edge (template 비활성),template에서 어떤 world에도 활성화되지 않음 → reduction 대상 아님 / 37 manual_review_required=YES 유지
TE0054,DN_EC0123,DN_EC0125,TEMPORAL_BEFORE,NEVER (REVIEW_REQUIRED: 검토 전 비활성),NONACTIVE:REPLY_REFERENCE,REVIEW_REQUIRED,,,EVIDENCE_ONLY/REVIEW_REQUIRED edge (template 비활성),template에서 어떤 world에도 활성화되지 않음 → reduction 대상 아님 / 37 manual_review_required=YES 유지
TE0055,DN_EC0089,DN_EC0093,TEMPORAL_BEFORE,NEVER (REVIEW_REQUIRED: 검토 전 비활성),NONACTIVE:SERIAL_CONNECTIVE,REVIEW_REQUIRED,,,EVIDENCE_ONLY/REVIEW_REQUIRED edge (template 비활성),template에서 어떤 world에도 활성화되지 않음 → reduction 대상 아님 / 37 manual_review_required=YES 유지 / endpoint가 SAME 후보: collapse된 class로 활성될 수 있어 그 endpoint의 활성 literal은 L(e)에서 제외
TE0056,DN_EC0114,DN_EC0113,TEMPORAL_BEFORE,NEVER (REVIEW_REQUIRED: 검토 전 비활성),NONACTIVE:SERIAL_CONNECTIVE,REVIEW_REQUIRED,,,EVIDENCE_ONLY/REVIEW_REQUIRED edge (template 비활성),template에서 어떤 world에도 활성화되지 않음 → reduction 대상 아님 / 37 manual_review_required=YES 유지
TE0057,DN_EC0098,DN_EC0097,TEMPORAL_BEFORE,NEVER (REVIEW_REQUIRED: 검토 전 비활성),NONACTIVE:ROLE_LINK_WITHOUT_TIME_WORD,REVIEW_REQUIRED,,,EVIDENCE_ONLY/REVIEW_REQUIRED edge (template 비활성),template에서 어떤 world에도 활성화되지 않음 → reduction 대상 아님 / 37 manual_review_required=YES 유지 / endpoint가 SAME 후보: collapse된 class로 활성될 수 있어 그 endpoint의 활성 literal은 L(e)에서 제외
TE0058,DN_EC0129,DN_EC0130,TEMPORAL_BEFORE,NEVER (REVIEW_REQUIRED: 검토 전 비활성),NONACTIVE:ANAPHORIC_REFERENCE,REVIEW_REQUIRED,,,EVIDENCE_ONLY/REVIEW_REQUIRED edge (template 비활성),template에서 어떤 world에도 활성화되지 않음 → reduction 대상 아님 / 37 manual_review_required=YES 유지 / endpoint가 SAME 후보: collapse된 class로 활성될 수 있어 그 endpoint의 활성 literal은 L(e)에서 제외
TE0059,DN_EC0115,DN_EC0128,TEMPORAL_BEFORE,NEVER (REVIEW_REQUIRED: 검토 전 비활성),NONACTIVE:ROLE_LINK_WITHOUT_TIME_WORD,REVIEW_REQUIRED,,,EVIDENCE_ONLY/REVIEW_REQUIRED edge (template 비활성),template에서 어떤 world에도 활성화되지 않음 → reduction 대상 아님 / 37 manual_review_required=YES 유지
TE0060,DN_J_JAMIDEOK_17930613_COACHING,DN_EC0063,TEMPORAL_DURING,NEVER (REVIEW_REQUIRED: 검토 전 비활성),NONACTIVE:ROLE_LINK_WITHOUT_TIME_WORD,REVIEW_REQUIRED,,,EVIDENCE_ONLY/REVIEW_REQUIRED edge (template 비활성),template에서 어떤 world에도 활성화되지 않음 → reduction 대상 아님 / 37 manual_review_required=YES 유지
TE0061,DN_J_HANJAEUK_17930613_COACHING,DN_EC0063,TEMPORAL_DURING,NEVER (REVIEW_REQUIRED: 검토 전 비활성),NONACTIVE:ROLE_LINK_WITHOUT_TIME_WORD,REVIEW_REQUIRED,,,EVIDENCE_ONLY/REVIEW_REQUIRED edge (template 비활성),template에서 어떤 world에도 활성화되지 않음 → reduction 대상 아님 / 37 manual_review_required=YES 유지
TE0062,DN_J_IJOWON_17930527_THEFT,DN_EC0044,PROCEDURAL_PRECEDES,NEVER (REVIEW_REQUIRED: 검토 전 비활성),NONACTIVE:SAME_DAY_COURT_SEQUENCE,REVIEW_REQUIRED,,,EVIDENCE_ONLY/REVIEW_REQUIRED edge (template 비활성),template에서 어떤 world에도 활성화되지 않음 → reduction 대상 아님 / 37 manual_review_required=YES 유지
TE0063,DN_J_IJOWON_17930527_THEFT,DN_EC0045,PROCEDURAL_PRECEDES,NEVER (REVIEW_REQUIRED: 검토 전 비활성),NONACTIVE:SAME_DAY_COURT_SEQUENCE,REVIEW_REQUIRED,,,EVIDENCE_ONLY/REVIEW_REQUIRED edge (template 비활성),template에서 어떤 world에도 활성화되지 않음 → reduction 대상 아님 / 37 manual_review_required=YES 유지
TE0064,DN_J_JEONGJO_17930613_JISE,DN_EC0150,PROCEDURAL_PRECEDES,NEVER (REVIEW_REQUIRED: 검토 전 비활성),NONACTIVE:SAME_DAY_COURT_SEQUENCE,REVIEW_REQUIRED,,,EVIDENCE_ONLY/REVIEW_REQUIRED edge (template 비활성),template에서 어떤 world에도 활성화되지 않음 → reduction 대상 아님 / 37 manual_review_required=YES 유지 / endpoint가 SAME 후보: collapse된 class로 활성될 수 있어 그 endpoint의 활성 literal은 L(e)에서 제외
TE0065,DN_EC0065,DN_EC0081,TEMPORAL_BEFORE,active(DN_EC0065) ∧ active(DN_EC0081) ∧ (E_EC0065 ∧ INTERP_EC0065_DATE_IS_TELLING_TIME ∧ E_EC0081),DATE_ONLY:CLAIMED_DATE_ORDER,PRIMITIVE_EDGE,,,NO_ALTERNATIVE_PATH: 다른 보존 edge로 from→to path 없음,42의 witness_world에서 이 edge 없이 from→to 도달 불가
TE0066,DN_EC0065,DN_EC0082,TEMPORAL_BEFORE,active(DN_EC0065) ∧ active(DN_EC0082) ∧ (E_EC0065 ∧ INTERP_EC0065_DATE_IS_TELLING_TIME ∧ E_EC0082),DATE_ONLY:CLAIMED_DATE_ORDER,PRIMITIVE_EDGE,,,NO_ALTERNATIVE_PATH: 다른 보존 edge로 from→to path 없음,42의 witness_world에서 이 edge 없이 from→to 도달 불가
TE0067,DN_EC0065,DN_EC0083,TEMPORAL_BEFORE,active(DN_EC0065) ∧ active(DN_EC0083) ∧ (E_EC0065 ∧ INTERP_EC0065_DATE_IS_TELLING_TIME ∧ E_EC0083),DATE_ONLY:CLAIMED_DATE_ORDER,PRIMITIVE_EDGE,,,NO_ALTERNATIVE_PATH: 다른 보존 edge로 from→to path 없음,42의 witness_world에서 이 edge 없이 from→to 도달 불가
TE0068,DN_EC0065,DN_EC0084,TEMPORAL_BEFORE,active(DN_EC0065) ∧ active(DN_EC0084) ∧ (E_EC0065 ∧ INTERP_EC0065_DATE_IS_TELLING_TIME ∧ E_EC0084),DATE_ONLY:CLAIMED_DATE_ORDER,PRIMITIVE_EDGE,,,NO_ALTERNATIVE_PATH: 다른 보존 edge로 from→to path 없음,42의 witness_world에서 이 edge 없이 from→to 도달 불가
TE0069,DN_EC0065,DN_EC0089,TEMPORAL_BEFORE,active(DN_EC0065) ∧ active(DN_EC0089) ∧ (E_EC0065 ∧ INTERP_EC0065_DATE_IS_TELLING_TIME ∧ E_EC0089),DATE_ONLY:CLAIMED_DATE_ORDER,PRIMITIVE_EDGE,"DN_EC0065 → DN_EC0081 → DN_EC0089 [TE0065, TE0274]",TE0065:(E_EC0065 ∧ INTERP_EC0065_DATE_IS_TELLING_TIME ∧ E_EC0081); TE0274:(E_EC0081 ∧ E_EC0089); active(DN_EC0081):E_EC0081 = TRUE,PATH_EDGE_CONDITION_NOT_GUARANTEED: path의 edge 조건·중간 node가 보장되지 않음 (E_EC0081),조건부 중복: alternative_path_conditions가 모두 참인 world에서만 shortcut이 중복(그 world의 materialize 단계에서만 생략 가능); 42의 witness_world(논리적으로 가능한 world)에서는 이 edge 없이 from→to 도달 불가 / endpoint가 SAME 후보: collapse된 class로 활성될 수 있어 그 endpoint의 활성 literal은 L(e)에서 제외
TE0070,DN_EC0065,DN_EC0093,TEMPORAL_BEFORE,active(DN_EC0065) ∧ active(DN_EC0093) ∧ (E_EC0065 ∧ INTERP_EC0065_DATE_IS_TELLING_TIME ∧ E_EC0093),DATE_ONLY:CLAIMED_DATE_ORDER,PRIMITIVE_EDGE,"DN_EC0065 → DN_EC0081 → DN_EC0093 [TE0065, TE0275]",TE0065:(E_EC0065 ∧ INTERP_EC0065_DATE_IS_TELLING_TIME ∧ E_EC0081); TE0275:(E_EC0081 ∧ E_EC0093); active(DN_EC0081):E_EC0081 = TRUE,PATH_EDGE_CONDITION_NOT_GUARANTEED: path의 edge 조건·중간 node가 보장되지 않음 (E_EC0081),조건부 중복: alternative_path_conditions가 모두 참인 world에서만 shortcut이 중복(그 world의 materialize 단계에서만 생략 가능); 42의 witness_world(논리적으로 가능한 world)에서는 이 edge 없이 from→to 도달 불가
TE0071,DN_EC0065,DN_EC0094,TEMPORAL_BEFORE,active(DN_EC0065) ∧ active(DN_EC0094) ∧ (E_EC0065 ∧ INTERP_EC0065_DATE_IS_TELLING_TIME ∧ E_EC0094),DATE_ONLY:CLAIMED_DATE_ORDER,PRIMITIVE_EDGE,"DN_EC0065 → DN_EC0081 → DN_EC0094 [TE0065, TE0276]",TE0065:(E_EC0065 ∧ INTERP_EC0065_DATE_IS_TELLING_TIME ∧ E_EC0081); TE0276:(E_EC0081 ∧ E_EC0094); active(DN_EC0081):E_EC0081 = TRUE,PATH_EDGE_CONDITION_NOT_GUARANTEED: path의 edge 조건·중간 node가 보장되지 않음 (E_EC0081),조건부 중복: alternative_path_conditions가 모두 참인 world에서만 shortcut이 중복(그 world의 materialize 단계에서만 생략 가능); 42의 witness_world(논리적으로 가능한 world)에서는 이 edge 없이 from→to 도달 불가
TE0072,DN_EC0065,DN_EC0095,TEMPORAL_BEFORE,active(DN_EC0065) ∧ active(DN_EC0095) ∧ (E_EC0065 ∧ INTERP_EC0065_DATE_IS_TELLING_TIME ∧ E_EC0095),DATE_ONLY:CLAIMED_DATE_ORDER,PRIMITIVE_EDGE,"DN_EC0065 → DN_EC0081 → DN_EC0095 [TE0065, TE0277]",TE0065:(E_EC0065 ∧ INTERP_EC0065_DATE_IS_TELLING_TIME ∧ E_EC0081); TE0277:(E_EC0081 ∧ E_EC0095); active(DN_EC0081):E_EC0081 = TRUE,PATH_EDGE_CONDITION_NOT_GUARANTEED: path의 edge 조건·중간 node가 보장되지 않음 (E_EC0081),조건부 중복: alternative_path_conditions가 모두 참인 world에서만 shortcut이 중복(그 world의 materialize 단계에서만 생략 가능); 42의 witness_world(논리적으로 가능한 world)에서는 이 edge 없이 from→to 도달 불가
TE0073,DN_EC0065,DN_EC0096,TEMPORAL_BEFORE,active(DN_EC0065) ∧ active(DN_EC0096) ∧ (E_EC0065 ∧ INTERP_EC0065_DATE_IS_TELLING_TIME ∧ E_EC0096),DATE_ONLY:CLAIMED_DATE_ORDER,PRIMITIVE_EDGE,"DN_EC0065 → DN_EC0081 → DN_EC0096 [TE0065, TE0278]",TE0065:(E_EC0065 ∧ INTERP_EC0065_DATE_IS_TELLING_TIME ∧ E_EC0081); TE0278:(E_EC0081 ∧ E_EC0096); active(DN_EC0081):E_EC0081 = TRUE,PATH_EDGE_CONDITION_NOT_GUARANTEED: path의 edge 조건·중간 node가 보장되지 않음 (E_EC0081),조건부 중복: alternative_path_conditions가 모두 참인 world에서만 shortcut이 중복(그 world의 materialize 단계에서만 생략 가능); 42의 witness_world(논리적으로 가능한 world)에서는 이 edge 없이 from→to 도달 불가
TE0074,DN_EC0065,DN_EC0097,TEMPORAL_BEFORE,active(DN_EC0065) ∧ active(DN_EC0097) ∧ (E_EC0065 ∧ INTERP_EC0065_DATE_IS_TELLING_TIME ∧ E_EC0097),DATE_ONLY:CLAIMED_DATE_ORDER,PRIMITIVE_EDGE,"DN_EC0065 → DN_EC0081 → DN_EC0097 [TE0065, TE0279]",TE0065:(E_EC0065 ∧ INTERP_EC0065_DATE_IS_TELLING_TIME ∧ E_EC0081); TE0279:(E_EC0081 ∧ E_EC0097); active(DN_EC0081):E_EC0081 = TRUE,PATH_EDGE_CONDITION_NOT_GUARANTEED: path의 edge 조건·중간 node가 보장되지 않음 (E_EC0081),조건부 중복: alternative_path_conditions가 모두 참인 world에서만 shortcut이 중복(그 world의 materialize 단계에서만 생략 가능); 42의 witness_world(논리적으로 가능한 world)에서는 이 edge 없이 from→to 도달 불가 / endpoint가 SAME 후보: collapse된 class로 활성될 수 있어 그 endpoint의 활성 literal은 L(e)에서 제외
TE0075,DN_EC0065,DN_EC0098,TEMPORAL_BEFORE,active(DN_EC0065) ∧ active(DN_EC0098) ∧ (E_EC0065 ∧ INTERP_EC0065_DATE_IS_TELLING_TIME ∧ E_EC0098),DATE_ONLY:CLAIMED_DATE_ORDER,PRIMITIVE_EDGE,"DN_EC0065 → DN_EC0081 → DN_EC0098 [TE0065, TE0280]",TE0065:(E_EC0065 ∧ INTERP_EC0065_DATE_IS_TELLING_TIME ∧ E_EC0081); TE0280:(E_EC0081 ∧ E_EC0098); active(DN_EC0081):E_EC0081 = TRUE,PATH_EDGE_CONDITION_NOT_GUARANTEED: path의 edge 조건·중간 node가 보장되지 않음 (E_EC0081),조건부 중복: alternative_path_conditions가 모두 참인 world에서만 shortcut이 중복(그 world의 materialize 단계에서만 생략 가능); 42의 witness_world(논리적으로 가능한 world)에서는 이 edge 없이 from→to 도달 불가 / endpoint가 SAME 후보: collapse된 class로 활성될 수 있어 그 endpoint의 활성 literal은 L(e)에서 제외
TE0076,DN_EC0065,DN_EC0099,TEMPORAL_BEFORE,active(DN_EC0065) ∧ active(DN_EC0099) ∧ (E_EC0065 ∧ INTERP_EC0065_DATE_IS_TELLING_TIME ∧ E_EC0099),DATE_ONLY:CLAIMED_DATE_ORDER,PRIMITIVE_EDGE,"DN_EC0065 → DN_EC0081 → DN_EC0099 [TE0065, TE0281]",TE0065:(E_EC0065 ∧ INTERP_EC0065_DATE_IS_TELLING_TIME ∧ E_EC0081); TE0281:(E_EC0081 ∧ E_EC0099); active(DN_EC0081):E_EC0081 = TRUE,PATH_EDGE_CONDITION_NOT_GUARANTEED: path의 edge 조건·중간 node가 보장되지 않음 (E_EC0081),조건부 중복: alternative_path_conditions가 모두 참인 world에서만 shortcut이 중복(그 world의 materialize 단계에서만 생략 가능); 42의 witness_world(논리적으로 가능한 world)에서는 이 edge 없이 from→to 도달 불가
TE0077,DN_EC0065,DN_EC0100,TEMPORAL_BEFORE,active(DN_EC0065) ∧ active(DN_EC0100) ∧ (E_EC0065 ∧ INTERP_EC0065_DATE_IS_TELLING_TIME ∧ E_EC0100),DATE_ONLY:CLAIMED_DATE_ORDER,PRIMITIVE_EDGE,"DN_EC0065 → DN_EC0081 → DN_EC0100 [TE0065, TE0282]",TE0065:(E_EC0065 ∧ INTERP_EC0065_DATE_IS_TELLING_TIME ∧ E_EC0081); TE0282:(E_EC0081 ∧ E_EC0100); active(DN_EC0081):E_EC0081 = TRUE,PATH_EDGE_CONDITION_NOT_GUARANTEED: path의 edge 조건·중간 node가 보장되지 않음 (E_EC0081),조건부 중복: alternative_path_conditions가 모두 참인 world에서만 shortcut이 중복(그 world의 materialize 단계에서만 생략 가능); 42의 witness_world(논리적으로 가능한 world)에서는 이 edge 없이 from→to 도달 불가
TE0078,DN_EC0065,DN_EC0101,TEMPORAL_BEFORE,active(DN_EC0065) ∧ active(DN_EC0101) ∧ (E_EC0065 ∧ INTERP_EC0065_DATE_IS_TELLING_TIME ∧ E_EC0101),DATE_ONLY:CLAIMED_DATE_ORDER,PRIMITIVE_EDGE,"DN_EC0065 → DN_EC0081 → DN_EC0101 [TE0065, TE0283]",TE0065:(E_EC0065 ∧ INTERP_EC0065_DATE_IS_TELLING_TIME ∧ E_EC0081); TE0283:(E_EC0081 ∧ E_EC0101); active(DN_EC0081):E_EC0081 = TRUE,PATH_EDGE_CONDITION_NOT_GUARANTEED: path의 edge 조건·중간 node가 보장되지 않음 (E_EC0081),조건부 중복: alternative_path_conditions가 모두 참인 world에서만 shortcut이 중복(그 world의 materialize 단계에서만 생략 가능); 42의 witness_world(논리적으로 가능한 world)에서는 이 edge 없이 from→to 도달 불가
TE0079,DN_EC0065,DN_EC0102,TEMPORAL_BEFORE,active(DN_EC0065) ∧ active(DN_EC0102) ∧ (E_EC0065 ∧ INTERP_EC0065_DATE_IS_TELLING_TIME ∧ E_EC0102),DATE_ONLY:CLAIMED_DATE_ORDER,PRIMITIVE_EDGE,"DN_EC0065 → DN_EC0081 → DN_EC0102 [TE0065, TE0284]",TE0065:(E_EC0065 ∧ INTERP_EC0065_DATE_IS_TELLING_TIME ∧ E_EC0081); TE0284:(E_EC0081 ∧ E_EC0102); active(DN_EC0081):E_EC0081 = TRUE,PATH_EDGE_CONDITION_NOT_GUARANTEED: path의 edge 조건·중간 node가 보장되지 않음 (E_EC0081),조건부 중복: alternative_path_conditions가 모두 참인 world에서만 shortcut이 중복(그 world의 materialize 단계에서만 생략 가능); 42의 witness_world(논리적으로 가능한 world)에서는 이 edge 없이 from→to 도달 불가
TE0080,DN_EC0065,DN_EC0020,TEMPORAL_BEFORE,active(DN_EC0065) ∧ active(DN_EC0020) ∧ (E_EC0065 ∧ INTERP_EC0065_DATE_IS_TELLING_TIME),DATE_ONLY:CLAIMED_VS_COURT_DATE_ORDER,PRIMITIVE_EDGE,"DN_EC0065 → DN_EC0081 → DN_EC0020 [TE0065, TE0285]",TE0065:(E_EC0065 ∧ INTERP_EC0065_DATE_IS_TELLING_TIME ∧ E_EC0081); TE0285:E_EC0081; active(DN_EC0081):E_EC0081 = TRUE,PATH_EDGE_CONDITION_NOT_GUARANTEED: path의 edge 조건·중간 node가 보장되지 않음 (E_EC0081),조건부 중복: alternative_path_conditions가 모두 참인 world에서만 shortcut이 중복(그 world의 materialize 단계에서만 생략 가능); 42의 witness_world(논리적으로 가능한 world)에서는 이 edge 없이 from→to 도달 불가
TE0081,DN_EC0065,DN_EC0021,TEMPORAL_BEFORE,active(DN_EC0065) ∧ active(DN_EC0021) ∧ (E_EC0065 ∧ INTERP_EC0065_DATE_IS_TELLING_TIME),DATE_ONLY:CLAIMED_VS_COURT_DATE_ORDER,PRIMITIVE_EDGE,"DN_EC0065 → DN_EC0020 → DN_EC0021 [TE0080, TE0024]",TE0080:(E_EC0065 ∧ INTERP_EC0065_DATE_IS_TELLING_TIME); TE0024:HARD(조건 없음); active(DN_EC0020):E_EC0020 = TRUE,INTERMEDIATE_NODE_MAY_VANISH: 이 edge가 활성인 world에서도 중간 node가 없을 수 있음 (보장 안 되는 조건: E_EC0020),조건부 중복: alternative_path_conditions가 모두 참인 world에서만 shortcut이 중복(그 world의 materialize 단계에서만 생략 가능); 42의 witness_world(논리적으로 가능한 world)에서는 이 edge 없이 from→to 도달 불가
TE0082,DN_EC0065,DN_EC0023,TEMPORAL_BEFORE,active(DN_EC0065) ∧ active(DN_EC0023) ∧ (E_EC0065 ∧ INTERP_EC0065_DATE_IS_TELLING_TIME),DATE_ONLY:CLAIMED_VS_COURT_DATE_ORDER,PRIMITIVE_EDGE,"DN_EC0065 → DN_EC0081 → DN_EC0023 [TE0065, TE0287]",TE0065:(E_EC0065 ∧ INTERP_EC0065_DATE_IS_TELLING_TIME ∧ E_EC0081); TE0287:E_EC0081; active(DN_EC0081):E_EC0081 = TRUE,PATH_EDGE_CONDITION_NOT_GUARANTEED: path의 edge 조건·중간 node가 보장되지 않음 (E_EC0081),조건부 중복: alternative_path_conditions가 모두 참인 world에서만 shortcut이 중복(그 world의 materialize 단계에서만 생략 가능); 42의 witness_world(논리적으로 가능한 world)에서는 이 edge 없이 from→to 도달 불가
TE0083,DN_EC0065,DN_EC0044,TEMPORAL_BEFORE,active(DN_EC0065) ∧ active(DN_EC0044) ∧ (E_EC0065 ∧ INTERP_EC0065_DATE_IS_TELLING_TIME),DATE_ONLY:CLAIMED_VS_COURT_DATE_ORDER,PRIMITIVE_EDGE,"DN_EC0065 → DN_EC0020 → DN_EC0044 [TE0080, TE0732]",TE0080:(E_EC0065 ∧ INTERP_EC0065_DATE_IS_TELLING_TIME); TE0732:HARD(조건 없음); active(DN_EC0020):E_EC0020 = TRUE,INTERMEDIATE_NODE_MAY_VANISH: 이 edge가 활성인 world에서도 중간 node가 없을 수 있음 (보장 안 되는 조건: E_EC0020),조건부 중복: alternative_path_conditions가 모두 참인 world에서만 shortcut이 중복(그 world의 materialize 단계에서만 생략 가능); 42의 witness_world(논리적으로 가능한 world)에서는 이 edge 없이 from→to 도달 불가
TE0084,DN_EC0065,DN_EC0045,TEMPORAL_BEFORE,active(DN_EC0065) ∧ active(DN_EC0045) ∧ (E_EC0065 ∧ INTERP_EC0065_DATE_IS_TELLING_TIME),DATE_ONLY:CLAIMED_VS_COURT_DATE_ORDER,PRIMITIVE_EDGE,"DN_EC0065 → DN_EC0020 → DN_EC0045 [TE0080, TE0733]",TE0080:(E_EC0065 ∧ INTERP_EC0065_DATE_IS_TELLING_TIME); TE0733:HARD(조건 없음); active(DN_EC0020):E_EC0020 = TRUE,INTERMEDIATE_NODE_MAY_VANISH: 이 edge가 활성인 world에서도 중간 node가 없을 수 있음 (보장 안 되는 조건: E_EC0020),조건부 중복: alternative_path_conditions가 모두 참인 world에서만 shortcut이 중복(그 world의 materialize 단계에서만 생략 가능); 42의 witness_world(논리적으로 가능한 world)에서는 이 edge 없이 from→to 도달 불가
TE0085,DN_EC0065,DN_EC0048,TEMPORAL_BEFORE,active(DN_EC0065) ∧ active(DN_EC0048) ∧ (E_EC0065 ∧ INTERP_EC0065_DATE_IS_TELLING_TIME),DATE_ONLY:CLAIMED_VS_COURT_DATE_ORDER,PRIMITIVE_EDGE,"DN_EC0065 → DN_EC0020 → DN_EC0048 [TE0080, TE0734]",TE0080:(E_EC0065 ∧ INTERP_EC0065_DATE_IS_TELLING_TIME); TE0734:HARD(조건 없음); active(DN_EC0020):E_EC0020 = TRUE,INTERMEDIATE_NODE_MAY_VANISH: 이 edge가 활성인 world에서도 중간 node가 없을 수 있음 (보장 안 되는 조건: E_EC0020),조건부 중복: alternative_path_conditions가 모두 참인 world에서만 shortcut이 중복(그 world의 materialize 단계에서만 생략 가능); 42의 witness_world(논리적으로 가능한 world)에서는 이 edge 없이 from→to 도달 불가
TE0086,DN_EC0065,DN_EC0049,TEMPORAL_BEFORE,active(DN_EC0065) ∧ active(DN_EC0049) ∧ (E_EC0065 ∧ INTERP_EC0065_DATE_IS_TELLING_TIME),DATE_ONLY:CLAIMED_VS_COURT_DATE_ORDER,PRIMITIVE_EDGE,"DN_EC0065 → DN_EC0020 → DN_EC0049 [TE0080, TE0735]",TE0080:(E_EC0065 ∧ INTERP_EC0065_DATE_IS_TELLING_TIME); TE0735:HARD(조건 없음); active(DN_EC0020):E_EC0020 = TRUE,INTERMEDIATE_NODE_MAY_VANISH: 이 edge가 활성인 world에서도 중간 node가 없을 수 있음 (보장 안 되는 조건: E_EC0020),조건부 중복: alternative_path_conditions가 모두 참인 world에서만 shortcut이 중복(그 world의 materialize 단계에서만 생략 가능); 42의 witness_world(논리적으로 가능한 world)에서는 이 edge 없이 from→to 도달 불가
TE0087,DN_EC0065,DN_EC0061,TEMPORAL_BEFORE,active(DN_EC0065) ∧ active(DN_EC0061) ∧ (E_EC0065 ∧ INTERP_EC0065_DATE_IS_TELLING_TIME),DATE_ONLY:CLAIMED_VS_COURT_DATE_ORDER,PRIMITIVE_EDGE,"DN_EC0065 → DN_EC0020 → DN_EC0061 [TE0080, TE0736]",TE0080:(E_EC0065 ∧ INTERP_EC0065_DATE_IS_TELLING_TIME); TE0736:HARD(조건 없음); active(DN_EC0020):E_EC0020 = TRUE,INTERMEDIATE_NODE_MAY_VANISH: 이 edge가 활성인 world에서도 중간 node가 없을 수 있음 (보장 안 되는 조건: E_EC0020),조건부 중복: alternative_path_conditions가 모두 참인 world에서만 shortcut이 중복(그 world의 materialize 단계에서만 생략 가능); 42의 witness_world(논리적으로 가능한 world)에서는 이 edge 없이 from→to 도달 불가
TE0088,DN_EC0065,DN_EC0062,TEMPORAL_BEFORE,active(DN_EC0065) ∧ active(DN_EC0062) ∧ (E_EC0065 ∧ INTERP_EC0065_DATE_IS_TELLING_TIME),DATE_ONLY:CLAIMED_VS_COURT_DATE_ORDER,PRIMITIVE_EDGE,"DN_EC0065 → DN_EC0020 → DN_EC0062 [TE0080, TE0737]",TE0080:(E_EC0065 ∧ INTERP_EC0065_DATE_IS_TELLING_TIME); TE0737:HARD(조건 없음); active(DN_EC0020):E_EC0020 = TRUE,INTERMEDIATE_NODE_MAY_VANISH: 이 edge가 활성인 world에서도 중간 node가 없을 수 있음 (보장 안 되는 조건: E_EC0020),조건부 중복: alternative_path_conditions가 모두 참인 world에서만 shortcut이 중복(그 world의 materialize 단계에서만 생략 가능); 42의 witness_world(논리적으로 가능한 world)에서는 이 edge 없이 from→to 도달 불가
TE0089,DN_EC0065,DN_EC0150,TEMPORAL_BEFORE,active(DN_EC0065) ∧ active(DN_EC0150) ∧ (E_EC0065 ∧ INTERP_EC0065_DATE_IS_TELLING_TIME),DATE_ONLY:CLAIMED_VS_COURT_DATE_ORDER,PRIMITIVE_EDGE,"DN_EC0065 → DN_EC0020 → DN_EC0150 [TE0080, TE0738]",TE0080:(E_EC0065 ∧ INTERP_EC0065_DATE_IS_TELLING_TIME); TE0738:HARD(조건 없음); active(DN_EC0020):E_EC0020 = TRUE,INTERMEDIATE_NODE_MAY_VANISH: 이 edge가 활성인 world에서도 중간 node가 없을 수 있음 (보장 안 되는 조건: E_EC0020),조건부 중복: alternative_path_conditions가 모두 참인 world에서만 shortcut이 중복(그 world의 materialize 단계에서만 생략 가능); 42의 witness_world(논리적으로 가능한 world)에서는 이 edge 없이 from→to 도달 불가 / endpoint가 SAME 후보: collapse된 class로 활성될 수 있어 그 endpoint의 활성 literal은 L(e)에서 제외
TE0090,DN_EC0065,DN_EC0151,TEMPORAL_BEFORE,active(DN_EC0065) ∧ active(DN_EC0151) ∧ (E_EC0065 ∧ INTERP_EC0065_DATE_IS_TELLING_TIME),DATE_ONLY:CLAIMED_VS_COURT_DATE_ORDER,PRIMITIVE_EDGE,"DN_EC0065 → DN_EC0020 → DN_EC0151 [TE0080, TE0739]",TE0080:(E_EC0065 ∧ INTERP_EC0065_DATE_IS_TELLING_TIME); TE0739:HARD(조건 없음); active(DN_EC0020):E_EC0020 = TRUE,INTERMEDIATE_NODE_MAY_VANISH: 이 edge가 활성인 world에서도 중간 node가 없을 수 있음 (보장 안 되는 조건: E_EC0020),조건부 중복: alternative_path_conditions가 모두 참인 world에서만 shortcut이 중복(그 world의 materialize 단계에서만 생략 가능); 42의 witness_world(논리적으로 가능한 world)에서는 이 edge 없이 from→to 도달 불가 / endpoint가 SAME 후보: collapse된 class로 활성될 수 있어 그 endpoint의 활성 literal은 L(e)에서 제외
TE0091,DN_EC0065,DN_EC0152,TEMPORAL_BEFORE,active(DN_EC0065) ∧ active(DN_EC0152) ∧ (E_EC0065 ∧ INTERP_EC0065_DATE_IS_TELLING_TIME),DATE_ONLY:CLAIMED_VS_COURT_DATE_ORDER,PRIMITIVE_EDGE,"DN_EC0065 → DN_EC0020 → DN_EC0152 [TE0080, TE0740]",TE0080:(E_EC0065 ∧ INTERP_EC0065_DATE_IS_TELLING_TIME); TE0740:HARD(조건 없음); active(DN_EC0020):E_EC0020 = TRUE,INTERMEDIATE_NODE_MAY_VANISH: 이 edge가 활성인 world에서도 중간 node가 없을 수 있음 (보장 안 되는 조건: E_EC0020),조건부 중복: alternative_path_conditions가 모두 참인 world에서만 shortcut이 중복(그 world의 materialize 단계에서만 생략 가능); 42의 witness_world(논리적으로 가능한 world)에서는 이 edge 없이 from→to 도달 불가
TE0092,DN_EC0065,DN_EC0153,TEMPORAL_BEFORE,active(DN_EC0065) ∧ active(DN_EC0153) ∧ (E_EC0065 ∧ INTERP_EC0065_DATE_IS_TELLING_TIME),DATE_ONLY:CLAIMED_VS_COURT_DATE_ORDER,PRIMITIVE_EDGE,"DN_EC0065 → DN_EC0020 → DN_EC0153 [TE0080, TE0741]",TE0080:(E_EC0065 ∧ INTERP_EC0065_DATE_IS_TELLING_TIME); TE0741:HARD(조건 없음); active(DN_EC0020):E_EC0020 = TRUE,INTERMEDIATE_NODE_MAY_VANISH: 이 edge가 활성인 world에서도 중간 node가 없을 수 있음 (보장 안 되는 조건: E_EC0020),조건부 중복: alternative_path_conditions가 모두 참인 world에서만 shortcut이 중복(그 world의 materialize 단계에서만 생략 가능); 42의 witness_world(논리적으로 가능한 world)에서는 이 edge 없이 from→to 도달 불가
TE0093,DN_EC0065,DN_EC0154,TEMPORAL_BEFORE,active(DN_EC0065) ∧ active(DN_EC0154) ∧ (E_EC0065 ∧ INTERP_EC0065_DATE_IS_TELLING_TIME),DATE_ONLY:CLAIMED_VS_COURT_DATE_ORDER,PRIMITIVE_EDGE,"DN_EC0065 → DN_EC0020 → DN_EC0154 [TE0080, TE0742]",TE0080:(E_EC0065 ∧ INTERP_EC0065_DATE_IS_TELLING_TIME); TE0742:HARD(조건 없음); active(DN_EC0020):E_EC0020 = TRUE,INTERMEDIATE_NODE_MAY_VANISH: 이 edge가 활성인 world에서도 중간 node가 없을 수 있음 (보장 안 되는 조건: E_EC0020),조건부 중복: alternative_path_conditions가 모두 참인 world에서만 shortcut이 중복(그 world의 materialize 단계에서만 생략 가능); 42의 witness_world(논리적으로 가능한 world)에서는 이 edge 없이 from→to 도달 불가
TE0094,DN_EC0065,DN_EC0155,TEMPORAL_BEFORE,active(DN_EC0065) ∧ active(DN_EC0155) ∧ (E_EC0065 ∧ INTERP_EC0065_DATE_IS_TELLING_TIME),DATE_ONLY:CLAIMED_VS_COURT_DATE_ORDER,PRIMITIVE_EDGE,"DN_EC0065 → DN_EC0020 → DN_EC0155 [TE0080, TE0743]",TE0080:(E_EC0065 ∧ INTERP_EC0065_DATE_IS_TELLING_TIME); TE0743:HARD(조건 없음); active(DN_EC0020):E_EC0020 = TRUE,INTERMEDIATE_NODE_MAY_VANISH: 이 edge가 활성인 world에서도 중간 node가 없을 수 있음 (보장 안 되는 조건: E_EC0020),조건부 중복: alternative_path_conditions가 모두 참인 world에서만 shortcut이 중복(그 world의 materialize 단계에서만 생략 가능); 42의 witness_world(논리적으로 가능한 world)에서는 이 edge 없이 from→to 도달 불가
TE0095,DN_EC0065,DN_J_HONG_17930528_JISE,TEMPORAL_BEFORE,active(DN_EC0065) ∧ active(DN_J_HONG_17930528_JISE) ∧ (E_EC0065 ∧ INTERP_EC0065_DATE_IS_TELLING_TIME),DATE_ONLY:CLAIMED_VS_COURT_DATE_ORDER,PRIMITIVE_EDGE,"DN_EC0065 → DN_EC0020 → DN_J_HONG_17930528_JISE [TE0080, TE0744]",TE0080:(E_EC0065 ∧ INTERP_EC0065_DATE_IS_TELLING_TIME); TE0744:HARD(조건 없음); active(DN_EC0020):E_EC0020 = TRUE,INTERMEDIATE_NODE_MAY_VANISH: 이 edge가 활성인 world에서도 중간 node가 없을 수 있음 (보장 안 되는 조건: E_EC0020),조건부 중복: alternative_path_conditions가 모두 참인 world에서만 shortcut이 중복(그 world의 materialize 단계에서만 생략 가능); 42의 witness_world(논리적으로 가능한 world)에서는 이 edge 없이 from→to 도달 불가
TE0096,DN_EC0065,DN_J_HONG_17930613_JISE,TEMPORAL_BEFORE,active(DN_EC0065) ∧ active(DN_J_HONG_17930613_JISE) ∧ (E_EC0065 ∧ INTERP_EC0065_DATE_IS_TELLING_TIME),DATE_ONLY:CLAIMED_VS_COURT_DATE_ORDER,PRIMITIVE_EDGE,"DN_EC0065 → DN_EC0020 → DN_J_HONG_17930613_JISE [TE0080, TE0745]",TE0080:(E_EC0065 ∧ INTERP_EC0065_DATE_IS_TELLING_TIME); TE0745:HARD(조건 없음); active(DN_EC0020):E_EC0020 = TRUE,INTERMEDIATE_NODE_MAY_VANISH: 이 edge가 활성인 world에서도 중간 node가 없을 수 있음 (보장 안 되는 조건: E_EC0020),조건부 중복: alternative_path_conditions가 모두 참인 world에서만 shortcut이 중복(그 world의 materialize 단계에서만 생략 가능); 42의 witness_world(논리적으로 가능한 world)에서는 이 edge 없이 from→to 도달 불가
TE0097,DN_EC0065,DN_J_HONG_17930613_KIM_DEATH,TEMPORAL_BEFORE,active(DN_EC0065) ∧ active(DN_J_HONG_17930613_KIM_DEATH) ∧ (E_EC0065 ∧ INTERP_EC0065_DATE_IS_TELLING_TIME),DATE_ONLY:CLAIMED_VS_COURT_DATE_ORDER,PRIMITIVE_EDGE,"DN_EC0065 → DN_EC0020 → DN_J_HONG_17930613_KIM_DEATH [TE0080, TE0746]",TE0080:(E_EC0065 ∧ INTERP_EC0065_DATE_IS_TELLING_TIME); TE0746:HARD(조건 없음); active(DN_EC0020):E_EC0020 = TRUE,INTERMEDIATE_NODE_MAY_VANISH: 이 edge가 활성인 world에서도 중간 node가 없을 수 있음 (보장 안 되는 조건: E_EC0020),조건부 중복: alternative_path_conditions가 모두 참인 world에서만 shortcut이 중복(그 world의 materialize 단계에서만 생략 가능); 42의 witness_world(논리적으로 가능한 world)에서는 이 edge 없이 from→to 도달 불가
TE0098,DN_EC0065,DN_J_HONG_17930613_THEFT,TEMPORAL_BEFORE,active(DN_EC0065) ∧ active(DN_J_HONG_17930613_THEFT) ∧ (E_EC0065 ∧ INTERP_EC0065_DATE_IS_TELLING_TIME),DATE_ONLY:CLAIMED_VS_COURT_DATE_ORDER,PRIMITIVE_EDGE,"DN_EC0065 → DN_EC0020 → DN_J_HONG_17930613_THEFT [TE0080, TE0747]",TE0080:(E_EC0065 ∧ INTERP_EC0065_DATE_IS_TELLING_TIME); TE0747:HARD(조건 없음); active(DN_EC0020):E_EC0020 = TRUE,INTERMEDIATE_NODE_MAY_VANISH: 이 edge가 활성인 world에서도 중간 node가 없을 수 있음 (보장 안 되는 조건: E_EC0020),조건부 중복: alternative_path_conditions가 모두 참인 world에서만 shortcut이 중복(그 world의 materialize 단계에서만 생략 가능); 42의 witness_world(논리적으로 가능한 world)에서는 이 edge 없이 from→to 도달 불가
TE0099,DN_EC0065,DN_J_IJOWON_17930527_JISE,TEMPORAL_BEFORE,active(DN_EC0065) ∧ active(DN_J_IJOWON_17930527_JISE) ∧ (E_EC0065 ∧ INTERP_EC0065_DATE_IS_TELLING_TIME),DATE_ONLY:CLAIMED_VS_COURT_DATE_ORDER,PRIMITIVE_EDGE,"DN_EC0065 → DN_EC0020 → DN_J_IJOWON_17930527_JISE [TE0080, TE0748]",TE0080:(E_EC0065 ∧ INTERP_EC0065_DATE_IS_TELLING_TIME); TE0748:HARD(조건 없음); active(DN_EC0020):E_EC0020 = TRUE,INTERMEDIATE_NODE_MAY_VANISH: 이 edge가 활성인 world에서도 중간 node가 없을 수 있음 (보장 안 되는 조건: E_EC0020),조건부 중복: alternative_path_conditions가 모두 참인 world에서만 shortcut이 중복(그 world의 materialize 단계에서만 생략 가능); 42의 witness_world(논리적으로 가능한 world)에서는 이 edge 없이 from→to 도달 불가
TE0100,DN_EC0065,DN_J_IJOWON_17930527_KIM_DEATH,TEMPORAL_BEFORE,active(DN_EC0065) ∧ active(DN_J_IJOWON_17930527_KIM_DEATH) ∧ (E_EC0065 ∧ INTERP_EC0065_DATE_IS_TELLING_TIME),DATE_ONLY:CLAIMED_VS_COURT_DATE_ORDER,PRIMITIVE_EDGE,"DN_EC0065 → DN_EC0020 → DN_J_IJOWON_17930527_KIM_DEATH [TE0080, TE0749]",TE0080:(E_EC0065 ∧ INTERP_EC0065_DATE_IS_TELLING_TIME); TE0749:HARD(조건 없음); active(DN_EC0020):E_EC0020 = TRUE,INTERMEDIATE_NODE_MAY_VANISH: 이 edge가 활성인 world에서도 중간 node가 없을 수 있음 (보장 안 되는 조건: E_EC0020),조건부 중복: alternative_path_conditions가 모두 참인 world에서만 shortcut이 중복(그 world의 materialize 단계에서만 생략 가능); 42의 witness_world(논리적으로 가능한 world)에서는 이 edge 없이 from→to 도달 불가
TE0101,DN_EC0065,DN_J_IJOWON_17930527_THEFT,TEMPORAL_BEFORE,active(DN_EC0065) ∧ active(DN_J_IJOWON_17930527_THEFT) ∧ (E_EC0065 ∧ INTERP_EC0065_DATE_IS_TELLING_TIME),DATE_ONLY:CLAIMED_VS_COURT_DATE_ORDER,PRIMITIVE_EDGE,"DN_EC0065 → DN_EC0020 → DN_J_IJOWON_17930527_THEFT [TE0080, TE0750]",TE0080:(E_EC0065 ∧ INTERP_EC0065_DATE_IS_TELLING_TIME); TE0750:HARD(조건 없음); active(DN_EC0020):E_EC0020 = TRUE,INTERMEDIATE_NODE_MAY_VANISH: 이 edge가 활성인 world에서도 중간 node가 없을 수 있음 (보장 안 되는 조건: E_EC0020),조건부 중복: alternative_path_conditions가 모두 참인 world에서만 shortcut이 중복(그 world의 materialize 단계에서만 생략 가능); 42의 witness_world(논리적으로 가능한 world)에서는 이 edge 없이 from→to 도달 불가
TE0102,DN_EC0065,DN_J_JEONGJO_17930512_THEFT,TEMPORAL_BEFORE,active(DN_EC0065) ∧ active(DN_J_JEONGJO_17930512_THEFT) ∧ (E_EC0065 ∧ INTERP_EC0065_DATE_IS_TELLING_TIME),DATE_ONLY:CLAIMED_VS_COURT_DATE_ORDER,PRIMITIVE_EDGE,"DN_EC0065 → DN_EC0081 → DN_J_JEONGJO_17930512_THEFT [TE0065, TE0307]",TE0065:(E_EC0065 ∧ INTERP_EC0065_DATE_IS_TELLING_TIME ∧ E_EC0081); TE0307:E_EC0081; active(DN_EC0081):E_EC0081 = TRUE,PATH_EDGE_CONDITION_NOT_GUARANTEED: path의 edge 조건·중간 node가 보장되지 않음 (E_EC0081),조건부 중복: alternative_path_conditions가 모두 참인 world에서만 shortcut이 중복(그 world의 materialize 단계에서만 생략 가능); 42의 witness_world(논리적으로 가능한 world)에서는 이 edge 없이 from→to 도달 불가
TE0103,DN_EC0065,DN_J_JEONGJO_17930613_JISE,TEMPORAL_BEFORE,active(DN_EC0065) ∧ active(DN_J_JEONGJO_17930613_JISE) ∧ (E_EC0065 ∧ INTERP_EC0065_DATE_IS_TELLING_TIME),DATE_ONLY:CLAIMED_VS_COURT_DATE_ORDER,PRIMITIVE_EDGE,"DN_EC0065 → DN_EC0020 → DN_J_JEONGJO_17930613_JISE [TE0080, TE0751]",TE0080:(E_EC0065 ∧ INTERP_EC0065_DATE_IS_TELLING_TIME); TE0751:HARD(조건 없음); active(DN_EC0020):E_EC0020 = TRUE,INTERMEDIATE_NODE_MAY_VANISH: 이 edge가 활성인 world에서도 중간 node가 없을 수 있음 (보장 안 되는 조건: E_EC0020),조건부 중복: alternative_path_conditions가 모두 참인 world에서만 shortcut이 중복(그 world의 materialize 단계에서만 생략 가능); 42의 witness_world(논리적으로 가능한 world)에서는 이 edge 없이 from→to 도달 불가
TE0104,DN_EC0065,DN_J_JEONGJO_17930613_KIM_DEATH,TEMPORAL_BEFORE,active(DN_EC0065) ∧ active(DN_J_JEONGJO_17930613_KIM_DEATH) ∧ (E_EC0065 ∧ INTERP_EC0065_DATE_IS_TELLING_TIME),DATE_ONLY:CLAIMED_VS_COURT_DATE_ORDER,PRIMITIVE_EDGE,"DN_EC0065 → DN_EC0020 → DN_J_JEONGJO_17930613_KIM_DEATH [TE0080, TE0752]",TE0080:(E_EC0065 ∧ INTERP_EC0065_DATE_IS_TELLING_TIME); TE0752:HARD(조건 없음); active(DN_EC0020):E_EC0020 = TRUE,INTERMEDIATE_NODE_MAY_VANISH: 이 edge가 활성인 world에서도 중간 node가 없을 수 있음 (보장 안 되는 조건: E_EC0020),조건부 중복: alternative_path_conditions가 모두 참인 world에서만 shortcut이 중복(그 world의 materialize 단계에서만 생략 가능); 42의 witness_world(논리적으로 가능한 world)에서는 이 edge 없이 from→to 도달 불가
TE0105,DN_EC0065,DN_J_JEONGJO_17930613_THEFT,TEMPORAL_BEFORE,active(DN_EC0065) ∧ active(DN_J_JEONGJO_17930613_THEFT) ∧ (E_EC0065 ∧ INTERP_EC0065_DATE_IS_TELLING_TIME),DATE_ONLY:CLAIMED_VS_COURT_DATE_ORDER,PRIMITIVE_EDGE,"DN_EC0065 → DN_EC0020 → DN_J_JEONGJO_17930613_THEFT [TE0080, TE0753]",TE0080:(E_EC0065 ∧ INTERP_EC0065_DATE_IS_TELLING_TIME); TE0753:HARD(조건 없음); active(DN_EC0020):E_EC0020 = TRUE,INTERMEDIATE_NODE_MAY_VANISH: 이 edge가 활성인 world에서도 중간 node가 없을 수 있음 (보장 안 되는 조건: E_EC0020),조건부 중복: alternative_path_conditions가 모두 참인 world에서만 shortcut이 중복(그 world의 materialize 단계에서만 생략 가능); 42의 witness_world(논리적으로 가능한 world)에서는 이 edge 없이 from→to 도달 불가
TE0106,DN_EC0066,DN_EC0081,TEMPORAL_BEFORE,active(DN_EC0066) ∧ active(DN_EC0081) ∧ (E_EC0066 ∧ E_EC0081),DATE_ONLY:CLAIMED_DATE_ORDER,PRIMITIVE_EDGE,,,NO_ALTERNATIVE_PATH: 다른 보존 edge로 from→to path 없음,42의 witness_world에서 이 edge 없이 from→to 도달 불가
TE0107,DN_EC0066,DN_EC0082,TEMPORAL_BEFORE,active(DN_EC0066) ∧ active(DN_EC0082) ∧ (E_EC0066 ∧ E_EC0082),DATE_ONLY:CLAIMED_DATE_ORDER,PRIMITIVE_EDGE,,,NO_ALTERNATIVE_PATH: 다른 보존 edge로 from→to path 없음,42의 witness_world에서 이 edge 없이 from→to 도달 불가
TE0108,DN_EC0066,DN_EC0083,TEMPORAL_BEFORE,active(DN_EC0066) ∧ active(DN_EC0083) ∧ (E_EC0066 ∧ E_EC0083),DATE_ONLY:CLAIMED_DATE_ORDER,PRIMITIVE_EDGE,,,NO_ALTERNATIVE_PATH: 다른 보존 edge로 from→to path 없음,42의 witness_world에서 이 edge 없이 from→to 도달 불가
TE0109,DN_EC0066,DN_EC0084,TEMPORAL_BEFORE,active(DN_EC0066) ∧ active(DN_EC0084) ∧ (E_EC0066 ∧ E_EC0084),DATE_ONLY:CLAIMED_DATE_ORDER,PRIMITIVE_EDGE,,,NO_ALTERNATIVE_PATH: 다른 보존 edge로 from→to path 없음,42의 witness_world에서 이 edge 없이 from→to 도달 불가
TE0110,DN_EC0066,DN_EC0089,TEMPORAL_BEFORE,active(DN_EC0066) ∧ active(DN_EC0089) ∧ (E_EC0066 ∧ E_EC0089),DATE_ONLY:CLAIMED_DATE_ORDER,PRIMITIVE_EDGE,"DN_EC0066 → DN_EC0081 → DN_EC0089 [TE0106, TE0274]",TE0106:(E_EC0066 ∧ E_EC0081); TE0274:(E_EC0081 ∧ E_EC0089); active(DN_EC0081):E_EC0081 = TRUE,PATH_EDGE_CONDITION_NOT_GUARANTEED: path의 edge 조건·중간 node가 보장되지 않음 (E_EC0081),조건부 중복: alternative_path_conditions가 모두 참인 world에서만 shortcut이 중복(그 world의 materialize 단계에서만 생략 가능); 42의 witness_world(논리적으로 가능한 world)에서는 이 edge 없이 from→to 도달 불가 / endpoint가 SAME 후보: collapse된 class로 활성될 수 있어 그 endpoint의 활성 literal은 L(e)에서 제외
TE0111,DN_EC0066,DN_EC0093,TEMPORAL_BEFORE,active(DN_EC0066) ∧ active(DN_EC0093) ∧ (E_EC0066 ∧ E_EC0093),DATE_ONLY:CLAIMED_DATE_ORDER,PRIMITIVE_EDGE,"DN_EC0066 → DN_EC0081 → DN_EC0093 [TE0106, TE0275]",TE0106:(E_EC0066 ∧ E_EC0081); TE0275:(E_EC0081 ∧ E_EC0093); active(DN_EC0081):E_EC0081 = TRUE,PATH_EDGE_CONDITION_NOT_GUARANTEED: path의 edge 조건·중간 node가 보장되지 않음 (E_EC0081),조건부 중복: alternative_path_conditions가 모두 참인 world에서만 shortcut이 중복(그 world의 materialize 단계에서만 생략 가능); 42의 witness_world(논리적으로 가능한 world)에서는 이 edge 없이 from→to 도달 불가
TE0112,DN_EC0066,DN_EC0094,TEMPORAL_BEFORE,active(DN_EC0066) ∧ active(DN_EC0094) ∧ (E_EC0066 ∧ E_EC0094),DATE_ONLY:CLAIMED_DATE_ORDER,PRIMITIVE_EDGE,"DN_EC0066 → DN_EC0081 → DN_EC0094 [TE0106, TE0276]",TE0106:(E_EC0066 ∧ E_EC0081); TE0276:(E_EC0081 ∧ E_EC0094); active(DN_EC0081):E_EC0081 = TRUE,PATH_EDGE_CONDITION_NOT_GUARANTEED: path의 edge 조건·중간 node가 보장되지 않음 (E_EC0081),조건부 중복: alternative_path_conditions가 모두 참인 world에서만 shortcut이 중복(그 world의 materialize 단계에서만 생략 가능); 42의 witness_world(논리적으로 가능한 world)에서는 이 edge 없이 from→to 도달 불가
TE0113,DN_EC0066,DN_EC0095,TEMPORAL_BEFORE,active(DN_EC0066) ∧ active(DN_EC0095) ∧ (E_EC0066 ∧ E_EC0095),DATE_ONLY:CLAIMED_DATE_ORDER,PRIMITIVE_EDGE,"DN_EC0066 → DN_EC0081 → DN_EC0095 [TE0106, TE0277]",TE0106:(E_EC0066 ∧ E_EC0081); TE0277:(E_EC0081 ∧ E_EC0095); active(DN_EC0081):E_EC0081 = TRUE,PATH_EDGE_CONDITION_NOT_GUARANTEED: path의 edge 조건·중간 node가 보장되지 않음 (E_EC0081),조건부 중복: alternative_path_conditions가 모두 참인 world에서만 shortcut이 중복(그 world의 materialize 단계에서만 생략 가능); 42의 witness_world(논리적으로 가능한 world)에서는 이 edge 없이 from→to 도달 불가
TE0114,DN_EC0066,DN_EC0096,TEMPORAL_BEFORE,active(DN_EC0066) ∧ active(DN_EC0096) ∧ (E_EC0066 ∧ E_EC0096),DATE_ONLY:CLAIMED_DATE_ORDER,PRIMITIVE_EDGE,"DN_EC0066 → DN_EC0081 → DN_EC0096 [TE0106, TE0278]",TE0106:(E_EC0066 ∧ E_EC0081); TE0278:(E_EC0081 ∧ E_EC0096); active(DN_EC0081):E_EC0081 = TRUE,PATH_EDGE_CONDITION_NOT_GUARANTEED: path의 edge 조건·중간 node가 보장되지 않음 (E_EC0081),조건부 중복: alternative_path_conditions가 모두 참인 world에서만 shortcut이 중복(그 world의 materialize 단계에서만 생략 가능); 42의 witness_world(논리적으로 가능한 world)에서는 이 edge 없이 from→to 도달 불가
TE0115,DN_EC0066,DN_EC0097,TEMPORAL_BEFORE,active(DN_EC0066) ∧ active(DN_EC0097) ∧ (E_EC0066 ∧ E_EC0097),DATE_ONLY:CLAIMED_DATE_ORDER,PRIMITIVE_EDGE,"DN_EC0066 → DN_EC0081 → DN_EC0097 [TE0106, TE0279]",TE0106:(E_EC0066 ∧ E_EC0081); TE0279:(E_EC0081 ∧ E_EC0097); active(DN_EC0081):E_EC0081 = TRUE,PATH_EDGE_CONDITION_NOT_GUARANTEED: path의 edge 조건·중간 node가 보장되지 않음 (E_EC0081),조건부 중복: alternative_path_conditions가 모두 참인 world에서만 shortcut이 중복(그 world의 materialize 단계에서만 생략 가능); 42의 witness_world(논리적으로 가능한 world)에서는 이 edge 없이 from→to 도달 불가 / endpoint가 SAME 후보: collapse된 class로 활성될 수 있어 그 endpoint의 활성 literal은 L(e)에서 제외
TE0116,DN_EC0066,DN_EC0098,TEMPORAL_BEFORE,active(DN_EC0066) ∧ active(DN_EC0098) ∧ (E_EC0066 ∧ E_EC0098),DATE_ONLY:CLAIMED_DATE_ORDER,PRIMITIVE_EDGE,"DN_EC0066 → DN_EC0081 → DN_EC0098 [TE0106, TE0280]",TE0106:(E_EC0066 ∧ E_EC0081); TE0280:(E_EC0081 ∧ E_EC0098); active(DN_EC0081):E_EC0081 = TRUE,PATH_EDGE_CONDITION_NOT_GUARANTEED: path의 edge 조건·중간 node가 보장되지 않음 (E_EC0081),조건부 중복: alternative_path_conditions가 모두 참인 world에서만 shortcut이 중복(그 world의 materialize 단계에서만 생략 가능); 42의 witness_world(논리적으로 가능한 world)에서는 이 edge 없이 from→to 도달 불가 / endpoint가 SAME 후보: collapse된 class로 활성될 수 있어 그 endpoint의 활성 literal은 L(e)에서 제외
TE0117,DN_EC0066,DN_EC0099,TEMPORAL_BEFORE,active(DN_EC0066) ∧ active(DN_EC0099) ∧ (E_EC0066 ∧ E_EC0099),DATE_ONLY:CLAIMED_DATE_ORDER,PRIMITIVE_EDGE,"DN_EC0066 → DN_EC0081 → DN_EC0099 [TE0106, TE0281]",TE0106:(E_EC0066 ∧ E_EC0081); TE0281:(E_EC0081 ∧ E_EC0099); active(DN_EC0081):E_EC0081 = TRUE,PATH_EDGE_CONDITION_NOT_GUARANTEED: path의 edge 조건·중간 node가 보장되지 않음 (E_EC0081),조건부 중복: alternative_path_conditions가 모두 참인 world에서만 shortcut이 중복(그 world의 materialize 단계에서만 생략 가능); 42의 witness_world(논리적으로 가능한 world)에서는 이 edge 없이 from→to 도달 불가
TE0118,DN_EC0066,DN_EC0100,TEMPORAL_BEFORE,active(DN_EC0066) ∧ active(DN_EC0100) ∧ (E_EC0066 ∧ E_EC0100),DATE_ONLY:CLAIMED_DATE_ORDER,PRIMITIVE_EDGE,"DN_EC0066 → DN_EC0081 → DN_EC0100 [TE0106, TE0282]",TE0106:(E_EC0066 ∧ E_EC0081); TE0282:(E_EC0081 ∧ E_EC0100); active(DN_EC0081):E_EC0081 = TRUE,PATH_EDGE_CONDITION_NOT_GUARANTEED: path의 edge 조건·중간 node가 보장되지 않음 (E_EC0081),조건부 중복: alternative_path_conditions가 모두 참인 world에서만 shortcut이 중복(그 world의 materialize 단계에서만 생략 가능); 42의 witness_world(논리적으로 가능한 world)에서는 이 edge 없이 from→to 도달 불가
TE0119,DN_EC0066,DN_EC0101,TEMPORAL_BEFORE,active(DN_EC0066) ∧ active(DN_EC0101) ∧ (E_EC0066 ∧ E_EC0101),DATE_ONLY:CLAIMED_DATE_ORDER,PRIMITIVE_EDGE,"DN_EC0066 → DN_EC0081 → DN_EC0101 [TE0106, TE0283]",TE0106:(E_EC0066 ∧ E_EC0081); TE0283:(E_EC0081 ∧ E_EC0101); active(DN_EC0081):E_EC0081 = TRUE,PATH_EDGE_CONDITION_NOT_GUARANTEED: path의 edge 조건·중간 node가 보장되지 않음 (E_EC0081),조건부 중복: alternative_path_conditions가 모두 참인 world에서만 shortcut이 중복(그 world의 materialize 단계에서만 생략 가능); 42의 witness_world(논리적으로 가능한 world)에서는 이 edge 없이 from→to 도달 불가
TE0120,DN_EC0066,DN_EC0102,TEMPORAL_BEFORE,active(DN_EC0066) ∧ active(DN_EC0102) ∧ (E_EC0066 ∧ E_EC0102),DATE_ONLY:CLAIMED_DATE_ORDER,PRIMITIVE_EDGE,"DN_EC0066 → DN_EC0081 → DN_EC0102 [TE0106, TE0284]",TE0106:(E_EC0066 ∧ E_EC0081); TE0284:(E_EC0081 ∧ E_EC0102); active(DN_EC0081):E_EC0081 = TRUE,PATH_EDGE_CONDITION_NOT_GUARANTEED: path의 edge 조건·중간 node가 보장되지 않음 (E_EC0081),조건부 중복: alternative_path_conditions가 모두 참인 world에서만 shortcut이 중복(그 world의 materialize 단계에서만 생략 가능); 42의 witness_world(논리적으로 가능한 world)에서는 이 edge 없이 from→to 도달 불가
TE0121,DN_EC0066,DN_EC0020,TEMPORAL_BEFORE,active(DN_EC0066) ∧ active(DN_EC0020) ∧ E_EC0066,DATE_ONLY:CLAIMED_VS_COURT_DATE_ORDER,PRIMITIVE_EDGE,"DN_EC0066 → DN_EC0081 → DN_EC0020 [TE0106, TE0285]",TE0106:(E_EC0066 ∧ E_EC0081); TE0285:E_EC0081; active(DN_EC0081):E_EC0081 = TRUE,PATH_EDGE_CONDITION_NOT_GUARANTEED: path의 edge 조건·중간 node가 보장되지 않음 (E_EC0081),조건부 중복: alternative_path_conditions가 모두 참인 world에서만 shortcut이 중복(그 world의 materialize 단계에서만 생략 가능); 42의 witness_world(논리적으로 가능한 world)에서는 이 edge 없이 from→to 도달 불가
TE0122,DN_EC0066,DN_EC0021,TEMPORAL_BEFORE,active(DN_EC0066) ∧ active(DN_EC0021) ∧ E_EC0066,DATE_ONLY:CLAIMED_VS_COURT_DATE_ORDER,PRIMITIVE_EDGE,"DN_EC0066 → DN_EC0020 → DN_EC0021 [TE0121, TE0024]",TE0121:E_EC0066; TE0024:HARD(조건 없음); active(DN_EC0020):E_EC0020 = TRUE,INTERMEDIATE_NODE_MAY_VANISH: 이 edge가 활성인 world에서도 중간 node가 없을 수 있음 (보장 안 되는 조건: E_EC0020),조건부 중복: alternative_path_conditions가 모두 참인 world에서만 shortcut이 중복(그 world의 materialize 단계에서만 생략 가능); 42의 witness_world(논리적으로 가능한 world)에서는 이 edge 없이 from→to 도달 불가
TE0123,DN_EC0066,DN_EC0023,TEMPORAL_BEFORE,active(DN_EC0066) ∧ active(DN_EC0023) ∧ E_EC0066,DATE_ONLY:CLAIMED_VS_COURT_DATE_ORDER,PRIMITIVE_EDGE,"DN_EC0066 → DN_EC0081 → DN_EC0023 [TE0106, TE0287]",TE0106:(E_EC0066 ∧ E_EC0081); TE0287:E_EC0081; active(DN_EC0081):E_EC0081 = TRUE,PATH_EDGE_CONDITION_NOT_GUARANTEED: path의 edge 조건·중간 node가 보장되지 않음 (E_EC0081),조건부 중복: alternative_path_conditions가 모두 참인 world에서만 shortcut이 중복(그 world의 materialize 단계에서만 생략 가능); 42의 witness_world(논리적으로 가능한 world)에서는 이 edge 없이 from→to 도달 불가
TE0124,DN_EC0066,DN_EC0044,TEMPORAL_BEFORE,active(DN_EC0066) ∧ active(DN_EC0044) ∧ E_EC0066,DATE_ONLY:CLAIMED_VS_COURT_DATE_ORDER,PRIMITIVE_EDGE,"DN_EC0066 → DN_EC0020 → DN_EC0044 [TE0121, TE0732]",TE0121:E_EC0066; TE0732:HARD(조건 없음); active(DN_EC0020):E_EC0020 = TRUE,INTERMEDIATE_NODE_MAY_VANISH: 이 edge가 활성인 world에서도 중간 node가 없을 수 있음 (보장 안 되는 조건: E_EC0020),조건부 중복: alternative_path_conditions가 모두 참인 world에서만 shortcut이 중복(그 world의 materialize 단계에서만 생략 가능); 42의 witness_world(논리적으로 가능한 world)에서는 이 edge 없이 from→to 도달 불가
TE0125,DN_EC0066,DN_EC0045,TEMPORAL_BEFORE,active(DN_EC0066) ∧ active(DN_EC0045) ∧ E_EC0066,DATE_ONLY:CLAIMED_VS_COURT_DATE_ORDER,PRIMITIVE_EDGE,"DN_EC0066 → DN_EC0020 → DN_EC0045 [TE0121, TE0733]",TE0121:E_EC0066; TE0733:HARD(조건 없음); active(DN_EC0020):E_EC0020 = TRUE,INTERMEDIATE_NODE_MAY_VANISH: 이 edge가 활성인 world에서도 중간 node가 없을 수 있음 (보장 안 되는 조건: E_EC0020),조건부 중복: alternative_path_conditions가 모두 참인 world에서만 shortcut이 중복(그 world의 materialize 단계에서만 생략 가능); 42의 witness_world(논리적으로 가능한 world)에서는 이 edge 없이 from→to 도달 불가
TE0126,DN_EC0066,DN_EC0048,TEMPORAL_BEFORE,active(DN_EC0066) ∧ active(DN_EC0048) ∧ E_EC0066,DATE_ONLY:CLAIMED_VS_COURT_DATE_ORDER,PRIMITIVE_EDGE,"DN_EC0066 → DN_EC0020 → DN_EC0048 [TE0121, TE0734]",TE0121:E_EC0066; TE0734:HARD(조건 없음); active(DN_EC0020):E_EC0020 = TRUE,INTERMEDIATE_NODE_MAY_VANISH: 이 edge가 활성인 world에서도 중간 node가 없을 수 있음 (보장 안 되는 조건: E_EC0020),조건부 중복: alternative_path_conditions가 모두 참인 world에서만 shortcut이 중복(그 world의 materialize 단계에서만 생략 가능); 42의 witness_world(논리적으로 가능한 world)에서는 이 edge 없이 from→to 도달 불가
TE0127,DN_EC0066,DN_EC0049,TEMPORAL_BEFORE,active(DN_EC0066) ∧ active(DN_EC0049) ∧ E_EC0066,DATE_ONLY:CLAIMED_VS_COURT_DATE_ORDER,PRIMITIVE_EDGE,"DN_EC0066 → DN_EC0020 → DN_EC0049 [TE0121, TE0735]",TE0121:E_EC0066; TE0735:HARD(조건 없음); active(DN_EC0020):E_EC0020 = TRUE,INTERMEDIATE_NODE_MAY_VANISH: 이 edge가 활성인 world에서도 중간 node가 없을 수 있음 (보장 안 되는 조건: E_EC0020),조건부 중복: alternative_path_conditions가 모두 참인 world에서만 shortcut이 중복(그 world의 materialize 단계에서만 생략 가능); 42의 witness_world(논리적으로 가능한 world)에서는 이 edge 없이 from→to 도달 불가
TE0128,DN_EC0066,DN_EC0061,TEMPORAL_BEFORE,active(DN_EC0066) ∧ active(DN_EC0061) ∧ E_EC0066,DATE_ONLY:CLAIMED_VS_COURT_DATE_ORDER,PRIMITIVE_EDGE,"DN_EC0066 → DN_EC0020 → DN_EC0061 [TE0121, TE0736]",TE0121:E_EC0066; TE0736:HARD(조건 없음); active(DN_EC0020):E_EC0020 = TRUE,INTERMEDIATE_NODE_MAY_VANISH: 이 edge가 활성인 world에서도 중간 node가 없을 수 있음 (보장 안 되는 조건: E_EC0020),조건부 중복: alternative_path_conditions가 모두 참인 world에서만 shortcut이 중복(그 world의 materialize 단계에서만 생략 가능); 42의 witness_world(논리적으로 가능한 world)에서는 이 edge 없이 from→to 도달 불가
TE0129,DN_EC0066,DN_EC0062,TEMPORAL_BEFORE,active(DN_EC0066) ∧ active(DN_EC0062) ∧ E_EC0066,DATE_ONLY:CLAIMED_VS_COURT_DATE_ORDER,PRIMITIVE_EDGE,"DN_EC0066 → DN_EC0020 → DN_EC0062 [TE0121, TE0737]",TE0121:E_EC0066; TE0737:HARD(조건 없음); active(DN_EC0020):E_EC0020 = TRUE,INTERMEDIATE_NODE_MAY_VANISH: 이 edge가 활성인 world에서도 중간 node가 없을 수 있음 (보장 안 되는 조건: E_EC0020),조건부 중복: alternative_path_conditions가 모두 참인 world에서만 shortcut이 중복(그 world의 materialize 단계에서만 생략 가능); 42의 witness_world(논리적으로 가능한 world)에서는 이 edge 없이 from→to 도달 불가
TE0130,DN_EC0066,DN_EC0150,TEMPORAL_BEFORE,active(DN_EC0066) ∧ active(DN_EC0150) ∧ E_EC0066,DATE_ONLY:CLAIMED_VS_COURT_DATE_ORDER,PRIMITIVE_EDGE,"DN_EC0066 → DN_EC0020 → DN_EC0150 [TE0121, TE0738]",TE0121:E_EC0066; TE0738:HARD(조건 없음); active(DN_EC0020):E_EC0020 = TRUE,INTERMEDIATE_NODE_MAY_VANISH: 이 edge가 활성인 world에서도 중간 node가 없을 수 있음 (보장 안 되는 조건: E_EC0020),조건부 중복: alternative_path_conditions가 모두 참인 world에서만 shortcut이 중복(그 world의 materialize 단계에서만 생략 가능); 42의 witness_world(논리적으로 가능한 world)에서는 이 edge 없이 from→to 도달 불가 / endpoint가 SAME 후보: collapse된 class로 활성될 수 있어 그 endpoint의 활성 literal은 L(e)에서 제외
TE0131,DN_EC0066,DN_EC0151,TEMPORAL_BEFORE,active(DN_EC0066) ∧ active(DN_EC0151) ∧ E_EC0066,DATE_ONLY:CLAIMED_VS_COURT_DATE_ORDER,PRIMITIVE_EDGE,"DN_EC0066 → DN_EC0020 → DN_EC0151 [TE0121, TE0739]",TE0121:E_EC0066; TE0739:HARD(조건 없음); active(DN_EC0020):E_EC0020 = TRUE,INTERMEDIATE_NODE_MAY_VANISH: 이 edge가 활성인 world에서도 중간 node가 없을 수 있음 (보장 안 되는 조건: E_EC0020),조건부 중복: alternative_path_conditions가 모두 참인 world에서만 shortcut이 중복(그 world의 materialize 단계에서만 생략 가능); 42의 witness_world(논리적으로 가능한 world)에서는 이 edge 없이 from→to 도달 불가 / endpoint가 SAME 후보: collapse된 class로 활성될 수 있어 그 endpoint의 활성 literal은 L(e)에서 제외
TE0132,DN_EC0066,DN_EC0152,TEMPORAL_BEFORE,active(DN_EC0066) ∧ active(DN_EC0152) ∧ E_EC0066,DATE_ONLY:CLAIMED_VS_COURT_DATE_ORDER,PRIMITIVE_EDGE,"DN_EC0066 → DN_EC0020 → DN_EC0152 [TE0121, TE0740]",TE0121:E_EC0066; TE0740:HARD(조건 없음); active(DN_EC0020):E_EC0020 = TRUE,INTERMEDIATE_NODE_MAY_VANISH: 이 edge가 활성인 world에서도 중간 node가 없을 수 있음 (보장 안 되는 조건: E_EC0020),조건부 중복: alternative_path_conditions가 모두 참인 world에서만 shortcut이 중복(그 world의 materialize 단계에서만 생략 가능); 42의 witness_world(논리적으로 가능한 world)에서는 이 edge 없이 from→to 도달 불가
TE0133,DN_EC0066,DN_EC0153,TEMPORAL_BEFORE,active(DN_EC0066) ∧ active(DN_EC0153) ∧ E_EC0066,DATE_ONLY:CLAIMED_VS_COURT_DATE_ORDER,PRIMITIVE_EDGE,"DN_EC0066 → DN_EC0020 → DN_EC0153 [TE0121, TE0741]",TE0121:E_EC0066; TE0741:HARD(조건 없음); active(DN_EC0020):E_EC0020 = TRUE,INTERMEDIATE_NODE_MAY_VANISH: 이 edge가 활성인 world에서도 중간 node가 없을 수 있음 (보장 안 되는 조건: E_EC0020),조건부 중복: alternative_path_conditions가 모두 참인 world에서만 shortcut이 중복(그 world의 materialize 단계에서만 생략 가능); 42의 witness_world(논리적으로 가능한 world)에서는 이 edge 없이 from→to 도달 불가
TE0134,DN_EC0066,DN_EC0154,TEMPORAL_BEFORE,active(DN_EC0066) ∧ active(DN_EC0154) ∧ E_EC0066,DATE_ONLY:CLAIMED_VS_COURT_DATE_ORDER,PRIMITIVE_EDGE,"DN_EC0066 → DN_EC0020 → DN_EC0154 [TE0121, TE0742]",TE0121:E_EC0066; TE0742:HARD(조건 없음); active(DN_EC0020):E_EC0020 = TRUE,INTERMEDIATE_NODE_MAY_VANISH: 이 edge가 활성인 world에서도 중간 node가 없을 수 있음 (보장 안 되는 조건: E_EC0020),조건부 중복: alternative_path_conditions가 모두 참인 world에서만 shortcut이 중복(그 world의 materialize 단계에서만 생략 가능); 42의 witness_world(논리적으로 가능한 world)에서는 이 edge 없이 from→to 도달 불가
TE0135,DN_EC0066,DN_EC0155,TEMPORAL_BEFORE,active(DN_EC0066) ∧ active(DN_EC0155) ∧ E_EC0066,DATE_ONLY:CLAIMED_VS_COURT_DATE_ORDER,PRIMITIVE_EDGE,"DN_EC0066 → DN_EC0020 → DN_EC0155 [TE0121, TE0743]",TE0121:E_EC0066; TE0743:HARD(조건 없음); active(DN_EC0020):E_EC0020 = TRUE,INTERMEDIATE_NODE_MAY_VANISH: 이 edge가 활성인 world에서도 중간 node가 없을 수 있음 (보장 안 되는 조건: E_EC0020),조건부 중복: alternative_path_conditions가 모두 참인 world에서만 shortcut이 중복(그 world의 materialize 단계에서만 생략 가능); 42의 witness_world(논리적으로 가능한 world)에서는 이 edge 없이 from→to 도달 불가
TE0136,DN_EC0066,DN_J_HONG_17930528_JISE,TEMPORAL_BEFORE,active(DN_EC0066) ∧ active(DN_J_HONG_17930528_JISE) ∧ E_EC0066,DATE_ONLY:CLAIMED_VS_COURT_DATE_ORDER,PRIMITIVE_EDGE,"DN_EC0066 → DN_EC0020 → DN_J_HONG_17930528_JISE [TE0121, TE0744]",TE0121:E_EC0066; TE0744:HARD(조건 없음); active(DN_EC0020):E_EC0020 = TRUE,INTERMEDIATE_NODE_MAY_VANISH: 이 edge가 활성인 world에서도 중간 node가 없을 수 있음 (보장 안 되는 조건: E_EC0020),조건부 중복: alternative_path_conditions가 모두 참인 world에서만 shortcut이 중복(그 world의 materialize 단계에서만 생략 가능); 42의 witness_world(논리적으로 가능한 world)에서는 이 edge 없이 from→to 도달 불가
TE0137,DN_EC0066,DN_J_HONG_17930613_JISE,TEMPORAL_BEFORE,active(DN_EC0066) ∧ active(DN_J_HONG_17930613_JISE) ∧ E_EC0066,DATE_ONLY:CLAIMED_VS_COURT_DATE_ORDER,PRIMITIVE_EDGE,"DN_EC0066 → DN_EC0020 → DN_J_HONG_17930613_JISE [TE0121, TE0745]",TE0121:E_EC0066; TE0745:HARD(조건 없음); active(DN_EC0020):E_EC0020 = TRUE,INTERMEDIATE_NODE_MAY_VANISH: 이 edge가 활성인 world에서도 중간 node가 없을 수 있음 (보장 안 되는 조건: E_EC0020),조건부 중복: alternative_path_conditions가 모두 참인 world에서만 shortcut이 중복(그 world의 materialize 단계에서만 생략 가능); 42의 witness_world(논리적으로 가능한 world)에서는 이 edge 없이 from→to 도달 불가
TE0138,DN_EC0066,DN_J_HONG_17930613_KIM_DEATH,TEMPORAL_BEFORE,active(DN_EC0066) ∧ active(DN_J_HONG_17930613_KIM_DEATH) ∧ E_EC0066,DATE_ONLY:CLAIMED_VS_COURT_DATE_ORDER,PRIMITIVE_EDGE,"DN_EC0066 → DN_EC0020 → DN_J_HONG_17930613_KIM_DEATH [TE0121, TE0746]",TE0121:E_EC0066; TE0746:HARD(조건 없음); active(DN_EC0020):E_EC0020 = TRUE,INTERMEDIATE_NODE_MAY_VANISH: 이 edge가 활성인 world에서도 중간 node가 없을 수 있음 (보장 안 되는 조건: E_EC0020),조건부 중복: alternative_path_conditions가 모두 참인 world에서만 shortcut이 중복(그 world의 materialize 단계에서만 생략 가능); 42의 witness_world(논리적으로 가능한 world)에서는 이 edge 없이 from→to 도달 불가
TE0139,DN_EC0066,DN_J_HONG_17930613_THEFT,TEMPORAL_BEFORE,active(DN_EC0066) ∧ active(DN_J_HONG_17930613_THEFT) ∧ E_EC0066,DATE_ONLY:CLAIMED_VS_COURT_DATE_ORDER,PRIMITIVE_EDGE,"DN_EC0066 → DN_EC0020 → DN_J_HONG_17930613_THEFT [TE0121, TE0747]",TE0121:E_EC0066; TE0747:HARD(조건 없음); active(DN_EC0020):E_EC0020 = TRUE,INTERMEDIATE_NODE_MAY_VANISH: 이 edge가 활성인 world에서도 중간 node가 없을 수 있음 (보장 안 되는 조건: E_EC0020),조건부 중복: alternative_path_conditions가 모두 참인 world에서만 shortcut이 중복(그 world의 materialize 단계에서만 생략 가능); 42의 witness_world(논리적으로 가능한 world)에서는 이 edge 없이 from→to 도달 불가
TE0140,DN_EC0066,DN_J_IJOWON_17930527_JISE,TEMPORAL_BEFORE,active(DN_EC0066) ∧ active(DN_J_IJOWON_17930527_JISE) ∧ E_EC0066,DATE_ONLY:CLAIMED_VS_COURT_DATE_ORDER,PRIMITIVE_EDGE,"DN_EC0066 → DN_EC0020 → DN_J_IJOWON_17930527_JISE [TE0121, TE0748]",TE0121:E_EC0066; TE0748:HARD(조건 없음); active(DN_EC0020):E_EC0020 = TRUE,INTERMEDIATE_NODE_MAY_VANISH: 이 edge가 활성인 world에서도 중간 node가 없을 수 있음 (보장 안 되는 조건: E_EC0020),조건부 중복: alternative_path_conditions가 모두 참인 world에서만 shortcut이 중복(그 world의 materialize 단계에서만 생략 가능); 42의 witness_world(논리적으로 가능한 world)에서는 이 edge 없이 from→to 도달 불가
TE0141,DN_EC0066,DN_J_IJOWON_17930527_KIM_DEATH,TEMPORAL_BEFORE,active(DN_EC0066) ∧ active(DN_J_IJOWON_17930527_KIM_DEATH) ∧ E_EC0066,DATE_ONLY:CLAIMED_VS_COURT_DATE_ORDER,PRIMITIVE_EDGE,"DN_EC0066 → DN_EC0020 → DN_J_IJOWON_17930527_KIM_DEATH [TE0121, TE0749]",TE0121:E_EC0066; TE0749:HARD(조건 없음); active(DN_EC0020):E_EC0020 = TRUE,INTERMEDIATE_NODE_MAY_VANISH: 이 edge가 활성인 world에서도 중간 node가 없을 수 있음 (보장 안 되는 조건: E_EC0020),조건부 중복: alternative_path_conditions가 모두 참인 world에서만 shortcut이 중복(그 world의 materialize 단계에서만 생략 가능); 42의 witness_world(논리적으로 가능한 world)에서는 이 edge 없이 from→to 도달 불가
TE0142,DN_EC0066,DN_J_IJOWON_17930527_THEFT,TEMPORAL_BEFORE,active(DN_EC0066) ∧ active(DN_J_IJOWON_17930527_THEFT) ∧ E_EC0066,DATE_ONLY:CLAIMED_VS_COURT_DATE_ORDER,PRIMITIVE_EDGE,"DN_EC0066 → DN_EC0020 → DN_J_IJOWON_17930527_THEFT [TE0121, TE0750]",TE0121:E_EC0066; TE0750:HARD(조건 없음); active(DN_EC0020):E_EC0020 = TRUE,INTERMEDIATE_NODE_MAY_VANISH: 이 edge가 활성인 world에서도 중간 node가 없을 수 있음 (보장 안 되는 조건: E_EC0020),조건부 중복: alternative_path_conditions가 모두 참인 world에서만 shortcut이 중복(그 world의 materialize 단계에서만 생략 가능); 42의 witness_world(논리적으로 가능한 world)에서는 이 edge 없이 from→to 도달 불가
TE0143,DN_EC0066,DN_J_JEONGJO_17930512_THEFT,TEMPORAL_BEFORE,active(DN_EC0066) ∧ active(DN_J_JEONGJO_17930512_THEFT) ∧ E_EC0066,DATE_ONLY:CLAIMED_VS_COURT_DATE_ORDER,PRIMITIVE_EDGE,"DN_EC0066 → DN_EC0081 → DN_J_JEONGJO_17930512_THEFT [TE0106, TE0307]",TE0106:(E_EC0066 ∧ E_EC0081); TE0307:E_EC0081; active(DN_EC0081):E_EC0081 = TRUE,PATH_EDGE_CONDITION_NOT_GUARANTEED: path의 edge 조건·중간 node가 보장되지 않음 (E_EC0081),조건부 중복: alternative_path_conditions가 모두 참인 world에서만 shortcut이 중복(그 world의 materialize 단계에서만 생략 가능); 42의 witness_world(논리적으로 가능한 world)에서는 이 edge 없이 from→to 도달 불가
TE0144,DN_EC0066,DN_J_JEONGJO_17930613_JISE,TEMPORAL_BEFORE,active(DN_EC0066) ∧ active(DN_J_JEONGJO_17930613_JISE) ∧ E_EC0066,DATE_ONLY:CLAIMED_VS_COURT_DATE_ORDER,PRIMITIVE_EDGE,"DN_EC0066 → DN_EC0020 → DN_J_JEONGJO_17930613_JISE [TE0121, TE0751]",TE0121:E_EC0066; TE0751:HARD(조건 없음); active(DN_EC0020):E_EC0020 = TRUE,INTERMEDIATE_NODE_MAY_VANISH: 이 edge가 활성인 world에서도 중간 node가 없을 수 있음 (보장 안 되는 조건: E_EC0020),조건부 중복: alternative_path_conditions가 모두 참인 world에서만 shortcut이 중복(그 world의 materialize 단계에서만 생략 가능); 42의 witness_world(논리적으로 가능한 world)에서는 이 edge 없이 from→to 도달 불가
TE0145,DN_EC0066,DN_J_JEONGJO_17930613_KIM_DEATH,TEMPORAL_BEFORE,active(DN_EC0066) ∧ active(DN_J_JEONGJO_17930613_KIM_DEATH) ∧ E_EC0066,DATE_ONLY:CLAIMED_VS_COURT_DATE_ORDER,PRIMITIVE_EDGE,"DN_EC0066 → DN_EC0020 → DN_J_JEONGJO_17930613_KIM_DEATH [TE0121, TE0752]",TE0121:E_EC0066; TE0752:HARD(조건 없음); active(DN_EC0020):E_EC0020 = TRUE,INTERMEDIATE_NODE_MAY_VANISH: 이 edge가 활성인 world에서도 중간 node가 없을 수 있음 (보장 안 되는 조건: E_EC0020),조건부 중복: alternative_path_conditions가 모두 참인 world에서만 shortcut이 중복(그 world의 materialize 단계에서만 생략 가능); 42의 witness_world(논리적으로 가능한 world)에서는 이 edge 없이 from→to 도달 불가
TE0146,DN_EC0066,DN_J_JEONGJO_17930613_THEFT,TEMPORAL_BEFORE,active(DN_EC0066) ∧ active(DN_J_JEONGJO_17930613_THEFT) ∧ E_EC0066,DATE_ONLY:CLAIMED_VS_COURT_DATE_ORDER,PRIMITIVE_EDGE,"DN_EC0066 → DN_EC0020 → DN_J_JEONGJO_17930613_THEFT [TE0121, TE0753]",TE0121:E_EC0066; TE0753:HARD(조건 없음); active(DN_EC0020):E_EC0020 = TRUE,INTERMEDIATE_NODE_MAY_VANISH: 이 edge가 활성인 world에서도 중간 node가 없을 수 있음 (보장 안 되는 조건: E_EC0020),조건부 중복: alternative_path_conditions가 모두 참인 world에서만 shortcut이 중복(그 world의 materialize 단계에서만 생략 가능); 42의 witness_world(논리적으로 가능한 world)에서는 이 edge 없이 from→to 도달 불가
TE0147,DN_EC0069,DN_EC0081,TEMPORAL_BEFORE,active(DN_EC0069) ∧ active(DN_EC0081) ∧ (E_EC0069 ∧ E_EC0081),DATE_ONLY:CLAIMED_DATE_ORDER,PRIMITIVE_EDGE,,,NO_ALTERNATIVE_PATH: 다른 보존 edge로 from→to path 없음,42의 witness_world에서 이 edge 없이 from→to 도달 불가
TE0148,DN_EC0069,DN_EC0082,TEMPORAL_BEFORE,active(DN_EC0069) ∧ active(DN_EC0082) ∧ (E_EC0069 ∧ E_EC0082),DATE_ONLY:CLAIMED_DATE_ORDER,PRIMITIVE_EDGE,,,NO_ALTERNATIVE_PATH: 다른 보존 edge로 from→to path 없음,42의 witness_world에서 이 edge 없이 from→to 도달 불가
TE0149,DN_EC0069,DN_EC0083,TEMPORAL_BEFORE,active(DN_EC0069) ∧ active(DN_EC0083) ∧ (E_EC0069 ∧ E_EC0083),DATE_ONLY:CLAIMED_DATE_ORDER,PRIMITIVE_EDGE,,,NO_ALTERNATIVE_PATH: 다른 보존 edge로 from→to path 없음,42의 witness_world에서 이 edge 없이 from→to 도달 불가
TE0150,DN_EC0069,DN_EC0084,TEMPORAL_BEFORE,active(DN_EC0069) ∧ active(DN_EC0084) ∧ (E_EC0069 ∧ E_EC0084),DATE_ONLY:CLAIMED_DATE_ORDER,PRIMITIVE_EDGE,,,NO_ALTERNATIVE_PATH: 다른 보존 edge로 from→to path 없음,42의 witness_world에서 이 edge 없이 from→to 도달 불가
TE0151,DN_EC0069,DN_EC0089,TEMPORAL_BEFORE,active(DN_EC0069) ∧ active(DN_EC0089) ∧ (E_EC0069 ∧ E_EC0089),DATE_ONLY:CLAIMED_DATE_ORDER,PRIMITIVE_EDGE,"DN_EC0069 → DN_EC0081 → DN_EC0089 [TE0147, TE0274]",TE0147:(E_EC0069 ∧ E_EC0081); TE0274:(E_EC0081 ∧ E_EC0089); active(DN_EC0081):E_EC0081 = TRUE,PATH_EDGE_CONDITION_NOT_GUARANTEED: path의 edge 조건·중간 node가 보장되지 않음 (E_EC0081),조건부 중복: alternative_path_conditions가 모두 참인 world에서만 shortcut이 중복(그 world의 materialize 단계에서만 생략 가능); 42의 witness_world(논리적으로 가능한 world)에서는 이 edge 없이 from→to 도달 불가 / endpoint가 SAME 후보: collapse된 class로 활성될 수 있어 그 endpoint의 활성 literal은 L(e)에서 제외
TE0152,DN_EC0069,DN_EC0093,TEMPORAL_BEFORE,active(DN_EC0069) ∧ active(DN_EC0093) ∧ (E_EC0069 ∧ E_EC0093),DATE_ONLY:CLAIMED_DATE_ORDER,PRIMITIVE_EDGE,"DN_EC0069 → DN_EC0081 → DN_EC0093 [TE0147, TE0275]",TE0147:(E_EC0069 ∧ E_EC0081); TE0275:(E_EC0081 ∧ E_EC0093); active(DN_EC0081):E_EC0081 = TRUE,PATH_EDGE_CONDITION_NOT_GUARANTEED: path의 edge 조건·중간 node가 보장되지 않음 (E_EC0081),조건부 중복: alternative_path_conditions가 모두 참인 world에서만 shortcut이 중복(그 world의 materialize 단계에서만 생략 가능); 42의 witness_world(논리적으로 가능한 world)에서는 이 edge 없이 from→to 도달 불가
TE0153,DN_EC0069,DN_EC0094,TEMPORAL_BEFORE,active(DN_EC0069) ∧ active(DN_EC0094) ∧ (E_EC0069 ∧ E_EC0094),DATE_ONLY:CLAIMED_DATE_ORDER,PRIMITIVE_EDGE,"DN_EC0069 → DN_EC0081 → DN_EC0094 [TE0147, TE0276]",TE0147:(E_EC0069 ∧ E_EC0081); TE0276:(E_EC0081 ∧ E_EC0094); active(DN_EC0081):E_EC0081 = TRUE,PATH_EDGE_CONDITION_NOT_GUARANTEED: path의 edge 조건·중간 node가 보장되지 않음 (E_EC0081),조건부 중복: alternative_path_conditions가 모두 참인 world에서만 shortcut이 중복(그 world의 materialize 단계에서만 생략 가능); 42의 witness_world(논리적으로 가능한 world)에서는 이 edge 없이 from→to 도달 불가
TE0154,DN_EC0069,DN_EC0095,TEMPORAL_BEFORE,active(DN_EC0069) ∧ active(DN_EC0095) ∧ (E_EC0069 ∧ E_EC0095),DATE_ONLY:CLAIMED_DATE_ORDER,PRIMITIVE_EDGE,"DN_EC0069 → DN_EC0081 → DN_EC0095 [TE0147, TE0277]",TE0147:(E_EC0069 ∧ E_EC0081); TE0277:(E_EC0081 ∧ E_EC0095); active(DN_EC0081):E_EC0081 = TRUE,PATH_EDGE_CONDITION_NOT_GUARANTEED: path의 edge 조건·중간 node가 보장되지 않음 (E_EC0081),조건부 중복: alternative_path_conditions가 모두 참인 world에서만 shortcut이 중복(그 world의 materialize 단계에서만 생략 가능); 42의 witness_world(논리적으로 가능한 world)에서는 이 edge 없이 from→to 도달 불가
TE0155,DN_EC0069,DN_EC0096,TEMPORAL_BEFORE,active(DN_EC0069) ∧ active(DN_EC0096) ∧ (E_EC0069 ∧ E_EC0096),DATE_ONLY:CLAIMED_DATE_ORDER,PRIMITIVE_EDGE,"DN_EC0069 → DN_EC0081 → DN_EC0096 [TE0147, TE0278]",TE0147:(E_EC0069 ∧ E_EC0081); TE0278:(E_EC0081 ∧ E_EC0096); active(DN_EC0081):E_EC0081 = TRUE,PATH_EDGE_CONDITION_NOT_GUARANTEED: path의 edge 조건·중간 node가 보장되지 않음 (E_EC0081),조건부 중복: alternative_path_conditions가 모두 참인 world에서만 shortcut이 중복(그 world의 materialize 단계에서만 생략 가능); 42의 witness_world(논리적으로 가능한 world)에서는 이 edge 없이 from→to 도달 불가
TE0156,DN_EC0069,DN_EC0097,TEMPORAL_BEFORE,active(DN_EC0069) ∧ active(DN_EC0097) ∧ (E_EC0069 ∧ E_EC0097),DATE_ONLY:CLAIMED_DATE_ORDER,PRIMITIVE_EDGE,"DN_EC0069 → DN_EC0081 → DN_EC0097 [TE0147, TE0279]",TE0147:(E_EC0069 ∧ E_EC0081); TE0279:(E_EC0081 ∧ E_EC0097); active(DN_EC0081):E_EC0081 = TRUE,PATH_EDGE_CONDITION_NOT_GUARANTEED: path의 edge 조건·중간 node가 보장되지 않음 (E_EC0081),조건부 중복: alternative_path_conditions가 모두 참인 world에서만 shortcut이 중복(그 world의 materialize 단계에서만 생략 가능); 42의 witness_world(논리적으로 가능한 world)에서는 이 edge 없이 from→to 도달 불가 / endpoint가 SAME 후보: collapse된 class로 활성될 수 있어 그 endpoint의 활성 literal은 L(e)에서 제외
TE0157,DN_EC0069,DN_EC0098,TEMPORAL_BEFORE,active(DN_EC0069) ∧ active(DN_EC0098) ∧ (E_EC0069 ∧ E_EC0098),DATE_ONLY:CLAIMED_DATE_ORDER,PRIMITIVE_EDGE,"DN_EC0069 → DN_EC0081 → DN_EC0098 [TE0147, TE0280]",TE0147:(E_EC0069 ∧ E_EC0081); TE0280:(E_EC0081 ∧ E_EC0098); active(DN_EC0081):E_EC0081 = TRUE,PATH_EDGE_CONDITION_NOT_GUARANTEED: path의 edge 조건·중간 node가 보장되지 않음 (E_EC0081),조건부 중복: alternative_path_conditions가 모두 참인 world에서만 shortcut이 중복(그 world의 materialize 단계에서만 생략 가능); 42의 witness_world(논리적으로 가능한 world)에서는 이 edge 없이 from→to 도달 불가 / endpoint가 SAME 후보: collapse된 class로 활성될 수 있어 그 endpoint의 활성 literal은 L(e)에서 제외
TE0158,DN_EC0069,DN_EC0099,TEMPORAL_BEFORE,active(DN_EC0069) ∧ active(DN_EC0099) ∧ (E_EC0069 ∧ E_EC0099),DATE_ONLY:CLAIMED_DATE_ORDER,PRIMITIVE_EDGE,"DN_EC0069 → DN_EC0081 → DN_EC0099 [TE0147, TE0281]",TE0147:(E_EC0069 ∧ E_EC0081); TE0281:(E_EC0081 ∧ E_EC0099); active(DN_EC0081):E_EC0081 = TRUE,PATH_EDGE_CONDITION_NOT_GUARANTEED: path의 edge 조건·중간 node가 보장되지 않음 (E_EC0081),조건부 중복: alternative_path_conditions가 모두 참인 world에서만 shortcut이 중복(그 world의 materialize 단계에서만 생략 가능); 42의 witness_world(논리적으로 가능한 world)에서는 이 edge 없이 from→to 도달 불가
TE0159,DN_EC0069,DN_EC0100,TEMPORAL_BEFORE,active(DN_EC0069) ∧ active(DN_EC0100) ∧ (E_EC0069 ∧ E_EC0100),DATE_ONLY:CLAIMED_DATE_ORDER,PRIMITIVE_EDGE,"DN_EC0069 → DN_EC0081 → DN_EC0100 [TE0147, TE0282]",TE0147:(E_EC0069 ∧ E_EC0081); TE0282:(E_EC0081 ∧ E_EC0100); active(DN_EC0081):E_EC0081 = TRUE,PATH_EDGE_CONDITION_NOT_GUARANTEED: path의 edge 조건·중간 node가 보장되지 않음 (E_EC0081),조건부 중복: alternative_path_conditions가 모두 참인 world에서만 shortcut이 중복(그 world의 materialize 단계에서만 생략 가능); 42의 witness_world(논리적으로 가능한 world)에서는 이 edge 없이 from→to 도달 불가
TE0160,DN_EC0069,DN_EC0101,TEMPORAL_BEFORE,active(DN_EC0069) ∧ active(DN_EC0101) ∧ (E_EC0069 ∧ E_EC0101),DATE_ONLY:CLAIMED_DATE_ORDER,PRIMITIVE_EDGE,"DN_EC0069 → DN_EC0081 → DN_EC0101 [TE0147, TE0283]",TE0147:(E_EC0069 ∧ E_EC0081); TE0283:(E_EC0081 ∧ E_EC0101); active(DN_EC0081):E_EC0081 = TRUE,PATH_EDGE_CONDITION_NOT_GUARANTEED: path의 edge 조건·중간 node가 보장되지 않음 (E_EC0081),조건부 중복: alternative_path_conditions가 모두 참인 world에서만 shortcut이 중복(그 world의 materialize 단계에서만 생략 가능); 42의 witness_world(논리적으로 가능한 world)에서는 이 edge 없이 from→to 도달 불가
TE0161,DN_EC0069,DN_EC0102,TEMPORAL_BEFORE,active(DN_EC0069) ∧ active(DN_EC0102) ∧ (E_EC0069 ∧ E_EC0102),DATE_ONLY:CLAIMED_DATE_ORDER,PRIMITIVE_EDGE,"DN_EC0069 → DN_EC0081 → DN_EC0102 [TE0147, TE0284]",TE0147:(E_EC0069 ∧ E_EC0081); TE0284:(E_EC0081 ∧ E_EC0102); active(DN_EC0081):E_EC0081 = TRUE,PATH_EDGE_CONDITION_NOT_GUARANTEED: path의 edge 조건·중간 node가 보장되지 않음 (E_EC0081),조건부 중복: alternative_path_conditions가 모두 참인 world에서만 shortcut이 중복(그 world의 materialize 단계에서만 생략 가능); 42의 witness_world(논리적으로 가능한 world)에서는 이 edge 없이 from→to 도달 불가
TE0162,DN_EC0069,DN_EC0020,TEMPORAL_BEFORE,active(DN_EC0069) ∧ active(DN_EC0020) ∧ E_EC0069,DATE_ONLY:CLAIMED_VS_COURT_DATE_ORDER,PRIMITIVE_EDGE,"DN_EC0069 → DN_EC0081 → DN_EC0020 [TE0147, TE0285]",TE0147:(E_EC0069 ∧ E_EC0081); TE0285:E_EC0081; active(DN_EC0081):E_EC0081 = TRUE,PATH_EDGE_CONDITION_NOT_GUARANTEED: path의 edge 조건·중간 node가 보장되지 않음 (E_EC0081),조건부 중복: alternative_path_conditions가 모두 참인 world에서만 shortcut이 중복(그 world의 materialize 단계에서만 생략 가능); 42의 witness_world(논리적으로 가능한 world)에서는 이 edge 없이 from→to 도달 불가
TE0163,DN_EC0069,DN_EC0021,TEMPORAL_BEFORE,active(DN_EC0069) ∧ active(DN_EC0021) ∧ E_EC0069,DATE_ONLY:CLAIMED_VS_COURT_DATE_ORDER,PRIMITIVE_EDGE,"DN_EC0069 → DN_EC0020 → DN_EC0021 [TE0162, TE0024]",TE0162:E_EC0069; TE0024:HARD(조건 없음); active(DN_EC0020):E_EC0020 = TRUE,INTERMEDIATE_NODE_MAY_VANISH: 이 edge가 활성인 world에서도 중간 node가 없을 수 있음 (보장 안 되는 조건: E_EC0020),조건부 중복: alternative_path_conditions가 모두 참인 world에서만 shortcut이 중복(그 world의 materialize 단계에서만 생략 가능); 42의 witness_world(논리적으로 가능한 world)에서는 이 edge 없이 from→to 도달 불가
TE0164,DN_EC0069,DN_EC0023,TEMPORAL_BEFORE,active(DN_EC0069) ∧ active(DN_EC0023) ∧ E_EC0069,DATE_ONLY:CLAIMED_VS_COURT_DATE_ORDER,PRIMITIVE_EDGE,"DN_EC0069 → DN_EC0081 → DN_EC0023 [TE0147, TE0287]",TE0147:(E_EC0069 ∧ E_EC0081); TE0287:E_EC0081; active(DN_EC0081):E_EC0081 = TRUE,PATH_EDGE_CONDITION_NOT_GUARANTEED: path의 edge 조건·중간 node가 보장되지 않음 (E_EC0081),조건부 중복: alternative_path_conditions가 모두 참인 world에서만 shortcut이 중복(그 world의 materialize 단계에서만 생략 가능); 42의 witness_world(논리적으로 가능한 world)에서는 이 edge 없이 from→to 도달 불가
TE0165,DN_EC0069,DN_EC0044,TEMPORAL_BEFORE,active(DN_EC0069) ∧ active(DN_EC0044) ∧ E_EC0069,DATE_ONLY:CLAIMED_VS_COURT_DATE_ORDER,PRIMITIVE_EDGE,"DN_EC0069 → DN_EC0020 → DN_EC0044 [TE0162, TE0732]",TE0162:E_EC0069; TE0732:HARD(조건 없음); active(DN_EC0020):E_EC0020 = TRUE,INTERMEDIATE_NODE_MAY_VANISH: 이 edge가 활성인 world에서도 중간 node가 없을 수 있음 (보장 안 되는 조건: E_EC0020),조건부 중복: alternative_path_conditions가 모두 참인 world에서만 shortcut이 중복(그 world의 materialize 단계에서만 생략 가능); 42의 witness_world(논리적으로 가능한 world)에서는 이 edge 없이 from→to 도달 불가
TE0166,DN_EC0069,DN_EC0045,TEMPORAL_BEFORE,active(DN_EC0069) ∧ active(DN_EC0045) ∧ E_EC0069,DATE_ONLY:CLAIMED_VS_COURT_DATE_ORDER,PRIMITIVE_EDGE,"DN_EC0069 → DN_EC0020 → DN_EC0045 [TE0162, TE0733]",TE0162:E_EC0069; TE0733:HARD(조건 없음); active(DN_EC0020):E_EC0020 = TRUE,INTERMEDIATE_NODE_MAY_VANISH: 이 edge가 활성인 world에서도 중간 node가 없을 수 있음 (보장 안 되는 조건: E_EC0020),조건부 중복: alternative_path_conditions가 모두 참인 world에서만 shortcut이 중복(그 world의 materialize 단계에서만 생략 가능); 42의 witness_world(논리적으로 가능한 world)에서는 이 edge 없이 from→to 도달 불가
TE0167,DN_EC0069,DN_EC0048,TEMPORAL_BEFORE,active(DN_EC0069) ∧ active(DN_EC0048) ∧ E_EC0069,DATE_ONLY:CLAIMED_VS_COURT_DATE_ORDER,PRIMITIVE_EDGE,"DN_EC0069 → DN_EC0020 → DN_EC0048 [TE0162, TE0734]",TE0162:E_EC0069; TE0734:HARD(조건 없음); active(DN_EC0020):E_EC0020 = TRUE,INTERMEDIATE_NODE_MAY_VANISH: 이 edge가 활성인 world에서도 중간 node가 없을 수 있음 (보장 안 되는 조건: E_EC0020),조건부 중복: alternative_path_conditions가 모두 참인 world에서만 shortcut이 중복(그 world의 materialize 단계에서만 생략 가능); 42의 witness_world(논리적으로 가능한 world)에서는 이 edge 없이 from→to 도달 불가
TE0168,DN_EC0069,DN_EC0049,TEMPORAL_BEFORE,active(DN_EC0069) ∧ active(DN_EC0049) ∧ E_EC0069,DATE_ONLY:CLAIMED_VS_COURT_DATE_ORDER,PRIMITIVE_EDGE,"DN_EC0069 → DN_EC0020 → DN_EC0049 [TE0162, TE0735]",TE0162:E_EC0069; TE0735:HARD(조건 없음); active(DN_EC0020):E_EC0020 = TRUE,INTERMEDIATE_NODE_MAY_VANISH: 이 edge가 활성인 world에서도 중간 node가 없을 수 있음 (보장 안 되는 조건: E_EC0020),조건부 중복: alternative_path_conditions가 모두 참인 world에서만 shortcut이 중복(그 world의 materialize 단계에서만 생략 가능); 42의 witness_world(논리적으로 가능한 world)에서는 이 edge 없이 from→to 도달 불가
TE0169,DN_EC0069,DN_EC0061,TEMPORAL_BEFORE,active(DN_EC0069) ∧ active(DN_EC0061) ∧ E_EC0069,DATE_ONLY:CLAIMED_VS_COURT_DATE_ORDER,PRIMITIVE_EDGE,"DN_EC0069 → DN_EC0020 → DN_EC0061 [TE0162, TE0736]",TE0162:E_EC0069; TE0736:HARD(조건 없음); active(DN_EC0020):E_EC0020 = TRUE,INTERMEDIATE_NODE_MAY_VANISH: 이 edge가 활성인 world에서도 중간 node가 없을 수 있음 (보장 안 되는 조건: E_EC0020),조건부 중복: alternative_path_conditions가 모두 참인 world에서만 shortcut이 중복(그 world의 materialize 단계에서만 생략 가능); 42의 witness_world(논리적으로 가능한 world)에서는 이 edge 없이 from→to 도달 불가
TE0170,DN_EC0069,DN_EC0062,TEMPORAL_BEFORE,active(DN_EC0069) ∧ active(DN_EC0062) ∧ E_EC0069,DATE_ONLY:CLAIMED_VS_COURT_DATE_ORDER,PRIMITIVE_EDGE,"DN_EC0069 → DN_EC0020 → DN_EC0062 [TE0162, TE0737]",TE0162:E_EC0069; TE0737:HARD(조건 없음); active(DN_EC0020):E_EC0020 = TRUE,INTERMEDIATE_NODE_MAY_VANISH: 이 edge가 활성인 world에서도 중간 node가 없을 수 있음 (보장 안 되는 조건: E_EC0020),조건부 중복: alternative_path_conditions가 모두 참인 world에서만 shortcut이 중복(그 world의 materialize 단계에서만 생략 가능); 42의 witness_world(논리적으로 가능한 world)에서는 이 edge 없이 from→to 도달 불가
TE0171,DN_EC0069,DN_EC0150,TEMPORAL_BEFORE,active(DN_EC0069) ∧ active(DN_EC0150) ∧ E_EC0069,DATE_ONLY:CLAIMED_VS_COURT_DATE_ORDER,PRIMITIVE_EDGE,"DN_EC0069 → DN_EC0020 → DN_EC0150 [TE0162, TE0738]",TE0162:E_EC0069; TE0738:HARD(조건 없음); active(DN_EC0020):E_EC0020 = TRUE,INTERMEDIATE_NODE_MAY_VANISH: 이 edge가 활성인 world에서도 중간 node가 없을 수 있음 (보장 안 되는 조건: E_EC0020),조건부 중복: alternative_path_conditions가 모두 참인 world에서만 shortcut이 중복(그 world의 materialize 단계에서만 생략 가능); 42의 witness_world(논리적으로 가능한 world)에서는 이 edge 없이 from→to 도달 불가 / endpoint가 SAME 후보: collapse된 class로 활성될 수 있어 그 endpoint의 활성 literal은 L(e)에서 제외
TE0172,DN_EC0069,DN_EC0151,TEMPORAL_BEFORE,active(DN_EC0069) ∧ active(DN_EC0151) ∧ E_EC0069,DATE_ONLY:CLAIMED_VS_COURT_DATE_ORDER,PRIMITIVE_EDGE,"DN_EC0069 → DN_EC0020 → DN_EC0151 [TE0162, TE0739]",TE0162:E_EC0069; TE0739:HARD(조건 없음); active(DN_EC0020):E_EC0020 = TRUE,INTERMEDIATE_NODE_MAY_VANISH: 이 edge가 활성인 world에서도 중간 node가 없을 수 있음 (보장 안 되는 조건: E_EC0020),조건부 중복: alternative_path_conditions가 모두 참인 world에서만 shortcut이 중복(그 world의 materialize 단계에서만 생략 가능); 42의 witness_world(논리적으로 가능한 world)에서는 이 edge 없이 from→to 도달 불가 / endpoint가 SAME 후보: collapse된 class로 활성될 수 있어 그 endpoint의 활성 literal은 L(e)에서 제외
TE0173,DN_EC0069,DN_EC0152,TEMPORAL_BEFORE,active(DN_EC0069) ∧ active(DN_EC0152) ∧ E_EC0069,DATE_ONLY:CLAIMED_VS_COURT_DATE_ORDER,PRIMITIVE_EDGE,"DN_EC0069 → DN_EC0020 → DN_EC0152 [TE0162, TE0740]",TE0162:E_EC0069; TE0740:HARD(조건 없음); active(DN_EC0020):E_EC0020 = TRUE,INTERMEDIATE_NODE_MAY_VANISH: 이 edge가 활성인 world에서도 중간 node가 없을 수 있음 (보장 안 되는 조건: E_EC0020),조건부 중복: alternative_path_conditions가 모두 참인 world에서만 shortcut이 중복(그 world의 materialize 단계에서만 생략 가능); 42의 witness_world(논리적으로 가능한 world)에서는 이 edge 없이 from→to 도달 불가
TE0174,DN_EC0069,DN_EC0153,TEMPORAL_BEFORE,active(DN_EC0069) ∧ active(DN_EC0153) ∧ E_EC0069,DATE_ONLY:CLAIMED_VS_COURT_DATE_ORDER,PRIMITIVE_EDGE,"DN_EC0069 → DN_EC0020 → DN_EC0153 [TE0162, TE0741]",TE0162:E_EC0069; TE0741:HARD(조건 없음); active(DN_EC0020):E_EC0020 = TRUE,INTERMEDIATE_NODE_MAY_VANISH: 이 edge가 활성인 world에서도 중간 node가 없을 수 있음 (보장 안 되는 조건: E_EC0020),조건부 중복: alternative_path_conditions가 모두 참인 world에서만 shortcut이 중복(그 world의 materialize 단계에서만 생략 가능); 42의 witness_world(논리적으로 가능한 world)에서는 이 edge 없이 from→to 도달 불가
TE0175,DN_EC0069,DN_EC0154,TEMPORAL_BEFORE,active(DN_EC0069) ∧ active(DN_EC0154) ∧ E_EC0069,DATE_ONLY:CLAIMED_VS_COURT_DATE_ORDER,PRIMITIVE_EDGE,"DN_EC0069 → DN_EC0020 → DN_EC0154 [TE0162, TE0742]",TE0162:E_EC0069; TE0742:HARD(조건 없음); active(DN_EC0020):E_EC0020 = TRUE,INTERMEDIATE_NODE_MAY_VANISH: 이 edge가 활성인 world에서도 중간 node가 없을 수 있음 (보장 안 되는 조건: E_EC0020),조건부 중복: alternative_path_conditions가 모두 참인 world에서만 shortcut이 중복(그 world의 materialize 단계에서만 생략 가능); 42의 witness_world(논리적으로 가능한 world)에서는 이 edge 없이 from→to 도달 불가
TE0176,DN_EC0069,DN_EC0155,TEMPORAL_BEFORE,active(DN_EC0069) ∧ active(DN_EC0155) ∧ E_EC0069,DATE_ONLY:CLAIMED_VS_COURT_DATE_ORDER,PRIMITIVE_EDGE,"DN_EC0069 → DN_EC0020 → DN_EC0155 [TE0162, TE0743]",TE0162:E_EC0069; TE0743:HARD(조건 없음); active(DN_EC0020):E_EC0020 = TRUE,INTERMEDIATE_NODE_MAY_VANISH: 이 edge가 활성인 world에서도 중간 node가 없을 수 있음 (보장 안 되는 조건: E_EC0020),조건부 중복: alternative_path_conditions가 모두 참인 world에서만 shortcut이 중복(그 world의 materialize 단계에서만 생략 가능); 42의 witness_world(논리적으로 가능한 world)에서는 이 edge 없이 from→to 도달 불가
TE0177,DN_EC0069,DN_J_HONG_17930528_JISE,TEMPORAL_BEFORE,active(DN_EC0069) ∧ active(DN_J_HONG_17930528_JISE) ∧ E_EC0069,DATE_ONLY:CLAIMED_VS_COURT_DATE_ORDER,PRIMITIVE_EDGE,"DN_EC0069 → DN_EC0020 → DN_J_HONG_17930528_JISE [TE0162, TE0744]",TE0162:E_EC0069; TE0744:HARD(조건 없음); active(DN_EC0020):E_EC0020 = TRUE,INTERMEDIATE_NODE_MAY_VANISH: 이 edge가 활성인 world에서도 중간 node가 없을 수 있음 (보장 안 되는 조건: E_EC0020),조건부 중복: alternative_path_conditions가 모두 참인 world에서만 shortcut이 중복(그 world의 materialize 단계에서만 생략 가능); 42의 witness_world(논리적으로 가능한 world)에서는 이 edge 없이 from→to 도달 불가
TE0178,DN_EC0069,DN_J_HONG_17930613_JISE,TEMPORAL_BEFORE,active(DN_EC0069) ∧ active(DN_J_HONG_17930613_JISE) ∧ E_EC0069,DATE_ONLY:CLAIMED_VS_COURT_DATE_ORDER,PRIMITIVE_EDGE,"DN_EC0069 → DN_EC0020 → DN_J_HONG_17930613_JISE [TE0162, TE0745]",TE0162:E_EC0069; TE0745:HARD(조건 없음); active(DN_EC0020):E_EC0020 = TRUE,INTERMEDIATE_NODE_MAY_VANISH: 이 edge가 활성인 world에서도 중간 node가 없을 수 있음 (보장 안 되는 조건: E_EC0020),조건부 중복: alternative_path_conditions가 모두 참인 world에서만 shortcut이 중복(그 world의 materialize 단계에서만 생략 가능); 42의 witness_world(논리적으로 가능한 world)에서는 이 edge 없이 from→to 도달 불가
TE0179,DN_EC0069,DN_J_HONG_17930613_KIM_DEATH,TEMPORAL_BEFORE,active(DN_EC0069) ∧ active(DN_J_HONG_17930613_KIM_DEATH) ∧ E_EC0069,DATE_ONLY:CLAIMED_VS_COURT_DATE_ORDER,PRIMITIVE_EDGE,"DN_EC0069 → DN_EC0020 → DN_J_HONG_17930613_KIM_DEATH [TE0162, TE0746]",TE0162:E_EC0069; TE0746:HARD(조건 없음); active(DN_EC0020):E_EC0020 = TRUE,INTERMEDIATE_NODE_MAY_VANISH: 이 edge가 활성인 world에서도 중간 node가 없을 수 있음 (보장 안 되는 조건: E_EC0020),조건부 중복: alternative_path_conditions가 모두 참인 world에서만 shortcut이 중복(그 world의 materialize 단계에서만 생략 가능); 42의 witness_world(논리적으로 가능한 world)에서는 이 edge 없이 from→to 도달 불가
TE0180,DN_EC0069,DN_J_HONG_17930613_THEFT,TEMPORAL_BEFORE,active(DN_EC0069) ∧ active(DN_J_HONG_17930613_THEFT) ∧ E_EC0069,DATE_ONLY:CLAIMED_VS_COURT_DATE_ORDER,PRIMITIVE_EDGE,"DN_EC0069 → DN_EC0020 → DN_J_HONG_17930613_THEFT [TE0162, TE0747]",TE0162:E_EC0069; TE0747:HARD(조건 없음); active(DN_EC0020):E_EC0020 = TRUE,INTERMEDIATE_NODE_MAY_VANISH: 이 edge가 활성인 world에서도 중간 node가 없을 수 있음 (보장 안 되는 조건: E_EC0020),조건부 중복: alternative_path_conditions가 모두 참인 world에서만 shortcut이 중복(그 world의 materialize 단계에서만 생략 가능); 42의 witness_world(논리적으로 가능한 world)에서는 이 edge 없이 from→to 도달 불가
TE0181,DN_EC0069,DN_J_IJOWON_17930527_JISE,TEMPORAL_BEFORE,active(DN_EC0069) ∧ active(DN_J_IJOWON_17930527_JISE) ∧ E_EC0069,DATE_ONLY:CLAIMED_VS_COURT_DATE_ORDER,PRIMITIVE_EDGE,"DN_EC0069 → DN_EC0020 → DN_J_IJOWON_17930527_JISE [TE0162, TE0748]",TE0162:E_EC0069; TE0748:HARD(조건 없음); active(DN_EC0020):E_EC0020 = TRUE,INTERMEDIATE_NODE_MAY_VANISH: 이 edge가 활성인 world에서도 중간 node가 없을 수 있음 (보장 안 되는 조건: E_EC0020),조건부 중복: alternative_path_conditions가 모두 참인 world에서만 shortcut이 중복(그 world의 materialize 단계에서만 생략 가능); 42의 witness_world(논리적으로 가능한 world)에서는 이 edge 없이 from→to 도달 불가
TE0182,DN_EC0069,DN_J_IJOWON_17930527_KIM_DEATH,TEMPORAL_BEFORE,active(DN_EC0069) ∧ active(DN_J_IJOWON_17930527_KIM_DEATH) ∧ E_EC0069,DATE_ONLY:CLAIMED_VS_COURT_DATE_ORDER,PRIMITIVE_EDGE,"DN_EC0069 → DN_EC0020 → DN_J_IJOWON_17930527_KIM_DEATH [TE0162, TE0749]",TE0162:E_EC0069; TE0749:HARD(조건 없음); active(DN_EC0020):E_EC0020 = TRUE,INTERMEDIATE_NODE_MAY_VANISH: 이 edge가 활성인 world에서도 중간 node가 없을 수 있음 (보장 안 되는 조건: E_EC0020),조건부 중복: alternative_path_conditions가 모두 참인 world에서만 shortcut이 중복(그 world의 materialize 단계에서만 생략 가능); 42의 witness_world(논리적으로 가능한 world)에서는 이 edge 없이 from→to 도달 불가
TE0183,DN_EC0069,DN_J_IJOWON_17930527_THEFT,TEMPORAL_BEFORE,active(DN_EC0069) ∧ active(DN_J_IJOWON_17930527_THEFT) ∧ E_EC0069,DATE_ONLY:CLAIMED_VS_COURT_DATE_ORDER,PRIMITIVE_EDGE,"DN_EC0069 → DN_EC0020 → DN_J_IJOWON_17930527_THEFT [TE0162, TE0750]",TE0162:E_EC0069; TE0750:HARD(조건 없음); active(DN_EC0020):E_EC0020 = TRUE,INTERMEDIATE_NODE_MAY_VANISH: 이 edge가 활성인 world에서도 중간 node가 없을 수 있음 (보장 안 되는 조건: E_EC0020),조건부 중복: alternative_path_conditions가 모두 참인 world에서만 shortcut이 중복(그 world의 materialize 단계에서만 생략 가능); 42의 witness_world(논리적으로 가능한 world)에서는 이 edge 없이 from→to 도달 불가
TE0184,DN_EC0069,DN_J_JEONGJO_17930512_THEFT,TEMPORAL_BEFORE,active(DN_EC0069) ∧ active(DN_J_JEONGJO_17930512_THEFT) ∧ E_EC0069,DATE_ONLY:CLAIMED_VS_COURT_DATE_ORDER,PRIMITIVE_EDGE,"DN_EC0069 → DN_EC0081 → DN_J_JEONGJO_17930512_THEFT [TE0147, TE0307]",TE0147:(E_EC0069 ∧ E_EC0081); TE0307:E_EC0081; active(DN_EC0081):E_EC0081 = TRUE,PATH_EDGE_CONDITION_NOT_GUARANTEED: path의 edge 조건·중간 node가 보장되지 않음 (E_EC0081),조건부 중복: alternative_path_conditions가 모두 참인 world에서만 shortcut이 중복(그 world의 materialize 단계에서만 생략 가능); 42의 witness_world(논리적으로 가능한 world)에서는 이 edge 없이 from→to 도달 불가
TE0185,DN_EC0069,DN_J_JEONGJO_17930613_JISE,TEMPORAL_BEFORE,active(DN_EC0069) ∧ active(DN_J_JEONGJO_17930613_JISE) ∧ E_EC0069,DATE_ONLY:CLAIMED_VS_COURT_DATE_ORDER,PRIMITIVE_EDGE,"DN_EC0069 → DN_EC0020 → DN_J_JEONGJO_17930613_JISE [TE0162, TE0751]",TE0162:E_EC0069; TE0751:HARD(조건 없음); active(DN_EC0020):E_EC0020 = TRUE,INTERMEDIATE_NODE_MAY_VANISH: 이 edge가 활성인 world에서도 중간 node가 없을 수 있음 (보장 안 되는 조건: E_EC0020),조건부 중복: alternative_path_conditions가 모두 참인 world에서만 shortcut이 중복(그 world의 materialize 단계에서만 생략 가능); 42의 witness_world(논리적으로 가능한 world)에서는 이 edge 없이 from→to 도달 불가
TE0186,DN_EC0069,DN_J_JEONGJO_17930613_KIM_DEATH,TEMPORAL_BEFORE,active(DN_EC0069) ∧ active(DN_J_JEONGJO_17930613_KIM_DEATH) ∧ E_EC0069,DATE_ONLY:CLAIMED_VS_COURT_DATE_ORDER,PRIMITIVE_EDGE,"DN_EC0069 → DN_EC0020 → DN_J_JEONGJO_17930613_KIM_DEATH [TE0162, TE0752]",TE0162:E_EC0069; TE0752:HARD(조건 없음); active(DN_EC0020):E_EC0020 = TRUE,INTERMEDIATE_NODE_MAY_VANISH: 이 edge가 활성인 world에서도 중간 node가 없을 수 있음 (보장 안 되는 조건: E_EC0020),조건부 중복: alternative_path_conditions가 모두 참인 world에서만 shortcut이 중복(그 world의 materialize 단계에서만 생략 가능); 42의 witness_world(논리적으로 가능한 world)에서는 이 edge 없이 from→to 도달 불가
TE0187,DN_EC0069,DN_J_JEONGJO_17930613_THEFT,TEMPORAL_BEFORE,active(DN_EC0069) ∧ active(DN_J_JEONGJO_17930613_THEFT) ∧ E_EC0069,DATE_ONLY:CLAIMED_VS_COURT_DATE_ORDER,PRIMITIVE_EDGE,"DN_EC0069 → DN_EC0020 → DN_J_JEONGJO_17930613_THEFT [TE0162, TE0753]",TE0162:E_EC0069; TE0753:HARD(조건 없음); active(DN_EC0020):E_EC0020 = TRUE,INTERMEDIATE_NODE_MAY_VANISH: 이 edge가 활성인 world에서도 중간 node가 없을 수 있음 (보장 안 되는 조건: E_EC0020),조건부 중복: alternative_path_conditions가 모두 참인 world에서만 shortcut이 중복(그 world의 materialize 단계에서만 생략 가능); 42의 witness_world(논리적으로 가능한 world)에서는 이 edge 없이 from→to 도달 불가
TE0188,DN_EC0070,DN_EC0081,TEMPORAL_BEFORE,active(DN_EC0070) ∧ active(DN_EC0081) ∧ (E_EC0070 ∧ E_EC0081),DATE_ONLY:CLAIMED_DATE_ORDER,PRIMITIVE_EDGE,,,NO_ALTERNATIVE_PATH: 다른 보존 edge로 from→to path 없음,42의 witness_world에서 이 edge 없이 from→to 도달 불가 / endpoint가 SAME 후보: collapse된 class로 활성될 수 있어 그 endpoint의 활성 literal은 L(e)에서 제외
TE0189,DN_EC0070,DN_EC0082,TEMPORAL_BEFORE,active(DN_EC0070) ∧ active(DN_EC0082) ∧ (E_EC0070 ∧ E_EC0082),DATE_ONLY:CLAIMED_DATE_ORDER,PRIMITIVE_EDGE,,,NO_ALTERNATIVE_PATH: 다른 보존 edge로 from→to path 없음,42의 witness_world에서 이 edge 없이 from→to 도달 불가 / endpoint가 SAME 후보: collapse된 class로 활성될 수 있어 그 endpoint의 활성 literal은 L(e)에서 제외
TE0190,DN_EC0070,DN_EC0083,TEMPORAL_BEFORE,active(DN_EC0070) ∧ active(DN_EC0083) ∧ (E_EC0070 ∧ E_EC0083),DATE_ONLY:CLAIMED_DATE_ORDER,PRIMITIVE_EDGE,,,NO_ALTERNATIVE_PATH: 다른 보존 edge로 from→to path 없음,42의 witness_world에서 이 edge 없이 from→to 도달 불가 / endpoint가 SAME 후보: collapse된 class로 활성될 수 있어 그 endpoint의 활성 literal은 L(e)에서 제외
TE0191,DN_EC0070,DN_EC0084,TEMPORAL_BEFORE,active(DN_EC0070) ∧ active(DN_EC0084) ∧ (E_EC0070 ∧ E_EC0084),DATE_ONLY:CLAIMED_DATE_ORDER,PRIMITIVE_EDGE,,,NO_ALTERNATIVE_PATH: 다른 보존 edge로 from→to path 없음,42의 witness_world에서 이 edge 없이 from→to 도달 불가 / endpoint가 SAME 후보: collapse된 class로 활성될 수 있어 그 endpoint의 활성 literal은 L(e)에서 제외
TE0192,DN_EC0070,DN_EC0089,TEMPORAL_BEFORE,active(DN_EC0070) ∧ active(DN_EC0089) ∧ (E_EC0070 ∧ E_EC0089),DATE_ONLY:CLAIMED_DATE_ORDER,PRIMITIVE_EDGE,"DN_EC0070 → DN_EC0081 → DN_EC0089 [TE0188, TE0274]",TE0188:(E_EC0070 ∧ E_EC0081); TE0274:(E_EC0081 ∧ E_EC0089); active(DN_EC0081):E_EC0081 = TRUE,PATH_EDGE_CONDITION_NOT_GUARANTEED: path의 edge 조건·중간 node가 보장되지 않음 (E_EC0081),조건부 중복: alternative_path_conditions가 모두 참인 world에서만 shortcut이 중복(그 world의 materialize 단계에서만 생략 가능); 42의 witness_world(논리적으로 가능한 world)에서는 이 edge 없이 from→to 도달 불가 / endpoint가 SAME 후보: collapse된 class로 활성될 수 있어 그 endpoint의 활성 literal은 L(e)에서 제외
TE0193,DN_EC0070,DN_EC0093,TEMPORAL_BEFORE,active(DN_EC0070) ∧ active(DN_EC0093) ∧ (E_EC0070 ∧ E_EC0093),DATE_ONLY:CLAIMED_DATE_ORDER,PRIMITIVE_EDGE,"DN_EC0070 → DN_EC0081 → DN_EC0093 [TE0188, TE0275]",TE0188:(E_EC0070 ∧ E_EC0081); TE0275:(E_EC0081 ∧ E_EC0093); active(DN_EC0081):E_EC0081 = TRUE,PATH_EDGE_CONDITION_NOT_GUARANTEED: path의 edge 조건·중간 node가 보장되지 않음 (E_EC0081),조건부 중복: alternative_path_conditions가 모두 참인 world에서만 shortcut이 중복(그 world의 materialize 단계에서만 생략 가능); 42의 witness_world(논리적으로 가능한 world)에서는 이 edge 없이 from→to 도달 불가 / endpoint가 SAME 후보: collapse된 class로 활성될 수 있어 그 endpoint의 활성 literal은 L(e)에서 제외
TE0194,DN_EC0070,DN_EC0094,TEMPORAL_BEFORE,active(DN_EC0070) ∧ active(DN_EC0094) ∧ (E_EC0070 ∧ E_EC0094),DATE_ONLY:CLAIMED_DATE_ORDER,PRIMITIVE_EDGE,"DN_EC0070 → DN_EC0081 → DN_EC0094 [TE0188, TE0276]",TE0188:(E_EC0070 ∧ E_EC0081); TE0276:(E_EC0081 ∧ E_EC0094); active(DN_EC0081):E_EC0081 = TRUE,PATH_EDGE_CONDITION_NOT_GUARANTEED: path의 edge 조건·중간 node가 보장되지 않음 (E_EC0081),조건부 중복: alternative_path_conditions가 모두 참인 world에서만 shortcut이 중복(그 world의 materialize 단계에서만 생략 가능); 42의 witness_world(논리적으로 가능한 world)에서는 이 edge 없이 from→to 도달 불가 / endpoint가 SAME 후보: collapse된 class로 활성될 수 있어 그 endpoint의 활성 literal은 L(e)에서 제외
TE0195,DN_EC0070,DN_EC0095,TEMPORAL_BEFORE,active(DN_EC0070) ∧ active(DN_EC0095) ∧ (E_EC0070 ∧ E_EC0095),DATE_ONLY:CLAIMED_DATE_ORDER,PRIMITIVE_EDGE,"DN_EC0070 → DN_EC0081 → DN_EC0095 [TE0188, TE0277]",TE0188:(E_EC0070 ∧ E_EC0081); TE0277:(E_EC0081 ∧ E_EC0095); active(DN_EC0081):E_EC0081 = TRUE,PATH_EDGE_CONDITION_NOT_GUARANTEED: path의 edge 조건·중간 node가 보장되지 않음 (E_EC0081),조건부 중복: alternative_path_conditions가 모두 참인 world에서만 shortcut이 중복(그 world의 materialize 단계에서만 생략 가능); 42의 witness_world(논리적으로 가능한 world)에서는 이 edge 없이 from→to 도달 불가 / endpoint가 SAME 후보: collapse된 class로 활성될 수 있어 그 endpoint의 활성 literal은 L(e)에서 제외
TE0196,DN_EC0070,DN_EC0096,TEMPORAL_BEFORE,active(DN_EC0070) ∧ active(DN_EC0096) ∧ (E_EC0070 ∧ E_EC0096),DATE_ONLY:CLAIMED_DATE_ORDER,PRIMITIVE_EDGE,"DN_EC0070 → DN_EC0081 → DN_EC0096 [TE0188, TE0278]",TE0188:(E_EC0070 ∧ E_EC0081); TE0278:(E_EC0081 ∧ E_EC0096); active(DN_EC0081):E_EC0081 = TRUE,PATH_EDGE_CONDITION_NOT_GUARANTEED: path의 edge 조건·중간 node가 보장되지 않음 (E_EC0081),조건부 중복: alternative_path_conditions가 모두 참인 world에서만 shortcut이 중복(그 world의 materialize 단계에서만 생략 가능); 42의 witness_world(논리적으로 가능한 world)에서는 이 edge 없이 from→to 도달 불가 / endpoint가 SAME 후보: collapse된 class로 활성될 수 있어 그 endpoint의 활성 literal은 L(e)에서 제외
TE0197,DN_EC0070,DN_EC0097,TEMPORAL_BEFORE,active(DN_EC0070) ∧ active(DN_EC0097) ∧ (E_EC0070 ∧ E_EC0097),DATE_ONLY:CLAIMED_DATE_ORDER,PRIMITIVE_EDGE,"DN_EC0070 → DN_EC0081 → DN_EC0097 [TE0188, TE0279]",TE0188:(E_EC0070 ∧ E_EC0081); TE0279:(E_EC0081 ∧ E_EC0097); active(DN_EC0081):E_EC0081 = TRUE,PATH_EDGE_CONDITION_NOT_GUARANTEED: path의 edge 조건·중간 node가 보장되지 않음 (E_EC0081),조건부 중복: alternative_path_conditions가 모두 참인 world에서만 shortcut이 중복(그 world의 materialize 단계에서만 생략 가능); 42의 witness_world(논리적으로 가능한 world)에서는 이 edge 없이 from→to 도달 불가 / endpoint가 SAME 후보: collapse된 class로 활성될 수 있어 그 endpoint의 활성 literal은 L(e)에서 제외
TE0198,DN_EC0070,DN_EC0098,TEMPORAL_BEFORE,active(DN_EC0070) ∧ active(DN_EC0098) ∧ (E_EC0070 ∧ E_EC0098),DATE_ONLY:CLAIMED_DATE_ORDER,PRIMITIVE_EDGE,"DN_EC0070 → DN_EC0081 → DN_EC0098 [TE0188, TE0280]",TE0188:(E_EC0070 ∧ E_EC0081); TE0280:(E_EC0081 ∧ E_EC0098); active(DN_EC0081):E_EC0081 = TRUE,PATH_EDGE_CONDITION_NOT_GUARANTEED: path의 edge 조건·중간 node가 보장되지 않음 (E_EC0081),조건부 중복: alternative_path_conditions가 모두 참인 world에서만 shortcut이 중복(그 world의 materialize 단계에서만 생략 가능); 42의 witness_world(논리적으로 가능한 world)에서는 이 edge 없이 from→to 도달 불가 / endpoint가 SAME 후보: collapse된 class로 활성될 수 있어 그 endpoint의 활성 literal은 L(e)에서 제외
TE0199,DN_EC0070,DN_EC0099,TEMPORAL_BEFORE,active(DN_EC0070) ∧ active(DN_EC0099) ∧ (E_EC0070 ∧ E_EC0099),DATE_ONLY:CLAIMED_DATE_ORDER,PRIMITIVE_EDGE,"DN_EC0070 → DN_EC0081 → DN_EC0099 [TE0188, TE0281]",TE0188:(E_EC0070 ∧ E_EC0081); TE0281:(E_EC0081 ∧ E_EC0099); active(DN_EC0081):E_EC0081 = TRUE,PATH_EDGE_CONDITION_NOT_GUARANTEED: path의 edge 조건·중간 node가 보장되지 않음 (E_EC0081),조건부 중복: alternative_path_conditions가 모두 참인 world에서만 shortcut이 중복(그 world의 materialize 단계에서만 생략 가능); 42의 witness_world(논리적으로 가능한 world)에서는 이 edge 없이 from→to 도달 불가 / endpoint가 SAME 후보: collapse된 class로 활성될 수 있어 그 endpoint의 활성 literal은 L(e)에서 제외
TE0200,DN_EC0070,DN_EC0100,TEMPORAL_BEFORE,active(DN_EC0070) ∧ active(DN_EC0100) ∧ (E_EC0070 ∧ E_EC0100),DATE_ONLY:CLAIMED_DATE_ORDER,PRIMITIVE_EDGE,"DN_EC0070 → DN_EC0081 → DN_EC0100 [TE0188, TE0282]",TE0188:(E_EC0070 ∧ E_EC0081); TE0282:(E_EC0081 ∧ E_EC0100); active(DN_EC0081):E_EC0081 = TRUE,PATH_EDGE_CONDITION_NOT_GUARANTEED: path의 edge 조건·중간 node가 보장되지 않음 (E_EC0081),조건부 중복: alternative_path_conditions가 모두 참인 world에서만 shortcut이 중복(그 world의 materialize 단계에서만 생략 가능); 42의 witness_world(논리적으로 가능한 world)에서는 이 edge 없이 from→to 도달 불가 / endpoint가 SAME 후보: collapse된 class로 활성될 수 있어 그 endpoint의 활성 literal은 L(e)에서 제외
TE0201,DN_EC0070,DN_EC0101,TEMPORAL_BEFORE,active(DN_EC0070) ∧ active(DN_EC0101) ∧ (E_EC0070 ∧ E_EC0101),DATE_ONLY:CLAIMED_DATE_ORDER,PRIMITIVE_EDGE,"DN_EC0070 → DN_EC0081 → DN_EC0101 [TE0188, TE0283]",TE0188:(E_EC0070 ∧ E_EC0081); TE0283:(E_EC0081 ∧ E_EC0101); active(DN_EC0081):E_EC0081 = TRUE,PATH_EDGE_CONDITION_NOT_GUARANTEED: path의 edge 조건·중간 node가 보장되지 않음 (E_EC0081),조건부 중복: alternative_path_conditions가 모두 참인 world에서만 shortcut이 중복(그 world의 materialize 단계에서만 생략 가능); 42의 witness_world(논리적으로 가능한 world)에서는 이 edge 없이 from→to 도달 불가 / endpoint가 SAME 후보: collapse된 class로 활성될 수 있어 그 endpoint의 활성 literal은 L(e)에서 제외
TE0202,DN_EC0070,DN_EC0102,TEMPORAL_BEFORE,active(DN_EC0070) ∧ active(DN_EC0102) ∧ (E_EC0070 ∧ E_EC0102),DATE_ONLY:CLAIMED_DATE_ORDER,PRIMITIVE_EDGE,"DN_EC0070 → DN_EC0081 → DN_EC0102 [TE0188, TE0284]",TE0188:(E_EC0070 ∧ E_EC0081); TE0284:(E_EC0081 ∧ E_EC0102); active(DN_EC0081):E_EC0081 = TRUE,PATH_EDGE_CONDITION_NOT_GUARANTEED: path의 edge 조건·중간 node가 보장되지 않음 (E_EC0081),조건부 중복: alternative_path_conditions가 모두 참인 world에서만 shortcut이 중복(그 world의 materialize 단계에서만 생략 가능); 42의 witness_world(논리적으로 가능한 world)에서는 이 edge 없이 from→to 도달 불가 / endpoint가 SAME 후보: collapse된 class로 활성될 수 있어 그 endpoint의 활성 literal은 L(e)에서 제외
TE0203,DN_EC0070,DN_EC0020,TEMPORAL_BEFORE,active(DN_EC0070) ∧ active(DN_EC0020) ∧ E_EC0070,DATE_ONLY:CLAIMED_VS_COURT_DATE_ORDER,PRIMITIVE_EDGE,"DN_EC0070 → DN_EC0081 → DN_EC0020 [TE0188, TE0285]",TE0188:(E_EC0070 ∧ E_EC0081); TE0285:E_EC0081; active(DN_EC0081):E_EC0081 = TRUE,PATH_EDGE_CONDITION_NOT_GUARANTEED: path의 edge 조건·중간 node가 보장되지 않음 (E_EC0081),조건부 중복: alternative_path_conditions가 모두 참인 world에서만 shortcut이 중복(그 world의 materialize 단계에서만 생략 가능); 42의 witness_world(논리적으로 가능한 world)에서는 이 edge 없이 from→to 도달 불가 / endpoint가 SAME 후보: collapse된 class로 활성될 수 있어 그 endpoint의 활성 literal은 L(e)에서 제외
TE0204,DN_EC0070,DN_EC0021,TEMPORAL_BEFORE,active(DN_EC0070) ∧ active(DN_EC0021) ∧ E_EC0070,DATE_ONLY:CLAIMED_VS_COURT_DATE_ORDER,PRIMITIVE_EDGE,"DN_EC0070 → DN_EC0020 → DN_EC0021 [TE0203, TE0024]",TE0203:E_EC0070; TE0024:HARD(조건 없음); active(DN_EC0020):E_EC0020 = TRUE,INTERMEDIATE_NODE_MAY_VANISH: 이 edge가 활성인 world에서도 중간 node가 없을 수 있음 (보장 안 되는 조건: E_EC0020),조건부 중복: alternative_path_conditions가 모두 참인 world에서만 shortcut이 중복(그 world의 materialize 단계에서만 생략 가능); 42의 witness_world(논리적으로 가능한 world)에서는 이 edge 없이 from→to 도달 불가 / endpoint가 SAME 후보: collapse된 class로 활성될 수 있어 그 endpoint의 활성 literal은 L(e)에서 제외
TE0205,DN_EC0070,DN_EC0023,TEMPORAL_BEFORE,active(DN_EC0070) ∧ active(DN_EC0023) ∧ E_EC0070,DATE_ONLY:CLAIMED_VS_COURT_DATE_ORDER,PRIMITIVE_EDGE,"DN_EC0070 → DN_EC0081 → DN_EC0023 [TE0188, TE0287]",TE0188:(E_EC0070 ∧ E_EC0081); TE0287:E_EC0081; active(DN_EC0081):E_EC0081 = TRUE,PATH_EDGE_CONDITION_NOT_GUARANTEED: path의 edge 조건·중간 node가 보장되지 않음 (E_EC0081),조건부 중복: alternative_path_conditions가 모두 참인 world에서만 shortcut이 중복(그 world의 materialize 단계에서만 생략 가능); 42의 witness_world(논리적으로 가능한 world)에서는 이 edge 없이 from→to 도달 불가 / endpoint가 SAME 후보: collapse된 class로 활성될 수 있어 그 endpoint의 활성 literal은 L(e)에서 제외
TE0206,DN_EC0070,DN_EC0044,TEMPORAL_BEFORE,active(DN_EC0070) ∧ active(DN_EC0044) ∧ E_EC0070,DATE_ONLY:CLAIMED_VS_COURT_DATE_ORDER,PRIMITIVE_EDGE,"DN_EC0070 → DN_EC0020 → DN_EC0044 [TE0203, TE0732]",TE0203:E_EC0070; TE0732:HARD(조건 없음); active(DN_EC0020):E_EC0020 = TRUE,INTERMEDIATE_NODE_MAY_VANISH: 이 edge가 활성인 world에서도 중간 node가 없을 수 있음 (보장 안 되는 조건: E_EC0020),조건부 중복: alternative_path_conditions가 모두 참인 world에서만 shortcut이 중복(그 world의 materialize 단계에서만 생략 가능); 42의 witness_world(논리적으로 가능한 world)에서는 이 edge 없이 from→to 도달 불가 / endpoint가 SAME 후보: collapse된 class로 활성될 수 있어 그 endpoint의 활성 literal은 L(e)에서 제외
TE0207,DN_EC0070,DN_EC0045,TEMPORAL_BEFORE,active(DN_EC0070) ∧ active(DN_EC0045) ∧ E_EC0070,DATE_ONLY:CLAIMED_VS_COURT_DATE_ORDER,PRIMITIVE_EDGE,"DN_EC0070 → DN_EC0020 → DN_EC0045 [TE0203, TE0733]",TE0203:E_EC0070; TE0733:HARD(조건 없음); active(DN_EC0020):E_EC0020 = TRUE,INTERMEDIATE_NODE_MAY_VANISH: 이 edge가 활성인 world에서도 중간 node가 없을 수 있음 (보장 안 되는 조건: E_EC0020),조건부 중복: alternative_path_conditions가 모두 참인 world에서만 shortcut이 중복(그 world의 materialize 단계에서만 생략 가능); 42의 witness_world(논리적으로 가능한 world)에서는 이 edge 없이 from→to 도달 불가 / endpoint가 SAME 후보: collapse된 class로 활성될 수 있어 그 endpoint의 활성 literal은 L(e)에서 제외
TE0208,DN_EC0070,DN_EC0048,TEMPORAL_BEFORE,active(DN_EC0070) ∧ active(DN_EC0048) ∧ E_EC0070,DATE_ONLY:CLAIMED_VS_COURT_DATE_ORDER,PRIMITIVE_EDGE,"DN_EC0070 → DN_EC0020 → DN_EC0048 [TE0203, TE0734]",TE0203:E_EC0070; TE0734:HARD(조건 없음); active(DN_EC0020):E_EC0020 = TRUE,INTERMEDIATE_NODE_MAY_VANISH: 이 edge가 활성인 world에서도 중간 node가 없을 수 있음 (보장 안 되는 조건: E_EC0020),조건부 중복: alternative_path_conditions가 모두 참인 world에서만 shortcut이 중복(그 world의 materialize 단계에서만 생략 가능); 42의 witness_world(논리적으로 가능한 world)에서는 이 edge 없이 from→to 도달 불가 / endpoint가 SAME 후보: collapse된 class로 활성될 수 있어 그 endpoint의 활성 literal은 L(e)에서 제외
TE0209,DN_EC0070,DN_EC0049,TEMPORAL_BEFORE,active(DN_EC0070) ∧ active(DN_EC0049) ∧ E_EC0070,DATE_ONLY:CLAIMED_VS_COURT_DATE_ORDER,PRIMITIVE_EDGE,"DN_EC0070 → DN_EC0020 → DN_EC0049 [TE0203, TE0735]",TE0203:E_EC0070; TE0735:HARD(조건 없음); active(DN_EC0020):E_EC0020 = TRUE,INTERMEDIATE_NODE_MAY_VANISH: 이 edge가 활성인 world에서도 중간 node가 없을 수 있음 (보장 안 되는 조건: E_EC0020),조건부 중복: alternative_path_conditions가 모두 참인 world에서만 shortcut이 중복(그 world의 materialize 단계에서만 생략 가능); 42의 witness_world(논리적으로 가능한 world)에서는 이 edge 없이 from→to 도달 불가 / endpoint가 SAME 후보: collapse된 class로 활성될 수 있어 그 endpoint의 활성 literal은 L(e)에서 제외
TE0210,DN_EC0070,DN_EC0061,TEMPORAL_BEFORE,active(DN_EC0070) ∧ active(DN_EC0061) ∧ E_EC0070,DATE_ONLY:CLAIMED_VS_COURT_DATE_ORDER,PRIMITIVE_EDGE,"DN_EC0070 → DN_EC0020 → DN_EC0061 [TE0203, TE0736]",TE0203:E_EC0070; TE0736:HARD(조건 없음); active(DN_EC0020):E_EC0020 = TRUE,INTERMEDIATE_NODE_MAY_VANISH: 이 edge가 활성인 world에서도 중간 node가 없을 수 있음 (보장 안 되는 조건: E_EC0020),조건부 중복: alternative_path_conditions가 모두 참인 world에서만 shortcut이 중복(그 world의 materialize 단계에서만 생략 가능); 42의 witness_world(논리적으로 가능한 world)에서는 이 edge 없이 from→to 도달 불가 / endpoint가 SAME 후보: collapse된 class로 활성될 수 있어 그 endpoint의 활성 literal은 L(e)에서 제외
TE0211,DN_EC0070,DN_EC0062,TEMPORAL_BEFORE,active(DN_EC0070) ∧ active(DN_EC0062) ∧ E_EC0070,DATE_ONLY:CLAIMED_VS_COURT_DATE_ORDER,PRIMITIVE_EDGE,"DN_EC0070 → DN_EC0020 → DN_EC0062 [TE0203, TE0737]",TE0203:E_EC0070; TE0737:HARD(조건 없음); active(DN_EC0020):E_EC0020 = TRUE,INTERMEDIATE_NODE_MAY_VANISH: 이 edge가 활성인 world에서도 중간 node가 없을 수 있음 (보장 안 되는 조건: E_EC0020),조건부 중복: alternative_path_conditions가 모두 참인 world에서만 shortcut이 중복(그 world의 materialize 단계에서만 생략 가능); 42의 witness_world(논리적으로 가능한 world)에서는 이 edge 없이 from→to 도달 불가 / endpoint가 SAME 후보: collapse된 class로 활성될 수 있어 그 endpoint의 활성 literal은 L(e)에서 제외
TE0212,DN_EC0070,DN_EC0150,TEMPORAL_BEFORE,active(DN_EC0070) ∧ active(DN_EC0150) ∧ E_EC0070,DATE_ONLY:CLAIMED_VS_COURT_DATE_ORDER,PRIMITIVE_EDGE,"DN_EC0070 → DN_EC0020 → DN_EC0150 [TE0203, TE0738]",TE0203:E_EC0070; TE0738:HARD(조건 없음); active(DN_EC0020):E_EC0020 = TRUE,INTERMEDIATE_NODE_MAY_VANISH: 이 edge가 활성인 world에서도 중간 node가 없을 수 있음 (보장 안 되는 조건: E_EC0020),조건부 중복: alternative_path_conditions가 모두 참인 world에서만 shortcut이 중복(그 world의 materialize 단계에서만 생략 가능); 42의 witness_world(논리적으로 가능한 world)에서는 이 edge 없이 from→to 도달 불가 / endpoint가 SAME 후보: collapse된 class로 활성될 수 있어 그 endpoint의 활성 literal은 L(e)에서 제외
TE0213,DN_EC0070,DN_EC0151,TEMPORAL_BEFORE,active(DN_EC0070) ∧ active(DN_EC0151) ∧ E_EC0070,DATE_ONLY:CLAIMED_VS_COURT_DATE_ORDER,PRIMITIVE_EDGE,"DN_EC0070 → DN_EC0020 → DN_EC0151 [TE0203, TE0739]",TE0203:E_EC0070; TE0739:HARD(조건 없음); active(DN_EC0020):E_EC0020 = TRUE,INTERMEDIATE_NODE_MAY_VANISH: 이 edge가 활성인 world에서도 중간 node가 없을 수 있음 (보장 안 되는 조건: E_EC0020),조건부 중복: alternative_path_conditions가 모두 참인 world에서만 shortcut이 중복(그 world의 materialize 단계에서만 생략 가능); 42의 witness_world(논리적으로 가능한 world)에서는 이 edge 없이 from→to 도달 불가 / endpoint가 SAME 후보: collapse된 class로 활성될 수 있어 그 endpoint의 활성 literal은 L(e)에서 제외
TE0214,DN_EC0070,DN_EC0152,TEMPORAL_BEFORE,active(DN_EC0070) ∧ active(DN_EC0152) ∧ E_EC0070,DATE_ONLY:CLAIMED_VS_COURT_DATE_ORDER,PRIMITIVE_EDGE,"DN_EC0070 → DN_EC0020 → DN_EC0152 [TE0203, TE0740]",TE0203:E_EC0070; TE0740:HARD(조건 없음); active(DN_EC0020):E_EC0020 = TRUE,INTERMEDIATE_NODE_MAY_VANISH: 이 edge가 활성인 world에서도 중간 node가 없을 수 있음 (보장 안 되는 조건: E_EC0020),조건부 중복: alternative_path_conditions가 모두 참인 world에서만 shortcut이 중복(그 world의 materialize 단계에서만 생략 가능); 42의 witness_world(논리적으로 가능한 world)에서는 이 edge 없이 from→to 도달 불가 / endpoint가 SAME 후보: collapse된 class로 활성될 수 있어 그 endpoint의 활성 literal은 L(e)에서 제외
TE0215,DN_EC0070,DN_EC0153,TEMPORAL_BEFORE,active(DN_EC0070) ∧ active(DN_EC0153) ∧ E_EC0070,DATE_ONLY:CLAIMED_VS_COURT_DATE_ORDER,PRIMITIVE_EDGE,"DN_EC0070 → DN_EC0020 → DN_EC0153 [TE0203, TE0741]",TE0203:E_EC0070; TE0741:HARD(조건 없음); active(DN_EC0020):E_EC0020 = TRUE,INTERMEDIATE_NODE_MAY_VANISH: 이 edge가 활성인 world에서도 중간 node가 없을 수 있음 (보장 안 되는 조건: E_EC0020),조건부 중복: alternative_path_conditions가 모두 참인 world에서만 shortcut이 중복(그 world의 materialize 단계에서만 생략 가능); 42의 witness_world(논리적으로 가능한 world)에서는 이 edge 없이 from→to 도달 불가 / endpoint가 SAME 후보: collapse된 class로 활성될 수 있어 그 endpoint의 활성 literal은 L(e)에서 제외
TE0216,DN_EC0070,DN_EC0154,TEMPORAL_BEFORE,active(DN_EC0070) ∧ active(DN_EC0154) ∧ E_EC0070,DATE_ONLY:CLAIMED_VS_COURT_DATE_ORDER,PRIMITIVE_EDGE,"DN_EC0070 → DN_EC0020 → DN_EC0154 [TE0203, TE0742]",TE0203:E_EC0070; TE0742:HARD(조건 없음); active(DN_EC0020):E_EC0020 = TRUE,INTERMEDIATE_NODE_MAY_VANISH: 이 edge가 활성인 world에서도 중간 node가 없을 수 있음 (보장 안 되는 조건: E_EC0020),조건부 중복: alternative_path_conditions가 모두 참인 world에서만 shortcut이 중복(그 world의 materialize 단계에서만 생략 가능); 42의 witness_world(논리적으로 가능한 world)에서는 이 edge 없이 from→to 도달 불가 / endpoint가 SAME 후보: collapse된 class로 활성될 수 있어 그 endpoint의 활성 literal은 L(e)에서 제외
TE0217,DN_EC0070,DN_EC0155,TEMPORAL_BEFORE,active(DN_EC0070) ∧ active(DN_EC0155) ∧ E_EC0070,DATE_ONLY:CLAIMED_VS_COURT_DATE_ORDER,PRIMITIVE_EDGE,"DN_EC0070 → DN_EC0020 → DN_EC0155 [TE0203, TE0743]",TE0203:E_EC0070; TE0743:HARD(조건 없음); active(DN_EC0020):E_EC0020 = TRUE,INTERMEDIATE_NODE_MAY_VANISH: 이 edge가 활성인 world에서도 중간 node가 없을 수 있음 (보장 안 되는 조건: E_EC0020),조건부 중복: alternative_path_conditions가 모두 참인 world에서만 shortcut이 중복(그 world의 materialize 단계에서만 생략 가능); 42의 witness_world(논리적으로 가능한 world)에서는 이 edge 없이 from→to 도달 불가 / endpoint가 SAME 후보: collapse된 class로 활성될 수 있어 그 endpoint의 활성 literal은 L(e)에서 제외
TE0218,DN_EC0070,DN_J_HONG_17930528_JISE,TEMPORAL_BEFORE,active(DN_EC0070) ∧ active(DN_J_HONG_17930528_JISE) ∧ E_EC0070,DATE_ONLY:CLAIMED_VS_COURT_DATE_ORDER,PRIMITIVE_EDGE,"DN_EC0070 → DN_EC0020 → DN_J_HONG_17930528_JISE [TE0203, TE0744]",TE0203:E_EC0070; TE0744:HARD(조건 없음); active(DN_EC0020):E_EC0020 = TRUE,INTERMEDIATE_NODE_MAY_VANISH: 이 edge가 활성인 world에서도 중간 node가 없을 수 있음 (보장 안 되는 조건: E_EC0020),조건부 중복: alternative_path_conditions가 모두 참인 world에서만 shortcut이 중복(그 world의 materialize 단계에서만 생략 가능); 42의 witness_world(논리적으로 가능한 world)에서는 이 edge 없이 from→to 도달 불가 / endpoint가 SAME 후보: collapse된 class로 활성될 수 있어 그 endpoint의 활성 literal은 L(e)에서 제외
TE0219,DN_EC0070,DN_J_HONG_17930613_JISE,TEMPORAL_BEFORE,active(DN_EC0070) ∧ active(DN_J_HONG_17930613_JISE) ∧ E_EC0070,DATE_ONLY:CLAIMED_VS_COURT_DATE_ORDER,PRIMITIVE_EDGE,"DN_EC0070 → DN_EC0020 → DN_J_HONG_17930613_JISE [TE0203, TE0745]",TE0203:E_EC0070; TE0745:HARD(조건 없음); active(DN_EC0020):E_EC0020 = TRUE,INTERMEDIATE_NODE_MAY_VANISH: 이 edge가 활성인 world에서도 중간 node가 없을 수 있음 (보장 안 되는 조건: E_EC0020),조건부 중복: alternative_path_conditions가 모두 참인 world에서만 shortcut이 중복(그 world의 materialize 단계에서만 생략 가능); 42의 witness_world(논리적으로 가능한 world)에서는 이 edge 없이 from→to 도달 불가 / endpoint가 SAME 후보: collapse된 class로 활성될 수 있어 그 endpoint의 활성 literal은 L(e)에서 제외
TE0220,DN_EC0070,DN_J_HONG_17930613_KIM_DEATH,TEMPORAL_BEFORE,active(DN_EC0070) ∧ active(DN_J_HONG_17930613_KIM_DEATH) ∧ E_EC0070,DATE_ONLY:CLAIMED_VS_COURT_DATE_ORDER,PRIMITIVE_EDGE,"DN_EC0070 → DN_EC0020 → DN_J_HONG_17930613_KIM_DEATH [TE0203, TE0746]",TE0203:E_EC0070; TE0746:HARD(조건 없음); active(DN_EC0020):E_EC0020 = TRUE,INTERMEDIATE_NODE_MAY_VANISH: 이 edge가 활성인 world에서도 중간 node가 없을 수 있음 (보장 안 되는 조건: E_EC0020),조건부 중복: alternative_path_conditions가 모두 참인 world에서만 shortcut이 중복(그 world의 materialize 단계에서만 생략 가능); 42의 witness_world(논리적으로 가능한 world)에서는 이 edge 없이 from→to 도달 불가 / endpoint가 SAME 후보: collapse된 class로 활성될 수 있어 그 endpoint의 활성 literal은 L(e)에서 제외
TE0221,DN_EC0070,DN_J_HONG_17930613_THEFT,TEMPORAL_BEFORE,active(DN_EC0070) ∧ active(DN_J_HONG_17930613_THEFT) ∧ E_EC0070,DATE_ONLY:CLAIMED_VS_COURT_DATE_ORDER,PRIMITIVE_EDGE,"DN_EC0070 → DN_EC0020 → DN_J_HONG_17930613_THEFT [TE0203, TE0747]",TE0203:E_EC0070; TE0747:HARD(조건 없음); active(DN_EC0020):E_EC0020 = TRUE,INTERMEDIATE_NODE_MAY_VANISH: 이 edge가 활성인 world에서도 중간 node가 없을 수 있음 (보장 안 되는 조건: E_EC0020),조건부 중복: alternative_path_conditions가 모두 참인 world에서만 shortcut이 중복(그 world의 materialize 단계에서만 생략 가능); 42의 witness_world(논리적으로 가능한 world)에서는 이 edge 없이 from→to 도달 불가 / endpoint가 SAME 후보: collapse된 class로 활성될 수 있어 그 endpoint의 활성 literal은 L(e)에서 제외
TE0222,DN_EC0070,DN_J_IJOWON_17930527_JISE,TEMPORAL_BEFORE,active(DN_EC0070) ∧ active(DN_J_IJOWON_17930527_JISE) ∧ E_EC0070,DATE_ONLY:CLAIMED_VS_COURT_DATE_ORDER,PRIMITIVE_EDGE,"DN_EC0070 → DN_EC0020 → DN_J_IJOWON_17930527_JISE [TE0203, TE0748]",TE0203:E_EC0070; TE0748:HARD(조건 없음); active(DN_EC0020):E_EC0020 = TRUE,INTERMEDIATE_NODE_MAY_VANISH: 이 edge가 활성인 world에서도 중간 node가 없을 수 있음 (보장 안 되는 조건: E_EC0020),조건부 중복: alternative_path_conditions가 모두 참인 world에서만 shortcut이 중복(그 world의 materialize 단계에서만 생략 가능); 42의 witness_world(논리적으로 가능한 world)에서는 이 edge 없이 from→to 도달 불가 / endpoint가 SAME 후보: collapse된 class로 활성될 수 있어 그 endpoint의 활성 literal은 L(e)에서 제외
TE0223,DN_EC0070,DN_J_IJOWON_17930527_KIM_DEATH,TEMPORAL_BEFORE,active(DN_EC0070) ∧ active(DN_J_IJOWON_17930527_KIM_DEATH) ∧ E_EC0070,DATE_ONLY:CLAIMED_VS_COURT_DATE_ORDER,PRIMITIVE_EDGE,"DN_EC0070 → DN_EC0020 → DN_J_IJOWON_17930527_KIM_DEATH [TE0203, TE0749]",TE0203:E_EC0070; TE0749:HARD(조건 없음); active(DN_EC0020):E_EC0020 = TRUE,INTERMEDIATE_NODE_MAY_VANISH: 이 edge가 활성인 world에서도 중간 node가 없을 수 있음 (보장 안 되는 조건: E_EC0020),조건부 중복: alternative_path_conditions가 모두 참인 world에서만 shortcut이 중복(그 world의 materialize 단계에서만 생략 가능); 42의 witness_world(논리적으로 가능한 world)에서는 이 edge 없이 from→to 도달 불가 / endpoint가 SAME 후보: collapse된 class로 활성될 수 있어 그 endpoint의 활성 literal은 L(e)에서 제외
TE0224,DN_EC0070,DN_J_IJOWON_17930527_THEFT,TEMPORAL_BEFORE,active(DN_EC0070) ∧ active(DN_J_IJOWON_17930527_THEFT) ∧ E_EC0070,DATE_ONLY:CLAIMED_VS_COURT_DATE_ORDER,PRIMITIVE_EDGE,"DN_EC0070 → DN_EC0020 → DN_J_IJOWON_17930527_THEFT [TE0203, TE0750]",TE0203:E_EC0070; TE0750:HARD(조건 없음); active(DN_EC0020):E_EC0020 = TRUE,INTERMEDIATE_NODE_MAY_VANISH: 이 edge가 활성인 world에서도 중간 node가 없을 수 있음 (보장 안 되는 조건: E_EC0020),조건부 중복: alternative_path_conditions가 모두 참인 world에서만 shortcut이 중복(그 world의 materialize 단계에서만 생략 가능); 42의 witness_world(논리적으로 가능한 world)에서는 이 edge 없이 from→to 도달 불가 / endpoint가 SAME 후보: collapse된 class로 활성될 수 있어 그 endpoint의 활성 literal은 L(e)에서 제외
TE0225,DN_EC0070,DN_J_JEONGJO_17930512_THEFT,TEMPORAL_BEFORE,active(DN_EC0070) ∧ active(DN_J_JEONGJO_17930512_THEFT) ∧ E_EC0070,DATE_ONLY:CLAIMED_VS_COURT_DATE_ORDER,PRIMITIVE_EDGE,"DN_EC0070 → DN_EC0081 → DN_J_JEONGJO_17930512_THEFT [TE0188, TE0307]",TE0188:(E_EC0070 ∧ E_EC0081); TE0307:E_EC0081; active(DN_EC0081):E_EC0081 = TRUE,PATH_EDGE_CONDITION_NOT_GUARANTEED: path의 edge 조건·중간 node가 보장되지 않음 (E_EC0081),조건부 중복: alternative_path_conditions가 모두 참인 world에서만 shortcut이 중복(그 world의 materialize 단계에서만 생략 가능); 42의 witness_world(논리적으로 가능한 world)에서는 이 edge 없이 from→to 도달 불가 / endpoint가 SAME 후보: collapse된 class로 활성될 수 있어 그 endpoint의 활성 literal은 L(e)에서 제외
TE0226,DN_EC0070,DN_J_JEONGJO_17930613_JISE,TEMPORAL_BEFORE,active(DN_EC0070) ∧ active(DN_J_JEONGJO_17930613_JISE) ∧ E_EC0070,DATE_ONLY:CLAIMED_VS_COURT_DATE_ORDER,PRIMITIVE_EDGE,"DN_EC0070 → DN_EC0020 → DN_J_JEONGJO_17930613_JISE [TE0203, TE0751]",TE0203:E_EC0070; TE0751:HARD(조건 없음); active(DN_EC0020):E_EC0020 = TRUE,INTERMEDIATE_NODE_MAY_VANISH: 이 edge가 활성인 world에서도 중간 node가 없을 수 있음 (보장 안 되는 조건: E_EC0020),조건부 중복: alternative_path_conditions가 모두 참인 world에서만 shortcut이 중복(그 world의 materialize 단계에서만 생략 가능); 42의 witness_world(논리적으로 가능한 world)에서는 이 edge 없이 from→to 도달 불가 / endpoint가 SAME 후보: collapse된 class로 활성될 수 있어 그 endpoint의 활성 literal은 L(e)에서 제외
TE0227,DN_EC0070,DN_J_JEONGJO_17930613_KIM_DEATH,TEMPORAL_BEFORE,active(DN_EC0070) ∧ active(DN_J_JEONGJO_17930613_KIM_DEATH) ∧ E_EC0070,DATE_ONLY:CLAIMED_VS_COURT_DATE_ORDER,PRIMITIVE_EDGE,"DN_EC0070 → DN_EC0020 → DN_J_JEONGJO_17930613_KIM_DEATH [TE0203, TE0752]",TE0203:E_EC0070; TE0752:HARD(조건 없음); active(DN_EC0020):E_EC0020 = TRUE,INTERMEDIATE_NODE_MAY_VANISH: 이 edge가 활성인 world에서도 중간 node가 없을 수 있음 (보장 안 되는 조건: E_EC0020),조건부 중복: alternative_path_conditions가 모두 참인 world에서만 shortcut이 중복(그 world의 materialize 단계에서만 생략 가능); 42의 witness_world(논리적으로 가능한 world)에서는 이 edge 없이 from→to 도달 불가 / endpoint가 SAME 후보: collapse된 class로 활성될 수 있어 그 endpoint의 활성 literal은 L(e)에서 제외
TE0228,DN_EC0070,DN_J_JEONGJO_17930613_THEFT,TEMPORAL_BEFORE,active(DN_EC0070) ∧ active(DN_J_JEONGJO_17930613_THEFT) ∧ E_EC0070,DATE_ONLY:CLAIMED_VS_COURT_DATE_ORDER,PRIMITIVE_EDGE,"DN_EC0070 → DN_EC0020 → DN_J_JEONGJO_17930613_THEFT [TE0203, TE0753]",TE0203:E_EC0070; TE0753:HARD(조건 없음); active(DN_EC0020):E_EC0020 = TRUE,INTERMEDIATE_NODE_MAY_VANISH: 이 edge가 활성인 world에서도 중간 node가 없을 수 있음 (보장 안 되는 조건: E_EC0020),조건부 중복: alternative_path_conditions가 모두 참인 world에서만 shortcut이 중복(그 world의 materialize 단계에서만 생략 가능); 42의 witness_world(논리적으로 가능한 world)에서는 이 edge 없이 from→to 도달 불가 / endpoint가 SAME 후보: collapse된 class로 활성될 수 있어 그 endpoint의 활성 literal은 L(e)에서 제외
TE0229,DN_EC0072,DN_EC0065,TEMPORAL_BEFORE,active(DN_EC0072) ∧ active(DN_EC0065) ∧ (E_EC0072 ∧ E_EC0065 ∧ INTERP_EC0065_DATE_IS_TELLING_TIME),DATE_ONLY:CLAIMED_DATE_ORDER,PRIMITIVE_EDGE,,,NO_ALTERNATIVE_PATH: 다른 보존 edge로 from→to path 없음,42의 witness_world에서 이 edge 없이 from→to 도달 불가 / endpoint가 SAME 후보: collapse된 class로 활성될 수 있어 그 endpoint의 활성 literal은 L(e)에서 제외
TE0230,DN_EC0072,DN_EC0066,TEMPORAL_BEFORE,active(DN_EC0072) ∧ active(DN_EC0066) ∧ (E_EC0072 ∧ E_EC0066),DATE_ONLY:CLAIMED_DATE_ORDER,PRIMITIVE_EDGE,,,NO_ALTERNATIVE_PATH: 다른 보존 edge로 from→to path 없음,42의 witness_world에서 이 edge 없이 from→to 도달 불가 / endpoint가 SAME 후보: collapse된 class로 활성될 수 있어 그 endpoint의 활성 literal은 L(e)에서 제외
TE0231,DN_EC0072,DN_EC0069,TEMPORAL_BEFORE,active(DN_EC0072) ∧ active(DN_EC0069) ∧ (E_EC0072 ∧ E_EC0069),DATE_ONLY:CLAIMED_DATE_ORDER,PRIMITIVE_EDGE,,,NO_ALTERNATIVE_PATH: 다른 보존 edge로 from→to path 없음,42의 witness_world에서 이 edge 없이 from→to 도달 불가 / endpoint가 SAME 후보: collapse된 class로 활성될 수 있어 그 endpoint의 활성 literal은 L(e)에서 제외
TE0232,DN_EC0072,DN_EC0070,TEMPORAL_BEFORE,active(DN_EC0072) ∧ active(DN_EC0070) ∧ (E_EC0072 ∧ E_EC0070),DATE_ONLY:CLAIMED_DATE_ORDER,PRIMITIVE_EDGE,,,NO_ALTERNATIVE_PATH: 다른 보존 edge로 from→to path 없음,42의 witness_world에서 이 edge 없이 from→to 도달 불가 / endpoint가 SAME 후보: collapse된 class로 활성될 수 있어 그 endpoint의 활성 literal은 L(e)에서 제외
TE0233,DN_EC0072,DN_EC0081,TEMPORAL_BEFORE,active(DN_EC0072) ∧ active(DN_EC0081) ∧ (E_EC0072 ∧ E_EC0081),DATE_ONLY:CLAIMED_DATE_ORDER,PRIMITIVE_EDGE,"DN_EC0072 → DN_EC0065 → DN_EC0081 [TE0229, TE0065]",TE0229:(E_EC0072 ∧ E_EC0065 ∧ INTERP_EC0065_DATE_IS_TELLING_TIME); TE0065:(E_EC0065 ∧ INTERP_EC0065_DATE_IS_TELLING_TIME ∧ E_EC0081); active(DN_EC0065):E_EC0065 = TRUE,"PATH_EDGE_CONDITION_NOT_GUARANTEED: path의 edge 조건·중간 node가 보장되지 않음 (E_EC0065, INTERP_EC0065_DATE_IS_TELLING_TIME)",조건부 중복: alternative_path_conditions가 모두 참인 world에서만 shortcut이 중복(그 world의 materialize 단계에서만 생략 가능); 42의 witness_world(논리적으로 가능한 world)에서는 이 edge 없이 from→to 도달 불가 / endpoint가 SAME 후보: collapse된 class로 활성될 수 있어 그 endpoint의 활성 literal은 L(e)에서 제외
TE0234,DN_EC0072,DN_EC0082,TEMPORAL_BEFORE,active(DN_EC0072) ∧ active(DN_EC0082) ∧ (E_EC0072 ∧ E_EC0082),DATE_ONLY:CLAIMED_DATE_ORDER,PRIMITIVE_EDGE,"DN_EC0072 → DN_EC0065 → DN_EC0082 [TE0229, TE0066]",TE0229:(E_EC0072 ∧ E_EC0065 ∧ INTERP_EC0065_DATE_IS_TELLING_TIME); TE0066:(E_EC0065 ∧ INTERP_EC0065_DATE_IS_TELLING_TIME ∧ E_EC0082); active(DN_EC0065):E_EC0065 = TRUE,"PATH_EDGE_CONDITION_NOT_GUARANTEED: path의 edge 조건·중간 node가 보장되지 않음 (E_EC0065, INTERP_EC0065_DATE_IS_TELLING_TIME)",조건부 중복: alternative_path_conditions가 모두 참인 world에서만 shortcut이 중복(그 world의 materialize 단계에서만 생략 가능); 42의 witness_world(논리적으로 가능한 world)에서는 이 edge 없이 from→to 도달 불가 / endpoint가 SAME 후보: collapse된 class로 활성될 수 있어 그 endpoint의 활성 literal은 L(e)에서 제외
TE0235,DN_EC0072,DN_EC0083,TEMPORAL_BEFORE,active(DN_EC0072) ∧ active(DN_EC0083) ∧ (E_EC0072 ∧ E_EC0083),DATE_ONLY:CLAIMED_DATE_ORDER,PRIMITIVE_EDGE,"DN_EC0072 → DN_EC0065 → DN_EC0083 [TE0229, TE0067]",TE0229:(E_EC0072 ∧ E_EC0065 ∧ INTERP_EC0065_DATE_IS_TELLING_TIME); TE0067:(E_EC0065 ∧ INTERP_EC0065_DATE_IS_TELLING_TIME ∧ E_EC0083); active(DN_EC0065):E_EC0065 = TRUE,"PATH_EDGE_CONDITION_NOT_GUARANTEED: path의 edge 조건·중간 node가 보장되지 않음 (E_EC0065, INTERP_EC0065_DATE_IS_TELLING_TIME)",조건부 중복: alternative_path_conditions가 모두 참인 world에서만 shortcut이 중복(그 world의 materialize 단계에서만 생략 가능); 42의 witness_world(논리적으로 가능한 world)에서는 이 edge 없이 from→to 도달 불가 / endpoint가 SAME 후보: collapse된 class로 활성될 수 있어 그 endpoint의 활성 literal은 L(e)에서 제외
TE0236,DN_EC0072,DN_EC0084,TEMPORAL_BEFORE,active(DN_EC0072) ∧ active(DN_EC0084) ∧ (E_EC0072 ∧ E_EC0084),DATE_ONLY:CLAIMED_DATE_ORDER,PRIMITIVE_EDGE,"DN_EC0072 → DN_EC0065 → DN_EC0084 [TE0229, TE0068]",TE0229:(E_EC0072 ∧ E_EC0065 ∧ INTERP_EC0065_DATE_IS_TELLING_TIME); TE0068:(E_EC0065 ∧ INTERP_EC0065_DATE_IS_TELLING_TIME ∧ E_EC0084); active(DN_EC0065):E_EC0065 = TRUE,"PATH_EDGE_CONDITION_NOT_GUARANTEED: path의 edge 조건·중간 node가 보장되지 않음 (E_EC0065, INTERP_EC0065_DATE_IS_TELLING_TIME)",조건부 중복: alternative_path_conditions가 모두 참인 world에서만 shortcut이 중복(그 world의 materialize 단계에서만 생략 가능); 42의 witness_world(논리적으로 가능한 world)에서는 이 edge 없이 from→to 도달 불가 / endpoint가 SAME 후보: collapse된 class로 활성될 수 있어 그 endpoint의 활성 literal은 L(e)에서 제외
TE0237,DN_EC0072,DN_EC0089,TEMPORAL_BEFORE,active(DN_EC0072) ∧ active(DN_EC0089) ∧ (E_EC0072 ∧ E_EC0089),DATE_ONLY:CLAIMED_DATE_ORDER,PRIMITIVE_EDGE,"DN_EC0072 → DN_EC0065 → DN_EC0089 [TE0229, TE0069]",TE0229:(E_EC0072 ∧ E_EC0065 ∧ INTERP_EC0065_DATE_IS_TELLING_TIME); TE0069:(E_EC0065 ∧ INTERP_EC0065_DATE_IS_TELLING_TIME ∧ E_EC0089); active(DN_EC0065):E_EC0065 = TRUE,"PATH_EDGE_CONDITION_NOT_GUARANTEED: path의 edge 조건·중간 node가 보장되지 않음 (E_EC0065, INTERP_EC0065_DATE_IS_TELLING_TIME)",조건부 중복: alternative_path_conditions가 모두 참인 world에서만 shortcut이 중복(그 world의 materialize 단계에서만 생략 가능); 42의 witness_world(논리적으로 가능한 world)에서는 이 edge 없이 from→to 도달 불가 / endpoint가 SAME 후보: collapse된 class로 활성될 수 있어 그 endpoint의 활성 literal은 L(e)에서 제외
TE0238,DN_EC0072,DN_EC0093,TEMPORAL_BEFORE,active(DN_EC0072) ∧ active(DN_EC0093) ∧ (E_EC0072 ∧ E_EC0093),DATE_ONLY:CLAIMED_DATE_ORDER,PRIMITIVE_EDGE,"DN_EC0072 → DN_EC0065 → DN_EC0093 [TE0229, TE0070]",TE0229:(E_EC0072 ∧ E_EC0065 ∧ INTERP_EC0065_DATE_IS_TELLING_TIME); TE0070:(E_EC0065 ∧ INTERP_EC0065_DATE_IS_TELLING_TIME ∧ E_EC0093); active(DN_EC0065):E_EC0065 = TRUE,"PATH_EDGE_CONDITION_NOT_GUARANTEED: path의 edge 조건·중간 node가 보장되지 않음 (E_EC0065, INTERP_EC0065_DATE_IS_TELLING_TIME)",조건부 중복: alternative_path_conditions가 모두 참인 world에서만 shortcut이 중복(그 world의 materialize 단계에서만 생략 가능); 42의 witness_world(논리적으로 가능한 world)에서는 이 edge 없이 from→to 도달 불가 / endpoint가 SAME 후보: collapse된 class로 활성될 수 있어 그 endpoint의 활성 literal은 L(e)에서 제외
TE0239,DN_EC0072,DN_EC0094,TEMPORAL_BEFORE,active(DN_EC0072) ∧ active(DN_EC0094) ∧ (E_EC0072 ∧ E_EC0094),DATE_ONLY:CLAIMED_DATE_ORDER,PRIMITIVE_EDGE,"DN_EC0072 → DN_EC0065 → DN_EC0094 [TE0229, TE0071]",TE0229:(E_EC0072 ∧ E_EC0065 ∧ INTERP_EC0065_DATE_IS_TELLING_TIME); TE0071:(E_EC0065 ∧ INTERP_EC0065_DATE_IS_TELLING_TIME ∧ E_EC0094); active(DN_EC0065):E_EC0065 = TRUE,"PATH_EDGE_CONDITION_NOT_GUARANTEED: path의 edge 조건·중간 node가 보장되지 않음 (E_EC0065, INTERP_EC0065_DATE_IS_TELLING_TIME)",조건부 중복: alternative_path_conditions가 모두 참인 world에서만 shortcut이 중복(그 world의 materialize 단계에서만 생략 가능); 42의 witness_world(논리적으로 가능한 world)에서는 이 edge 없이 from→to 도달 불가 / endpoint가 SAME 후보: collapse된 class로 활성될 수 있어 그 endpoint의 활성 literal은 L(e)에서 제외
TE0240,DN_EC0072,DN_EC0095,TEMPORAL_BEFORE,active(DN_EC0072) ∧ active(DN_EC0095) ∧ (E_EC0072 ∧ E_EC0095),DATE_ONLY:CLAIMED_DATE_ORDER,PRIMITIVE_EDGE,"DN_EC0072 → DN_EC0065 → DN_EC0095 [TE0229, TE0072]",TE0229:(E_EC0072 ∧ E_EC0065 ∧ INTERP_EC0065_DATE_IS_TELLING_TIME); TE0072:(E_EC0065 ∧ INTERP_EC0065_DATE_IS_TELLING_TIME ∧ E_EC0095); active(DN_EC0065):E_EC0065 = TRUE,"PATH_EDGE_CONDITION_NOT_GUARANTEED: path의 edge 조건·중간 node가 보장되지 않음 (E_EC0065, INTERP_EC0065_DATE_IS_TELLING_TIME)",조건부 중복: alternative_path_conditions가 모두 참인 world에서만 shortcut이 중복(그 world의 materialize 단계에서만 생략 가능); 42의 witness_world(논리적으로 가능한 world)에서는 이 edge 없이 from→to 도달 불가 / endpoint가 SAME 후보: collapse된 class로 활성될 수 있어 그 endpoint의 활성 literal은 L(e)에서 제외
TE0241,DN_EC0072,DN_EC0096,TEMPORAL_BEFORE,active(DN_EC0072) ∧ active(DN_EC0096) ∧ (E_EC0072 ∧ E_EC0096),DATE_ONLY:CLAIMED_DATE_ORDER,PRIMITIVE_EDGE,"DN_EC0072 → DN_EC0065 → DN_EC0096 [TE0229, TE0073]",TE0229:(E_EC0072 ∧ E_EC0065 ∧ INTERP_EC0065_DATE_IS_TELLING_TIME); TE0073:(E_EC0065 ∧ INTERP_EC0065_DATE_IS_TELLING_TIME ∧ E_EC0096); active(DN_EC0065):E_EC0065 = TRUE,"PATH_EDGE_CONDITION_NOT_GUARANTEED: path의 edge 조건·중간 node가 보장되지 않음 (E_EC0065, INTERP_EC0065_DATE_IS_TELLING_TIME)",조건부 중복: alternative_path_conditions가 모두 참인 world에서만 shortcut이 중복(그 world의 materialize 단계에서만 생략 가능); 42의 witness_world(논리적으로 가능한 world)에서는 이 edge 없이 from→to 도달 불가 / endpoint가 SAME 후보: collapse된 class로 활성될 수 있어 그 endpoint의 활성 literal은 L(e)에서 제외
TE0242,DN_EC0072,DN_EC0097,TEMPORAL_BEFORE,active(DN_EC0072) ∧ active(DN_EC0097) ∧ (E_EC0072 ∧ E_EC0097),DATE_ONLY:CLAIMED_DATE_ORDER,PRIMITIVE_EDGE,"DN_EC0072 → DN_EC0065 → DN_EC0097 [TE0229, TE0074]",TE0229:(E_EC0072 ∧ E_EC0065 ∧ INTERP_EC0065_DATE_IS_TELLING_TIME); TE0074:(E_EC0065 ∧ INTERP_EC0065_DATE_IS_TELLING_TIME ∧ E_EC0097); active(DN_EC0065):E_EC0065 = TRUE,"PATH_EDGE_CONDITION_NOT_GUARANTEED: path의 edge 조건·중간 node가 보장되지 않음 (E_EC0065, INTERP_EC0065_DATE_IS_TELLING_TIME)",조건부 중복: alternative_path_conditions가 모두 참인 world에서만 shortcut이 중복(그 world의 materialize 단계에서만 생략 가능); 42의 witness_world(논리적으로 가능한 world)에서는 이 edge 없이 from→to 도달 불가 / endpoint가 SAME 후보: collapse된 class로 활성될 수 있어 그 endpoint의 활성 literal은 L(e)에서 제외
TE0243,DN_EC0072,DN_EC0098,TEMPORAL_BEFORE,active(DN_EC0072) ∧ active(DN_EC0098) ∧ (E_EC0072 ∧ E_EC0098),DATE_ONLY:CLAIMED_DATE_ORDER,PRIMITIVE_EDGE,"DN_EC0072 → DN_EC0065 → DN_EC0098 [TE0229, TE0075]",TE0229:(E_EC0072 ∧ E_EC0065 ∧ INTERP_EC0065_DATE_IS_TELLING_TIME); TE0075:(E_EC0065 ∧ INTERP_EC0065_DATE_IS_TELLING_TIME ∧ E_EC0098); active(DN_EC0065):E_EC0065 = TRUE,"PATH_EDGE_CONDITION_NOT_GUARANTEED: path의 edge 조건·중간 node가 보장되지 않음 (E_EC0065, INTERP_EC0065_DATE_IS_TELLING_TIME)",조건부 중복: alternative_path_conditions가 모두 참인 world에서만 shortcut이 중복(그 world의 materialize 단계에서만 생략 가능); 42의 witness_world(논리적으로 가능한 world)에서는 이 edge 없이 from→to 도달 불가 / endpoint가 SAME 후보: collapse된 class로 활성될 수 있어 그 endpoint의 활성 literal은 L(e)에서 제외
TE0244,DN_EC0072,DN_EC0099,TEMPORAL_BEFORE,active(DN_EC0072) ∧ active(DN_EC0099) ∧ (E_EC0072 ∧ E_EC0099),DATE_ONLY:CLAIMED_DATE_ORDER,PRIMITIVE_EDGE,"DN_EC0072 → DN_EC0065 → DN_EC0099 [TE0229, TE0076]",TE0229:(E_EC0072 ∧ E_EC0065 ∧ INTERP_EC0065_DATE_IS_TELLING_TIME); TE0076:(E_EC0065 ∧ INTERP_EC0065_DATE_IS_TELLING_TIME ∧ E_EC0099); active(DN_EC0065):E_EC0065 = TRUE,"PATH_EDGE_CONDITION_NOT_GUARANTEED: path의 edge 조건·중간 node가 보장되지 않음 (E_EC0065, INTERP_EC0065_DATE_IS_TELLING_TIME)",조건부 중복: alternative_path_conditions가 모두 참인 world에서만 shortcut이 중복(그 world의 materialize 단계에서만 생략 가능); 42의 witness_world(논리적으로 가능한 world)에서는 이 edge 없이 from→to 도달 불가 / endpoint가 SAME 후보: collapse된 class로 활성될 수 있어 그 endpoint의 활성 literal은 L(e)에서 제외
TE0245,DN_EC0072,DN_EC0100,TEMPORAL_BEFORE,active(DN_EC0072) ∧ active(DN_EC0100) ∧ (E_EC0072 ∧ E_EC0100),DATE_ONLY:CLAIMED_DATE_ORDER,PRIMITIVE_EDGE,"DN_EC0072 → DN_EC0065 → DN_EC0100 [TE0229, TE0077]",TE0229:(E_EC0072 ∧ E_EC0065 ∧ INTERP_EC0065_DATE_IS_TELLING_TIME); TE0077:(E_EC0065 ∧ INTERP_EC0065_DATE_IS_TELLING_TIME ∧ E_EC0100); active(DN_EC0065):E_EC0065 = TRUE,"PATH_EDGE_CONDITION_NOT_GUARANTEED: path의 edge 조건·중간 node가 보장되지 않음 (E_EC0065, INTERP_EC0065_DATE_IS_TELLING_TIME)",조건부 중복: alternative_path_conditions가 모두 참인 world에서만 shortcut이 중복(그 world의 materialize 단계에서만 생략 가능); 42의 witness_world(논리적으로 가능한 world)에서는 이 edge 없이 from→to 도달 불가 / endpoint가 SAME 후보: collapse된 class로 활성될 수 있어 그 endpoint의 활성 literal은 L(e)에서 제외
TE0246,DN_EC0072,DN_EC0101,TEMPORAL_BEFORE,active(DN_EC0072) ∧ active(DN_EC0101) ∧ (E_EC0072 ∧ E_EC0101),DATE_ONLY:CLAIMED_DATE_ORDER,PRIMITIVE_EDGE,"DN_EC0072 → DN_EC0065 → DN_EC0101 [TE0229, TE0078]",TE0229:(E_EC0072 ∧ E_EC0065 ∧ INTERP_EC0065_DATE_IS_TELLING_TIME); TE0078:(E_EC0065 ∧ INTERP_EC0065_DATE_IS_TELLING_TIME ∧ E_EC0101); active(DN_EC0065):E_EC0065 = TRUE,"PATH_EDGE_CONDITION_NOT_GUARANTEED: path의 edge 조건·중간 node가 보장되지 않음 (E_EC0065, INTERP_EC0065_DATE_IS_TELLING_TIME)",조건부 중복: alternative_path_conditions가 모두 참인 world에서만 shortcut이 중복(그 world의 materialize 단계에서만 생략 가능); 42의 witness_world(논리적으로 가능한 world)에서는 이 edge 없이 from→to 도달 불가 / endpoint가 SAME 후보: collapse된 class로 활성될 수 있어 그 endpoint의 활성 literal은 L(e)에서 제외
TE0247,DN_EC0072,DN_EC0102,TEMPORAL_BEFORE,active(DN_EC0072) ∧ active(DN_EC0102) ∧ (E_EC0072 ∧ E_EC0102),DATE_ONLY:CLAIMED_DATE_ORDER,PRIMITIVE_EDGE,"DN_EC0072 → DN_EC0065 → DN_EC0102 [TE0229, TE0079]",TE0229:(E_EC0072 ∧ E_EC0065 ∧ INTERP_EC0065_DATE_IS_TELLING_TIME); TE0079:(E_EC0065 ∧ INTERP_EC0065_DATE_IS_TELLING_TIME ∧ E_EC0102); active(DN_EC0065):E_EC0065 = TRUE,"PATH_EDGE_CONDITION_NOT_GUARANTEED: path의 edge 조건·중간 node가 보장되지 않음 (E_EC0065, INTERP_EC0065_DATE_IS_TELLING_TIME)",조건부 중복: alternative_path_conditions가 모두 참인 world에서만 shortcut이 중복(그 world의 materialize 단계에서만 생략 가능); 42의 witness_world(논리적으로 가능한 world)에서는 이 edge 없이 from→to 도달 불가 / endpoint가 SAME 후보: collapse된 class로 활성될 수 있어 그 endpoint의 활성 literal은 L(e)에서 제외
TE0248,DN_EC0072,DN_EC0020,TEMPORAL_BEFORE,active(DN_EC0072) ∧ active(DN_EC0020) ∧ E_EC0072,DATE_ONLY:CLAIMED_VS_COURT_DATE_ORDER,PRIMITIVE_EDGE,"DN_EC0072 → DN_EC0065 → DN_EC0020 [TE0229, TE0080]",TE0229:(E_EC0072 ∧ E_EC0065 ∧ INTERP_EC0065_DATE_IS_TELLING_TIME); TE0080:(E_EC0065 ∧ INTERP_EC0065_DATE_IS_TELLING_TIME); active(DN_EC0065):E_EC0065 = TRUE,"PATH_EDGE_CONDITION_NOT_GUARANTEED: path의 edge 조건·중간 node가 보장되지 않음 (E_EC0065, INTERP_EC0065_DATE_IS_TELLING_TIME)",조건부 중복: alternative_path_conditions가 모두 참인 world에서만 shortcut이 중복(그 world의 materialize 단계에서만 생략 가능); 42의 witness_world(논리적으로 가능한 world)에서는 이 edge 없이 from→to 도달 불가 / endpoint가 SAME 후보: collapse된 class로 활성될 수 있어 그 endpoint의 활성 literal은 L(e)에서 제외
TE0249,DN_EC0072,DN_EC0021,TEMPORAL_BEFORE,active(DN_EC0072) ∧ active(DN_EC0021) ∧ E_EC0072,DATE_ONLY:CLAIMED_VS_COURT_DATE_ORDER,PRIMITIVE_EDGE,"DN_EC0072 → DN_EC0020 → DN_EC0021 [TE0248, TE0024]",TE0248:E_EC0072; TE0024:HARD(조건 없음); active(DN_EC0020):E_EC0020 = TRUE,INTERMEDIATE_NODE_MAY_VANISH: 이 edge가 활성인 world에서도 중간 node가 없을 수 있음 (보장 안 되는 조건: E_EC0020),조건부 중복: alternative_path_conditions가 모두 참인 world에서만 shortcut이 중복(그 world의 materialize 단계에서만 생략 가능); 42의 witness_world(논리적으로 가능한 world)에서는 이 edge 없이 from→to 도달 불가 / endpoint가 SAME 후보: collapse된 class로 활성될 수 있어 그 endpoint의 활성 literal은 L(e)에서 제외
TE0250,DN_EC0072,DN_EC0023,TEMPORAL_BEFORE,active(DN_EC0072) ∧ active(DN_EC0023) ∧ E_EC0072,DATE_ONLY:CLAIMED_VS_COURT_DATE_ORDER,PRIMITIVE_EDGE,"DN_EC0072 → DN_EC0065 → DN_EC0023 [TE0229, TE0082]",TE0229:(E_EC0072 ∧ E_EC0065 ∧ INTERP_EC0065_DATE_IS_TELLING_TIME); TE0082:(E_EC0065 ∧ INTERP_EC0065_DATE_IS_TELLING_TIME); active(DN_EC0065):E_EC0065 = TRUE,"PATH_EDGE_CONDITION_NOT_GUARANTEED: path의 edge 조건·중간 node가 보장되지 않음 (E_EC0065, INTERP_EC0065_DATE_IS_TELLING_TIME)",조건부 중복: alternative_path_conditions가 모두 참인 world에서만 shortcut이 중복(그 world의 materialize 단계에서만 생략 가능); 42의 witness_world(논리적으로 가능한 world)에서는 이 edge 없이 from→to 도달 불가 / endpoint가 SAME 후보: collapse된 class로 활성될 수 있어 그 endpoint의 활성 literal은 L(e)에서 제외
TE0251,DN_EC0072,DN_EC0044,TEMPORAL_BEFORE,active(DN_EC0072) ∧ active(DN_EC0044) ∧ E_EC0072,DATE_ONLY:CLAIMED_VS_COURT_DATE_ORDER,PRIMITIVE_EDGE,"DN_EC0072 → DN_EC0020 → DN_EC0044 [TE0248, TE0732]",TE0248:E_EC0072; TE0732:HARD(조건 없음); active(DN_EC0020):E_EC0020 = TRUE,INTERMEDIATE_NODE_MAY_VANISH: 이 edge가 활성인 world에서도 중간 node가 없을 수 있음 (보장 안 되는 조건: E_EC0020),조건부 중복: alternative_path_conditions가 모두 참인 world에서만 shortcut이 중복(그 world의 materialize 단계에서만 생략 가능); 42의 witness_world(논리적으로 가능한 world)에서는 이 edge 없이 from→to 도달 불가 / endpoint가 SAME 후보: collapse된 class로 활성될 수 있어 그 endpoint의 활성 literal은 L(e)에서 제외
TE0252,DN_EC0072,DN_EC0045,TEMPORAL_BEFORE,active(DN_EC0072) ∧ active(DN_EC0045) ∧ E_EC0072,DATE_ONLY:CLAIMED_VS_COURT_DATE_ORDER,PRIMITIVE_EDGE,"DN_EC0072 → DN_EC0020 → DN_EC0045 [TE0248, TE0733]",TE0248:E_EC0072; TE0733:HARD(조건 없음); active(DN_EC0020):E_EC0020 = TRUE,INTERMEDIATE_NODE_MAY_VANISH: 이 edge가 활성인 world에서도 중간 node가 없을 수 있음 (보장 안 되는 조건: E_EC0020),조건부 중복: alternative_path_conditions가 모두 참인 world에서만 shortcut이 중복(그 world의 materialize 단계에서만 생략 가능); 42의 witness_world(논리적으로 가능한 world)에서는 이 edge 없이 from→to 도달 불가 / endpoint가 SAME 후보: collapse된 class로 활성될 수 있어 그 endpoint의 활성 literal은 L(e)에서 제외
TE0253,DN_EC0072,DN_EC0048,TEMPORAL_BEFORE,active(DN_EC0072) ∧ active(DN_EC0048) ∧ E_EC0072,DATE_ONLY:CLAIMED_VS_COURT_DATE_ORDER,PRIMITIVE_EDGE,"DN_EC0072 → DN_EC0020 → DN_EC0048 [TE0248, TE0734]",TE0248:E_EC0072; TE0734:HARD(조건 없음); active(DN_EC0020):E_EC0020 = TRUE,INTERMEDIATE_NODE_MAY_VANISH: 이 edge가 활성인 world에서도 중간 node가 없을 수 있음 (보장 안 되는 조건: E_EC0020),조건부 중복: alternative_path_conditions가 모두 참인 world에서만 shortcut이 중복(그 world의 materialize 단계에서만 생략 가능); 42의 witness_world(논리적으로 가능한 world)에서는 이 edge 없이 from→to 도달 불가 / endpoint가 SAME 후보: collapse된 class로 활성될 수 있어 그 endpoint의 활성 literal은 L(e)에서 제외
TE0254,DN_EC0072,DN_EC0049,TEMPORAL_BEFORE,active(DN_EC0072) ∧ active(DN_EC0049) ∧ E_EC0072,DATE_ONLY:CLAIMED_VS_COURT_DATE_ORDER,PRIMITIVE_EDGE,"DN_EC0072 → DN_EC0020 → DN_EC0049 [TE0248, TE0735]",TE0248:E_EC0072; TE0735:HARD(조건 없음); active(DN_EC0020):E_EC0020 = TRUE,INTERMEDIATE_NODE_MAY_VANISH: 이 edge가 활성인 world에서도 중간 node가 없을 수 있음 (보장 안 되는 조건: E_EC0020),조건부 중복: alternative_path_conditions가 모두 참인 world에서만 shortcut이 중복(그 world의 materialize 단계에서만 생략 가능); 42의 witness_world(논리적으로 가능한 world)에서는 이 edge 없이 from→to 도달 불가 / endpoint가 SAME 후보: collapse된 class로 활성될 수 있어 그 endpoint의 활성 literal은 L(e)에서 제외
TE0255,DN_EC0072,DN_EC0061,TEMPORAL_BEFORE,active(DN_EC0072) ∧ active(DN_EC0061) ∧ E_EC0072,DATE_ONLY:CLAIMED_VS_COURT_DATE_ORDER,PRIMITIVE_EDGE,"DN_EC0072 → DN_EC0020 → DN_EC0061 [TE0248, TE0736]",TE0248:E_EC0072; TE0736:HARD(조건 없음); active(DN_EC0020):E_EC0020 = TRUE,INTERMEDIATE_NODE_MAY_VANISH: 이 edge가 활성인 world에서도 중간 node가 없을 수 있음 (보장 안 되는 조건: E_EC0020),조건부 중복: alternative_path_conditions가 모두 참인 world에서만 shortcut이 중복(그 world의 materialize 단계에서만 생략 가능); 42의 witness_world(논리적으로 가능한 world)에서는 이 edge 없이 from→to 도달 불가 / endpoint가 SAME 후보: collapse된 class로 활성될 수 있어 그 endpoint의 활성 literal은 L(e)에서 제외
TE0256,DN_EC0072,DN_EC0062,TEMPORAL_BEFORE,active(DN_EC0072) ∧ active(DN_EC0062) ∧ E_EC0072,DATE_ONLY:CLAIMED_VS_COURT_DATE_ORDER,PRIMITIVE_EDGE,"DN_EC0072 → DN_EC0020 → DN_EC0062 [TE0248, TE0737]",TE0248:E_EC0072; TE0737:HARD(조건 없음); active(DN_EC0020):E_EC0020 = TRUE,INTERMEDIATE_NODE_MAY_VANISH: 이 edge가 활성인 world에서도 중간 node가 없을 수 있음 (보장 안 되는 조건: E_EC0020),조건부 중복: alternative_path_conditions가 모두 참인 world에서만 shortcut이 중복(그 world의 materialize 단계에서만 생략 가능); 42의 witness_world(논리적으로 가능한 world)에서는 이 edge 없이 from→to 도달 불가 / endpoint가 SAME 후보: collapse된 class로 활성될 수 있어 그 endpoint의 활성 literal은 L(e)에서 제외
TE0257,DN_EC0072,DN_EC0150,TEMPORAL_BEFORE,active(DN_EC0072) ∧ active(DN_EC0150) ∧ E_EC0072,DATE_ONLY:CLAIMED_VS_COURT_DATE_ORDER,PRIMITIVE_EDGE,"DN_EC0072 → DN_EC0020 → DN_EC0150 [TE0248, TE0738]",TE0248:E_EC0072; TE0738:HARD(조건 없음); active(DN_EC0020):E_EC0020 = TRUE,INTERMEDIATE_NODE_MAY_VANISH: 이 edge가 활성인 world에서도 중간 node가 없을 수 있음 (보장 안 되는 조건: E_EC0020),조건부 중복: alternative_path_conditions가 모두 참인 world에서만 shortcut이 중복(그 world의 materialize 단계에서만 생략 가능); 42의 witness_world(논리적으로 가능한 world)에서는 이 edge 없이 from→to 도달 불가 / endpoint가 SAME 후보: collapse된 class로 활성될 수 있어 그 endpoint의 활성 literal은 L(e)에서 제외
TE0258,DN_EC0072,DN_EC0151,TEMPORAL_BEFORE,active(DN_EC0072) ∧ active(DN_EC0151) ∧ E_EC0072,DATE_ONLY:CLAIMED_VS_COURT_DATE_ORDER,PRIMITIVE_EDGE,"DN_EC0072 → DN_EC0020 → DN_EC0151 [TE0248, TE0739]",TE0248:E_EC0072; TE0739:HARD(조건 없음); active(DN_EC0020):E_EC0020 = TRUE,INTERMEDIATE_NODE_MAY_VANISH: 이 edge가 활성인 world에서도 중간 node가 없을 수 있음 (보장 안 되는 조건: E_EC0020),조건부 중복: alternative_path_conditions가 모두 참인 world에서만 shortcut이 중복(그 world의 materialize 단계에서만 생략 가능); 42의 witness_world(논리적으로 가능한 world)에서는 이 edge 없이 from→to 도달 불가 / endpoint가 SAME 후보: collapse된 class로 활성될 수 있어 그 endpoint의 활성 literal은 L(e)에서 제외
TE0259,DN_EC0072,DN_EC0152,TEMPORAL_BEFORE,active(DN_EC0072) ∧ active(DN_EC0152) ∧ E_EC0072,DATE_ONLY:CLAIMED_VS_COURT_DATE_ORDER,PRIMITIVE_EDGE,"DN_EC0072 → DN_EC0020 → DN_EC0152 [TE0248, TE0740]",TE0248:E_EC0072; TE0740:HARD(조건 없음); active(DN_EC0020):E_EC0020 = TRUE,INTERMEDIATE_NODE_MAY_VANISH: 이 edge가 활성인 world에서도 중간 node가 없을 수 있음 (보장 안 되는 조건: E_EC0020),조건부 중복: alternative_path_conditions가 모두 참인 world에서만 shortcut이 중복(그 world의 materialize 단계에서만 생략 가능); 42의 witness_world(논리적으로 가능한 world)에서는 이 edge 없이 from→to 도달 불가 / endpoint가 SAME 후보: collapse된 class로 활성될 수 있어 그 endpoint의 활성 literal은 L(e)에서 제외
TE0260,DN_EC0072,DN_EC0153,TEMPORAL_BEFORE,active(DN_EC0072) ∧ active(DN_EC0153) ∧ E_EC0072,DATE_ONLY:CLAIMED_VS_COURT_DATE_ORDER,PRIMITIVE_EDGE,"DN_EC0072 → DN_EC0020 → DN_EC0153 [TE0248, TE0741]",TE0248:E_EC0072; TE0741:HARD(조건 없음); active(DN_EC0020):E_EC0020 = TRUE,INTERMEDIATE_NODE_MAY_VANISH: 이 edge가 활성인 world에서도 중간 node가 없을 수 있음 (보장 안 되는 조건: E_EC0020),조건부 중복: alternative_path_conditions가 모두 참인 world에서만 shortcut이 중복(그 world의 materialize 단계에서만 생략 가능); 42의 witness_world(논리적으로 가능한 world)에서는 이 edge 없이 from→to 도달 불가 / endpoint가 SAME 후보: collapse된 class로 활성될 수 있어 그 endpoint의 활성 literal은 L(e)에서 제외
TE0261,DN_EC0072,DN_EC0154,TEMPORAL_BEFORE,active(DN_EC0072) ∧ active(DN_EC0154) ∧ E_EC0072,DATE_ONLY:CLAIMED_VS_COURT_DATE_ORDER,PRIMITIVE_EDGE,"DN_EC0072 → DN_EC0020 → DN_EC0154 [TE0248, TE0742]",TE0248:E_EC0072; TE0742:HARD(조건 없음); active(DN_EC0020):E_EC0020 = TRUE,INTERMEDIATE_NODE_MAY_VANISH: 이 edge가 활성인 world에서도 중간 node가 없을 수 있음 (보장 안 되는 조건: E_EC0020),조건부 중복: alternative_path_conditions가 모두 참인 world에서만 shortcut이 중복(그 world의 materialize 단계에서만 생략 가능); 42의 witness_world(논리적으로 가능한 world)에서는 이 edge 없이 from→to 도달 불가 / endpoint가 SAME 후보: collapse된 class로 활성될 수 있어 그 endpoint의 활성 literal은 L(e)에서 제외
TE0262,DN_EC0072,DN_EC0155,TEMPORAL_BEFORE,active(DN_EC0072) ∧ active(DN_EC0155) ∧ E_EC0072,DATE_ONLY:CLAIMED_VS_COURT_DATE_ORDER,PRIMITIVE_EDGE,"DN_EC0072 → DN_EC0020 → DN_EC0155 [TE0248, TE0743]",TE0248:E_EC0072; TE0743:HARD(조건 없음); active(DN_EC0020):E_EC0020 = TRUE,INTERMEDIATE_NODE_MAY_VANISH: 이 edge가 활성인 world에서도 중간 node가 없을 수 있음 (보장 안 되는 조건: E_EC0020),조건부 중복: alternative_path_conditions가 모두 참인 world에서만 shortcut이 중복(그 world의 materialize 단계에서만 생략 가능); 42의 witness_world(논리적으로 가능한 world)에서는 이 edge 없이 from→to 도달 불가 / endpoint가 SAME 후보: collapse된 class로 활성될 수 있어 그 endpoint의 활성 literal은 L(e)에서 제외
TE0263,DN_EC0072,DN_J_HONG_17930528_JISE,TEMPORAL_BEFORE,active(DN_EC0072) ∧ active(DN_J_HONG_17930528_JISE) ∧ E_EC0072,DATE_ONLY:CLAIMED_VS_COURT_DATE_ORDER,PRIMITIVE_EDGE,"DN_EC0072 → DN_EC0020 → DN_J_HONG_17930528_JISE [TE0248, TE0744]",TE0248:E_EC0072; TE0744:HARD(조건 없음); active(DN_EC0020):E_EC0020 = TRUE,INTERMEDIATE_NODE_MAY_VANISH: 이 edge가 활성인 world에서도 중간 node가 없을 수 있음 (보장 안 되는 조건: E_EC0020),조건부 중복: alternative_path_conditions가 모두 참인 world에서만 shortcut이 중복(그 world의 materialize 단계에서만 생략 가능); 42의 witness_world(논리적으로 가능한 world)에서는 이 edge 없이 from→to 도달 불가 / endpoint가 SAME 후보: collapse된 class로 활성될 수 있어 그 endpoint의 활성 literal은 L(e)에서 제외
TE0264,DN_EC0072,DN_J_HONG_17930613_JISE,TEMPORAL_BEFORE,active(DN_EC0072) ∧ active(DN_J_HONG_17930613_JISE) ∧ E_EC0072,DATE_ONLY:CLAIMED_VS_COURT_DATE_ORDER,PRIMITIVE_EDGE,"DN_EC0072 → DN_EC0020 → DN_J_HONG_17930613_JISE [TE0248, TE0745]",TE0248:E_EC0072; TE0745:HARD(조건 없음); active(DN_EC0020):E_EC0020 = TRUE,INTERMEDIATE_NODE_MAY_VANISH: 이 edge가 활성인 world에서도 중간 node가 없을 수 있음 (보장 안 되는 조건: E_EC0020),조건부 중복: alternative_path_conditions가 모두 참인 world에서만 shortcut이 중복(그 world의 materialize 단계에서만 생략 가능); 42의 witness_world(논리적으로 가능한 world)에서는 이 edge 없이 from→to 도달 불가 / endpoint가 SAME 후보: collapse된 class로 활성될 수 있어 그 endpoint의 활성 literal은 L(e)에서 제외
TE0265,DN_EC0072,DN_J_HONG_17930613_KIM_DEATH,TEMPORAL_BEFORE,active(DN_EC0072) ∧ active(DN_J_HONG_17930613_KIM_DEATH) ∧ E_EC0072,DATE_ONLY:CLAIMED_VS_COURT_DATE_ORDER,PRIMITIVE_EDGE,"DN_EC0072 → DN_EC0020 → DN_J_HONG_17930613_KIM_DEATH [TE0248, TE0746]",TE0248:E_EC0072; TE0746:HARD(조건 없음); active(DN_EC0020):E_EC0020 = TRUE,INTERMEDIATE_NODE_MAY_VANISH: 이 edge가 활성인 world에서도 중간 node가 없을 수 있음 (보장 안 되는 조건: E_EC0020),조건부 중복: alternative_path_conditions가 모두 참인 world에서만 shortcut이 중복(그 world의 materialize 단계에서만 생략 가능); 42의 witness_world(논리적으로 가능한 world)에서는 이 edge 없이 from→to 도달 불가 / endpoint가 SAME 후보: collapse된 class로 활성될 수 있어 그 endpoint의 활성 literal은 L(e)에서 제외
TE0266,DN_EC0072,DN_J_HONG_17930613_THEFT,TEMPORAL_BEFORE,active(DN_EC0072) ∧ active(DN_J_HONG_17930613_THEFT) ∧ E_EC0072,DATE_ONLY:CLAIMED_VS_COURT_DATE_ORDER,PRIMITIVE_EDGE,"DN_EC0072 → DN_EC0020 → DN_J_HONG_17930613_THEFT [TE0248, TE0747]",TE0248:E_EC0072; TE0747:HARD(조건 없음); active(DN_EC0020):E_EC0020 = TRUE,INTERMEDIATE_NODE_MAY_VANISH: 이 edge가 활성인 world에서도 중간 node가 없을 수 있음 (보장 안 되는 조건: E_EC0020),조건부 중복: alternative_path_conditions가 모두 참인 world에서만 shortcut이 중복(그 world의 materialize 단계에서만 생략 가능); 42의 witness_world(논리적으로 가능한 world)에서는 이 edge 없이 from→to 도달 불가 / endpoint가 SAME 후보: collapse된 class로 활성될 수 있어 그 endpoint의 활성 literal은 L(e)에서 제외
TE0267,DN_EC0072,DN_J_IJOWON_17930527_JISE,TEMPORAL_BEFORE,active(DN_EC0072) ∧ active(DN_J_IJOWON_17930527_JISE) ∧ E_EC0072,DATE_ONLY:CLAIMED_VS_COURT_DATE_ORDER,PRIMITIVE_EDGE,"DN_EC0072 → DN_EC0020 → DN_J_IJOWON_17930527_JISE [TE0248, TE0748]",TE0248:E_EC0072; TE0748:HARD(조건 없음); active(DN_EC0020):E_EC0020 = TRUE,INTERMEDIATE_NODE_MAY_VANISH: 이 edge가 활성인 world에서도 중간 node가 없을 수 있음 (보장 안 되는 조건: E_EC0020),조건부 중복: alternative_path_conditions가 모두 참인 world에서만 shortcut이 중복(그 world의 materialize 단계에서만 생략 가능); 42의 witness_world(논리적으로 가능한 world)에서는 이 edge 없이 from→to 도달 불가 / endpoint가 SAME 후보: collapse된 class로 활성될 수 있어 그 endpoint의 활성 literal은 L(e)에서 제외
TE0268,DN_EC0072,DN_J_IJOWON_17930527_KIM_DEATH,TEMPORAL_BEFORE,active(DN_EC0072) ∧ active(DN_J_IJOWON_17930527_KIM_DEATH) ∧ E_EC0072,DATE_ONLY:CLAIMED_VS_COURT_DATE_ORDER,PRIMITIVE_EDGE,"DN_EC0072 → DN_EC0020 → DN_J_IJOWON_17930527_KIM_DEATH [TE0248, TE0749]",TE0248:E_EC0072; TE0749:HARD(조건 없음); active(DN_EC0020):E_EC0020 = TRUE,INTERMEDIATE_NODE_MAY_VANISH: 이 edge가 활성인 world에서도 중간 node가 없을 수 있음 (보장 안 되는 조건: E_EC0020),조건부 중복: alternative_path_conditions가 모두 참인 world에서만 shortcut이 중복(그 world의 materialize 단계에서만 생략 가능); 42의 witness_world(논리적으로 가능한 world)에서는 이 edge 없이 from→to 도달 불가 / endpoint가 SAME 후보: collapse된 class로 활성될 수 있어 그 endpoint의 활성 literal은 L(e)에서 제외
TE0269,DN_EC0072,DN_J_IJOWON_17930527_THEFT,TEMPORAL_BEFORE,active(DN_EC0072) ∧ active(DN_J_IJOWON_17930527_THEFT) ∧ E_EC0072,DATE_ONLY:CLAIMED_VS_COURT_DATE_ORDER,PRIMITIVE_EDGE,"DN_EC0072 → DN_EC0020 → DN_J_IJOWON_17930527_THEFT [TE0248, TE0750]",TE0248:E_EC0072; TE0750:HARD(조건 없음); active(DN_EC0020):E_EC0020 = TRUE,INTERMEDIATE_NODE_MAY_VANISH: 이 edge가 활성인 world에서도 중간 node가 없을 수 있음 (보장 안 되는 조건: E_EC0020),조건부 중복: alternative_path_conditions가 모두 참인 world에서만 shortcut이 중복(그 world의 materialize 단계에서만 생략 가능); 42의 witness_world(논리적으로 가능한 world)에서는 이 edge 없이 from→to 도달 불가 / endpoint가 SAME 후보: collapse된 class로 활성될 수 있어 그 endpoint의 활성 literal은 L(e)에서 제외
TE0270,DN_EC0072,DN_J_JEONGJO_17930512_THEFT,TEMPORAL_BEFORE,active(DN_EC0072) ∧ active(DN_J_JEONGJO_17930512_THEFT) ∧ E_EC0072,DATE_ONLY:CLAIMED_VS_COURT_DATE_ORDER,PRIMITIVE_EDGE,"DN_EC0072 → DN_EC0065 → DN_J_JEONGJO_17930512_THEFT [TE0229, TE0102]",TE0229:(E_EC0072 ∧ E_EC0065 ∧ INTERP_EC0065_DATE_IS_TELLING_TIME); TE0102:(E_EC0065 ∧ INTERP_EC0065_DATE_IS_TELLING_TIME); active(DN_EC0065):E_EC0065 = TRUE,"PATH_EDGE_CONDITION_NOT_GUARANTEED: path의 edge 조건·중간 node가 보장되지 않음 (E_EC0065, INTERP_EC0065_DATE_IS_TELLING_TIME)",조건부 중복: alternative_path_conditions가 모두 참인 world에서만 shortcut이 중복(그 world의 materialize 단계에서만 생략 가능); 42의 witness_world(논리적으로 가능한 world)에서는 이 edge 없이 from→to 도달 불가 / endpoint가 SAME 후보: collapse된 class로 활성될 수 있어 그 endpoint의 활성 literal은 L(e)에서 제외
TE0271,DN_EC0072,DN_J_JEONGJO_17930613_JISE,TEMPORAL_BEFORE,active(DN_EC0072) ∧ active(DN_J_JEONGJO_17930613_JISE) ∧ E_EC0072,DATE_ONLY:CLAIMED_VS_COURT_DATE_ORDER,PRIMITIVE_EDGE,"DN_EC0072 → DN_EC0020 → DN_J_JEONGJO_17930613_JISE [TE0248, TE0751]",TE0248:E_EC0072; TE0751:HARD(조건 없음); active(DN_EC0020):E_EC0020 = TRUE,INTERMEDIATE_NODE_MAY_VANISH: 이 edge가 활성인 world에서도 중간 node가 없을 수 있음 (보장 안 되는 조건: E_EC0020),조건부 중복: alternative_path_conditions가 모두 참인 world에서만 shortcut이 중복(그 world의 materialize 단계에서만 생략 가능); 42의 witness_world(논리적으로 가능한 world)에서는 이 edge 없이 from→to 도달 불가 / endpoint가 SAME 후보: collapse된 class로 활성될 수 있어 그 endpoint의 활성 literal은 L(e)에서 제외
TE0272,DN_EC0072,DN_J_JEONGJO_17930613_KIM_DEATH,TEMPORAL_BEFORE,active(DN_EC0072) ∧ active(DN_J_JEONGJO_17930613_KIM_DEATH) ∧ E_EC0072,DATE_ONLY:CLAIMED_VS_COURT_DATE_ORDER,PRIMITIVE_EDGE,"DN_EC0072 → DN_EC0020 → DN_J_JEONGJO_17930613_KIM_DEATH [TE0248, TE0752]",TE0248:E_EC0072; TE0752:HARD(조건 없음); active(DN_EC0020):E_EC0020 = TRUE,INTERMEDIATE_NODE_MAY_VANISH: 이 edge가 활성인 world에서도 중간 node가 없을 수 있음 (보장 안 되는 조건: E_EC0020),조건부 중복: alternative_path_conditions가 모두 참인 world에서만 shortcut이 중복(그 world의 materialize 단계에서만 생략 가능); 42의 witness_world(논리적으로 가능한 world)에서는 이 edge 없이 from→to 도달 불가 / endpoint가 SAME 후보: collapse된 class로 활성될 수 있어 그 endpoint의 활성 literal은 L(e)에서 제외
TE0273,DN_EC0072,DN_J_JEONGJO_17930613_THEFT,TEMPORAL_BEFORE,active(DN_EC0072) ∧ active(DN_J_JEONGJO_17930613_THEFT) ∧ E_EC0072,DATE_ONLY:CLAIMED_VS_COURT_DATE_ORDER,PRIMITIVE_EDGE,"DN_EC0072 → DN_EC0020 → DN_J_JEONGJO_17930613_THEFT [TE0248, TE0753]",TE0248:E_EC0072; TE0753:HARD(조건 없음); active(DN_EC0020):E_EC0020 = TRUE,INTERMEDIATE_NODE_MAY_VANISH: 이 edge가 활성인 world에서도 중간 node가 없을 수 있음 (보장 안 되는 조건: E_EC0020),조건부 중복: alternative_path_conditions가 모두 참인 world에서만 shortcut이 중복(그 world의 materialize 단계에서만 생략 가능); 42의 witness_world(논리적으로 가능한 world)에서는 이 edge 없이 from→to 도달 불가 / endpoint가 SAME 후보: collapse된 class로 활성될 수 있어 그 endpoint의 활성 literal은 L(e)에서 제외
TE0274,DN_EC0081,DN_EC0089,TEMPORAL_BEFORE,active(DN_EC0081) ∧ active(DN_EC0089) ∧ (E_EC0081 ∧ E_EC0089),DATE_ONLY:CLAIMED_DATE_ORDER,PRIMITIVE_EDGE,,,NO_ALTERNATIVE_PATH: 다른 보존 edge로 from→to path 없음,42의 witness_world에서 이 edge 없이 from→to 도달 불가 / endpoint가 SAME 후보: collapse된 class로 활성될 수 있어 그 endpoint의 활성 literal은 L(e)에서 제외
TE0275,DN_EC0081,DN_EC0093,TEMPORAL_BEFORE,active(DN_EC0081) ∧ active(DN_EC0093) ∧ (E_EC0081 ∧ E_EC0093),DATE_ONLY:CLAIMED_DATE_ORDER,PRIMITIVE_EDGE,,,NO_ALTERNATIVE_PATH: 다른 보존 edge로 from→to path 없음,42의 witness_world에서 이 edge 없이 from→to 도달 불가
TE0276,DN_EC0081,DN_EC0094,TEMPORAL_BEFORE,active(DN_EC0081) ∧ active(DN_EC0094) ∧ (E_EC0081 ∧ E_EC0094),DATE_ONLY:CLAIMED_DATE_ORDER,PRIMITIVE_EDGE,,,NO_ALTERNATIVE_PATH: 다른 보존 edge로 from→to path 없음,42의 witness_world에서 이 edge 없이 from→to 도달 불가
TE0277,DN_EC0081,DN_EC0095,TEMPORAL_BEFORE,active(DN_EC0081) ∧ active(DN_EC0095) ∧ (E_EC0081 ∧ E_EC0095),DATE_ONLY:CLAIMED_DATE_ORDER,PRIMITIVE_EDGE,,,NO_ALTERNATIVE_PATH: 다른 보존 edge로 from→to path 없음,42의 witness_world에서 이 edge 없이 from→to 도달 불가
TE0278,DN_EC0081,DN_EC0096,TEMPORAL_BEFORE,active(DN_EC0081) ∧ active(DN_EC0096) ∧ (E_EC0081 ∧ E_EC0096),DATE_ONLY:CLAIMED_DATE_ORDER,PRIMITIVE_EDGE,"DN_EC0081 → DN_EC0089 → DN_EC0096 [TE0274, TE0418]",TE0274:(E_EC0081 ∧ E_EC0089); TE0418:(E_EC0089 ∧ E_EC0096); active(DN_EC0089):E_EC0089 = TRUE,PATH_EDGE_CONDITION_NOT_GUARANTEED: path의 edge 조건·중간 node가 보장되지 않음 (E_EC0089),조건부 중복: alternative_path_conditions가 모두 참인 world에서만 shortcut이 중복(그 world의 materialize 단계에서만 생략 가능); 42의 witness_world(논리적으로 가능한 world)에서는 이 edge 없이 from→to 도달 불가
TE0279,DN_EC0081,DN_EC0097,TEMPORAL_BEFORE,active(DN_EC0081) ∧ active(DN_EC0097) ∧ (E_EC0081 ∧ E_EC0097),DATE_ONLY:CLAIMED_DATE_ORDER,PRIMITIVE_EDGE,"DN_EC0081 → DN_EC0089 → DN_EC0097 [TE0274, TE0419]",TE0274:(E_EC0081 ∧ E_EC0089); TE0419:(E_EC0089 ∧ E_EC0097); active(DN_EC0089):E_EC0089 = TRUE,PATH_EDGE_CONDITION_NOT_GUARANTEED: path의 edge 조건·중간 node가 보장되지 않음 (E_EC0089),조건부 중복: alternative_path_conditions가 모두 참인 world에서만 shortcut이 중복(그 world의 materialize 단계에서만 생략 가능); 42의 witness_world(논리적으로 가능한 world)에서는 이 edge 없이 from→to 도달 불가 / endpoint가 SAME 후보: collapse된 class로 활성될 수 있어 그 endpoint의 활성 literal은 L(e)에서 제외
TE0280,DN_EC0081,DN_EC0098,TEMPORAL_BEFORE,active(DN_EC0081) ∧ active(DN_EC0098) ∧ (E_EC0081 ∧ E_EC0098),DATE_ONLY:CLAIMED_DATE_ORDER,PRIMITIVE_EDGE,"DN_EC0081 → DN_EC0089 → DN_EC0098 [TE0274, TE0420]",TE0274:(E_EC0081 ∧ E_EC0089); TE0420:(E_EC0089 ∧ E_EC0098); active(DN_EC0089):E_EC0089 = TRUE,PATH_EDGE_CONDITION_NOT_GUARANTEED: path의 edge 조건·중간 node가 보장되지 않음 (E_EC0089),조건부 중복: alternative_path_conditions가 모두 참인 world에서만 shortcut이 중복(그 world의 materialize 단계에서만 생략 가능); 42의 witness_world(논리적으로 가능한 world)에서는 이 edge 없이 from→to 도달 불가 / endpoint가 SAME 후보: collapse된 class로 활성될 수 있어 그 endpoint의 활성 literal은 L(e)에서 제외
TE0281,DN_EC0081,DN_EC0099,TEMPORAL_BEFORE,active(DN_EC0081) ∧ active(DN_EC0099) ∧ (E_EC0081 ∧ E_EC0099),DATE_ONLY:CLAIMED_DATE_ORDER,PRIMITIVE_EDGE,"DN_EC0081 → DN_EC0089 → DN_EC0099 [TE0274, TE0421]",TE0274:(E_EC0081 ∧ E_EC0089); TE0421:(E_EC0089 ∧ E_EC0099); active(DN_EC0089):E_EC0089 = TRUE,PATH_EDGE_CONDITION_NOT_GUARANTEED: path의 edge 조건·중간 node가 보장되지 않음 (E_EC0089),조건부 중복: alternative_path_conditions가 모두 참인 world에서만 shortcut이 중복(그 world의 materialize 단계에서만 생략 가능); 42의 witness_world(논리적으로 가능한 world)에서는 이 edge 없이 from→to 도달 불가
TE0282,DN_EC0081,DN_EC0100,TEMPORAL_BEFORE,active(DN_EC0081) ∧ active(DN_EC0100) ∧ (E_EC0081 ∧ E_EC0100),DATE_ONLY:CLAIMED_DATE_ORDER,PRIMITIVE_EDGE,"DN_EC0081 → DN_EC0089 → DN_EC0100 [TE0274, TE0422]",TE0274:(E_EC0081 ∧ E_EC0089); TE0422:(E_EC0089 ∧ E_EC0100); active(DN_EC0089):E_EC0089 = TRUE,PATH_EDGE_CONDITION_NOT_GUARANTEED: path의 edge 조건·중간 node가 보장되지 않음 (E_EC0089),조건부 중복: alternative_path_conditions가 모두 참인 world에서만 shortcut이 중복(그 world의 materialize 단계에서만 생략 가능); 42의 witness_world(논리적으로 가능한 world)에서는 이 edge 없이 from→to 도달 불가
TE0283,DN_EC0081,DN_EC0101,TEMPORAL_BEFORE,active(DN_EC0081) ∧ active(DN_EC0101) ∧ (E_EC0081 ∧ E_EC0101),DATE_ONLY:CLAIMED_DATE_ORDER,PRIMITIVE_EDGE,"DN_EC0081 → DN_EC0089 → DN_EC0101 [TE0274, TE0423]",TE0274:(E_EC0081 ∧ E_EC0089); TE0423:(E_EC0089 ∧ E_EC0101); active(DN_EC0089):E_EC0089 = TRUE,PATH_EDGE_CONDITION_NOT_GUARANTEED: path의 edge 조건·중간 node가 보장되지 않음 (E_EC0089),조건부 중복: alternative_path_conditions가 모두 참인 world에서만 shortcut이 중복(그 world의 materialize 단계에서만 생략 가능); 42의 witness_world(논리적으로 가능한 world)에서는 이 edge 없이 from→to 도달 불가
TE0284,DN_EC0081,DN_EC0102,TEMPORAL_BEFORE,active(DN_EC0081) ∧ active(DN_EC0102) ∧ (E_EC0081 ∧ E_EC0102),DATE_ONLY:CLAIMED_DATE_ORDER,PRIMITIVE_EDGE,"DN_EC0081 → DN_EC0089 → DN_EC0102 [TE0274, TE0424]",TE0274:(E_EC0081 ∧ E_EC0089); TE0424:(E_EC0089 ∧ E_EC0102); active(DN_EC0089):E_EC0089 = TRUE,PATH_EDGE_CONDITION_NOT_GUARANTEED: path의 edge 조건·중간 node가 보장되지 않음 (E_EC0089),조건부 중복: alternative_path_conditions가 모두 참인 world에서만 shortcut이 중복(그 world의 materialize 단계에서만 생략 가능); 42의 witness_world(논리적으로 가능한 world)에서는 이 edge 없이 from→to 도달 불가
TE0285,DN_EC0081,DN_EC0020,TEMPORAL_BEFORE,active(DN_EC0081) ∧ active(DN_EC0020) ∧ E_EC0081,DATE_ONLY:CLAIMED_VS_COURT_DATE_ORDER,PRIMITIVE_EDGE,"DN_EC0081 → DN_EC0089 → DN_EC0020 [TE0274, TE0425]",TE0274:(E_EC0081 ∧ E_EC0089); TE0425:E_EC0089; active(DN_EC0089):E_EC0089 = TRUE,PATH_EDGE_CONDITION_NOT_GUARANTEED: path의 edge 조건·중간 node가 보장되지 않음 (E_EC0089),조건부 중복: alternative_path_conditions가 모두 참인 world에서만 shortcut이 중복(그 world의 materialize 단계에서만 생략 가능); 42의 witness_world(논리적으로 가능한 world)에서는 이 edge 없이 from→to 도달 불가
TE0286,DN_EC0081,DN_EC0021,TEMPORAL_BEFORE,active(DN_EC0081) ∧ active(DN_EC0021) ∧ E_EC0081,DATE_ONLY:CLAIMED_VS_COURT_DATE_ORDER,PRIMITIVE_EDGE,"DN_EC0081 → DN_EC0020 → DN_EC0021 [TE0285, TE0024]",TE0285:E_EC0081; TE0024:HARD(조건 없음); active(DN_EC0020):E_EC0020 = TRUE,INTERMEDIATE_NODE_MAY_VANISH: 이 edge가 활성인 world에서도 중간 node가 없을 수 있음 (보장 안 되는 조건: E_EC0020),조건부 중복: alternative_path_conditions가 모두 참인 world에서만 shortcut이 중복(그 world의 materialize 단계에서만 생략 가능); 42의 witness_world(논리적으로 가능한 world)에서는 이 edge 없이 from→to 도달 불가
TE0287,DN_EC0081,DN_EC0023,TEMPORAL_BEFORE,active(DN_EC0081) ∧ active(DN_EC0023) ∧ E_EC0081,DATE_ONLY:CLAIMED_VS_COURT_DATE_ORDER,PRIMITIVE_EDGE,"DN_EC0081 → DN_EC0089 → DN_EC0023 [TE0274, TE0427]",TE0274:(E_EC0081 ∧ E_EC0089); TE0427:E_EC0089; active(DN_EC0089):E_EC0089 = TRUE,PATH_EDGE_CONDITION_NOT_GUARANTEED: path의 edge 조건·중간 node가 보장되지 않음 (E_EC0089),조건부 중복: alternative_path_conditions가 모두 참인 world에서만 shortcut이 중복(그 world의 materialize 단계에서만 생략 가능); 42의 witness_world(논리적으로 가능한 world)에서는 이 edge 없이 from→to 도달 불가
TE0288,DN_EC0081,DN_EC0044,TEMPORAL_BEFORE,active(DN_EC0081) ∧ active(DN_EC0044) ∧ E_EC0081,DATE_ONLY:CLAIMED_VS_COURT_DATE_ORDER,PRIMITIVE_EDGE,"DN_EC0081 → DN_EC0020 → DN_EC0044 [TE0285, TE0732]",TE0285:E_EC0081; TE0732:HARD(조건 없음); active(DN_EC0020):E_EC0020 = TRUE,INTERMEDIATE_NODE_MAY_VANISH: 이 edge가 활성인 world에서도 중간 node가 없을 수 있음 (보장 안 되는 조건: E_EC0020),조건부 중복: alternative_path_conditions가 모두 참인 world에서만 shortcut이 중복(그 world의 materialize 단계에서만 생략 가능); 42의 witness_world(논리적으로 가능한 world)에서는 이 edge 없이 from→to 도달 불가
TE0289,DN_EC0081,DN_EC0045,TEMPORAL_BEFORE,active(DN_EC0081) ∧ active(DN_EC0045) ∧ E_EC0081,DATE_ONLY:CLAIMED_VS_COURT_DATE_ORDER,PRIMITIVE_EDGE,"DN_EC0081 → DN_EC0020 → DN_EC0045 [TE0285, TE0733]",TE0285:E_EC0081; TE0733:HARD(조건 없음); active(DN_EC0020):E_EC0020 = TRUE,INTERMEDIATE_NODE_MAY_VANISH: 이 edge가 활성인 world에서도 중간 node가 없을 수 있음 (보장 안 되는 조건: E_EC0020),조건부 중복: alternative_path_conditions가 모두 참인 world에서만 shortcut이 중복(그 world의 materialize 단계에서만 생략 가능); 42의 witness_world(논리적으로 가능한 world)에서는 이 edge 없이 from→to 도달 불가
TE0290,DN_EC0081,DN_EC0048,TEMPORAL_BEFORE,active(DN_EC0081) ∧ active(DN_EC0048) ∧ E_EC0081,DATE_ONLY:CLAIMED_VS_COURT_DATE_ORDER,PRIMITIVE_EDGE,"DN_EC0081 → DN_EC0020 → DN_EC0048 [TE0285, TE0734]",TE0285:E_EC0081; TE0734:HARD(조건 없음); active(DN_EC0020):E_EC0020 = TRUE,INTERMEDIATE_NODE_MAY_VANISH: 이 edge가 활성인 world에서도 중간 node가 없을 수 있음 (보장 안 되는 조건: E_EC0020),조건부 중복: alternative_path_conditions가 모두 참인 world에서만 shortcut이 중복(그 world의 materialize 단계에서만 생략 가능); 42의 witness_world(논리적으로 가능한 world)에서는 이 edge 없이 from→to 도달 불가
TE0291,DN_EC0081,DN_EC0049,TEMPORAL_BEFORE,active(DN_EC0081) ∧ active(DN_EC0049) ∧ E_EC0081,DATE_ONLY:CLAIMED_VS_COURT_DATE_ORDER,PRIMITIVE_EDGE,"DN_EC0081 → DN_EC0020 → DN_EC0049 [TE0285, TE0735]",TE0285:E_EC0081; TE0735:HARD(조건 없음); active(DN_EC0020):E_EC0020 = TRUE,INTERMEDIATE_NODE_MAY_VANISH: 이 edge가 활성인 world에서도 중간 node가 없을 수 있음 (보장 안 되는 조건: E_EC0020),조건부 중복: alternative_path_conditions가 모두 참인 world에서만 shortcut이 중복(그 world의 materialize 단계에서만 생략 가능); 42의 witness_world(논리적으로 가능한 world)에서는 이 edge 없이 from→to 도달 불가
TE0292,DN_EC0081,DN_EC0061,TEMPORAL_BEFORE,active(DN_EC0081) ∧ active(DN_EC0061) ∧ E_EC0081,DATE_ONLY:CLAIMED_VS_COURT_DATE_ORDER,PRIMITIVE_EDGE,"DN_EC0081 → DN_EC0020 → DN_EC0061 [TE0285, TE0736]",TE0285:E_EC0081; TE0736:HARD(조건 없음); active(DN_EC0020):E_EC0020 = TRUE,INTERMEDIATE_NODE_MAY_VANISH: 이 edge가 활성인 world에서도 중간 node가 없을 수 있음 (보장 안 되는 조건: E_EC0020),조건부 중복: alternative_path_conditions가 모두 참인 world에서만 shortcut이 중복(그 world의 materialize 단계에서만 생략 가능); 42의 witness_world(논리적으로 가능한 world)에서는 이 edge 없이 from→to 도달 불가
TE0293,DN_EC0081,DN_EC0062,TEMPORAL_BEFORE,active(DN_EC0081) ∧ active(DN_EC0062) ∧ E_EC0081,DATE_ONLY:CLAIMED_VS_COURT_DATE_ORDER,PRIMITIVE_EDGE,"DN_EC0081 → DN_EC0020 → DN_EC0062 [TE0285, TE0737]",TE0285:E_EC0081; TE0737:HARD(조건 없음); active(DN_EC0020):E_EC0020 = TRUE,INTERMEDIATE_NODE_MAY_VANISH: 이 edge가 활성인 world에서도 중간 node가 없을 수 있음 (보장 안 되는 조건: E_EC0020),조건부 중복: alternative_path_conditions가 모두 참인 world에서만 shortcut이 중복(그 world의 materialize 단계에서만 생략 가능); 42의 witness_world(논리적으로 가능한 world)에서는 이 edge 없이 from→to 도달 불가
TE0294,DN_EC0081,DN_EC0150,TEMPORAL_BEFORE,active(DN_EC0081) ∧ active(DN_EC0150) ∧ E_EC0081,DATE_ONLY:CLAIMED_VS_COURT_DATE_ORDER,PRIMITIVE_EDGE,"DN_EC0081 → DN_EC0020 → DN_EC0150 [TE0285, TE0738]",TE0285:E_EC0081; TE0738:HARD(조건 없음); active(DN_EC0020):E_EC0020 = TRUE,INTERMEDIATE_NODE_MAY_VANISH: 이 edge가 활성인 world에서도 중간 node가 없을 수 있음 (보장 안 되는 조건: E_EC0020),조건부 중복: alternative_path_conditions가 모두 참인 world에서만 shortcut이 중복(그 world의 materialize 단계에서만 생략 가능); 42의 witness_world(논리적으로 가능한 world)에서는 이 edge 없이 from→to 도달 불가 / endpoint가 SAME 후보: collapse된 class로 활성될 수 있어 그 endpoint의 활성 literal은 L(e)에서 제외
TE0295,DN_EC0081,DN_EC0151,TEMPORAL_BEFORE,active(DN_EC0081) ∧ active(DN_EC0151) ∧ E_EC0081,DATE_ONLY:CLAIMED_VS_COURT_DATE_ORDER,PRIMITIVE_EDGE,"DN_EC0081 → DN_EC0020 → DN_EC0151 [TE0285, TE0739]",TE0285:E_EC0081; TE0739:HARD(조건 없음); active(DN_EC0020):E_EC0020 = TRUE,INTERMEDIATE_NODE_MAY_VANISH: 이 edge가 활성인 world에서도 중간 node가 없을 수 있음 (보장 안 되는 조건: E_EC0020),조건부 중복: alternative_path_conditions가 모두 참인 world에서만 shortcut이 중복(그 world의 materialize 단계에서만 생략 가능); 42의 witness_world(논리적으로 가능한 world)에서는 이 edge 없이 from→to 도달 불가 / endpoint가 SAME 후보: collapse된 class로 활성될 수 있어 그 endpoint의 활성 literal은 L(e)에서 제외
TE0296,DN_EC0081,DN_EC0152,TEMPORAL_BEFORE,active(DN_EC0081) ∧ active(DN_EC0152) ∧ E_EC0081,DATE_ONLY:CLAIMED_VS_COURT_DATE_ORDER,PRIMITIVE_EDGE,"DN_EC0081 → DN_EC0020 → DN_EC0152 [TE0285, TE0740]",TE0285:E_EC0081; TE0740:HARD(조건 없음); active(DN_EC0020):E_EC0020 = TRUE,INTERMEDIATE_NODE_MAY_VANISH: 이 edge가 활성인 world에서도 중간 node가 없을 수 있음 (보장 안 되는 조건: E_EC0020),조건부 중복: alternative_path_conditions가 모두 참인 world에서만 shortcut이 중복(그 world의 materialize 단계에서만 생략 가능); 42의 witness_world(논리적으로 가능한 world)에서는 이 edge 없이 from→to 도달 불가
TE0297,DN_EC0081,DN_EC0153,TEMPORAL_BEFORE,active(DN_EC0081) ∧ active(DN_EC0153) ∧ E_EC0081,DATE_ONLY:CLAIMED_VS_COURT_DATE_ORDER,PRIMITIVE_EDGE,"DN_EC0081 → DN_EC0020 → DN_EC0153 [TE0285, TE0741]",TE0285:E_EC0081; TE0741:HARD(조건 없음); active(DN_EC0020):E_EC0020 = TRUE,INTERMEDIATE_NODE_MAY_VANISH: 이 edge가 활성인 world에서도 중간 node가 없을 수 있음 (보장 안 되는 조건: E_EC0020),조건부 중복: alternative_path_conditions가 모두 참인 world에서만 shortcut이 중복(그 world의 materialize 단계에서만 생략 가능); 42의 witness_world(논리적으로 가능한 world)에서는 이 edge 없이 from→to 도달 불가
TE0298,DN_EC0081,DN_EC0154,TEMPORAL_BEFORE,active(DN_EC0081) ∧ active(DN_EC0154) ∧ E_EC0081,DATE_ONLY:CLAIMED_VS_COURT_DATE_ORDER,PRIMITIVE_EDGE,"DN_EC0081 → DN_EC0020 → DN_EC0154 [TE0285, TE0742]",TE0285:E_EC0081; TE0742:HARD(조건 없음); active(DN_EC0020):E_EC0020 = TRUE,INTERMEDIATE_NODE_MAY_VANISH: 이 edge가 활성인 world에서도 중간 node가 없을 수 있음 (보장 안 되는 조건: E_EC0020),조건부 중복: alternative_path_conditions가 모두 참인 world에서만 shortcut이 중복(그 world의 materialize 단계에서만 생략 가능); 42의 witness_world(논리적으로 가능한 world)에서는 이 edge 없이 from→to 도달 불가
TE0299,DN_EC0081,DN_EC0155,TEMPORAL_BEFORE,active(DN_EC0081) ∧ active(DN_EC0155) ∧ E_EC0081,DATE_ONLY:CLAIMED_VS_COURT_DATE_ORDER,PRIMITIVE_EDGE,"DN_EC0081 → DN_EC0020 → DN_EC0155 [TE0285, TE0743]",TE0285:E_EC0081; TE0743:HARD(조건 없음); active(DN_EC0020):E_EC0020 = TRUE,INTERMEDIATE_NODE_MAY_VANISH: 이 edge가 활성인 world에서도 중간 node가 없을 수 있음 (보장 안 되는 조건: E_EC0020),조건부 중복: alternative_path_conditions가 모두 참인 world에서만 shortcut이 중복(그 world의 materialize 단계에서만 생략 가능); 42의 witness_world(논리적으로 가능한 world)에서는 이 edge 없이 from→to 도달 불가
TE0300,DN_EC0081,DN_J_HONG_17930528_JISE,TEMPORAL_BEFORE,active(DN_EC0081) ∧ active(DN_J_HONG_17930528_JISE) ∧ E_EC0081,DATE_ONLY:CLAIMED_VS_COURT_DATE_ORDER,PRIMITIVE_EDGE,"DN_EC0081 → DN_EC0020 → DN_J_HONG_17930528_JISE [TE0285, TE0744]",TE0285:E_EC0081; TE0744:HARD(조건 없음); active(DN_EC0020):E_EC0020 = TRUE,INTERMEDIATE_NODE_MAY_VANISH: 이 edge가 활성인 world에서도 중간 node가 없을 수 있음 (보장 안 되는 조건: E_EC0020),조건부 중복: alternative_path_conditions가 모두 참인 world에서만 shortcut이 중복(그 world의 materialize 단계에서만 생략 가능); 42의 witness_world(논리적으로 가능한 world)에서는 이 edge 없이 from→to 도달 불가
TE0301,DN_EC0081,DN_J_HONG_17930613_JISE,TEMPORAL_BEFORE,active(DN_EC0081) ∧ active(DN_J_HONG_17930613_JISE) ∧ E_EC0081,DATE_ONLY:CLAIMED_VS_COURT_DATE_ORDER,PRIMITIVE_EDGE,"DN_EC0081 → DN_EC0020 → DN_J_HONG_17930613_JISE [TE0285, TE0745]",TE0285:E_EC0081; TE0745:HARD(조건 없음); active(DN_EC0020):E_EC0020 = TRUE,INTERMEDIATE_NODE_MAY_VANISH: 이 edge가 활성인 world에서도 중간 node가 없을 수 있음 (보장 안 되는 조건: E_EC0020),조건부 중복: alternative_path_conditions가 모두 참인 world에서만 shortcut이 중복(그 world의 materialize 단계에서만 생략 가능); 42의 witness_world(논리적으로 가능한 world)에서는 이 edge 없이 from→to 도달 불가
TE0302,DN_EC0081,DN_J_HONG_17930613_KIM_DEATH,TEMPORAL_BEFORE,active(DN_EC0081) ∧ active(DN_J_HONG_17930613_KIM_DEATH) ∧ E_EC0081,DATE_ONLY:CLAIMED_VS_COURT_DATE_ORDER,PRIMITIVE_EDGE,"DN_EC0081 → DN_EC0020 → DN_J_HONG_17930613_KIM_DEATH [TE0285, TE0746]",TE0285:E_EC0081; TE0746:HARD(조건 없음); active(DN_EC0020):E_EC0020 = TRUE,INTERMEDIATE_NODE_MAY_VANISH: 이 edge가 활성인 world에서도 중간 node가 없을 수 있음 (보장 안 되는 조건: E_EC0020),조건부 중복: alternative_path_conditions가 모두 참인 world에서만 shortcut이 중복(그 world의 materialize 단계에서만 생략 가능); 42의 witness_world(논리적으로 가능한 world)에서는 이 edge 없이 from→to 도달 불가
TE0303,DN_EC0081,DN_J_HONG_17930613_THEFT,TEMPORAL_BEFORE,active(DN_EC0081) ∧ active(DN_J_HONG_17930613_THEFT) ∧ E_EC0081,DATE_ONLY:CLAIMED_VS_COURT_DATE_ORDER,PRIMITIVE_EDGE,"DN_EC0081 → DN_EC0020 → DN_J_HONG_17930613_THEFT [TE0285, TE0747]",TE0285:E_EC0081; TE0747:HARD(조건 없음); active(DN_EC0020):E_EC0020 = TRUE,INTERMEDIATE_NODE_MAY_VANISH: 이 edge가 활성인 world에서도 중간 node가 없을 수 있음 (보장 안 되는 조건: E_EC0020),조건부 중복: alternative_path_conditions가 모두 참인 world에서만 shortcut이 중복(그 world의 materialize 단계에서만 생략 가능); 42의 witness_world(논리적으로 가능한 world)에서는 이 edge 없이 from→to 도달 불가
TE0304,DN_EC0081,DN_J_IJOWON_17930527_JISE,TEMPORAL_BEFORE,active(DN_EC0081) ∧ active(DN_J_IJOWON_17930527_JISE) ∧ E_EC0081,DATE_ONLY:CLAIMED_VS_COURT_DATE_ORDER,PRIMITIVE_EDGE,"DN_EC0081 → DN_EC0020 → DN_J_IJOWON_17930527_JISE [TE0285, TE0748]",TE0285:E_EC0081; TE0748:HARD(조건 없음); active(DN_EC0020):E_EC0020 = TRUE,INTERMEDIATE_NODE_MAY_VANISH: 이 edge가 활성인 world에서도 중간 node가 없을 수 있음 (보장 안 되는 조건: E_EC0020),조건부 중복: alternative_path_conditions가 모두 참인 world에서만 shortcut이 중복(그 world의 materialize 단계에서만 생략 가능); 42의 witness_world(논리적으로 가능한 world)에서는 이 edge 없이 from→to 도달 불가
TE0305,DN_EC0081,DN_J_IJOWON_17930527_KIM_DEATH,TEMPORAL_BEFORE,active(DN_EC0081) ∧ active(DN_J_IJOWON_17930527_KIM_DEATH) ∧ E_EC0081,DATE_ONLY:CLAIMED_VS_COURT_DATE_ORDER,PRIMITIVE_EDGE,"DN_EC0081 → DN_EC0020 → DN_J_IJOWON_17930527_KIM_DEATH [TE0285, TE0749]",TE0285:E_EC0081; TE0749:HARD(조건 없음); active(DN_EC0020):E_EC0020 = TRUE,INTERMEDIATE_NODE_MAY_VANISH: 이 edge가 활성인 world에서도 중간 node가 없을 수 있음 (보장 안 되는 조건: E_EC0020),조건부 중복: alternative_path_conditions가 모두 참인 world에서만 shortcut이 중복(그 world의 materialize 단계에서만 생략 가능); 42의 witness_world(논리적으로 가능한 world)에서는 이 edge 없이 from→to 도달 불가
TE0306,DN_EC0081,DN_J_IJOWON_17930527_THEFT,TEMPORAL_BEFORE,active(DN_EC0081) ∧ active(DN_J_IJOWON_17930527_THEFT) ∧ E_EC0081,DATE_ONLY:CLAIMED_VS_COURT_DATE_ORDER,PRIMITIVE_EDGE,"DN_EC0081 → DN_EC0020 → DN_J_IJOWON_17930527_THEFT [TE0285, TE0750]",TE0285:E_EC0081; TE0750:HARD(조건 없음); active(DN_EC0020):E_EC0020 = TRUE,INTERMEDIATE_NODE_MAY_VANISH: 이 edge가 활성인 world에서도 중간 node가 없을 수 있음 (보장 안 되는 조건: E_EC0020),조건부 중복: alternative_path_conditions가 모두 참인 world에서만 shortcut이 중복(그 world의 materialize 단계에서만 생략 가능); 42의 witness_world(논리적으로 가능한 world)에서는 이 edge 없이 from→to 도달 불가
TE0307,DN_EC0081,DN_J_JEONGJO_17930512_THEFT,TEMPORAL_BEFORE,active(DN_EC0081) ∧ active(DN_J_JEONGJO_17930512_THEFT) ∧ E_EC0081,DATE_ONLY:CLAIMED_VS_COURT_DATE_ORDER,PRIMITIVE_EDGE,"DN_EC0081 → DN_EC0089 → DN_J_JEONGJO_17930512_THEFT [TE0274, TE0447]",TE0274:(E_EC0081 ∧ E_EC0089); TE0447:E_EC0089; active(DN_EC0089):E_EC0089 = TRUE,PATH_EDGE_CONDITION_NOT_GUARANTEED: path의 edge 조건·중간 node가 보장되지 않음 (E_EC0089),조건부 중복: alternative_path_conditions가 모두 참인 world에서만 shortcut이 중복(그 world의 materialize 단계에서만 생략 가능); 42의 witness_world(논리적으로 가능한 world)에서는 이 edge 없이 from→to 도달 불가
TE0308,DN_EC0081,DN_J_JEONGJO_17930613_JISE,TEMPORAL_BEFORE,active(DN_EC0081) ∧ active(DN_J_JEONGJO_17930613_JISE) ∧ E_EC0081,DATE_ONLY:CLAIMED_VS_COURT_DATE_ORDER,PRIMITIVE_EDGE,"DN_EC0081 → DN_EC0020 → DN_J_JEONGJO_17930613_JISE [TE0285, TE0751]",TE0285:E_EC0081; TE0751:HARD(조건 없음); active(DN_EC0020):E_EC0020 = TRUE,INTERMEDIATE_NODE_MAY_VANISH: 이 edge가 활성인 world에서도 중간 node가 없을 수 있음 (보장 안 되는 조건: E_EC0020),조건부 중복: alternative_path_conditions가 모두 참인 world에서만 shortcut이 중복(그 world의 materialize 단계에서만 생략 가능); 42의 witness_world(논리적으로 가능한 world)에서는 이 edge 없이 from→to 도달 불가
TE0309,DN_EC0081,DN_J_JEONGJO_17930613_KIM_DEATH,TEMPORAL_BEFORE,active(DN_EC0081) ∧ active(DN_J_JEONGJO_17930613_KIM_DEATH) ∧ E_EC0081,DATE_ONLY:CLAIMED_VS_COURT_DATE_ORDER,PRIMITIVE_EDGE,"DN_EC0081 → DN_EC0020 → DN_J_JEONGJO_17930613_KIM_DEATH [TE0285, TE0752]",TE0285:E_EC0081; TE0752:HARD(조건 없음); active(DN_EC0020):E_EC0020 = TRUE,INTERMEDIATE_NODE_MAY_VANISH: 이 edge가 활성인 world에서도 중간 node가 없을 수 있음 (보장 안 되는 조건: E_EC0020),조건부 중복: alternative_path_conditions가 모두 참인 world에서만 shortcut이 중복(그 world의 materialize 단계에서만 생략 가능); 42의 witness_world(논리적으로 가능한 world)에서는 이 edge 없이 from→to 도달 불가
TE0310,DN_EC0081,DN_J_JEONGJO_17930613_THEFT,TEMPORAL_BEFORE,active(DN_EC0081) ∧ active(DN_J_JEONGJO_17930613_THEFT) ∧ E_EC0081,DATE_ONLY:CLAIMED_VS_COURT_DATE_ORDER,PRIMITIVE_EDGE,"DN_EC0081 → DN_EC0020 → DN_J_JEONGJO_17930613_THEFT [TE0285, TE0753]",TE0285:E_EC0081; TE0753:HARD(조건 없음); active(DN_EC0020):E_EC0020 = TRUE,INTERMEDIATE_NODE_MAY_VANISH: 이 edge가 활성인 world에서도 중간 node가 없을 수 있음 (보장 안 되는 조건: E_EC0020),조건부 중복: alternative_path_conditions가 모두 참인 world에서만 shortcut이 중복(그 world의 materialize 단계에서만 생략 가능); 42의 witness_world(논리적으로 가능한 world)에서는 이 edge 없이 from→to 도달 불가
TE0311,DN_EC0082,DN_EC0089,TEMPORAL_BEFORE,active(DN_EC0082) ∧ active(DN_EC0089) ∧ (E_EC0082 ∧ E_EC0089),DATE_ONLY:CLAIMED_DATE_ORDER,PRIMITIVE_EDGE,,,NO_ALTERNATIVE_PATH: 다른 보존 edge로 from→to path 없음,42의 witness_world에서 이 edge 없이 from→to 도달 불가 / endpoint가 SAME 후보: collapse된 class로 활성될 수 있어 그 endpoint의 활성 literal은 L(e)에서 제외
TE0312,DN_EC0082,DN_EC0093,TEMPORAL_BEFORE,active(DN_EC0082) ∧ active(DN_EC0093) ∧ (E_EC0082 ∧ E_EC0093),DATE_ONLY:CLAIMED_DATE_ORDER,PRIMITIVE_EDGE,,,NO_ALTERNATIVE_PATH: 다른 보존 edge로 from→to path 없음,42의 witness_world에서 이 edge 없이 from→to 도달 불가
TE0313,DN_EC0082,DN_EC0094,TEMPORAL_BEFORE,active(DN_EC0082) ∧ active(DN_EC0094) ∧ (E_EC0082 ∧ E_EC0094),DATE_ONLY:CLAIMED_DATE_ORDER,PRIMITIVE_EDGE,,,NO_ALTERNATIVE_PATH: 다른 보존 edge로 from→to path 없음,42의 witness_world에서 이 edge 없이 from→to 도달 불가
TE0314,DN_EC0082,DN_EC0095,TEMPORAL_BEFORE,active(DN_EC0082) ∧ active(DN_EC0095) ∧ (E_EC0082 ∧ E_EC0095),DATE_ONLY:CLAIMED_DATE_ORDER,PRIMITIVE_EDGE,,,NO_ALTERNATIVE_PATH: 다른 보존 edge로 from→to path 없음,42의 witness_world에서 이 edge 없이 from→to 도달 불가
TE0315,DN_EC0082,DN_EC0096,TEMPORAL_BEFORE,active(DN_EC0082) ∧ active(DN_EC0096) ∧ (E_EC0082 ∧ E_EC0096),DATE_ONLY:CLAIMED_DATE_ORDER,PRIMITIVE_EDGE,"DN_EC0082 → DN_EC0089 → DN_EC0096 [TE0311, TE0418]",TE0311:(E_EC0082 ∧ E_EC0089); TE0418:(E_EC0089 ∧ E_EC0096); active(DN_EC0089):E_EC0089 = TRUE,PATH_EDGE_CONDITION_NOT_GUARANTEED: path의 edge 조건·중간 node가 보장되지 않음 (E_EC0089),조건부 중복: alternative_path_conditions가 모두 참인 world에서만 shortcut이 중복(그 world의 materialize 단계에서만 생략 가능); 42의 witness_world(논리적으로 가능한 world)에서는 이 edge 없이 from→to 도달 불가
TE0316,DN_EC0082,DN_EC0097,TEMPORAL_BEFORE,active(DN_EC0082) ∧ active(DN_EC0097) ∧ (E_EC0082 ∧ E_EC0097),DATE_ONLY:CLAIMED_DATE_ORDER,PRIMITIVE_EDGE,"DN_EC0082 → DN_EC0089 → DN_EC0097 [TE0311, TE0419]",TE0311:(E_EC0082 ∧ E_EC0089); TE0419:(E_EC0089 ∧ E_EC0097); active(DN_EC0089):E_EC0089 = TRUE,PATH_EDGE_CONDITION_NOT_GUARANTEED: path의 edge 조건·중간 node가 보장되지 않음 (E_EC0089),조건부 중복: alternative_path_conditions가 모두 참인 world에서만 shortcut이 중복(그 world의 materialize 단계에서만 생략 가능); 42의 witness_world(논리적으로 가능한 world)에서는 이 edge 없이 from→to 도달 불가 / endpoint가 SAME 후보: collapse된 class로 활성될 수 있어 그 endpoint의 활성 literal은 L(e)에서 제외
TE0317,DN_EC0082,DN_EC0098,TEMPORAL_BEFORE,active(DN_EC0082) ∧ active(DN_EC0098) ∧ (E_EC0082 ∧ E_EC0098),DATE_ONLY:CLAIMED_DATE_ORDER,PRIMITIVE_EDGE,"DN_EC0082 → DN_EC0089 → DN_EC0098 [TE0311, TE0420]",TE0311:(E_EC0082 ∧ E_EC0089); TE0420:(E_EC0089 ∧ E_EC0098); active(DN_EC0089):E_EC0089 = TRUE,PATH_EDGE_CONDITION_NOT_GUARANTEED: path의 edge 조건·중간 node가 보장되지 않음 (E_EC0089),조건부 중복: alternative_path_conditions가 모두 참인 world에서만 shortcut이 중복(그 world의 materialize 단계에서만 생략 가능); 42의 witness_world(논리적으로 가능한 world)에서는 이 edge 없이 from→to 도달 불가 / endpoint가 SAME 후보: collapse된 class로 활성될 수 있어 그 endpoint의 활성 literal은 L(e)에서 제외
TE0318,DN_EC0082,DN_EC0099,TEMPORAL_BEFORE,active(DN_EC0082) ∧ active(DN_EC0099) ∧ (E_EC0082 ∧ E_EC0099),DATE_ONLY:CLAIMED_DATE_ORDER,PRIMITIVE_EDGE,"DN_EC0082 → DN_EC0089 → DN_EC0099 [TE0311, TE0421]",TE0311:(E_EC0082 ∧ E_EC0089); TE0421:(E_EC0089 ∧ E_EC0099); active(DN_EC0089):E_EC0089 = TRUE,PATH_EDGE_CONDITION_NOT_GUARANTEED: path의 edge 조건·중간 node가 보장되지 않음 (E_EC0089),조건부 중복: alternative_path_conditions가 모두 참인 world에서만 shortcut이 중복(그 world의 materialize 단계에서만 생략 가능); 42의 witness_world(논리적으로 가능한 world)에서는 이 edge 없이 from→to 도달 불가
TE0319,DN_EC0082,DN_EC0100,TEMPORAL_BEFORE,active(DN_EC0082) ∧ active(DN_EC0100) ∧ (E_EC0082 ∧ E_EC0100),DATE_ONLY:CLAIMED_DATE_ORDER,PRIMITIVE_EDGE,"DN_EC0082 → DN_EC0089 → DN_EC0100 [TE0311, TE0422]",TE0311:(E_EC0082 ∧ E_EC0089); TE0422:(E_EC0089 ∧ E_EC0100); active(DN_EC0089):E_EC0089 = TRUE,PATH_EDGE_CONDITION_NOT_GUARANTEED: path의 edge 조건·중간 node가 보장되지 않음 (E_EC0089),조건부 중복: alternative_path_conditions가 모두 참인 world에서만 shortcut이 중복(그 world의 materialize 단계에서만 생략 가능); 42의 witness_world(논리적으로 가능한 world)에서는 이 edge 없이 from→to 도달 불가
TE0320,DN_EC0082,DN_EC0101,TEMPORAL_BEFORE,active(DN_EC0082) ∧ active(DN_EC0101) ∧ (E_EC0082 ∧ E_EC0101),DATE_ONLY:CLAIMED_DATE_ORDER,PRIMITIVE_EDGE,"DN_EC0082 → DN_EC0089 → DN_EC0101 [TE0311, TE0423]",TE0311:(E_EC0082 ∧ E_EC0089); TE0423:(E_EC0089 ∧ E_EC0101); active(DN_EC0089):E_EC0089 = TRUE,PATH_EDGE_CONDITION_NOT_GUARANTEED: path의 edge 조건·중간 node가 보장되지 않음 (E_EC0089),조건부 중복: alternative_path_conditions가 모두 참인 world에서만 shortcut이 중복(그 world의 materialize 단계에서만 생략 가능); 42의 witness_world(논리적으로 가능한 world)에서는 이 edge 없이 from→to 도달 불가
TE0321,DN_EC0082,DN_EC0102,TEMPORAL_BEFORE,active(DN_EC0082) ∧ active(DN_EC0102) ∧ (E_EC0082 ∧ E_EC0102),DATE_ONLY:CLAIMED_DATE_ORDER,PRIMITIVE_EDGE,"DN_EC0082 → DN_EC0089 → DN_EC0102 [TE0311, TE0424]",TE0311:(E_EC0082 ∧ E_EC0089); TE0424:(E_EC0089 ∧ E_EC0102); active(DN_EC0089):E_EC0089 = TRUE,PATH_EDGE_CONDITION_NOT_GUARANTEED: path의 edge 조건·중간 node가 보장되지 않음 (E_EC0089),조건부 중복: alternative_path_conditions가 모두 참인 world에서만 shortcut이 중복(그 world의 materialize 단계에서만 생략 가능); 42의 witness_world(논리적으로 가능한 world)에서는 이 edge 없이 from→to 도달 불가
TE0322,DN_EC0082,DN_EC0020,TEMPORAL_BEFORE,active(DN_EC0082) ∧ active(DN_EC0020) ∧ E_EC0082,DATE_ONLY:CLAIMED_VS_COURT_DATE_ORDER,PRIMITIVE_EDGE,"DN_EC0082 → DN_EC0089 → DN_EC0020 [TE0311, TE0425]",TE0311:(E_EC0082 ∧ E_EC0089); TE0425:E_EC0089; active(DN_EC0089):E_EC0089 = TRUE,PATH_EDGE_CONDITION_NOT_GUARANTEED: path의 edge 조건·중간 node가 보장되지 않음 (E_EC0089),조건부 중복: alternative_path_conditions가 모두 참인 world에서만 shortcut이 중복(그 world의 materialize 단계에서만 생략 가능); 42의 witness_world(논리적으로 가능한 world)에서는 이 edge 없이 from→to 도달 불가
TE0323,DN_EC0082,DN_EC0021,TEMPORAL_BEFORE,active(DN_EC0082) ∧ active(DN_EC0021) ∧ E_EC0082,DATE_ONLY:CLAIMED_VS_COURT_DATE_ORDER,PRIMITIVE_EDGE,"DN_EC0082 → DN_EC0020 → DN_EC0021 [TE0322, TE0024]",TE0322:E_EC0082; TE0024:HARD(조건 없음); active(DN_EC0020):E_EC0020 = TRUE,INTERMEDIATE_NODE_MAY_VANISH: 이 edge가 활성인 world에서도 중간 node가 없을 수 있음 (보장 안 되는 조건: E_EC0020),조건부 중복: alternative_path_conditions가 모두 참인 world에서만 shortcut이 중복(그 world의 materialize 단계에서만 생략 가능); 42의 witness_world(논리적으로 가능한 world)에서는 이 edge 없이 from→to 도달 불가
TE0324,DN_EC0082,DN_EC0023,TEMPORAL_BEFORE,active(DN_EC0082) ∧ active(DN_EC0023) ∧ E_EC0082,DATE_ONLY:CLAIMED_VS_COURT_DATE_ORDER,PRIMITIVE_EDGE,"DN_EC0082 → DN_EC0089 → DN_EC0023 [TE0311, TE0427]",TE0311:(E_EC0082 ∧ E_EC0089); TE0427:E_EC0089; active(DN_EC0089):E_EC0089 = TRUE,PATH_EDGE_CONDITION_NOT_GUARANTEED: path의 edge 조건·중간 node가 보장되지 않음 (E_EC0089),조건부 중복: alternative_path_conditions가 모두 참인 world에서만 shortcut이 중복(그 world의 materialize 단계에서만 생략 가능); 42의 witness_world(논리적으로 가능한 world)에서는 이 edge 없이 from→to 도달 불가
TE0325,DN_EC0082,DN_EC0044,TEMPORAL_BEFORE,active(DN_EC0082) ∧ active(DN_EC0044) ∧ E_EC0082,DATE_ONLY:CLAIMED_VS_COURT_DATE_ORDER,PRIMITIVE_EDGE,"DN_EC0082 → DN_EC0020 → DN_EC0044 [TE0322, TE0732]",TE0322:E_EC0082; TE0732:HARD(조건 없음); active(DN_EC0020):E_EC0020 = TRUE,INTERMEDIATE_NODE_MAY_VANISH: 이 edge가 활성인 world에서도 중간 node가 없을 수 있음 (보장 안 되는 조건: E_EC0020),조건부 중복: alternative_path_conditions가 모두 참인 world에서만 shortcut이 중복(그 world의 materialize 단계에서만 생략 가능); 42의 witness_world(논리적으로 가능한 world)에서는 이 edge 없이 from→to 도달 불가
TE0326,DN_EC0082,DN_EC0045,TEMPORAL_BEFORE,active(DN_EC0082) ∧ active(DN_EC0045) ∧ E_EC0082,DATE_ONLY:CLAIMED_VS_COURT_DATE_ORDER,PRIMITIVE_EDGE,"DN_EC0082 → DN_EC0020 → DN_EC0045 [TE0322, TE0733]",TE0322:E_EC0082; TE0733:HARD(조건 없음); active(DN_EC0020):E_EC0020 = TRUE,INTERMEDIATE_NODE_MAY_VANISH: 이 edge가 활성인 world에서도 중간 node가 없을 수 있음 (보장 안 되는 조건: E_EC0020),조건부 중복: alternative_path_conditions가 모두 참인 world에서만 shortcut이 중복(그 world의 materialize 단계에서만 생략 가능); 42의 witness_world(논리적으로 가능한 world)에서는 이 edge 없이 from→to 도달 불가
TE0327,DN_EC0082,DN_EC0048,TEMPORAL_BEFORE,active(DN_EC0082) ∧ active(DN_EC0048) ∧ E_EC0082,DATE_ONLY:CLAIMED_VS_COURT_DATE_ORDER,PRIMITIVE_EDGE,"DN_EC0082 → DN_EC0020 → DN_EC0048 [TE0322, TE0734]",TE0322:E_EC0082; TE0734:HARD(조건 없음); active(DN_EC0020):E_EC0020 = TRUE,INTERMEDIATE_NODE_MAY_VANISH: 이 edge가 활성인 world에서도 중간 node가 없을 수 있음 (보장 안 되는 조건: E_EC0020),조건부 중복: alternative_path_conditions가 모두 참인 world에서만 shortcut이 중복(그 world의 materialize 단계에서만 생략 가능); 42의 witness_world(논리적으로 가능한 world)에서는 이 edge 없이 from→to 도달 불가
TE0328,DN_EC0082,DN_EC0049,TEMPORAL_BEFORE,active(DN_EC0082) ∧ active(DN_EC0049) ∧ E_EC0082,DATE_ONLY:CLAIMED_VS_COURT_DATE_ORDER,PRIMITIVE_EDGE,"DN_EC0082 → DN_EC0020 → DN_EC0049 [TE0322, TE0735]",TE0322:E_EC0082; TE0735:HARD(조건 없음); active(DN_EC0020):E_EC0020 = TRUE,INTERMEDIATE_NODE_MAY_VANISH: 이 edge가 활성인 world에서도 중간 node가 없을 수 있음 (보장 안 되는 조건: E_EC0020),조건부 중복: alternative_path_conditions가 모두 참인 world에서만 shortcut이 중복(그 world의 materialize 단계에서만 생략 가능); 42의 witness_world(논리적으로 가능한 world)에서는 이 edge 없이 from→to 도달 불가
TE0329,DN_EC0082,DN_EC0061,TEMPORAL_BEFORE,active(DN_EC0082) ∧ active(DN_EC0061) ∧ E_EC0082,DATE_ONLY:CLAIMED_VS_COURT_DATE_ORDER,PRIMITIVE_EDGE,"DN_EC0082 → DN_EC0020 → DN_EC0061 [TE0322, TE0736]",TE0322:E_EC0082; TE0736:HARD(조건 없음); active(DN_EC0020):E_EC0020 = TRUE,INTERMEDIATE_NODE_MAY_VANISH: 이 edge가 활성인 world에서도 중간 node가 없을 수 있음 (보장 안 되는 조건: E_EC0020),조건부 중복: alternative_path_conditions가 모두 참인 world에서만 shortcut이 중복(그 world의 materialize 단계에서만 생략 가능); 42의 witness_world(논리적으로 가능한 world)에서는 이 edge 없이 from→to 도달 불가
TE0330,DN_EC0082,DN_EC0062,TEMPORAL_BEFORE,active(DN_EC0082) ∧ active(DN_EC0062) ∧ E_EC0082,DATE_ONLY:CLAIMED_VS_COURT_DATE_ORDER,PRIMITIVE_EDGE,"DN_EC0082 → DN_EC0020 → DN_EC0062 [TE0322, TE0737]",TE0322:E_EC0082; TE0737:HARD(조건 없음); active(DN_EC0020):E_EC0020 = TRUE,INTERMEDIATE_NODE_MAY_VANISH: 이 edge가 활성인 world에서도 중간 node가 없을 수 있음 (보장 안 되는 조건: E_EC0020),조건부 중복: alternative_path_conditions가 모두 참인 world에서만 shortcut이 중복(그 world의 materialize 단계에서만 생략 가능); 42의 witness_world(논리적으로 가능한 world)에서는 이 edge 없이 from→to 도달 불가
TE0331,DN_EC0082,DN_EC0150,TEMPORAL_BEFORE,active(DN_EC0082) ∧ active(DN_EC0150) ∧ E_EC0082,DATE_ONLY:CLAIMED_VS_COURT_DATE_ORDER,PRIMITIVE_EDGE,"DN_EC0082 → DN_EC0020 → DN_EC0150 [TE0322, TE0738]",TE0322:E_EC0082; TE0738:HARD(조건 없음); active(DN_EC0020):E_EC0020 = TRUE,INTERMEDIATE_NODE_MAY_VANISH: 이 edge가 활성인 world에서도 중간 node가 없을 수 있음 (보장 안 되는 조건: E_EC0020),조건부 중복: alternative_path_conditions가 모두 참인 world에서만 shortcut이 중복(그 world의 materialize 단계에서만 생략 가능); 42의 witness_world(논리적으로 가능한 world)에서는 이 edge 없이 from→to 도달 불가 / endpoint가 SAME 후보: collapse된 class로 활성될 수 있어 그 endpoint의 활성 literal은 L(e)에서 제외
TE0332,DN_EC0082,DN_EC0151,TEMPORAL_BEFORE,active(DN_EC0082) ∧ active(DN_EC0151) ∧ E_EC0082,DATE_ONLY:CLAIMED_VS_COURT_DATE_ORDER,PRIMITIVE_EDGE,"DN_EC0082 → DN_EC0020 → DN_EC0151 [TE0322, TE0739]",TE0322:E_EC0082; TE0739:HARD(조건 없음); active(DN_EC0020):E_EC0020 = TRUE,INTERMEDIATE_NODE_MAY_VANISH: 이 edge가 활성인 world에서도 중간 node가 없을 수 있음 (보장 안 되는 조건: E_EC0020),조건부 중복: alternative_path_conditions가 모두 참인 world에서만 shortcut이 중복(그 world의 materialize 단계에서만 생략 가능); 42의 witness_world(논리적으로 가능한 world)에서는 이 edge 없이 from→to 도달 불가 / endpoint가 SAME 후보: collapse된 class로 활성될 수 있어 그 endpoint의 활성 literal은 L(e)에서 제외
TE0333,DN_EC0082,DN_EC0152,TEMPORAL_BEFORE,active(DN_EC0082) ∧ active(DN_EC0152) ∧ E_EC0082,DATE_ONLY:CLAIMED_VS_COURT_DATE_ORDER,PRIMITIVE_EDGE,"DN_EC0082 → DN_EC0020 → DN_EC0152 [TE0322, TE0740]",TE0322:E_EC0082; TE0740:HARD(조건 없음); active(DN_EC0020):E_EC0020 = TRUE,INTERMEDIATE_NODE_MAY_VANISH: 이 edge가 활성인 world에서도 중간 node가 없을 수 있음 (보장 안 되는 조건: E_EC0020),조건부 중복: alternative_path_conditions가 모두 참인 world에서만 shortcut이 중복(그 world의 materialize 단계에서만 생략 가능); 42의 witness_world(논리적으로 가능한 world)에서는 이 edge 없이 from→to 도달 불가
TE0334,DN_EC0082,DN_EC0153,TEMPORAL_BEFORE,active(DN_EC0082) ∧ active(DN_EC0153) ∧ E_EC0082,DATE_ONLY:CLAIMED_VS_COURT_DATE_ORDER,PRIMITIVE_EDGE,"DN_EC0082 → DN_EC0020 → DN_EC0153 [TE0322, TE0741]",TE0322:E_EC0082; TE0741:HARD(조건 없음); active(DN_EC0020):E_EC0020 = TRUE,INTERMEDIATE_NODE_MAY_VANISH: 이 edge가 활성인 world에서도 중간 node가 없을 수 있음 (보장 안 되는 조건: E_EC0020),조건부 중복: alternative_path_conditions가 모두 참인 world에서만 shortcut이 중복(그 world의 materialize 단계에서만 생략 가능); 42의 witness_world(논리적으로 가능한 world)에서는 이 edge 없이 from→to 도달 불가
TE0335,DN_EC0082,DN_EC0154,TEMPORAL_BEFORE,active(DN_EC0082) ∧ active(DN_EC0154) ∧ E_EC0082,DATE_ONLY:CLAIMED_VS_COURT_DATE_ORDER,PRIMITIVE_EDGE,"DN_EC0082 → DN_EC0020 → DN_EC0154 [TE0322, TE0742]",TE0322:E_EC0082; TE0742:HARD(조건 없음); active(DN_EC0020):E_EC0020 = TRUE,INTERMEDIATE_NODE_MAY_VANISH: 이 edge가 활성인 world에서도 중간 node가 없을 수 있음 (보장 안 되는 조건: E_EC0020),조건부 중복: alternative_path_conditions가 모두 참인 world에서만 shortcut이 중복(그 world의 materialize 단계에서만 생략 가능); 42의 witness_world(논리적으로 가능한 world)에서는 이 edge 없이 from→to 도달 불가
TE0336,DN_EC0082,DN_EC0155,TEMPORAL_BEFORE,active(DN_EC0082) ∧ active(DN_EC0155) ∧ E_EC0082,DATE_ONLY:CLAIMED_VS_COURT_DATE_ORDER,PRIMITIVE_EDGE,"DN_EC0082 → DN_EC0020 → DN_EC0155 [TE0322, TE0743]",TE0322:E_EC0082; TE0743:HARD(조건 없음); active(DN_EC0020):E_EC0020 = TRUE,INTERMEDIATE_NODE_MAY_VANISH: 이 edge가 활성인 world에서도 중간 node가 없을 수 있음 (보장 안 되는 조건: E_EC0020),조건부 중복: alternative_path_conditions가 모두 참인 world에서만 shortcut이 중복(그 world의 materialize 단계에서만 생략 가능); 42의 witness_world(논리적으로 가능한 world)에서는 이 edge 없이 from→to 도달 불가
TE0337,DN_EC0082,DN_J_HONG_17930528_JISE,TEMPORAL_BEFORE,active(DN_EC0082) ∧ active(DN_J_HONG_17930528_JISE) ∧ E_EC0082,DATE_ONLY:CLAIMED_VS_COURT_DATE_ORDER,PRIMITIVE_EDGE,"DN_EC0082 → DN_EC0020 → DN_J_HONG_17930528_JISE [TE0322, TE0744]",TE0322:E_EC0082; TE0744:HARD(조건 없음); active(DN_EC0020):E_EC0020 = TRUE,INTERMEDIATE_NODE_MAY_VANISH: 이 edge가 활성인 world에서도 중간 node가 없을 수 있음 (보장 안 되는 조건: E_EC0020),조건부 중복: alternative_path_conditions가 모두 참인 world에서만 shortcut이 중복(그 world의 materialize 단계에서만 생략 가능); 42의 witness_world(논리적으로 가능한 world)에서는 이 edge 없이 from→to 도달 불가
TE0338,DN_EC0082,DN_J_HONG_17930613_JISE,TEMPORAL_BEFORE,active(DN_EC0082) ∧ active(DN_J_HONG_17930613_JISE) ∧ E_EC0082,DATE_ONLY:CLAIMED_VS_COURT_DATE_ORDER,PRIMITIVE_EDGE,"DN_EC0082 → DN_EC0020 → DN_J_HONG_17930613_JISE [TE0322, TE0745]",TE0322:E_EC0082; TE0745:HARD(조건 없음); active(DN_EC0020):E_EC0020 = TRUE,INTERMEDIATE_NODE_MAY_VANISH: 이 edge가 활성인 world에서도 중간 node가 없을 수 있음 (보장 안 되는 조건: E_EC0020),조건부 중복: alternative_path_conditions가 모두 참인 world에서만 shortcut이 중복(그 world의 materialize 단계에서만 생략 가능); 42의 witness_world(논리적으로 가능한 world)에서는 이 edge 없이 from→to 도달 불가
TE0339,DN_EC0082,DN_J_HONG_17930613_KIM_DEATH,TEMPORAL_BEFORE,active(DN_EC0082) ∧ active(DN_J_HONG_17930613_KIM_DEATH) ∧ E_EC0082,DATE_ONLY:CLAIMED_VS_COURT_DATE_ORDER,PRIMITIVE_EDGE,"DN_EC0082 → DN_EC0020 → DN_J_HONG_17930613_KIM_DEATH [TE0322, TE0746]",TE0322:E_EC0082; TE0746:HARD(조건 없음); active(DN_EC0020):E_EC0020 = TRUE,INTERMEDIATE_NODE_MAY_VANISH: 이 edge가 활성인 world에서도 중간 node가 없을 수 있음 (보장 안 되는 조건: E_EC0020),조건부 중복: alternative_path_conditions가 모두 참인 world에서만 shortcut이 중복(그 world의 materialize 단계에서만 생략 가능); 42의 witness_world(논리적으로 가능한 world)에서는 이 edge 없이 from→to 도달 불가
TE0340,DN_EC0082,DN_J_HONG_17930613_THEFT,TEMPORAL_BEFORE,active(DN_EC0082) ∧ active(DN_J_HONG_17930613_THEFT) ∧ E_EC0082,DATE_ONLY:CLAIMED_VS_COURT_DATE_ORDER,PRIMITIVE_EDGE,"DN_EC0082 → DN_EC0020 → DN_J_HONG_17930613_THEFT [TE0322, TE0747]",TE0322:E_EC0082; TE0747:HARD(조건 없음); active(DN_EC0020):E_EC0020 = TRUE,INTERMEDIATE_NODE_MAY_VANISH: 이 edge가 활성인 world에서도 중간 node가 없을 수 있음 (보장 안 되는 조건: E_EC0020),조건부 중복: alternative_path_conditions가 모두 참인 world에서만 shortcut이 중복(그 world의 materialize 단계에서만 생략 가능); 42의 witness_world(논리적으로 가능한 world)에서는 이 edge 없이 from→to 도달 불가
TE0341,DN_EC0082,DN_J_IJOWON_17930527_JISE,TEMPORAL_BEFORE,active(DN_EC0082) ∧ active(DN_J_IJOWON_17930527_JISE) ∧ E_EC0082,DATE_ONLY:CLAIMED_VS_COURT_DATE_ORDER,PRIMITIVE_EDGE,"DN_EC0082 → DN_EC0020 → DN_J_IJOWON_17930527_JISE [TE0322, TE0748]",TE0322:E_EC0082; TE0748:HARD(조건 없음); active(DN_EC0020):E_EC0020 = TRUE,INTERMEDIATE_NODE_MAY_VANISH: 이 edge가 활성인 world에서도 중간 node가 없을 수 있음 (보장 안 되는 조건: E_EC0020),조건부 중복: alternative_path_conditions가 모두 참인 world에서만 shortcut이 중복(그 world의 materialize 단계에서만 생략 가능); 42의 witness_world(논리적으로 가능한 world)에서는 이 edge 없이 from→to 도달 불가
TE0342,DN_EC0082,DN_J_IJOWON_17930527_KIM_DEATH,TEMPORAL_BEFORE,active(DN_EC0082) ∧ active(DN_J_IJOWON_17930527_KIM_DEATH) ∧ E_EC0082,DATE_ONLY:CLAIMED_VS_COURT_DATE_ORDER,PRIMITIVE_EDGE,"DN_EC0082 → DN_EC0020 → DN_J_IJOWON_17930527_KIM_DEATH [TE0322, TE0749]",TE0322:E_EC0082; TE0749:HARD(조건 없음); active(DN_EC0020):E_EC0020 = TRUE,INTERMEDIATE_NODE_MAY_VANISH: 이 edge가 활성인 world에서도 중간 node가 없을 수 있음 (보장 안 되는 조건: E_EC0020),조건부 중복: alternative_path_conditions가 모두 참인 world에서만 shortcut이 중복(그 world의 materialize 단계에서만 생략 가능); 42의 witness_world(논리적으로 가능한 world)에서는 이 edge 없이 from→to 도달 불가
TE0343,DN_EC0082,DN_J_IJOWON_17930527_THEFT,TEMPORAL_BEFORE,active(DN_EC0082) ∧ active(DN_J_IJOWON_17930527_THEFT) ∧ E_EC0082,DATE_ONLY:CLAIMED_VS_COURT_DATE_ORDER,PRIMITIVE_EDGE,"DN_EC0082 → DN_EC0020 → DN_J_IJOWON_17930527_THEFT [TE0322, TE0750]",TE0322:E_EC0082; TE0750:HARD(조건 없음); active(DN_EC0020):E_EC0020 = TRUE,INTERMEDIATE_NODE_MAY_VANISH: 이 edge가 활성인 world에서도 중간 node가 없을 수 있음 (보장 안 되는 조건: E_EC0020),조건부 중복: alternative_path_conditions가 모두 참인 world에서만 shortcut이 중복(그 world의 materialize 단계에서만 생략 가능); 42의 witness_world(논리적으로 가능한 world)에서는 이 edge 없이 from→to 도달 불가
TE0344,DN_EC0082,DN_J_JEONGJO_17930512_THEFT,TEMPORAL_BEFORE,active(DN_EC0082) ∧ active(DN_J_JEONGJO_17930512_THEFT) ∧ E_EC0082,DATE_ONLY:CLAIMED_VS_COURT_DATE_ORDER,PRIMITIVE_EDGE,"DN_EC0082 → DN_EC0089 → DN_J_JEONGJO_17930512_THEFT [TE0311, TE0447]",TE0311:(E_EC0082 ∧ E_EC0089); TE0447:E_EC0089; active(DN_EC0089):E_EC0089 = TRUE,PATH_EDGE_CONDITION_NOT_GUARANTEED: path의 edge 조건·중간 node가 보장되지 않음 (E_EC0089),조건부 중복: alternative_path_conditions가 모두 참인 world에서만 shortcut이 중복(그 world의 materialize 단계에서만 생략 가능); 42의 witness_world(논리적으로 가능한 world)에서는 이 edge 없이 from→to 도달 불가
TE0345,DN_EC0082,DN_J_JEONGJO_17930613_JISE,TEMPORAL_BEFORE,active(DN_EC0082) ∧ active(DN_J_JEONGJO_17930613_JISE) ∧ E_EC0082,DATE_ONLY:CLAIMED_VS_COURT_DATE_ORDER,PRIMITIVE_EDGE,"DN_EC0082 → DN_EC0020 → DN_J_JEONGJO_17930613_JISE [TE0322, TE0751]",TE0322:E_EC0082; TE0751:HARD(조건 없음); active(DN_EC0020):E_EC0020 = TRUE,INTERMEDIATE_NODE_MAY_VANISH: 이 edge가 활성인 world에서도 중간 node가 없을 수 있음 (보장 안 되는 조건: E_EC0020),조건부 중복: alternative_path_conditions가 모두 참인 world에서만 shortcut이 중복(그 world의 materialize 단계에서만 생략 가능); 42의 witness_world(논리적으로 가능한 world)에서는 이 edge 없이 from→to 도달 불가
TE0346,DN_EC0082,DN_J_JEONGJO_17930613_KIM_DEATH,TEMPORAL_BEFORE,active(DN_EC0082) ∧ active(DN_J_JEONGJO_17930613_KIM_DEATH) ∧ E_EC0082,DATE_ONLY:CLAIMED_VS_COURT_DATE_ORDER,PRIMITIVE_EDGE,"DN_EC0082 → DN_EC0020 → DN_J_JEONGJO_17930613_KIM_DEATH [TE0322, TE0752]",TE0322:E_EC0082; TE0752:HARD(조건 없음); active(DN_EC0020):E_EC0020 = TRUE,INTERMEDIATE_NODE_MAY_VANISH: 이 edge가 활성인 world에서도 중간 node가 없을 수 있음 (보장 안 되는 조건: E_EC0020),조건부 중복: alternative_path_conditions가 모두 참인 world에서만 shortcut이 중복(그 world의 materialize 단계에서만 생략 가능); 42의 witness_world(논리적으로 가능한 world)에서는 이 edge 없이 from→to 도달 불가
TE0347,DN_EC0082,DN_J_JEONGJO_17930613_THEFT,TEMPORAL_BEFORE,active(DN_EC0082) ∧ active(DN_J_JEONGJO_17930613_THEFT) ∧ E_EC0082,DATE_ONLY:CLAIMED_VS_COURT_DATE_ORDER,PRIMITIVE_EDGE,"DN_EC0082 → DN_EC0020 → DN_J_JEONGJO_17930613_THEFT [TE0322, TE0753]",TE0322:E_EC0082; TE0753:HARD(조건 없음); active(DN_EC0020):E_EC0020 = TRUE,INTERMEDIATE_NODE_MAY_VANISH: 이 edge가 활성인 world에서도 중간 node가 없을 수 있음 (보장 안 되는 조건: E_EC0020),조건부 중복: alternative_path_conditions가 모두 참인 world에서만 shortcut이 중복(그 world의 materialize 단계에서만 생략 가능); 42의 witness_world(논리적으로 가능한 world)에서는 이 edge 없이 from→to 도달 불가
TE0348,DN_EC0083,DN_EC0089,TEMPORAL_BEFORE,active(DN_EC0083) ∧ active(DN_EC0089) ∧ (E_EC0083 ∧ E_EC0089),DATE_ONLY:CLAIMED_DATE_ORDER,PRIMITIVE_EDGE,,,NO_ALTERNATIVE_PATH: 다른 보존 edge로 from→to path 없음,42의 witness_world에서 이 edge 없이 from→to 도달 불가 / endpoint가 SAME 후보: collapse된 class로 활성될 수 있어 그 endpoint의 활성 literal은 L(e)에서 제외
TE0349,DN_EC0083,DN_EC0093,TEMPORAL_BEFORE,active(DN_EC0083) ∧ active(DN_EC0093) ∧ (E_EC0083 ∧ E_EC0093),DATE_ONLY:CLAIMED_DATE_ORDER,PRIMITIVE_EDGE,,,NO_ALTERNATIVE_PATH: 다른 보존 edge로 from→to path 없음,42의 witness_world에서 이 edge 없이 from→to 도달 불가
TE0350,DN_EC0083,DN_EC0094,TEMPORAL_BEFORE,active(DN_EC0083) ∧ active(DN_EC0094) ∧ (E_EC0083 ∧ E_EC0094),DATE_ONLY:CLAIMED_DATE_ORDER,PRIMITIVE_EDGE,,,NO_ALTERNATIVE_PATH: 다른 보존 edge로 from→to path 없음,42의 witness_world에서 이 edge 없이 from→to 도달 불가
TE0351,DN_EC0083,DN_EC0095,TEMPORAL_BEFORE,active(DN_EC0083) ∧ active(DN_EC0095) ∧ (E_EC0083 ∧ E_EC0095),DATE_ONLY:CLAIMED_DATE_ORDER,PRIMITIVE_EDGE,,,NO_ALTERNATIVE_PATH: 다른 보존 edge로 from→to path 없음,42의 witness_world에서 이 edge 없이 from→to 도달 불가
TE0352,DN_EC0083,DN_EC0096,TEMPORAL_BEFORE,active(DN_EC0083) ∧ active(DN_EC0096) ∧ (E_EC0083 ∧ E_EC0096),DATE_ONLY:CLAIMED_DATE_ORDER,PRIMITIVE_EDGE,"DN_EC0083 → DN_EC0089 → DN_EC0096 [TE0348, TE0418]",TE0348:(E_EC0083 ∧ E_EC0089); TE0418:(E_EC0089 ∧ E_EC0096); active(DN_EC0089):E_EC0089 = TRUE,PATH_EDGE_CONDITION_NOT_GUARANTEED: path의 edge 조건·중간 node가 보장되지 않음 (E_EC0089),조건부 중복: alternative_path_conditions가 모두 참인 world에서만 shortcut이 중복(그 world의 materialize 단계에서만 생략 가능); 42의 witness_world(논리적으로 가능한 world)에서는 이 edge 없이 from→to 도달 불가
TE0353,DN_EC0083,DN_EC0097,TEMPORAL_BEFORE,active(DN_EC0083) ∧ active(DN_EC0097) ∧ (E_EC0083 ∧ E_EC0097),DATE_ONLY:CLAIMED_DATE_ORDER,PRIMITIVE_EDGE,"DN_EC0083 → DN_EC0089 → DN_EC0097 [TE0348, TE0419]",TE0348:(E_EC0083 ∧ E_EC0089); TE0419:(E_EC0089 ∧ E_EC0097); active(DN_EC0089):E_EC0089 = TRUE,PATH_EDGE_CONDITION_NOT_GUARANTEED: path의 edge 조건·중간 node가 보장되지 않음 (E_EC0089),조건부 중복: alternative_path_conditions가 모두 참인 world에서만 shortcut이 중복(그 world의 materialize 단계에서만 생략 가능); 42의 witness_world(논리적으로 가능한 world)에서는 이 edge 없이 from→to 도달 불가 / endpoint가 SAME 후보: collapse된 class로 활성될 수 있어 그 endpoint의 활성 literal은 L(e)에서 제외
TE0354,DN_EC0083,DN_EC0098,TEMPORAL_BEFORE,active(DN_EC0083) ∧ active(DN_EC0098) ∧ (E_EC0083 ∧ E_EC0098),DATE_ONLY:CLAIMED_DATE_ORDER,PRIMITIVE_EDGE,"DN_EC0083 → DN_EC0089 → DN_EC0098 [TE0348, TE0420]",TE0348:(E_EC0083 ∧ E_EC0089); TE0420:(E_EC0089 ∧ E_EC0098); active(DN_EC0089):E_EC0089 = TRUE,PATH_EDGE_CONDITION_NOT_GUARANTEED: path의 edge 조건·중간 node가 보장되지 않음 (E_EC0089),조건부 중복: alternative_path_conditions가 모두 참인 world에서만 shortcut이 중복(그 world의 materialize 단계에서만 생략 가능); 42의 witness_world(논리적으로 가능한 world)에서는 이 edge 없이 from→to 도달 불가 / endpoint가 SAME 후보: collapse된 class로 활성될 수 있어 그 endpoint의 활성 literal은 L(e)에서 제외
TE0355,DN_EC0083,DN_EC0099,TEMPORAL_BEFORE,active(DN_EC0083) ∧ active(DN_EC0099) ∧ (E_EC0083 ∧ E_EC0099),DATE_ONLY:CLAIMED_DATE_ORDER,PRIMITIVE_EDGE,"DN_EC0083 → DN_EC0089 → DN_EC0099 [TE0348, TE0421]",TE0348:(E_EC0083 ∧ E_EC0089); TE0421:(E_EC0089 ∧ E_EC0099); active(DN_EC0089):E_EC0089 = TRUE,PATH_EDGE_CONDITION_NOT_GUARANTEED: path의 edge 조건·중간 node가 보장되지 않음 (E_EC0089),조건부 중복: alternative_path_conditions가 모두 참인 world에서만 shortcut이 중복(그 world의 materialize 단계에서만 생략 가능); 42의 witness_world(논리적으로 가능한 world)에서는 이 edge 없이 from→to 도달 불가
TE0356,DN_EC0083,DN_EC0100,TEMPORAL_BEFORE,active(DN_EC0083) ∧ active(DN_EC0100) ∧ (E_EC0083 ∧ E_EC0100),DATE_ONLY:CLAIMED_DATE_ORDER,PRIMITIVE_EDGE,"DN_EC0083 → DN_EC0089 → DN_EC0100 [TE0348, TE0422]",TE0348:(E_EC0083 ∧ E_EC0089); TE0422:(E_EC0089 ∧ E_EC0100); active(DN_EC0089):E_EC0089 = TRUE,PATH_EDGE_CONDITION_NOT_GUARANTEED: path의 edge 조건·중간 node가 보장되지 않음 (E_EC0089),조건부 중복: alternative_path_conditions가 모두 참인 world에서만 shortcut이 중복(그 world의 materialize 단계에서만 생략 가능); 42의 witness_world(논리적으로 가능한 world)에서는 이 edge 없이 from→to 도달 불가
TE0357,DN_EC0083,DN_EC0101,TEMPORAL_BEFORE,active(DN_EC0083) ∧ active(DN_EC0101) ∧ (E_EC0083 ∧ E_EC0101),DATE_ONLY:CLAIMED_DATE_ORDER,PRIMITIVE_EDGE,"DN_EC0083 → DN_EC0089 → DN_EC0101 [TE0348, TE0423]",TE0348:(E_EC0083 ∧ E_EC0089); TE0423:(E_EC0089 ∧ E_EC0101); active(DN_EC0089):E_EC0089 = TRUE,PATH_EDGE_CONDITION_NOT_GUARANTEED: path의 edge 조건·중간 node가 보장되지 않음 (E_EC0089),조건부 중복: alternative_path_conditions가 모두 참인 world에서만 shortcut이 중복(그 world의 materialize 단계에서만 생략 가능); 42의 witness_world(논리적으로 가능한 world)에서는 이 edge 없이 from→to 도달 불가
TE0358,DN_EC0083,DN_EC0102,TEMPORAL_BEFORE,active(DN_EC0083) ∧ active(DN_EC0102) ∧ (E_EC0083 ∧ E_EC0102),DATE_ONLY:CLAIMED_DATE_ORDER,PRIMITIVE_EDGE,"DN_EC0083 → DN_EC0089 → DN_EC0102 [TE0348, TE0424]",TE0348:(E_EC0083 ∧ E_EC0089); TE0424:(E_EC0089 ∧ E_EC0102); active(DN_EC0089):E_EC0089 = TRUE,PATH_EDGE_CONDITION_NOT_GUARANTEED: path의 edge 조건·중간 node가 보장되지 않음 (E_EC0089),조건부 중복: alternative_path_conditions가 모두 참인 world에서만 shortcut이 중복(그 world의 materialize 단계에서만 생략 가능); 42의 witness_world(논리적으로 가능한 world)에서는 이 edge 없이 from→to 도달 불가
TE0359,DN_EC0083,DN_EC0020,TEMPORAL_BEFORE,active(DN_EC0083) ∧ active(DN_EC0020) ∧ E_EC0083,DATE_ONLY:CLAIMED_VS_COURT_DATE_ORDER,PRIMITIVE_EDGE,"DN_EC0083 → DN_EC0089 → DN_EC0020 [TE0348, TE0425]",TE0348:(E_EC0083 ∧ E_EC0089); TE0425:E_EC0089; active(DN_EC0089):E_EC0089 = TRUE,PATH_EDGE_CONDITION_NOT_GUARANTEED: path의 edge 조건·중간 node가 보장되지 않음 (E_EC0089),조건부 중복: alternative_path_conditions가 모두 참인 world에서만 shortcut이 중복(그 world의 materialize 단계에서만 생략 가능); 42의 witness_world(논리적으로 가능한 world)에서는 이 edge 없이 from→to 도달 불가
TE0360,DN_EC0083,DN_EC0021,TEMPORAL_BEFORE,active(DN_EC0083) ∧ active(DN_EC0021) ∧ E_EC0083,DATE_ONLY:CLAIMED_VS_COURT_DATE_ORDER,PRIMITIVE_EDGE,"DN_EC0083 → DN_EC0020 → DN_EC0021 [TE0359, TE0024]",TE0359:E_EC0083; TE0024:HARD(조건 없음); active(DN_EC0020):E_EC0020 = TRUE,INTERMEDIATE_NODE_MAY_VANISH: 이 edge가 활성인 world에서도 중간 node가 없을 수 있음 (보장 안 되는 조건: E_EC0020),조건부 중복: alternative_path_conditions가 모두 참인 world에서만 shortcut이 중복(그 world의 materialize 단계에서만 생략 가능); 42의 witness_world(논리적으로 가능한 world)에서는 이 edge 없이 from→to 도달 불가
TE0361,DN_EC0083,DN_EC0023,TEMPORAL_BEFORE,active(DN_EC0083) ∧ active(DN_EC0023) ∧ E_EC0083,DATE_ONLY:CLAIMED_VS_COURT_DATE_ORDER,PRIMITIVE_EDGE,"DN_EC0083 → DN_EC0089 → DN_EC0023 [TE0348, TE0427]",TE0348:(E_EC0083 ∧ E_EC0089); TE0427:E_EC0089; active(DN_EC0089):E_EC0089 = TRUE,PATH_EDGE_CONDITION_NOT_GUARANTEED: path의 edge 조건·중간 node가 보장되지 않음 (E_EC0089),조건부 중복: alternative_path_conditions가 모두 참인 world에서만 shortcut이 중복(그 world의 materialize 단계에서만 생략 가능); 42의 witness_world(논리적으로 가능한 world)에서는 이 edge 없이 from→to 도달 불가
TE0362,DN_EC0083,DN_EC0044,TEMPORAL_BEFORE,active(DN_EC0083) ∧ active(DN_EC0044) ∧ E_EC0083,DATE_ONLY:CLAIMED_VS_COURT_DATE_ORDER,PRIMITIVE_EDGE,"DN_EC0083 → DN_EC0020 → DN_EC0044 [TE0359, TE0732]",TE0359:E_EC0083; TE0732:HARD(조건 없음); active(DN_EC0020):E_EC0020 = TRUE,INTERMEDIATE_NODE_MAY_VANISH: 이 edge가 활성인 world에서도 중간 node가 없을 수 있음 (보장 안 되는 조건: E_EC0020),조건부 중복: alternative_path_conditions가 모두 참인 world에서만 shortcut이 중복(그 world의 materialize 단계에서만 생략 가능); 42의 witness_world(논리적으로 가능한 world)에서는 이 edge 없이 from→to 도달 불가
TE0363,DN_EC0083,DN_EC0045,TEMPORAL_BEFORE,active(DN_EC0083) ∧ active(DN_EC0045) ∧ E_EC0083,DATE_ONLY:CLAIMED_VS_COURT_DATE_ORDER,PRIMITIVE_EDGE,"DN_EC0083 → DN_EC0020 → DN_EC0045 [TE0359, TE0733]",TE0359:E_EC0083; TE0733:HARD(조건 없음); active(DN_EC0020):E_EC0020 = TRUE,INTERMEDIATE_NODE_MAY_VANISH: 이 edge가 활성인 world에서도 중간 node가 없을 수 있음 (보장 안 되는 조건: E_EC0020),조건부 중복: alternative_path_conditions가 모두 참인 world에서만 shortcut이 중복(그 world의 materialize 단계에서만 생략 가능); 42의 witness_world(논리적으로 가능한 world)에서는 이 edge 없이 from→to 도달 불가
TE0364,DN_EC0083,DN_EC0048,TEMPORAL_BEFORE,active(DN_EC0083) ∧ active(DN_EC0048) ∧ E_EC0083,DATE_ONLY:CLAIMED_VS_COURT_DATE_ORDER,PRIMITIVE_EDGE,"DN_EC0083 → DN_EC0020 → DN_EC0048 [TE0359, TE0734]",TE0359:E_EC0083; TE0734:HARD(조건 없음); active(DN_EC0020):E_EC0020 = TRUE,INTERMEDIATE_NODE_MAY_VANISH: 이 edge가 활성인 world에서도 중간 node가 없을 수 있음 (보장 안 되는 조건: E_EC0020),조건부 중복: alternative_path_conditions가 모두 참인 world에서만 shortcut이 중복(그 world의 materialize 단계에서만 생략 가능); 42의 witness_world(논리적으로 가능한 world)에서는 이 edge 없이 from→to 도달 불가
TE0365,DN_EC0083,DN_EC0049,TEMPORAL_BEFORE,active(DN_EC0083) ∧ active(DN_EC0049) ∧ E_EC0083,DATE_ONLY:CLAIMED_VS_COURT_DATE_ORDER,PRIMITIVE_EDGE,"DN_EC0083 → DN_EC0020 → DN_EC0049 [TE0359, TE0735]",TE0359:E_EC0083; TE0735:HARD(조건 없음); active(DN_EC0020):E_EC0020 = TRUE,INTERMEDIATE_NODE_MAY_VANISH: 이 edge가 활성인 world에서도 중간 node가 없을 수 있음 (보장 안 되는 조건: E_EC0020),조건부 중복: alternative_path_conditions가 모두 참인 world에서만 shortcut이 중복(그 world의 materialize 단계에서만 생략 가능); 42의 witness_world(논리적으로 가능한 world)에서는 이 edge 없이 from→to 도달 불가
TE0366,DN_EC0083,DN_EC0061,TEMPORAL_BEFORE,active(DN_EC0083) ∧ active(DN_EC0061) ∧ E_EC0083,DATE_ONLY:CLAIMED_VS_COURT_DATE_ORDER,PRIMITIVE_EDGE,"DN_EC0083 → DN_EC0020 → DN_EC0061 [TE0359, TE0736]",TE0359:E_EC0083; TE0736:HARD(조건 없음); active(DN_EC0020):E_EC0020 = TRUE,INTERMEDIATE_NODE_MAY_VANISH: 이 edge가 활성인 world에서도 중간 node가 없을 수 있음 (보장 안 되는 조건: E_EC0020),조건부 중복: alternative_path_conditions가 모두 참인 world에서만 shortcut이 중복(그 world의 materialize 단계에서만 생략 가능); 42의 witness_world(논리적으로 가능한 world)에서는 이 edge 없이 from→to 도달 불가
TE0367,DN_EC0083,DN_EC0062,TEMPORAL_BEFORE,active(DN_EC0083) ∧ active(DN_EC0062) ∧ E_EC0083,DATE_ONLY:CLAIMED_VS_COURT_DATE_ORDER,PRIMITIVE_EDGE,"DN_EC0083 → DN_EC0020 → DN_EC0062 [TE0359, TE0737]",TE0359:E_EC0083; TE0737:HARD(조건 없음); active(DN_EC0020):E_EC0020 = TRUE,INTERMEDIATE_NODE_MAY_VANISH: 이 edge가 활성인 world에서도 중간 node가 없을 수 있음 (보장 안 되는 조건: E_EC0020),조건부 중복: alternative_path_conditions가 모두 참인 world에서만 shortcut이 중복(그 world의 materialize 단계에서만 생략 가능); 42의 witness_world(논리적으로 가능한 world)에서는 이 edge 없이 from→to 도달 불가
TE0368,DN_EC0083,DN_EC0150,TEMPORAL_BEFORE,active(DN_EC0083) ∧ active(DN_EC0150) ∧ E_EC0083,DATE_ONLY:CLAIMED_VS_COURT_DATE_ORDER,PRIMITIVE_EDGE,"DN_EC0083 → DN_EC0020 → DN_EC0150 [TE0359, TE0738]",TE0359:E_EC0083; TE0738:HARD(조건 없음); active(DN_EC0020):E_EC0020 = TRUE,INTERMEDIATE_NODE_MAY_VANISH: 이 edge가 활성인 world에서도 중간 node가 없을 수 있음 (보장 안 되는 조건: E_EC0020),조건부 중복: alternative_path_conditions가 모두 참인 world에서만 shortcut이 중복(그 world의 materialize 단계에서만 생략 가능); 42의 witness_world(논리적으로 가능한 world)에서는 이 edge 없이 from→to 도달 불가 / endpoint가 SAME 후보: collapse된 class로 활성될 수 있어 그 endpoint의 활성 literal은 L(e)에서 제외
TE0369,DN_EC0083,DN_EC0151,TEMPORAL_BEFORE,active(DN_EC0083) ∧ active(DN_EC0151) ∧ E_EC0083,DATE_ONLY:CLAIMED_VS_COURT_DATE_ORDER,PRIMITIVE_EDGE,"DN_EC0083 → DN_EC0020 → DN_EC0151 [TE0359, TE0739]",TE0359:E_EC0083; TE0739:HARD(조건 없음); active(DN_EC0020):E_EC0020 = TRUE,INTERMEDIATE_NODE_MAY_VANISH: 이 edge가 활성인 world에서도 중간 node가 없을 수 있음 (보장 안 되는 조건: E_EC0020),조건부 중복: alternative_path_conditions가 모두 참인 world에서만 shortcut이 중복(그 world의 materialize 단계에서만 생략 가능); 42의 witness_world(논리적으로 가능한 world)에서는 이 edge 없이 from→to 도달 불가 / endpoint가 SAME 후보: collapse된 class로 활성될 수 있어 그 endpoint의 활성 literal은 L(e)에서 제외
TE0370,DN_EC0083,DN_EC0152,TEMPORAL_BEFORE,active(DN_EC0083) ∧ active(DN_EC0152) ∧ E_EC0083,DATE_ONLY:CLAIMED_VS_COURT_DATE_ORDER,PRIMITIVE_EDGE,"DN_EC0083 → DN_EC0020 → DN_EC0152 [TE0359, TE0740]",TE0359:E_EC0083; TE0740:HARD(조건 없음); active(DN_EC0020):E_EC0020 = TRUE,INTERMEDIATE_NODE_MAY_VANISH: 이 edge가 활성인 world에서도 중간 node가 없을 수 있음 (보장 안 되는 조건: E_EC0020),조건부 중복: alternative_path_conditions가 모두 참인 world에서만 shortcut이 중복(그 world의 materialize 단계에서만 생략 가능); 42의 witness_world(논리적으로 가능한 world)에서는 이 edge 없이 from→to 도달 불가
TE0371,DN_EC0083,DN_EC0153,TEMPORAL_BEFORE,active(DN_EC0083) ∧ active(DN_EC0153) ∧ E_EC0083,DATE_ONLY:CLAIMED_VS_COURT_DATE_ORDER,PRIMITIVE_EDGE,"DN_EC0083 → DN_EC0020 → DN_EC0153 [TE0359, TE0741]",TE0359:E_EC0083; TE0741:HARD(조건 없음); active(DN_EC0020):E_EC0020 = TRUE,INTERMEDIATE_NODE_MAY_VANISH: 이 edge가 활성인 world에서도 중간 node가 없을 수 있음 (보장 안 되는 조건: E_EC0020),조건부 중복: alternative_path_conditions가 모두 참인 world에서만 shortcut이 중복(그 world의 materialize 단계에서만 생략 가능); 42의 witness_world(논리적으로 가능한 world)에서는 이 edge 없이 from→to 도달 불가
TE0372,DN_EC0083,DN_EC0154,TEMPORAL_BEFORE,active(DN_EC0083) ∧ active(DN_EC0154) ∧ E_EC0083,DATE_ONLY:CLAIMED_VS_COURT_DATE_ORDER,PRIMITIVE_EDGE,"DN_EC0083 → DN_EC0020 → DN_EC0154 [TE0359, TE0742]",TE0359:E_EC0083; TE0742:HARD(조건 없음); active(DN_EC0020):E_EC0020 = TRUE,INTERMEDIATE_NODE_MAY_VANISH: 이 edge가 활성인 world에서도 중간 node가 없을 수 있음 (보장 안 되는 조건: E_EC0020),조건부 중복: alternative_path_conditions가 모두 참인 world에서만 shortcut이 중복(그 world의 materialize 단계에서만 생략 가능); 42의 witness_world(논리적으로 가능한 world)에서는 이 edge 없이 from→to 도달 불가
TE0373,DN_EC0083,DN_EC0155,TEMPORAL_BEFORE,active(DN_EC0083) ∧ active(DN_EC0155) ∧ E_EC0083,DATE_ONLY:CLAIMED_VS_COURT_DATE_ORDER,PRIMITIVE_EDGE,"DN_EC0083 → DN_EC0020 → DN_EC0155 [TE0359, TE0743]",TE0359:E_EC0083; TE0743:HARD(조건 없음); active(DN_EC0020):E_EC0020 = TRUE,INTERMEDIATE_NODE_MAY_VANISH: 이 edge가 활성인 world에서도 중간 node가 없을 수 있음 (보장 안 되는 조건: E_EC0020),조건부 중복: alternative_path_conditions가 모두 참인 world에서만 shortcut이 중복(그 world의 materialize 단계에서만 생략 가능); 42의 witness_world(논리적으로 가능한 world)에서는 이 edge 없이 from→to 도달 불가
TE0374,DN_EC0083,DN_J_HONG_17930528_JISE,TEMPORAL_BEFORE,active(DN_EC0083) ∧ active(DN_J_HONG_17930528_JISE) ∧ E_EC0083,DATE_ONLY:CLAIMED_VS_COURT_DATE_ORDER,PRIMITIVE_EDGE,"DN_EC0083 → DN_EC0020 → DN_J_HONG_17930528_JISE [TE0359, TE0744]",TE0359:E_EC0083; TE0744:HARD(조건 없음); active(DN_EC0020):E_EC0020 = TRUE,INTERMEDIATE_NODE_MAY_VANISH: 이 edge가 활성인 world에서도 중간 node가 없을 수 있음 (보장 안 되는 조건: E_EC0020),조건부 중복: alternative_path_conditions가 모두 참인 world에서만 shortcut이 중복(그 world의 materialize 단계에서만 생략 가능); 42의 witness_world(논리적으로 가능한 world)에서는 이 edge 없이 from→to 도달 불가
TE0375,DN_EC0083,DN_J_HONG_17930613_JISE,TEMPORAL_BEFORE,active(DN_EC0083) ∧ active(DN_J_HONG_17930613_JISE) ∧ E_EC0083,DATE_ONLY:CLAIMED_VS_COURT_DATE_ORDER,PRIMITIVE_EDGE,"DN_EC0083 → DN_EC0020 → DN_J_HONG_17930613_JISE [TE0359, TE0745]",TE0359:E_EC0083; TE0745:HARD(조건 없음); active(DN_EC0020):E_EC0020 = TRUE,INTERMEDIATE_NODE_MAY_VANISH: 이 edge가 활성인 world에서도 중간 node가 없을 수 있음 (보장 안 되는 조건: E_EC0020),조건부 중복: alternative_path_conditions가 모두 참인 world에서만 shortcut이 중복(그 world의 materialize 단계에서만 생략 가능); 42의 witness_world(논리적으로 가능한 world)에서는 이 edge 없이 from→to 도달 불가
TE0376,DN_EC0083,DN_J_HONG_17930613_KIM_DEATH,TEMPORAL_BEFORE,active(DN_EC0083) ∧ active(DN_J_HONG_17930613_KIM_DEATH) ∧ E_EC0083,DATE_ONLY:CLAIMED_VS_COURT_DATE_ORDER,PRIMITIVE_EDGE,"DN_EC0083 → DN_EC0020 → DN_J_HONG_17930613_KIM_DEATH [TE0359, TE0746]",TE0359:E_EC0083; TE0746:HARD(조건 없음); active(DN_EC0020):E_EC0020 = TRUE,INTERMEDIATE_NODE_MAY_VANISH: 이 edge가 활성인 world에서도 중간 node가 없을 수 있음 (보장 안 되는 조건: E_EC0020),조건부 중복: alternative_path_conditions가 모두 참인 world에서만 shortcut이 중복(그 world의 materialize 단계에서만 생략 가능); 42의 witness_world(논리적으로 가능한 world)에서는 이 edge 없이 from→to 도달 불가
TE0377,DN_EC0083,DN_J_HONG_17930613_THEFT,TEMPORAL_BEFORE,active(DN_EC0083) ∧ active(DN_J_HONG_17930613_THEFT) ∧ E_EC0083,DATE_ONLY:CLAIMED_VS_COURT_DATE_ORDER,PRIMITIVE_EDGE,"DN_EC0083 → DN_EC0020 → DN_J_HONG_17930613_THEFT [TE0359, TE0747]",TE0359:E_EC0083; TE0747:HARD(조건 없음); active(DN_EC0020):E_EC0020 = TRUE,INTERMEDIATE_NODE_MAY_VANISH: 이 edge가 활성인 world에서도 중간 node가 없을 수 있음 (보장 안 되는 조건: E_EC0020),조건부 중복: alternative_path_conditions가 모두 참인 world에서만 shortcut이 중복(그 world의 materialize 단계에서만 생략 가능); 42의 witness_world(논리적으로 가능한 world)에서는 이 edge 없이 from→to 도달 불가
TE0378,DN_EC0083,DN_J_IJOWON_17930527_JISE,TEMPORAL_BEFORE,active(DN_EC0083) ∧ active(DN_J_IJOWON_17930527_JISE) ∧ E_EC0083,DATE_ONLY:CLAIMED_VS_COURT_DATE_ORDER,PRIMITIVE_EDGE,"DN_EC0083 → DN_EC0020 → DN_J_IJOWON_17930527_JISE [TE0359, TE0748]",TE0359:E_EC0083; TE0748:HARD(조건 없음); active(DN_EC0020):E_EC0020 = TRUE,INTERMEDIATE_NODE_MAY_VANISH: 이 edge가 활성인 world에서도 중간 node가 없을 수 있음 (보장 안 되는 조건: E_EC0020),조건부 중복: alternative_path_conditions가 모두 참인 world에서만 shortcut이 중복(그 world의 materialize 단계에서만 생략 가능); 42의 witness_world(논리적으로 가능한 world)에서는 이 edge 없이 from→to 도달 불가
TE0379,DN_EC0083,DN_J_IJOWON_17930527_KIM_DEATH,TEMPORAL_BEFORE,active(DN_EC0083) ∧ active(DN_J_IJOWON_17930527_KIM_DEATH) ∧ E_EC0083,DATE_ONLY:CLAIMED_VS_COURT_DATE_ORDER,PRIMITIVE_EDGE,"DN_EC0083 → DN_EC0020 → DN_J_IJOWON_17930527_KIM_DEATH [TE0359, TE0749]",TE0359:E_EC0083; TE0749:HARD(조건 없음); active(DN_EC0020):E_EC0020 = TRUE,INTERMEDIATE_NODE_MAY_VANISH: 이 edge가 활성인 world에서도 중간 node가 없을 수 있음 (보장 안 되는 조건: E_EC0020),조건부 중복: alternative_path_conditions가 모두 참인 world에서만 shortcut이 중복(그 world의 materialize 단계에서만 생략 가능); 42의 witness_world(논리적으로 가능한 world)에서는 이 edge 없이 from→to 도달 불가
TE0380,DN_EC0083,DN_J_IJOWON_17930527_THEFT,TEMPORAL_BEFORE,active(DN_EC0083) ∧ active(DN_J_IJOWON_17930527_THEFT) ∧ E_EC0083,DATE_ONLY:CLAIMED_VS_COURT_DATE_ORDER,PRIMITIVE_EDGE,"DN_EC0083 → DN_EC0020 → DN_J_IJOWON_17930527_THEFT [TE0359, TE0750]",TE0359:E_EC0083; TE0750:HARD(조건 없음); active(DN_EC0020):E_EC0020 = TRUE,INTERMEDIATE_NODE_MAY_VANISH: 이 edge가 활성인 world에서도 중간 node가 없을 수 있음 (보장 안 되는 조건: E_EC0020),조건부 중복: alternative_path_conditions가 모두 참인 world에서만 shortcut이 중복(그 world의 materialize 단계에서만 생략 가능); 42의 witness_world(논리적으로 가능한 world)에서는 이 edge 없이 from→to 도달 불가
TE0381,DN_EC0083,DN_J_JEONGJO_17930512_THEFT,TEMPORAL_BEFORE,active(DN_EC0083) ∧ active(DN_J_JEONGJO_17930512_THEFT) ∧ E_EC0083,DATE_ONLY:CLAIMED_VS_COURT_DATE_ORDER,PRIMITIVE_EDGE,"DN_EC0083 → DN_EC0089 → DN_J_JEONGJO_17930512_THEFT [TE0348, TE0447]",TE0348:(E_EC0083 ∧ E_EC0089); TE0447:E_EC0089; active(DN_EC0089):E_EC0089 = TRUE,PATH_EDGE_CONDITION_NOT_GUARANTEED: path의 edge 조건·중간 node가 보장되지 않음 (E_EC0089),조건부 중복: alternative_path_conditions가 모두 참인 world에서만 shortcut이 중복(그 world의 materialize 단계에서만 생략 가능); 42의 witness_world(논리적으로 가능한 world)에서는 이 edge 없이 from→to 도달 불가
TE0382,DN_EC0083,DN_J_JEONGJO_17930613_JISE,TEMPORAL_BEFORE,active(DN_EC0083) ∧ active(DN_J_JEONGJO_17930613_JISE) ∧ E_EC0083,DATE_ONLY:CLAIMED_VS_COURT_DATE_ORDER,PRIMITIVE_EDGE,"DN_EC0083 → DN_EC0020 → DN_J_JEONGJO_17930613_JISE [TE0359, TE0751]",TE0359:E_EC0083; TE0751:HARD(조건 없음); active(DN_EC0020):E_EC0020 = TRUE,INTERMEDIATE_NODE_MAY_VANISH: 이 edge가 활성인 world에서도 중간 node가 없을 수 있음 (보장 안 되는 조건: E_EC0020),조건부 중복: alternative_path_conditions가 모두 참인 world에서만 shortcut이 중복(그 world의 materialize 단계에서만 생략 가능); 42의 witness_world(논리적으로 가능한 world)에서는 이 edge 없이 from→to 도달 불가
TE0383,DN_EC0083,DN_J_JEONGJO_17930613_KIM_DEATH,TEMPORAL_BEFORE,active(DN_EC0083) ∧ active(DN_J_JEONGJO_17930613_KIM_DEATH) ∧ E_EC0083,DATE_ONLY:CLAIMED_VS_COURT_DATE_ORDER,PRIMITIVE_EDGE,"DN_EC0083 → DN_EC0020 → DN_J_JEONGJO_17930613_KIM_DEATH [TE0359, TE0752]",TE0359:E_EC0083; TE0752:HARD(조건 없음); active(DN_EC0020):E_EC0020 = TRUE,INTERMEDIATE_NODE_MAY_VANISH: 이 edge가 활성인 world에서도 중간 node가 없을 수 있음 (보장 안 되는 조건: E_EC0020),조건부 중복: alternative_path_conditions가 모두 참인 world에서만 shortcut이 중복(그 world의 materialize 단계에서만 생략 가능); 42의 witness_world(논리적으로 가능한 world)에서는 이 edge 없이 from→to 도달 불가
TE0384,DN_EC0083,DN_J_JEONGJO_17930613_THEFT,TEMPORAL_BEFORE,active(DN_EC0083) ∧ active(DN_J_JEONGJO_17930613_THEFT) ∧ E_EC0083,DATE_ONLY:CLAIMED_VS_COURT_DATE_ORDER,PRIMITIVE_EDGE,"DN_EC0083 → DN_EC0020 → DN_J_JEONGJO_17930613_THEFT [TE0359, TE0753]",TE0359:E_EC0083; TE0753:HARD(조건 없음); active(DN_EC0020):E_EC0020 = TRUE,INTERMEDIATE_NODE_MAY_VANISH: 이 edge가 활성인 world에서도 중간 node가 없을 수 있음 (보장 안 되는 조건: E_EC0020),조건부 중복: alternative_path_conditions가 모두 참인 world에서만 shortcut이 중복(그 world의 materialize 단계에서만 생략 가능); 42의 witness_world(논리적으로 가능한 world)에서는 이 edge 없이 from→to 도달 불가
TE0385,DN_EC0084,DN_EC0096,TEMPORAL_BEFORE,active(DN_EC0084) ∧ active(DN_EC0096) ∧ (E_EC0084 ∧ E_EC0096),DATE_ONLY:CLAIMED_DATE_ORDER,PRIMITIVE_EDGE,,,NO_ALTERNATIVE_PATH: 다른 보존 edge로 from→to path 없음,42의 witness_world에서 이 edge 없이 from→to 도달 불가
TE0386,DN_EC0084,DN_EC0097,TEMPORAL_BEFORE,active(DN_EC0084) ∧ active(DN_EC0097) ∧ (E_EC0084 ∧ E_EC0097),DATE_ONLY:CLAIMED_DATE_ORDER,PRIMITIVE_EDGE,"DN_EC0084 → DN_EC0096 → DN_EC0097 [TE0385, TE0010]",TE0385:(E_EC0084 ∧ E_EC0096); TE0010:(E_EC0096 ∧ E_EC0097 ∧ ID_BYEONGSA_SRC2_006__IGWANGSEOP); active(DN_EC0096):E_EC0096 = TRUE,"PATH_EDGE_CONDITION_NOT_GUARANTEED: path의 edge 조건·중간 node가 보장되지 않음 (E_EC0096, ID_BYEONGSA_SRC2_006__IGWANGSEOP)",조건부 중복: alternative_path_conditions가 모두 참인 world에서만 shortcut이 중복(그 world의 materialize 단계에서만 생략 가능); 42의 witness_world(논리적으로 가능한 world)에서는 이 edge 없이 from→to 도달 불가 / endpoint가 SAME 후보: collapse된 class로 활성될 수 있어 그 endpoint의 활성 literal은 L(e)에서 제외
TE0387,DN_EC0084,DN_EC0098,TEMPORAL_BEFORE,active(DN_EC0084) ∧ active(DN_EC0098) ∧ (E_EC0084 ∧ E_EC0098),DATE_ONLY:CLAIMED_DATE_ORDER,PRIMITIVE_EDGE,,,NO_ALTERNATIVE_PATH: 다른 보존 edge로 from→to path 없음,42의 witness_world에서 이 edge 없이 from→to 도달 불가 / endpoint가 SAME 후보: collapse된 class로 활성될 수 있어 그 endpoint의 활성 literal은 L(e)에서 제외
TE0388,DN_EC0084,DN_EC0099,TEMPORAL_BEFORE,active(DN_EC0084) ∧ active(DN_EC0099) ∧ (E_EC0084 ∧ E_EC0099),DATE_ONLY:CLAIMED_DATE_ORDER,PRIMITIVE_EDGE,,,NO_ALTERNATIVE_PATH: 다른 보존 edge로 from→to path 없음,42의 witness_world에서 이 edge 없이 from→to 도달 불가
TE0389,DN_EC0084,DN_EC0100,TEMPORAL_BEFORE,active(DN_EC0084) ∧ active(DN_EC0100) ∧ (E_EC0084 ∧ E_EC0100),DATE_ONLY:CLAIMED_DATE_ORDER,PRIMITIVE_EDGE,,,NO_ALTERNATIVE_PATH: 다른 보존 edge로 from→to path 없음,42의 witness_world에서 이 edge 없이 from→to 도달 불가
TE0390,DN_EC0084,DN_EC0101,TEMPORAL_BEFORE,active(DN_EC0084) ∧ active(DN_EC0101) ∧ (E_EC0084 ∧ E_EC0101),DATE_ONLY:CLAIMED_DATE_ORDER,PRIMITIVE_EDGE,,,NO_ALTERNATIVE_PATH: 다른 보존 edge로 from→to path 없음,42의 witness_world에서 이 edge 없이 from→to 도달 불가
TE0391,DN_EC0084,DN_EC0102,TEMPORAL_BEFORE,active(DN_EC0084) ∧ active(DN_EC0102) ∧ (E_EC0084 ∧ E_EC0102),DATE_ONLY:CLAIMED_DATE_ORDER,PRIMITIVE_EDGE,,,NO_ALTERNATIVE_PATH: 다른 보존 edge로 from→to path 없음,42의 witness_world에서 이 edge 없이 from→to 도달 불가
TE0392,DN_EC0084,DN_EC0020,TEMPORAL_BEFORE,active(DN_EC0084) ∧ active(DN_EC0020) ∧ E_EC0084,DATE_ONLY:CLAIMED_VS_COURT_DATE_ORDER,PRIMITIVE_EDGE,"DN_EC0084 → DN_EC0096 → DN_EC0020 [TE0385, TE0550]",TE0385:(E_EC0084 ∧ E_EC0096); TE0550:E_EC0096; active(DN_EC0096):E_EC0096 = TRUE,PATH_EDGE_CONDITION_NOT_GUARANTEED: path의 edge 조건·중간 node가 보장되지 않음 (E_EC0096),조건부 중복: alternative_path_conditions가 모두 참인 world에서만 shortcut이 중복(그 world의 materialize 단계에서만 생략 가능); 42의 witness_world(논리적으로 가능한 world)에서는 이 edge 없이 from→to 도달 불가
TE0393,DN_EC0084,DN_EC0021,TEMPORAL_BEFORE,active(DN_EC0084) ∧ active(DN_EC0021) ∧ E_EC0084,DATE_ONLY:CLAIMED_VS_COURT_DATE_ORDER,PRIMITIVE_EDGE,"DN_EC0084 → DN_EC0020 → DN_EC0021 [TE0392, TE0024]",TE0392:E_EC0084; TE0024:HARD(조건 없음); active(DN_EC0020):E_EC0020 = TRUE,INTERMEDIATE_NODE_MAY_VANISH: 이 edge가 활성인 world에서도 중간 node가 없을 수 있음 (보장 안 되는 조건: E_EC0020),조건부 중복: alternative_path_conditions가 모두 참인 world에서만 shortcut이 중복(그 world의 materialize 단계에서만 생략 가능); 42의 witness_world(논리적으로 가능한 world)에서는 이 edge 없이 from→to 도달 불가
TE0394,DN_EC0084,DN_EC0023,TEMPORAL_BEFORE,active(DN_EC0084) ∧ active(DN_EC0023) ∧ E_EC0084,DATE_ONLY:CLAIMED_VS_COURT_DATE_ORDER,PRIMITIVE_EDGE,"DN_EC0084 → DN_EC0096 → DN_EC0023 [TE0385, TE0552]",TE0385:(E_EC0084 ∧ E_EC0096); TE0552:E_EC0096; active(DN_EC0096):E_EC0096 = TRUE,PATH_EDGE_CONDITION_NOT_GUARANTEED: path의 edge 조건·중간 node가 보장되지 않음 (E_EC0096),조건부 중복: alternative_path_conditions가 모두 참인 world에서만 shortcut이 중복(그 world의 materialize 단계에서만 생략 가능); 42의 witness_world(논리적으로 가능한 world)에서는 이 edge 없이 from→to 도달 불가
TE0395,DN_EC0084,DN_EC0044,TEMPORAL_BEFORE,active(DN_EC0084) ∧ active(DN_EC0044) ∧ E_EC0084,DATE_ONLY:CLAIMED_VS_COURT_DATE_ORDER,PRIMITIVE_EDGE,"DN_EC0084 → DN_EC0020 → DN_EC0044 [TE0392, TE0732]",TE0392:E_EC0084; TE0732:HARD(조건 없음); active(DN_EC0020):E_EC0020 = TRUE,INTERMEDIATE_NODE_MAY_VANISH: 이 edge가 활성인 world에서도 중간 node가 없을 수 있음 (보장 안 되는 조건: E_EC0020),조건부 중복: alternative_path_conditions가 모두 참인 world에서만 shortcut이 중복(그 world의 materialize 단계에서만 생략 가능); 42의 witness_world(논리적으로 가능한 world)에서는 이 edge 없이 from→to 도달 불가
TE0396,DN_EC0084,DN_EC0045,TEMPORAL_BEFORE,active(DN_EC0084) ∧ active(DN_EC0045) ∧ E_EC0084,DATE_ONLY:CLAIMED_VS_COURT_DATE_ORDER,PRIMITIVE_EDGE,"DN_EC0084 → DN_EC0020 → DN_EC0045 [TE0392, TE0733]",TE0392:E_EC0084; TE0733:HARD(조건 없음); active(DN_EC0020):E_EC0020 = TRUE,INTERMEDIATE_NODE_MAY_VANISH: 이 edge가 활성인 world에서도 중간 node가 없을 수 있음 (보장 안 되는 조건: E_EC0020),조건부 중복: alternative_path_conditions가 모두 참인 world에서만 shortcut이 중복(그 world의 materialize 단계에서만 생략 가능); 42의 witness_world(논리적으로 가능한 world)에서는 이 edge 없이 from→to 도달 불가
TE0397,DN_EC0084,DN_EC0048,TEMPORAL_BEFORE,active(DN_EC0084) ∧ active(DN_EC0048) ∧ E_EC0084,DATE_ONLY:CLAIMED_VS_COURT_DATE_ORDER,PRIMITIVE_EDGE,"DN_EC0084 → DN_EC0020 → DN_EC0048 [TE0392, TE0734]",TE0392:E_EC0084; TE0734:HARD(조건 없음); active(DN_EC0020):E_EC0020 = TRUE,INTERMEDIATE_NODE_MAY_VANISH: 이 edge가 활성인 world에서도 중간 node가 없을 수 있음 (보장 안 되는 조건: E_EC0020),조건부 중복: alternative_path_conditions가 모두 참인 world에서만 shortcut이 중복(그 world의 materialize 단계에서만 생략 가능); 42의 witness_world(논리적으로 가능한 world)에서는 이 edge 없이 from→to 도달 불가
TE0398,DN_EC0084,DN_EC0049,TEMPORAL_BEFORE,active(DN_EC0084) ∧ active(DN_EC0049) ∧ E_EC0084,DATE_ONLY:CLAIMED_VS_COURT_DATE_ORDER,PRIMITIVE_EDGE,"DN_EC0084 → DN_EC0020 → DN_EC0049 [TE0392, TE0735]",TE0392:E_EC0084; TE0735:HARD(조건 없음); active(DN_EC0020):E_EC0020 = TRUE,INTERMEDIATE_NODE_MAY_VANISH: 이 edge가 활성인 world에서도 중간 node가 없을 수 있음 (보장 안 되는 조건: E_EC0020),조건부 중복: alternative_path_conditions가 모두 참인 world에서만 shortcut이 중복(그 world의 materialize 단계에서만 생략 가능); 42의 witness_world(논리적으로 가능한 world)에서는 이 edge 없이 from→to 도달 불가
TE0399,DN_EC0084,DN_EC0061,TEMPORAL_BEFORE,active(DN_EC0084) ∧ active(DN_EC0061) ∧ E_EC0084,DATE_ONLY:CLAIMED_VS_COURT_DATE_ORDER,PRIMITIVE_EDGE,"DN_EC0084 → DN_EC0020 → DN_EC0061 [TE0392, TE0736]",TE0392:E_EC0084; TE0736:HARD(조건 없음); active(DN_EC0020):E_EC0020 = TRUE,INTERMEDIATE_NODE_MAY_VANISH: 이 edge가 활성인 world에서도 중간 node가 없을 수 있음 (보장 안 되는 조건: E_EC0020),조건부 중복: alternative_path_conditions가 모두 참인 world에서만 shortcut이 중복(그 world의 materialize 단계에서만 생략 가능); 42의 witness_world(논리적으로 가능한 world)에서는 이 edge 없이 from→to 도달 불가
TE0400,DN_EC0084,DN_EC0062,TEMPORAL_BEFORE,active(DN_EC0084) ∧ active(DN_EC0062) ∧ E_EC0084,DATE_ONLY:CLAIMED_VS_COURT_DATE_ORDER,PRIMITIVE_EDGE,"DN_EC0084 → DN_EC0020 → DN_EC0062 [TE0392, TE0737]",TE0392:E_EC0084; TE0737:HARD(조건 없음); active(DN_EC0020):E_EC0020 = TRUE,INTERMEDIATE_NODE_MAY_VANISH: 이 edge가 활성인 world에서도 중간 node가 없을 수 있음 (보장 안 되는 조건: E_EC0020),조건부 중복: alternative_path_conditions가 모두 참인 world에서만 shortcut이 중복(그 world의 materialize 단계에서만 생략 가능); 42의 witness_world(논리적으로 가능한 world)에서는 이 edge 없이 from→to 도달 불가
TE0401,DN_EC0084,DN_EC0150,TEMPORAL_BEFORE,active(DN_EC0084) ∧ active(DN_EC0150) ∧ E_EC0084,DATE_ONLY:CLAIMED_VS_COURT_DATE_ORDER,PRIMITIVE_EDGE,"DN_EC0084 → DN_EC0020 → DN_EC0150 [TE0392, TE0738]",TE0392:E_EC0084; TE0738:HARD(조건 없음); active(DN_EC0020):E_EC0020 = TRUE,INTERMEDIATE_NODE_MAY_VANISH: 이 edge가 활성인 world에서도 중간 node가 없을 수 있음 (보장 안 되는 조건: E_EC0020),조건부 중복: alternative_path_conditions가 모두 참인 world에서만 shortcut이 중복(그 world의 materialize 단계에서만 생략 가능); 42의 witness_world(논리적으로 가능한 world)에서는 이 edge 없이 from→to 도달 불가 / endpoint가 SAME 후보: collapse된 class로 활성될 수 있어 그 endpoint의 활성 literal은 L(e)에서 제외
TE0402,DN_EC0084,DN_EC0151,TEMPORAL_BEFORE,active(DN_EC0084) ∧ active(DN_EC0151) ∧ E_EC0084,DATE_ONLY:CLAIMED_VS_COURT_DATE_ORDER,PRIMITIVE_EDGE,"DN_EC0084 → DN_EC0020 → DN_EC0151 [TE0392, TE0739]",TE0392:E_EC0084; TE0739:HARD(조건 없음); active(DN_EC0020):E_EC0020 = TRUE,INTERMEDIATE_NODE_MAY_VANISH: 이 edge가 활성인 world에서도 중간 node가 없을 수 있음 (보장 안 되는 조건: E_EC0020),조건부 중복: alternative_path_conditions가 모두 참인 world에서만 shortcut이 중복(그 world의 materialize 단계에서만 생략 가능); 42의 witness_world(논리적으로 가능한 world)에서는 이 edge 없이 from→to 도달 불가 / endpoint가 SAME 후보: collapse된 class로 활성될 수 있어 그 endpoint의 활성 literal은 L(e)에서 제외
TE0403,DN_EC0084,DN_EC0152,TEMPORAL_BEFORE,active(DN_EC0084) ∧ active(DN_EC0152) ∧ E_EC0084,DATE_ONLY:CLAIMED_VS_COURT_DATE_ORDER,PRIMITIVE_EDGE,"DN_EC0084 → DN_EC0020 → DN_EC0152 [TE0392, TE0740]",TE0392:E_EC0084; TE0740:HARD(조건 없음); active(DN_EC0020):E_EC0020 = TRUE,INTERMEDIATE_NODE_MAY_VANISH: 이 edge가 활성인 world에서도 중간 node가 없을 수 있음 (보장 안 되는 조건: E_EC0020),조건부 중복: alternative_path_conditions가 모두 참인 world에서만 shortcut이 중복(그 world의 materialize 단계에서만 생략 가능); 42의 witness_world(논리적으로 가능한 world)에서는 이 edge 없이 from→to 도달 불가
TE0404,DN_EC0084,DN_EC0153,TEMPORAL_BEFORE,active(DN_EC0084) ∧ active(DN_EC0153) ∧ E_EC0084,DATE_ONLY:CLAIMED_VS_COURT_DATE_ORDER,PRIMITIVE_EDGE,"DN_EC0084 → DN_EC0020 → DN_EC0153 [TE0392, TE0741]",TE0392:E_EC0084; TE0741:HARD(조건 없음); active(DN_EC0020):E_EC0020 = TRUE,INTERMEDIATE_NODE_MAY_VANISH: 이 edge가 활성인 world에서도 중간 node가 없을 수 있음 (보장 안 되는 조건: E_EC0020),조건부 중복: alternative_path_conditions가 모두 참인 world에서만 shortcut이 중복(그 world의 materialize 단계에서만 생략 가능); 42의 witness_world(논리적으로 가능한 world)에서는 이 edge 없이 from→to 도달 불가
TE0405,DN_EC0084,DN_EC0154,TEMPORAL_BEFORE,active(DN_EC0084) ∧ active(DN_EC0154) ∧ E_EC0084,DATE_ONLY:CLAIMED_VS_COURT_DATE_ORDER,PRIMITIVE_EDGE,"DN_EC0084 → DN_EC0020 → DN_EC0154 [TE0392, TE0742]",TE0392:E_EC0084; TE0742:HARD(조건 없음); active(DN_EC0020):E_EC0020 = TRUE,INTERMEDIATE_NODE_MAY_VANISH: 이 edge가 활성인 world에서도 중간 node가 없을 수 있음 (보장 안 되는 조건: E_EC0020),조건부 중복: alternative_path_conditions가 모두 참인 world에서만 shortcut이 중복(그 world의 materialize 단계에서만 생략 가능); 42의 witness_world(논리적으로 가능한 world)에서는 이 edge 없이 from→to 도달 불가
TE0406,DN_EC0084,DN_EC0155,TEMPORAL_BEFORE,active(DN_EC0084) ∧ active(DN_EC0155) ∧ E_EC0084,DATE_ONLY:CLAIMED_VS_COURT_DATE_ORDER,PRIMITIVE_EDGE,"DN_EC0084 → DN_EC0020 → DN_EC0155 [TE0392, TE0743]",TE0392:E_EC0084; TE0743:HARD(조건 없음); active(DN_EC0020):E_EC0020 = TRUE,INTERMEDIATE_NODE_MAY_VANISH: 이 edge가 활성인 world에서도 중간 node가 없을 수 있음 (보장 안 되는 조건: E_EC0020),조건부 중복: alternative_path_conditions가 모두 참인 world에서만 shortcut이 중복(그 world의 materialize 단계에서만 생략 가능); 42의 witness_world(논리적으로 가능한 world)에서는 이 edge 없이 from→to 도달 불가
TE0407,DN_EC0084,DN_J_HONG_17930528_JISE,TEMPORAL_BEFORE,active(DN_EC0084) ∧ active(DN_J_HONG_17930528_JISE) ∧ E_EC0084,DATE_ONLY:CLAIMED_VS_COURT_DATE_ORDER,PRIMITIVE_EDGE,"DN_EC0084 → DN_EC0020 → DN_J_HONG_17930528_JISE [TE0392, TE0744]",TE0392:E_EC0084; TE0744:HARD(조건 없음); active(DN_EC0020):E_EC0020 = TRUE,INTERMEDIATE_NODE_MAY_VANISH: 이 edge가 활성인 world에서도 중간 node가 없을 수 있음 (보장 안 되는 조건: E_EC0020),조건부 중복: alternative_path_conditions가 모두 참인 world에서만 shortcut이 중복(그 world의 materialize 단계에서만 생략 가능); 42의 witness_world(논리적으로 가능한 world)에서는 이 edge 없이 from→to 도달 불가
TE0408,DN_EC0084,DN_J_HONG_17930613_JISE,TEMPORAL_BEFORE,active(DN_EC0084) ∧ active(DN_J_HONG_17930613_JISE) ∧ E_EC0084,DATE_ONLY:CLAIMED_VS_COURT_DATE_ORDER,PRIMITIVE_EDGE,"DN_EC0084 → DN_EC0020 → DN_J_HONG_17930613_JISE [TE0392, TE0745]",TE0392:E_EC0084; TE0745:HARD(조건 없음); active(DN_EC0020):E_EC0020 = TRUE,INTERMEDIATE_NODE_MAY_VANISH: 이 edge가 활성인 world에서도 중간 node가 없을 수 있음 (보장 안 되는 조건: E_EC0020),조건부 중복: alternative_path_conditions가 모두 참인 world에서만 shortcut이 중복(그 world의 materialize 단계에서만 생략 가능); 42의 witness_world(논리적으로 가능한 world)에서는 이 edge 없이 from→to 도달 불가
TE0409,DN_EC0084,DN_J_HONG_17930613_KIM_DEATH,TEMPORAL_BEFORE,active(DN_EC0084) ∧ active(DN_J_HONG_17930613_KIM_DEATH) ∧ E_EC0084,DATE_ONLY:CLAIMED_VS_COURT_DATE_ORDER,PRIMITIVE_EDGE,"DN_EC0084 → DN_EC0020 → DN_J_HONG_17930613_KIM_DEATH [TE0392, TE0746]",TE0392:E_EC0084; TE0746:HARD(조건 없음); active(DN_EC0020):E_EC0020 = TRUE,INTERMEDIATE_NODE_MAY_VANISH: 이 edge가 활성인 world에서도 중간 node가 없을 수 있음 (보장 안 되는 조건: E_EC0020),조건부 중복: alternative_path_conditions가 모두 참인 world에서만 shortcut이 중복(그 world의 materialize 단계에서만 생략 가능); 42의 witness_world(논리적으로 가능한 world)에서는 이 edge 없이 from→to 도달 불가
TE0410,DN_EC0084,DN_J_HONG_17930613_THEFT,TEMPORAL_BEFORE,active(DN_EC0084) ∧ active(DN_J_HONG_17930613_THEFT) ∧ E_EC0084,DATE_ONLY:CLAIMED_VS_COURT_DATE_ORDER,PRIMITIVE_EDGE,"DN_EC0084 → DN_EC0020 → DN_J_HONG_17930613_THEFT [TE0392, TE0747]",TE0392:E_EC0084; TE0747:HARD(조건 없음); active(DN_EC0020):E_EC0020 = TRUE,INTERMEDIATE_NODE_MAY_VANISH: 이 edge가 활성인 world에서도 중간 node가 없을 수 있음 (보장 안 되는 조건: E_EC0020),조건부 중복: alternative_path_conditions가 모두 참인 world에서만 shortcut이 중복(그 world의 materialize 단계에서만 생략 가능); 42의 witness_world(논리적으로 가능한 world)에서는 이 edge 없이 from→to 도달 불가
TE0411,DN_EC0084,DN_J_IJOWON_17930527_JISE,TEMPORAL_BEFORE,active(DN_EC0084) ∧ active(DN_J_IJOWON_17930527_JISE) ∧ E_EC0084,DATE_ONLY:CLAIMED_VS_COURT_DATE_ORDER,PRIMITIVE_EDGE,"DN_EC0084 → DN_EC0020 → DN_J_IJOWON_17930527_JISE [TE0392, TE0748]",TE0392:E_EC0084; TE0748:HARD(조건 없음); active(DN_EC0020):E_EC0020 = TRUE,INTERMEDIATE_NODE_MAY_VANISH: 이 edge가 활성인 world에서도 중간 node가 없을 수 있음 (보장 안 되는 조건: E_EC0020),조건부 중복: alternative_path_conditions가 모두 참인 world에서만 shortcut이 중복(그 world의 materialize 단계에서만 생략 가능); 42의 witness_world(논리적으로 가능한 world)에서는 이 edge 없이 from→to 도달 불가
TE0412,DN_EC0084,DN_J_IJOWON_17930527_KIM_DEATH,TEMPORAL_BEFORE,active(DN_EC0084) ∧ active(DN_J_IJOWON_17930527_KIM_DEATH) ∧ E_EC0084,DATE_ONLY:CLAIMED_VS_COURT_DATE_ORDER,PRIMITIVE_EDGE,"DN_EC0084 → DN_EC0020 → DN_J_IJOWON_17930527_KIM_DEATH [TE0392, TE0749]",TE0392:E_EC0084; TE0749:HARD(조건 없음); active(DN_EC0020):E_EC0020 = TRUE,INTERMEDIATE_NODE_MAY_VANISH: 이 edge가 활성인 world에서도 중간 node가 없을 수 있음 (보장 안 되는 조건: E_EC0020),조건부 중복: alternative_path_conditions가 모두 참인 world에서만 shortcut이 중복(그 world의 materialize 단계에서만 생략 가능); 42의 witness_world(논리적으로 가능한 world)에서는 이 edge 없이 from→to 도달 불가
TE0413,DN_EC0084,DN_J_IJOWON_17930527_THEFT,TEMPORAL_BEFORE,active(DN_EC0084) ∧ active(DN_J_IJOWON_17930527_THEFT) ∧ E_EC0084,DATE_ONLY:CLAIMED_VS_COURT_DATE_ORDER,PRIMITIVE_EDGE,"DN_EC0084 → DN_EC0020 → DN_J_IJOWON_17930527_THEFT [TE0392, TE0750]",TE0392:E_EC0084; TE0750:HARD(조건 없음); active(DN_EC0020):E_EC0020 = TRUE,INTERMEDIATE_NODE_MAY_VANISH: 이 edge가 활성인 world에서도 중간 node가 없을 수 있음 (보장 안 되는 조건: E_EC0020),조건부 중복: alternative_path_conditions가 모두 참인 world에서만 shortcut이 중복(그 world의 materialize 단계에서만 생략 가능); 42의 witness_world(논리적으로 가능한 world)에서는 이 edge 없이 from→to 도달 불가
TE0414,DN_EC0084,DN_J_JEONGJO_17930512_THEFT,TEMPORAL_BEFORE,active(DN_EC0084) ∧ active(DN_J_JEONGJO_17930512_THEFT) ∧ E_EC0084,DATE_ONLY:CLAIMED_VS_COURT_DATE_ORDER,PRIMITIVE_EDGE,"DN_EC0084 → DN_EC0096 → DN_J_JEONGJO_17930512_THEFT [TE0385, TE0572]",TE0385:(E_EC0084 ∧ E_EC0096); TE0572:E_EC0096; active(DN_EC0096):E_EC0096 = TRUE,PATH_EDGE_CONDITION_NOT_GUARANTEED: path의 edge 조건·중간 node가 보장되지 않음 (E_EC0096),조건부 중복: alternative_path_conditions가 모두 참인 world에서만 shortcut이 중복(그 world의 materialize 단계에서만 생략 가능); 42의 witness_world(논리적으로 가능한 world)에서는 이 edge 없이 from→to 도달 불가
TE0415,DN_EC0084,DN_J_JEONGJO_17930613_JISE,TEMPORAL_BEFORE,active(DN_EC0084) ∧ active(DN_J_JEONGJO_17930613_JISE) ∧ E_EC0084,DATE_ONLY:CLAIMED_VS_COURT_DATE_ORDER,PRIMITIVE_EDGE,"DN_EC0084 → DN_EC0020 → DN_J_JEONGJO_17930613_JISE [TE0392, TE0751]",TE0392:E_EC0084; TE0751:HARD(조건 없음); active(DN_EC0020):E_EC0020 = TRUE,INTERMEDIATE_NODE_MAY_VANISH: 이 edge가 활성인 world에서도 중간 node가 없을 수 있음 (보장 안 되는 조건: E_EC0020),조건부 중복: alternative_path_conditions가 모두 참인 world에서만 shortcut이 중복(그 world의 materialize 단계에서만 생략 가능); 42의 witness_world(논리적으로 가능한 world)에서는 이 edge 없이 from→to 도달 불가
TE0416,DN_EC0084,DN_J_JEONGJO_17930613_KIM_DEATH,TEMPORAL_BEFORE,active(DN_EC0084) ∧ active(DN_J_JEONGJO_17930613_KIM_DEATH) ∧ E_EC0084,DATE_ONLY:CLAIMED_VS_COURT_DATE_ORDER,PRIMITIVE_EDGE,"DN_EC0084 → DN_EC0020 → DN_J_JEONGJO_17930613_KIM_DEATH [TE0392, TE0752]",TE0392:E_EC0084; TE0752:HARD(조건 없음); active(DN_EC0020):E_EC0020 = TRUE,INTERMEDIATE_NODE_MAY_VANISH: 이 edge가 활성인 world에서도 중간 node가 없을 수 있음 (보장 안 되는 조건: E_EC0020),조건부 중복: alternative_path_conditions가 모두 참인 world에서만 shortcut이 중복(그 world의 materialize 단계에서만 생략 가능); 42의 witness_world(논리적으로 가능한 world)에서는 이 edge 없이 from→to 도달 불가
TE0417,DN_EC0084,DN_J_JEONGJO_17930613_THEFT,TEMPORAL_BEFORE,active(DN_EC0084) ∧ active(DN_J_JEONGJO_17930613_THEFT) ∧ E_EC0084,DATE_ONLY:CLAIMED_VS_COURT_DATE_ORDER,PRIMITIVE_EDGE,"DN_EC0084 → DN_EC0020 → DN_J_JEONGJO_17930613_THEFT [TE0392, TE0753]",TE0392:E_EC0084; TE0753:HARD(조건 없음); active(DN_EC0020):E_EC0020 = TRUE,INTERMEDIATE_NODE_MAY_VANISH: 이 edge가 활성인 world에서도 중간 node가 없을 수 있음 (보장 안 되는 조건: E_EC0020),조건부 중복: alternative_path_conditions가 모두 참인 world에서만 shortcut이 중복(그 world의 materialize 단계에서만 생략 가능); 42의 witness_world(논리적으로 가능한 world)에서는 이 edge 없이 from→to 도달 불가
TE0418,DN_EC0089,DN_EC0096,TEMPORAL_BEFORE,active(DN_EC0089) ∧ active(DN_EC0096) ∧ (E_EC0089 ∧ E_EC0096),DATE_ONLY:CLAIMED_DATE_ORDER,PRIMITIVE_EDGE,,,NO_ALTERNATIVE_PATH: 다른 보존 edge로 from→to path 없음,42의 witness_world에서 이 edge 없이 from→to 도달 불가 / endpoint가 SAME 후보: collapse된 class로 활성될 수 있어 그 endpoint의 활성 literal은 L(e)에서 제외
TE0419,DN_EC0089,DN_EC0097,TEMPORAL_BEFORE,active(DN_EC0089) ∧ active(DN_EC0097) ∧ (E_EC0089 ∧ E_EC0097),DATE_ONLY:CLAIMED_DATE_ORDER,PRIMITIVE_EDGE,"DN_EC0089 → DN_EC0096 → DN_EC0097 [TE0418, TE0010]",TE0418:(E_EC0089 ∧ E_EC0096); TE0010:(E_EC0096 ∧ E_EC0097 ∧ ID_BYEONGSA_SRC2_006__IGWANGSEOP); active(DN_EC0096):E_EC0096 = TRUE,"PATH_EDGE_CONDITION_NOT_GUARANTEED: path의 edge 조건·중간 node가 보장되지 않음 (E_EC0096, ID_BYEONGSA_SRC2_006__IGWANGSEOP)",조건부 중복: alternative_path_conditions가 모두 참인 world에서만 shortcut이 중복(그 world의 materialize 단계에서만 생략 가능); 42의 witness_world(논리적으로 가능한 world)에서는 이 edge 없이 from→to 도달 불가 / endpoint가 SAME 후보: collapse된 class로 활성될 수 있어 그 endpoint의 활성 literal은 L(e)에서 제외
TE0420,DN_EC0089,DN_EC0098,TEMPORAL_BEFORE,active(DN_EC0089) ∧ active(DN_EC0098) ∧ (E_EC0089 ∧ E_EC0098),DATE_ONLY:CLAIMED_DATE_ORDER,PRIMITIVE_EDGE,,,NO_ALTERNATIVE_PATH: 다른 보존 edge로 from→to path 없음,42의 witness_world에서 이 edge 없이 from→to 도달 불가 / endpoint가 SAME 후보: collapse된 class로 활성될 수 있어 그 endpoint의 활성 literal은 L(e)에서 제외
TE0421,DN_EC0089,DN_EC0099,TEMPORAL_BEFORE,active(DN_EC0089) ∧ active(DN_EC0099) ∧ (E_EC0089 ∧ E_EC0099),DATE_ONLY:CLAIMED_DATE_ORDER,PRIMITIVE_EDGE,,,NO_ALTERNATIVE_PATH: 다른 보존 edge로 from→to path 없음,42의 witness_world에서 이 edge 없이 from→to 도달 불가 / endpoint가 SAME 후보: collapse된 class로 활성될 수 있어 그 endpoint의 활성 literal은 L(e)에서 제외
TE0422,DN_EC0089,DN_EC0100,TEMPORAL_BEFORE,active(DN_EC0089) ∧ active(DN_EC0100) ∧ (E_EC0089 ∧ E_EC0100),DATE_ONLY:CLAIMED_DATE_ORDER,PRIMITIVE_EDGE,,,NO_ALTERNATIVE_PATH: 다른 보존 edge로 from→to path 없음,42의 witness_world에서 이 edge 없이 from→to 도달 불가 / endpoint가 SAME 후보: collapse된 class로 활성될 수 있어 그 endpoint의 활성 literal은 L(e)에서 제외
TE0423,DN_EC0089,DN_EC0101,TEMPORAL_BEFORE,active(DN_EC0089) ∧ active(DN_EC0101) ∧ (E_EC0089 ∧ E_EC0101),DATE_ONLY:CLAIMED_DATE_ORDER,PRIMITIVE_EDGE,,,NO_ALTERNATIVE_PATH: 다른 보존 edge로 from→to path 없음,42의 witness_world에서 이 edge 없이 from→to 도달 불가 / endpoint가 SAME 후보: collapse된 class로 활성될 수 있어 그 endpoint의 활성 literal은 L(e)에서 제외
TE0424,DN_EC0089,DN_EC0102,TEMPORAL_BEFORE,active(DN_EC0089) ∧ active(DN_EC0102) ∧ (E_EC0089 ∧ E_EC0102),DATE_ONLY:CLAIMED_DATE_ORDER,PRIMITIVE_EDGE,,,NO_ALTERNATIVE_PATH: 다른 보존 edge로 from→to path 없음,42의 witness_world에서 이 edge 없이 from→to 도달 불가 / endpoint가 SAME 후보: collapse된 class로 활성될 수 있어 그 endpoint의 활성 literal은 L(e)에서 제외
TE0425,DN_EC0089,DN_EC0020,TEMPORAL_BEFORE,active(DN_EC0089) ∧ active(DN_EC0020) ∧ E_EC0089,DATE_ONLY:CLAIMED_VS_COURT_DATE_ORDER,PRIMITIVE_EDGE,"DN_EC0089 → DN_EC0096 → DN_EC0020 [TE0418, TE0550]",TE0418:(E_EC0089 ∧ E_EC0096); TE0550:E_EC0096; active(DN_EC0096):E_EC0096 = TRUE,PATH_EDGE_CONDITION_NOT_GUARANTEED: path의 edge 조건·중간 node가 보장되지 않음 (E_EC0096),조건부 중복: alternative_path_conditions가 모두 참인 world에서만 shortcut이 중복(그 world의 materialize 단계에서만 생략 가능); 42의 witness_world(논리적으로 가능한 world)에서는 이 edge 없이 from→to 도달 불가 / endpoint가 SAME 후보: collapse된 class로 활성될 수 있어 그 endpoint의 활성 literal은 L(e)에서 제외
TE0426,DN_EC0089,DN_EC0021,TEMPORAL_BEFORE,active(DN_EC0089) ∧ active(DN_EC0021) ∧ E_EC0089,DATE_ONLY:CLAIMED_VS_COURT_DATE_ORDER,PRIMITIVE_EDGE,"DN_EC0089 → DN_EC0020 → DN_EC0021 [TE0425, TE0024]",TE0425:E_EC0089; TE0024:HARD(조건 없음); active(DN_EC0020):E_EC0020 = TRUE,INTERMEDIATE_NODE_MAY_VANISH: 이 edge가 활성인 world에서도 중간 node가 없을 수 있음 (보장 안 되는 조건: E_EC0020),조건부 중복: alternative_path_conditions가 모두 참인 world에서만 shortcut이 중복(그 world의 materialize 단계에서만 생략 가능); 42의 witness_world(논리적으로 가능한 world)에서는 이 edge 없이 from→to 도달 불가 / endpoint가 SAME 후보: collapse된 class로 활성될 수 있어 그 endpoint의 활성 literal은 L(e)에서 제외
TE0427,DN_EC0089,DN_EC0023,TEMPORAL_BEFORE,active(DN_EC0089) ∧ active(DN_EC0023) ∧ E_EC0089,DATE_ONLY:CLAIMED_VS_COURT_DATE_ORDER,PRIMITIVE_EDGE,"DN_EC0089 → DN_EC0096 → DN_EC0023 [TE0418, TE0552]",TE0418:(E_EC0089 ∧ E_EC0096); TE0552:E_EC0096; active(DN_EC0096):E_EC0096 = TRUE,PATH_EDGE_CONDITION_NOT_GUARANTEED: path의 edge 조건·중간 node가 보장되지 않음 (E_EC0096),조건부 중복: alternative_path_conditions가 모두 참인 world에서만 shortcut이 중복(그 world의 materialize 단계에서만 생략 가능); 42의 witness_world(논리적으로 가능한 world)에서는 이 edge 없이 from→to 도달 불가 / endpoint가 SAME 후보: collapse된 class로 활성될 수 있어 그 endpoint의 활성 literal은 L(e)에서 제외
TE0428,DN_EC0089,DN_EC0044,TEMPORAL_BEFORE,active(DN_EC0089) ∧ active(DN_EC0044) ∧ E_EC0089,DATE_ONLY:CLAIMED_VS_COURT_DATE_ORDER,PRIMITIVE_EDGE,"DN_EC0089 → DN_EC0020 → DN_EC0044 [TE0425, TE0732]",TE0425:E_EC0089; TE0732:HARD(조건 없음); active(DN_EC0020):E_EC0020 = TRUE,INTERMEDIATE_NODE_MAY_VANISH: 이 edge가 활성인 world에서도 중간 node가 없을 수 있음 (보장 안 되는 조건: E_EC0020),조건부 중복: alternative_path_conditions가 모두 참인 world에서만 shortcut이 중복(그 world의 materialize 단계에서만 생략 가능); 42의 witness_world(논리적으로 가능한 world)에서는 이 edge 없이 from→to 도달 불가 / endpoint가 SAME 후보: collapse된 class로 활성될 수 있어 그 endpoint의 활성 literal은 L(e)에서 제외
TE0429,DN_EC0089,DN_EC0045,TEMPORAL_BEFORE,active(DN_EC0089) ∧ active(DN_EC0045) ∧ E_EC0089,DATE_ONLY:CLAIMED_VS_COURT_DATE_ORDER,PRIMITIVE_EDGE,"DN_EC0089 → DN_EC0020 → DN_EC0045 [TE0425, TE0733]",TE0425:E_EC0089; TE0733:HARD(조건 없음); active(DN_EC0020):E_EC0020 = TRUE,INTERMEDIATE_NODE_MAY_VANISH: 이 edge가 활성인 world에서도 중간 node가 없을 수 있음 (보장 안 되는 조건: E_EC0020),조건부 중복: alternative_path_conditions가 모두 참인 world에서만 shortcut이 중복(그 world의 materialize 단계에서만 생략 가능); 42의 witness_world(논리적으로 가능한 world)에서는 이 edge 없이 from→to 도달 불가 / endpoint가 SAME 후보: collapse된 class로 활성될 수 있어 그 endpoint의 활성 literal은 L(e)에서 제외
TE0430,DN_EC0089,DN_EC0048,TEMPORAL_BEFORE,active(DN_EC0089) ∧ active(DN_EC0048) ∧ E_EC0089,DATE_ONLY:CLAIMED_VS_COURT_DATE_ORDER,PRIMITIVE_EDGE,"DN_EC0089 → DN_EC0020 → DN_EC0048 [TE0425, TE0734]",TE0425:E_EC0089; TE0734:HARD(조건 없음); active(DN_EC0020):E_EC0020 = TRUE,INTERMEDIATE_NODE_MAY_VANISH: 이 edge가 활성인 world에서도 중간 node가 없을 수 있음 (보장 안 되는 조건: E_EC0020),조건부 중복: alternative_path_conditions가 모두 참인 world에서만 shortcut이 중복(그 world의 materialize 단계에서만 생략 가능); 42의 witness_world(논리적으로 가능한 world)에서는 이 edge 없이 from→to 도달 불가 / endpoint가 SAME 후보: collapse된 class로 활성될 수 있어 그 endpoint의 활성 literal은 L(e)에서 제외
TE0431,DN_EC0089,DN_EC0049,TEMPORAL_BEFORE,active(DN_EC0089) ∧ active(DN_EC0049) ∧ E_EC0089,DATE_ONLY:CLAIMED_VS_COURT_DATE_ORDER,PRIMITIVE_EDGE,"DN_EC0089 → DN_EC0020 → DN_EC0049 [TE0425, TE0735]",TE0425:E_EC0089; TE0735:HARD(조건 없음); active(DN_EC0020):E_EC0020 = TRUE,INTERMEDIATE_NODE_MAY_VANISH: 이 edge가 활성인 world에서도 중간 node가 없을 수 있음 (보장 안 되는 조건: E_EC0020),조건부 중복: alternative_path_conditions가 모두 참인 world에서만 shortcut이 중복(그 world의 materialize 단계에서만 생략 가능); 42의 witness_world(논리적으로 가능한 world)에서는 이 edge 없이 from→to 도달 불가 / endpoint가 SAME 후보: collapse된 class로 활성될 수 있어 그 endpoint의 활성 literal은 L(e)에서 제외
TE0432,DN_EC0089,DN_EC0061,TEMPORAL_BEFORE,active(DN_EC0089) ∧ active(DN_EC0061) ∧ E_EC0089,DATE_ONLY:CLAIMED_VS_COURT_DATE_ORDER,PRIMITIVE_EDGE,"DN_EC0089 → DN_EC0020 → DN_EC0061 [TE0425, TE0736]",TE0425:E_EC0089; TE0736:HARD(조건 없음); active(DN_EC0020):E_EC0020 = TRUE,INTERMEDIATE_NODE_MAY_VANISH: 이 edge가 활성인 world에서도 중간 node가 없을 수 있음 (보장 안 되는 조건: E_EC0020),조건부 중복: alternative_path_conditions가 모두 참인 world에서만 shortcut이 중복(그 world의 materialize 단계에서만 생략 가능); 42의 witness_world(논리적으로 가능한 world)에서는 이 edge 없이 from→to 도달 불가 / endpoint가 SAME 후보: collapse된 class로 활성될 수 있어 그 endpoint의 활성 literal은 L(e)에서 제외
TE0433,DN_EC0089,DN_EC0062,TEMPORAL_BEFORE,active(DN_EC0089) ∧ active(DN_EC0062) ∧ E_EC0089,DATE_ONLY:CLAIMED_VS_COURT_DATE_ORDER,PRIMITIVE_EDGE,"DN_EC0089 → DN_EC0020 → DN_EC0062 [TE0425, TE0737]",TE0425:E_EC0089; TE0737:HARD(조건 없음); active(DN_EC0020):E_EC0020 = TRUE,INTERMEDIATE_NODE_MAY_VANISH: 이 edge가 활성인 world에서도 중간 node가 없을 수 있음 (보장 안 되는 조건: E_EC0020),조건부 중복: alternative_path_conditions가 모두 참인 world에서만 shortcut이 중복(그 world의 materialize 단계에서만 생략 가능); 42의 witness_world(논리적으로 가능한 world)에서는 이 edge 없이 from→to 도달 불가 / endpoint가 SAME 후보: collapse된 class로 활성될 수 있어 그 endpoint의 활성 literal은 L(e)에서 제외
TE0434,DN_EC0089,DN_EC0150,TEMPORAL_BEFORE,active(DN_EC0089) ∧ active(DN_EC0150) ∧ E_EC0089,DATE_ONLY:CLAIMED_VS_COURT_DATE_ORDER,PRIMITIVE_EDGE,"DN_EC0089 → DN_EC0020 → DN_EC0150 [TE0425, TE0738]",TE0425:E_EC0089; TE0738:HARD(조건 없음); active(DN_EC0020):E_EC0020 = TRUE,INTERMEDIATE_NODE_MAY_VANISH: 이 edge가 활성인 world에서도 중간 node가 없을 수 있음 (보장 안 되는 조건: E_EC0020),조건부 중복: alternative_path_conditions가 모두 참인 world에서만 shortcut이 중복(그 world의 materialize 단계에서만 생략 가능); 42의 witness_world(논리적으로 가능한 world)에서는 이 edge 없이 from→to 도달 불가 / endpoint가 SAME 후보: collapse된 class로 활성될 수 있어 그 endpoint의 활성 literal은 L(e)에서 제외
TE0435,DN_EC0089,DN_EC0151,TEMPORAL_BEFORE,active(DN_EC0089) ∧ active(DN_EC0151) ∧ E_EC0089,DATE_ONLY:CLAIMED_VS_COURT_DATE_ORDER,PRIMITIVE_EDGE,"DN_EC0089 → DN_EC0020 → DN_EC0151 [TE0425, TE0739]",TE0425:E_EC0089; TE0739:HARD(조건 없음); active(DN_EC0020):E_EC0020 = TRUE,INTERMEDIATE_NODE_MAY_VANISH: 이 edge가 활성인 world에서도 중간 node가 없을 수 있음 (보장 안 되는 조건: E_EC0020),조건부 중복: alternative_path_conditions가 모두 참인 world에서만 shortcut이 중복(그 world의 materialize 단계에서만 생략 가능); 42의 witness_world(논리적으로 가능한 world)에서는 이 edge 없이 from→to 도달 불가 / endpoint가 SAME 후보: collapse된 class로 활성될 수 있어 그 endpoint의 활성 literal은 L(e)에서 제외
TE0436,DN_EC0089,DN_EC0152,TEMPORAL_BEFORE,active(DN_EC0089) ∧ active(DN_EC0152) ∧ E_EC0089,DATE_ONLY:CLAIMED_VS_COURT_DATE_ORDER,PRIMITIVE_EDGE,"DN_EC0089 → DN_EC0020 → DN_EC0152 [TE0425, TE0740]",TE0425:E_EC0089; TE0740:HARD(조건 없음); active(DN_EC0020):E_EC0020 = TRUE,INTERMEDIATE_NODE_MAY_VANISH: 이 edge가 활성인 world에서도 중간 node가 없을 수 있음 (보장 안 되는 조건: E_EC0020),조건부 중복: alternative_path_conditions가 모두 참인 world에서만 shortcut이 중복(그 world의 materialize 단계에서만 생략 가능); 42의 witness_world(논리적으로 가능한 world)에서는 이 edge 없이 from→to 도달 불가 / endpoint가 SAME 후보: collapse된 class로 활성될 수 있어 그 endpoint의 활성 literal은 L(e)에서 제외
TE0437,DN_EC0089,DN_EC0153,TEMPORAL_BEFORE,active(DN_EC0089) ∧ active(DN_EC0153) ∧ E_EC0089,DATE_ONLY:CLAIMED_VS_COURT_DATE_ORDER,PRIMITIVE_EDGE,"DN_EC0089 → DN_EC0020 → DN_EC0153 [TE0425, TE0741]",TE0425:E_EC0089; TE0741:HARD(조건 없음); active(DN_EC0020):E_EC0020 = TRUE,INTERMEDIATE_NODE_MAY_VANISH: 이 edge가 활성인 world에서도 중간 node가 없을 수 있음 (보장 안 되는 조건: E_EC0020),조건부 중복: alternative_path_conditions가 모두 참인 world에서만 shortcut이 중복(그 world의 materialize 단계에서만 생략 가능); 42의 witness_world(논리적으로 가능한 world)에서는 이 edge 없이 from→to 도달 불가 / endpoint가 SAME 후보: collapse된 class로 활성될 수 있어 그 endpoint의 활성 literal은 L(e)에서 제외
TE0438,DN_EC0089,DN_EC0154,TEMPORAL_BEFORE,active(DN_EC0089) ∧ active(DN_EC0154) ∧ E_EC0089,DATE_ONLY:CLAIMED_VS_COURT_DATE_ORDER,PRIMITIVE_EDGE,"DN_EC0089 → DN_EC0020 → DN_EC0154 [TE0425, TE0742]",TE0425:E_EC0089; TE0742:HARD(조건 없음); active(DN_EC0020):E_EC0020 = TRUE,INTERMEDIATE_NODE_MAY_VANISH: 이 edge가 활성인 world에서도 중간 node가 없을 수 있음 (보장 안 되는 조건: E_EC0020),조건부 중복: alternative_path_conditions가 모두 참인 world에서만 shortcut이 중복(그 world의 materialize 단계에서만 생략 가능); 42의 witness_world(논리적으로 가능한 world)에서는 이 edge 없이 from→to 도달 불가 / endpoint가 SAME 후보: collapse된 class로 활성될 수 있어 그 endpoint의 활성 literal은 L(e)에서 제외
TE0439,DN_EC0089,DN_EC0155,TEMPORAL_BEFORE,active(DN_EC0089) ∧ active(DN_EC0155) ∧ E_EC0089,DATE_ONLY:CLAIMED_VS_COURT_DATE_ORDER,PRIMITIVE_EDGE,"DN_EC0089 → DN_EC0020 → DN_EC0155 [TE0425, TE0743]",TE0425:E_EC0089; TE0743:HARD(조건 없음); active(DN_EC0020):E_EC0020 = TRUE,INTERMEDIATE_NODE_MAY_VANISH: 이 edge가 활성인 world에서도 중간 node가 없을 수 있음 (보장 안 되는 조건: E_EC0020),조건부 중복: alternative_path_conditions가 모두 참인 world에서만 shortcut이 중복(그 world의 materialize 단계에서만 생략 가능); 42의 witness_world(논리적으로 가능한 world)에서는 이 edge 없이 from→to 도달 불가 / endpoint가 SAME 후보: collapse된 class로 활성될 수 있어 그 endpoint의 활성 literal은 L(e)에서 제외
TE0440,DN_EC0089,DN_J_HONG_17930528_JISE,TEMPORAL_BEFORE,active(DN_EC0089) ∧ active(DN_J_HONG_17930528_JISE) ∧ E_EC0089,DATE_ONLY:CLAIMED_VS_COURT_DATE_ORDER,PRIMITIVE_EDGE,"DN_EC0089 → DN_EC0020 → DN_J_HONG_17930528_JISE [TE0425, TE0744]",TE0425:E_EC0089; TE0744:HARD(조건 없음); active(DN_EC0020):E_EC0020 = TRUE,INTERMEDIATE_NODE_MAY_VANISH: 이 edge가 활성인 world에서도 중간 node가 없을 수 있음 (보장 안 되는 조건: E_EC0020),조건부 중복: alternative_path_conditions가 모두 참인 world에서만 shortcut이 중복(그 world의 materialize 단계에서만 생략 가능); 42의 witness_world(논리적으로 가능한 world)에서는 이 edge 없이 from→to 도달 불가 / endpoint가 SAME 후보: collapse된 class로 활성될 수 있어 그 endpoint의 활성 literal은 L(e)에서 제외
TE0441,DN_EC0089,DN_J_HONG_17930613_JISE,TEMPORAL_BEFORE,active(DN_EC0089) ∧ active(DN_J_HONG_17930613_JISE) ∧ E_EC0089,DATE_ONLY:CLAIMED_VS_COURT_DATE_ORDER,PRIMITIVE_EDGE,"DN_EC0089 → DN_EC0020 → DN_J_HONG_17930613_JISE [TE0425, TE0745]",TE0425:E_EC0089; TE0745:HARD(조건 없음); active(DN_EC0020):E_EC0020 = TRUE,INTERMEDIATE_NODE_MAY_VANISH: 이 edge가 활성인 world에서도 중간 node가 없을 수 있음 (보장 안 되는 조건: E_EC0020),조건부 중복: alternative_path_conditions가 모두 참인 world에서만 shortcut이 중복(그 world의 materialize 단계에서만 생략 가능); 42의 witness_world(논리적으로 가능한 world)에서는 이 edge 없이 from→to 도달 불가 / endpoint가 SAME 후보: collapse된 class로 활성될 수 있어 그 endpoint의 활성 literal은 L(e)에서 제외
TE0442,DN_EC0089,DN_J_HONG_17930613_KIM_DEATH,TEMPORAL_BEFORE,active(DN_EC0089) ∧ active(DN_J_HONG_17930613_KIM_DEATH) ∧ E_EC0089,DATE_ONLY:CLAIMED_VS_COURT_DATE_ORDER,PRIMITIVE_EDGE,"DN_EC0089 → DN_EC0020 → DN_J_HONG_17930613_KIM_DEATH [TE0425, TE0746]",TE0425:E_EC0089; TE0746:HARD(조건 없음); active(DN_EC0020):E_EC0020 = TRUE,INTERMEDIATE_NODE_MAY_VANISH: 이 edge가 활성인 world에서도 중간 node가 없을 수 있음 (보장 안 되는 조건: E_EC0020),조건부 중복: alternative_path_conditions가 모두 참인 world에서만 shortcut이 중복(그 world의 materialize 단계에서만 생략 가능); 42의 witness_world(논리적으로 가능한 world)에서는 이 edge 없이 from→to 도달 불가 / endpoint가 SAME 후보: collapse된 class로 활성될 수 있어 그 endpoint의 활성 literal은 L(e)에서 제외
TE0443,DN_EC0089,DN_J_HONG_17930613_THEFT,TEMPORAL_BEFORE,active(DN_EC0089) ∧ active(DN_J_HONG_17930613_THEFT) ∧ E_EC0089,DATE_ONLY:CLAIMED_VS_COURT_DATE_ORDER,PRIMITIVE_EDGE,"DN_EC0089 → DN_EC0020 → DN_J_HONG_17930613_THEFT [TE0425, TE0747]",TE0425:E_EC0089; TE0747:HARD(조건 없음); active(DN_EC0020):E_EC0020 = TRUE,INTERMEDIATE_NODE_MAY_VANISH: 이 edge가 활성인 world에서도 중간 node가 없을 수 있음 (보장 안 되는 조건: E_EC0020),조건부 중복: alternative_path_conditions가 모두 참인 world에서만 shortcut이 중복(그 world의 materialize 단계에서만 생략 가능); 42의 witness_world(논리적으로 가능한 world)에서는 이 edge 없이 from→to 도달 불가 / endpoint가 SAME 후보: collapse된 class로 활성될 수 있어 그 endpoint의 활성 literal은 L(e)에서 제외
TE0444,DN_EC0089,DN_J_IJOWON_17930527_JISE,TEMPORAL_BEFORE,active(DN_EC0089) ∧ active(DN_J_IJOWON_17930527_JISE) ∧ E_EC0089,DATE_ONLY:CLAIMED_VS_COURT_DATE_ORDER,PRIMITIVE_EDGE,"DN_EC0089 → DN_EC0020 → DN_J_IJOWON_17930527_JISE [TE0425, TE0748]",TE0425:E_EC0089; TE0748:HARD(조건 없음); active(DN_EC0020):E_EC0020 = TRUE,INTERMEDIATE_NODE_MAY_VANISH: 이 edge가 활성인 world에서도 중간 node가 없을 수 있음 (보장 안 되는 조건: E_EC0020),조건부 중복: alternative_path_conditions가 모두 참인 world에서만 shortcut이 중복(그 world의 materialize 단계에서만 생략 가능); 42의 witness_world(논리적으로 가능한 world)에서는 이 edge 없이 from→to 도달 불가 / endpoint가 SAME 후보: collapse된 class로 활성될 수 있어 그 endpoint의 활성 literal은 L(e)에서 제외
TE0445,DN_EC0089,DN_J_IJOWON_17930527_KIM_DEATH,TEMPORAL_BEFORE,active(DN_EC0089) ∧ active(DN_J_IJOWON_17930527_KIM_DEATH) ∧ E_EC0089,DATE_ONLY:CLAIMED_VS_COURT_DATE_ORDER,PRIMITIVE_EDGE,"DN_EC0089 → DN_EC0020 → DN_J_IJOWON_17930527_KIM_DEATH [TE0425, TE0749]",TE0425:E_EC0089; TE0749:HARD(조건 없음); active(DN_EC0020):E_EC0020 = TRUE,INTERMEDIATE_NODE_MAY_VANISH: 이 edge가 활성인 world에서도 중간 node가 없을 수 있음 (보장 안 되는 조건: E_EC0020),조건부 중복: alternative_path_conditions가 모두 참인 world에서만 shortcut이 중복(그 world의 materialize 단계에서만 생략 가능); 42의 witness_world(논리적으로 가능한 world)에서는 이 edge 없이 from→to 도달 불가 / endpoint가 SAME 후보: collapse된 class로 활성될 수 있어 그 endpoint의 활성 literal은 L(e)에서 제외
TE0446,DN_EC0089,DN_J_IJOWON_17930527_THEFT,TEMPORAL_BEFORE,active(DN_EC0089) ∧ active(DN_J_IJOWON_17930527_THEFT) ∧ E_EC0089,DATE_ONLY:CLAIMED_VS_COURT_DATE_ORDER,PRIMITIVE_EDGE,"DN_EC0089 → DN_EC0020 → DN_J_IJOWON_17930527_THEFT [TE0425, TE0750]",TE0425:E_EC0089; TE0750:HARD(조건 없음); active(DN_EC0020):E_EC0020 = TRUE,INTERMEDIATE_NODE_MAY_VANISH: 이 edge가 활성인 world에서도 중간 node가 없을 수 있음 (보장 안 되는 조건: E_EC0020),조건부 중복: alternative_path_conditions가 모두 참인 world에서만 shortcut이 중복(그 world의 materialize 단계에서만 생략 가능); 42의 witness_world(논리적으로 가능한 world)에서는 이 edge 없이 from→to 도달 불가 / endpoint가 SAME 후보: collapse된 class로 활성될 수 있어 그 endpoint의 활성 literal은 L(e)에서 제외
TE0447,DN_EC0089,DN_J_JEONGJO_17930512_THEFT,TEMPORAL_BEFORE,active(DN_EC0089) ∧ active(DN_J_JEONGJO_17930512_THEFT) ∧ E_EC0089,DATE_ONLY:CLAIMED_VS_COURT_DATE_ORDER,PRIMITIVE_EDGE,"DN_EC0089 → DN_EC0096 → DN_J_JEONGJO_17930512_THEFT [TE0418, TE0572]",TE0418:(E_EC0089 ∧ E_EC0096); TE0572:E_EC0096; active(DN_EC0096):E_EC0096 = TRUE,PATH_EDGE_CONDITION_NOT_GUARANTEED: path의 edge 조건·중간 node가 보장되지 않음 (E_EC0096),조건부 중복: alternative_path_conditions가 모두 참인 world에서만 shortcut이 중복(그 world의 materialize 단계에서만 생략 가능); 42의 witness_world(논리적으로 가능한 world)에서는 이 edge 없이 from→to 도달 불가 / endpoint가 SAME 후보: collapse된 class로 활성될 수 있어 그 endpoint의 활성 literal은 L(e)에서 제외
TE0448,DN_EC0089,DN_J_JEONGJO_17930613_JISE,TEMPORAL_BEFORE,active(DN_EC0089) ∧ active(DN_J_JEONGJO_17930613_JISE) ∧ E_EC0089,DATE_ONLY:CLAIMED_VS_COURT_DATE_ORDER,PRIMITIVE_EDGE,"DN_EC0089 → DN_EC0020 → DN_J_JEONGJO_17930613_JISE [TE0425, TE0751]",TE0425:E_EC0089; TE0751:HARD(조건 없음); active(DN_EC0020):E_EC0020 = TRUE,INTERMEDIATE_NODE_MAY_VANISH: 이 edge가 활성인 world에서도 중간 node가 없을 수 있음 (보장 안 되는 조건: E_EC0020),조건부 중복: alternative_path_conditions가 모두 참인 world에서만 shortcut이 중복(그 world의 materialize 단계에서만 생략 가능); 42의 witness_world(논리적으로 가능한 world)에서는 이 edge 없이 from→to 도달 불가 / endpoint가 SAME 후보: collapse된 class로 활성될 수 있어 그 endpoint의 활성 literal은 L(e)에서 제외
TE0449,DN_EC0089,DN_J_JEONGJO_17930613_KIM_DEATH,TEMPORAL_BEFORE,active(DN_EC0089) ∧ active(DN_J_JEONGJO_17930613_KIM_DEATH) ∧ E_EC0089,DATE_ONLY:CLAIMED_VS_COURT_DATE_ORDER,PRIMITIVE_EDGE,"DN_EC0089 → DN_EC0020 → DN_J_JEONGJO_17930613_KIM_DEATH [TE0425, TE0752]",TE0425:E_EC0089; TE0752:HARD(조건 없음); active(DN_EC0020):E_EC0020 = TRUE,INTERMEDIATE_NODE_MAY_VANISH: 이 edge가 활성인 world에서도 중간 node가 없을 수 있음 (보장 안 되는 조건: E_EC0020),조건부 중복: alternative_path_conditions가 모두 참인 world에서만 shortcut이 중복(그 world의 materialize 단계에서만 생략 가능); 42의 witness_world(논리적으로 가능한 world)에서는 이 edge 없이 from→to 도달 불가 / endpoint가 SAME 후보: collapse된 class로 활성될 수 있어 그 endpoint의 활성 literal은 L(e)에서 제외
TE0450,DN_EC0089,DN_J_JEONGJO_17930613_THEFT,TEMPORAL_BEFORE,active(DN_EC0089) ∧ active(DN_J_JEONGJO_17930613_THEFT) ∧ E_EC0089,DATE_ONLY:CLAIMED_VS_COURT_DATE_ORDER,PRIMITIVE_EDGE,"DN_EC0089 → DN_EC0020 → DN_J_JEONGJO_17930613_THEFT [TE0425, TE0753]",TE0425:E_EC0089; TE0753:HARD(조건 없음); active(DN_EC0020):E_EC0020 = TRUE,INTERMEDIATE_NODE_MAY_VANISH: 이 edge가 활성인 world에서도 중간 node가 없을 수 있음 (보장 안 되는 조건: E_EC0020),조건부 중복: alternative_path_conditions가 모두 참인 world에서만 shortcut이 중복(그 world의 materialize 단계에서만 생략 가능); 42의 witness_world(논리적으로 가능한 world)에서는 이 edge 없이 from→to 도달 불가 / endpoint가 SAME 후보: collapse된 class로 활성될 수 있어 그 endpoint의 활성 literal은 L(e)에서 제외
TE0451,DN_EC0093,DN_EC0096,TEMPORAL_BEFORE,active(DN_EC0093) ∧ active(DN_EC0096) ∧ (E_EC0093 ∧ E_EC0096),DATE_ONLY:CLAIMED_DATE_ORDER,PRIMITIVE_EDGE,,,NO_ALTERNATIVE_PATH: 다른 보존 edge로 from→to path 없음,42의 witness_world에서 이 edge 없이 from→to 도달 불가
TE0452,DN_EC0093,DN_EC0097,TEMPORAL_BEFORE,active(DN_EC0093) ∧ active(DN_EC0097) ∧ (E_EC0093 ∧ E_EC0097),DATE_ONLY:CLAIMED_DATE_ORDER,PRIMITIVE_EDGE,"DN_EC0093 → DN_EC0096 → DN_EC0097 [TE0451, TE0010]",TE0451:(E_EC0093 ∧ E_EC0096); TE0010:(E_EC0096 ∧ E_EC0097 ∧ ID_BYEONGSA_SRC2_006__IGWANGSEOP); active(DN_EC0096):E_EC0096 = TRUE,"PATH_EDGE_CONDITION_NOT_GUARANTEED: path의 edge 조건·중간 node가 보장되지 않음 (E_EC0096, ID_BYEONGSA_SRC2_006__IGWANGSEOP)",조건부 중복: alternative_path_conditions가 모두 참인 world에서만 shortcut이 중복(그 world의 materialize 단계에서만 생략 가능); 42의 witness_world(논리적으로 가능한 world)에서는 이 edge 없이 from→to 도달 불가 / endpoint가 SAME 후보: collapse된 class로 활성될 수 있어 그 endpoint의 활성 literal은 L(e)에서 제외
TE0453,DN_EC0093,DN_EC0098,TEMPORAL_BEFORE,active(DN_EC0093) ∧ active(DN_EC0098) ∧ (E_EC0093 ∧ E_EC0098),DATE_ONLY:CLAIMED_DATE_ORDER,PRIMITIVE_EDGE,,,NO_ALTERNATIVE_PATH: 다른 보존 edge로 from→to path 없음,42의 witness_world에서 이 edge 없이 from→to 도달 불가 / endpoint가 SAME 후보: collapse된 class로 활성될 수 있어 그 endpoint의 활성 literal은 L(e)에서 제외
TE0454,DN_EC0093,DN_EC0099,TEMPORAL_BEFORE,active(DN_EC0093) ∧ active(DN_EC0099) ∧ (E_EC0093 ∧ E_EC0099),DATE_ONLY:CLAIMED_DATE_ORDER,PRIMITIVE_EDGE,,,NO_ALTERNATIVE_PATH: 다른 보존 edge로 from→to path 없음,42의 witness_world에서 이 edge 없이 from→to 도달 불가
TE0455,DN_EC0093,DN_EC0100,TEMPORAL_BEFORE,active(DN_EC0093) ∧ active(DN_EC0100) ∧ (E_EC0093 ∧ E_EC0100),DATE_ONLY:CLAIMED_DATE_ORDER,PRIMITIVE_EDGE,,,NO_ALTERNATIVE_PATH: 다른 보존 edge로 from→to path 없음,42의 witness_world에서 이 edge 없이 from→to 도달 불가
TE0456,DN_EC0093,DN_EC0101,TEMPORAL_BEFORE,active(DN_EC0093) ∧ active(DN_EC0101) ∧ (E_EC0093 ∧ E_EC0101),DATE_ONLY:CLAIMED_DATE_ORDER,PRIMITIVE_EDGE,,,NO_ALTERNATIVE_PATH: 다른 보존 edge로 from→to path 없음,42의 witness_world에서 이 edge 없이 from→to 도달 불가
TE0457,DN_EC0093,DN_EC0102,TEMPORAL_BEFORE,active(DN_EC0093) ∧ active(DN_EC0102) ∧ (E_EC0093 ∧ E_EC0102),DATE_ONLY:CLAIMED_DATE_ORDER,PRIMITIVE_EDGE,,,NO_ALTERNATIVE_PATH: 다른 보존 edge로 from→to path 없음,42의 witness_world에서 이 edge 없이 from→to 도달 불가
TE0458,DN_EC0093,DN_EC0020,TEMPORAL_BEFORE,active(DN_EC0093) ∧ active(DN_EC0020) ∧ E_EC0093,DATE_ONLY:CLAIMED_VS_COURT_DATE_ORDER,PRIMITIVE_EDGE,"DN_EC0093 → DN_EC0096 → DN_EC0020 [TE0451, TE0550]",TE0451:(E_EC0093 ∧ E_EC0096); TE0550:E_EC0096; active(DN_EC0096):E_EC0096 = TRUE,PATH_EDGE_CONDITION_NOT_GUARANTEED: path의 edge 조건·중간 node가 보장되지 않음 (E_EC0096),조건부 중복: alternative_path_conditions가 모두 참인 world에서만 shortcut이 중복(그 world의 materialize 단계에서만 생략 가능); 42의 witness_world(논리적으로 가능한 world)에서는 이 edge 없이 from→to 도달 불가
TE0459,DN_EC0093,DN_EC0021,TEMPORAL_BEFORE,active(DN_EC0093) ∧ active(DN_EC0021) ∧ E_EC0093,DATE_ONLY:CLAIMED_VS_COURT_DATE_ORDER,PRIMITIVE_EDGE,"DN_EC0093 → DN_EC0020 → DN_EC0021 [TE0458, TE0024]",TE0458:E_EC0093; TE0024:HARD(조건 없음); active(DN_EC0020):E_EC0020 = TRUE,INTERMEDIATE_NODE_MAY_VANISH: 이 edge가 활성인 world에서도 중간 node가 없을 수 있음 (보장 안 되는 조건: E_EC0020),조건부 중복: alternative_path_conditions가 모두 참인 world에서만 shortcut이 중복(그 world의 materialize 단계에서만 생략 가능); 42의 witness_world(논리적으로 가능한 world)에서는 이 edge 없이 from→to 도달 불가
TE0460,DN_EC0093,DN_EC0023,TEMPORAL_BEFORE,active(DN_EC0093) ∧ active(DN_EC0023) ∧ E_EC0093,DATE_ONLY:CLAIMED_VS_COURT_DATE_ORDER,PRIMITIVE_EDGE,"DN_EC0093 → DN_EC0096 → DN_EC0023 [TE0451, TE0552]",TE0451:(E_EC0093 ∧ E_EC0096); TE0552:E_EC0096; active(DN_EC0096):E_EC0096 = TRUE,PATH_EDGE_CONDITION_NOT_GUARANTEED: path의 edge 조건·중간 node가 보장되지 않음 (E_EC0096),조건부 중복: alternative_path_conditions가 모두 참인 world에서만 shortcut이 중복(그 world의 materialize 단계에서만 생략 가능); 42의 witness_world(논리적으로 가능한 world)에서는 이 edge 없이 from→to 도달 불가
TE0461,DN_EC0093,DN_EC0044,TEMPORAL_BEFORE,active(DN_EC0093) ∧ active(DN_EC0044) ∧ E_EC0093,DATE_ONLY:CLAIMED_VS_COURT_DATE_ORDER,PRIMITIVE_EDGE,"DN_EC0093 → DN_EC0020 → DN_EC0044 [TE0458, TE0732]",TE0458:E_EC0093; TE0732:HARD(조건 없음); active(DN_EC0020):E_EC0020 = TRUE,INTERMEDIATE_NODE_MAY_VANISH: 이 edge가 활성인 world에서도 중간 node가 없을 수 있음 (보장 안 되는 조건: E_EC0020),조건부 중복: alternative_path_conditions가 모두 참인 world에서만 shortcut이 중복(그 world의 materialize 단계에서만 생략 가능); 42의 witness_world(논리적으로 가능한 world)에서는 이 edge 없이 from→to 도달 불가
TE0462,DN_EC0093,DN_EC0045,TEMPORAL_BEFORE,active(DN_EC0093) ∧ active(DN_EC0045) ∧ E_EC0093,DATE_ONLY:CLAIMED_VS_COURT_DATE_ORDER,PRIMITIVE_EDGE,"DN_EC0093 → DN_EC0020 → DN_EC0045 [TE0458, TE0733]",TE0458:E_EC0093; TE0733:HARD(조건 없음); active(DN_EC0020):E_EC0020 = TRUE,INTERMEDIATE_NODE_MAY_VANISH: 이 edge가 활성인 world에서도 중간 node가 없을 수 있음 (보장 안 되는 조건: E_EC0020),조건부 중복: alternative_path_conditions가 모두 참인 world에서만 shortcut이 중복(그 world의 materialize 단계에서만 생략 가능); 42의 witness_world(논리적으로 가능한 world)에서는 이 edge 없이 from→to 도달 불가
TE0463,DN_EC0093,DN_EC0048,TEMPORAL_BEFORE,active(DN_EC0093) ∧ active(DN_EC0048) ∧ E_EC0093,DATE_ONLY:CLAIMED_VS_COURT_DATE_ORDER,PRIMITIVE_EDGE,"DN_EC0093 → DN_EC0020 → DN_EC0048 [TE0458, TE0734]",TE0458:E_EC0093; TE0734:HARD(조건 없음); active(DN_EC0020):E_EC0020 = TRUE,INTERMEDIATE_NODE_MAY_VANISH: 이 edge가 활성인 world에서도 중간 node가 없을 수 있음 (보장 안 되는 조건: E_EC0020),조건부 중복: alternative_path_conditions가 모두 참인 world에서만 shortcut이 중복(그 world의 materialize 단계에서만 생략 가능); 42의 witness_world(논리적으로 가능한 world)에서는 이 edge 없이 from→to 도달 불가
TE0464,DN_EC0093,DN_EC0049,TEMPORAL_BEFORE,active(DN_EC0093) ∧ active(DN_EC0049) ∧ E_EC0093,DATE_ONLY:CLAIMED_VS_COURT_DATE_ORDER,PRIMITIVE_EDGE,"DN_EC0093 → DN_EC0020 → DN_EC0049 [TE0458, TE0735]",TE0458:E_EC0093; TE0735:HARD(조건 없음); active(DN_EC0020):E_EC0020 = TRUE,INTERMEDIATE_NODE_MAY_VANISH: 이 edge가 활성인 world에서도 중간 node가 없을 수 있음 (보장 안 되는 조건: E_EC0020),조건부 중복: alternative_path_conditions가 모두 참인 world에서만 shortcut이 중복(그 world의 materialize 단계에서만 생략 가능); 42의 witness_world(논리적으로 가능한 world)에서는 이 edge 없이 from→to 도달 불가
TE0465,DN_EC0093,DN_EC0061,TEMPORAL_BEFORE,active(DN_EC0093) ∧ active(DN_EC0061) ∧ E_EC0093,DATE_ONLY:CLAIMED_VS_COURT_DATE_ORDER,PRIMITIVE_EDGE,"DN_EC0093 → DN_EC0020 → DN_EC0061 [TE0458, TE0736]",TE0458:E_EC0093; TE0736:HARD(조건 없음); active(DN_EC0020):E_EC0020 = TRUE,INTERMEDIATE_NODE_MAY_VANISH: 이 edge가 활성인 world에서도 중간 node가 없을 수 있음 (보장 안 되는 조건: E_EC0020),조건부 중복: alternative_path_conditions가 모두 참인 world에서만 shortcut이 중복(그 world의 materialize 단계에서만 생략 가능); 42의 witness_world(논리적으로 가능한 world)에서는 이 edge 없이 from→to 도달 불가
TE0466,DN_EC0093,DN_EC0062,TEMPORAL_BEFORE,active(DN_EC0093) ∧ active(DN_EC0062) ∧ E_EC0093,DATE_ONLY:CLAIMED_VS_COURT_DATE_ORDER,PRIMITIVE_EDGE,"DN_EC0093 → DN_EC0020 → DN_EC0062 [TE0458, TE0737]",TE0458:E_EC0093; TE0737:HARD(조건 없음); active(DN_EC0020):E_EC0020 = TRUE,INTERMEDIATE_NODE_MAY_VANISH: 이 edge가 활성인 world에서도 중간 node가 없을 수 있음 (보장 안 되는 조건: E_EC0020),조건부 중복: alternative_path_conditions가 모두 참인 world에서만 shortcut이 중복(그 world의 materialize 단계에서만 생략 가능); 42의 witness_world(논리적으로 가능한 world)에서는 이 edge 없이 from→to 도달 불가
TE0467,DN_EC0093,DN_EC0150,TEMPORAL_BEFORE,active(DN_EC0093) ∧ active(DN_EC0150) ∧ E_EC0093,DATE_ONLY:CLAIMED_VS_COURT_DATE_ORDER,PRIMITIVE_EDGE,"DN_EC0093 → DN_EC0020 → DN_EC0150 [TE0458, TE0738]",TE0458:E_EC0093; TE0738:HARD(조건 없음); active(DN_EC0020):E_EC0020 = TRUE,INTERMEDIATE_NODE_MAY_VANISH: 이 edge가 활성인 world에서도 중간 node가 없을 수 있음 (보장 안 되는 조건: E_EC0020),조건부 중복: alternative_path_conditions가 모두 참인 world에서만 shortcut이 중복(그 world의 materialize 단계에서만 생략 가능); 42의 witness_world(논리적으로 가능한 world)에서는 이 edge 없이 from→to 도달 불가 / endpoint가 SAME 후보: collapse된 class로 활성될 수 있어 그 endpoint의 활성 literal은 L(e)에서 제외
TE0468,DN_EC0093,DN_EC0151,TEMPORAL_BEFORE,active(DN_EC0093) ∧ active(DN_EC0151) ∧ E_EC0093,DATE_ONLY:CLAIMED_VS_COURT_DATE_ORDER,PRIMITIVE_EDGE,"DN_EC0093 → DN_EC0020 → DN_EC0151 [TE0458, TE0739]",TE0458:E_EC0093; TE0739:HARD(조건 없음); active(DN_EC0020):E_EC0020 = TRUE,INTERMEDIATE_NODE_MAY_VANISH: 이 edge가 활성인 world에서도 중간 node가 없을 수 있음 (보장 안 되는 조건: E_EC0020),조건부 중복: alternative_path_conditions가 모두 참인 world에서만 shortcut이 중복(그 world의 materialize 단계에서만 생략 가능); 42의 witness_world(논리적으로 가능한 world)에서는 이 edge 없이 from→to 도달 불가 / endpoint가 SAME 후보: collapse된 class로 활성될 수 있어 그 endpoint의 활성 literal은 L(e)에서 제외
TE0469,DN_EC0093,DN_EC0152,TEMPORAL_BEFORE,active(DN_EC0093) ∧ active(DN_EC0152) ∧ E_EC0093,DATE_ONLY:CLAIMED_VS_COURT_DATE_ORDER,PRIMITIVE_EDGE,"DN_EC0093 → DN_EC0020 → DN_EC0152 [TE0458, TE0740]",TE0458:E_EC0093; TE0740:HARD(조건 없음); active(DN_EC0020):E_EC0020 = TRUE,INTERMEDIATE_NODE_MAY_VANISH: 이 edge가 활성인 world에서도 중간 node가 없을 수 있음 (보장 안 되는 조건: E_EC0020),조건부 중복: alternative_path_conditions가 모두 참인 world에서만 shortcut이 중복(그 world의 materialize 단계에서만 생략 가능); 42의 witness_world(논리적으로 가능한 world)에서는 이 edge 없이 from→to 도달 불가
TE0470,DN_EC0093,DN_EC0153,TEMPORAL_BEFORE,active(DN_EC0093) ∧ active(DN_EC0153) ∧ E_EC0093,DATE_ONLY:CLAIMED_VS_COURT_DATE_ORDER,PRIMITIVE_EDGE,"DN_EC0093 → DN_EC0020 → DN_EC0153 [TE0458, TE0741]",TE0458:E_EC0093; TE0741:HARD(조건 없음); active(DN_EC0020):E_EC0020 = TRUE,INTERMEDIATE_NODE_MAY_VANISH: 이 edge가 활성인 world에서도 중간 node가 없을 수 있음 (보장 안 되는 조건: E_EC0020),조건부 중복: alternative_path_conditions가 모두 참인 world에서만 shortcut이 중복(그 world의 materialize 단계에서만 생략 가능); 42의 witness_world(논리적으로 가능한 world)에서는 이 edge 없이 from→to 도달 불가
TE0471,DN_EC0093,DN_EC0154,TEMPORAL_BEFORE,active(DN_EC0093) ∧ active(DN_EC0154) ∧ E_EC0093,DATE_ONLY:CLAIMED_VS_COURT_DATE_ORDER,PRIMITIVE_EDGE,"DN_EC0093 → DN_EC0020 → DN_EC0154 [TE0458, TE0742]",TE0458:E_EC0093; TE0742:HARD(조건 없음); active(DN_EC0020):E_EC0020 = TRUE,INTERMEDIATE_NODE_MAY_VANISH: 이 edge가 활성인 world에서도 중간 node가 없을 수 있음 (보장 안 되는 조건: E_EC0020),조건부 중복: alternative_path_conditions가 모두 참인 world에서만 shortcut이 중복(그 world의 materialize 단계에서만 생략 가능); 42의 witness_world(논리적으로 가능한 world)에서는 이 edge 없이 from→to 도달 불가
TE0472,DN_EC0093,DN_EC0155,TEMPORAL_BEFORE,active(DN_EC0093) ∧ active(DN_EC0155) ∧ E_EC0093,DATE_ONLY:CLAIMED_VS_COURT_DATE_ORDER,PRIMITIVE_EDGE,"DN_EC0093 → DN_EC0020 → DN_EC0155 [TE0458, TE0743]",TE0458:E_EC0093; TE0743:HARD(조건 없음); active(DN_EC0020):E_EC0020 = TRUE,INTERMEDIATE_NODE_MAY_VANISH: 이 edge가 활성인 world에서도 중간 node가 없을 수 있음 (보장 안 되는 조건: E_EC0020),조건부 중복: alternative_path_conditions가 모두 참인 world에서만 shortcut이 중복(그 world의 materialize 단계에서만 생략 가능); 42의 witness_world(논리적으로 가능한 world)에서는 이 edge 없이 from→to 도달 불가
TE0473,DN_EC0093,DN_J_HONG_17930528_JISE,TEMPORAL_BEFORE,active(DN_EC0093) ∧ active(DN_J_HONG_17930528_JISE) ∧ E_EC0093,DATE_ONLY:CLAIMED_VS_COURT_DATE_ORDER,PRIMITIVE_EDGE,"DN_EC0093 → DN_EC0020 → DN_J_HONG_17930528_JISE [TE0458, TE0744]",TE0458:E_EC0093; TE0744:HARD(조건 없음); active(DN_EC0020):E_EC0020 = TRUE,INTERMEDIATE_NODE_MAY_VANISH: 이 edge가 활성인 world에서도 중간 node가 없을 수 있음 (보장 안 되는 조건: E_EC0020),조건부 중복: alternative_path_conditions가 모두 참인 world에서만 shortcut이 중복(그 world의 materialize 단계에서만 생략 가능); 42의 witness_world(논리적으로 가능한 world)에서는 이 edge 없이 from→to 도달 불가
TE0474,DN_EC0093,DN_J_HONG_17930613_JISE,TEMPORAL_BEFORE,active(DN_EC0093) ∧ active(DN_J_HONG_17930613_JISE) ∧ E_EC0093,DATE_ONLY:CLAIMED_VS_COURT_DATE_ORDER,PRIMITIVE_EDGE,"DN_EC0093 → DN_EC0020 → DN_J_HONG_17930613_JISE [TE0458, TE0745]",TE0458:E_EC0093; TE0745:HARD(조건 없음); active(DN_EC0020):E_EC0020 = TRUE,INTERMEDIATE_NODE_MAY_VANISH: 이 edge가 활성인 world에서도 중간 node가 없을 수 있음 (보장 안 되는 조건: E_EC0020),조건부 중복: alternative_path_conditions가 모두 참인 world에서만 shortcut이 중복(그 world의 materialize 단계에서만 생략 가능); 42의 witness_world(논리적으로 가능한 world)에서는 이 edge 없이 from→to 도달 불가
TE0475,DN_EC0093,DN_J_HONG_17930613_KIM_DEATH,TEMPORAL_BEFORE,active(DN_EC0093) ∧ active(DN_J_HONG_17930613_KIM_DEATH) ∧ E_EC0093,DATE_ONLY:CLAIMED_VS_COURT_DATE_ORDER,PRIMITIVE_EDGE,"DN_EC0093 → DN_EC0020 → DN_J_HONG_17930613_KIM_DEATH [TE0458, TE0746]",TE0458:E_EC0093; TE0746:HARD(조건 없음); active(DN_EC0020):E_EC0020 = TRUE,INTERMEDIATE_NODE_MAY_VANISH: 이 edge가 활성인 world에서도 중간 node가 없을 수 있음 (보장 안 되는 조건: E_EC0020),조건부 중복: alternative_path_conditions가 모두 참인 world에서만 shortcut이 중복(그 world의 materialize 단계에서만 생략 가능); 42의 witness_world(논리적으로 가능한 world)에서는 이 edge 없이 from→to 도달 불가
TE0476,DN_EC0093,DN_J_HONG_17930613_THEFT,TEMPORAL_BEFORE,active(DN_EC0093) ∧ active(DN_J_HONG_17930613_THEFT) ∧ E_EC0093,DATE_ONLY:CLAIMED_VS_COURT_DATE_ORDER,PRIMITIVE_EDGE,"DN_EC0093 → DN_EC0020 → DN_J_HONG_17930613_THEFT [TE0458, TE0747]",TE0458:E_EC0093; TE0747:HARD(조건 없음); active(DN_EC0020):E_EC0020 = TRUE,INTERMEDIATE_NODE_MAY_VANISH: 이 edge가 활성인 world에서도 중간 node가 없을 수 있음 (보장 안 되는 조건: E_EC0020),조건부 중복: alternative_path_conditions가 모두 참인 world에서만 shortcut이 중복(그 world의 materialize 단계에서만 생략 가능); 42의 witness_world(논리적으로 가능한 world)에서는 이 edge 없이 from→to 도달 불가
TE0477,DN_EC0093,DN_J_IJOWON_17930527_JISE,TEMPORAL_BEFORE,active(DN_EC0093) ∧ active(DN_J_IJOWON_17930527_JISE) ∧ E_EC0093,DATE_ONLY:CLAIMED_VS_COURT_DATE_ORDER,PRIMITIVE_EDGE,"DN_EC0093 → DN_EC0020 → DN_J_IJOWON_17930527_JISE [TE0458, TE0748]",TE0458:E_EC0093; TE0748:HARD(조건 없음); active(DN_EC0020):E_EC0020 = TRUE,INTERMEDIATE_NODE_MAY_VANISH: 이 edge가 활성인 world에서도 중간 node가 없을 수 있음 (보장 안 되는 조건: E_EC0020),조건부 중복: alternative_path_conditions가 모두 참인 world에서만 shortcut이 중복(그 world의 materialize 단계에서만 생략 가능); 42의 witness_world(논리적으로 가능한 world)에서는 이 edge 없이 from→to 도달 불가
TE0478,DN_EC0093,DN_J_IJOWON_17930527_KIM_DEATH,TEMPORAL_BEFORE,active(DN_EC0093) ∧ active(DN_J_IJOWON_17930527_KIM_DEATH) ∧ E_EC0093,DATE_ONLY:CLAIMED_VS_COURT_DATE_ORDER,PRIMITIVE_EDGE,"DN_EC0093 → DN_EC0020 → DN_J_IJOWON_17930527_KIM_DEATH [TE0458, TE0749]",TE0458:E_EC0093; TE0749:HARD(조건 없음); active(DN_EC0020):E_EC0020 = TRUE,INTERMEDIATE_NODE_MAY_VANISH: 이 edge가 활성인 world에서도 중간 node가 없을 수 있음 (보장 안 되는 조건: E_EC0020),조건부 중복: alternative_path_conditions가 모두 참인 world에서만 shortcut이 중복(그 world의 materialize 단계에서만 생략 가능); 42의 witness_world(논리적으로 가능한 world)에서는 이 edge 없이 from→to 도달 불가
TE0479,DN_EC0093,DN_J_IJOWON_17930527_THEFT,TEMPORAL_BEFORE,active(DN_EC0093) ∧ active(DN_J_IJOWON_17930527_THEFT) ∧ E_EC0093,DATE_ONLY:CLAIMED_VS_COURT_DATE_ORDER,PRIMITIVE_EDGE,"DN_EC0093 → DN_EC0020 → DN_J_IJOWON_17930527_THEFT [TE0458, TE0750]",TE0458:E_EC0093; TE0750:HARD(조건 없음); active(DN_EC0020):E_EC0020 = TRUE,INTERMEDIATE_NODE_MAY_VANISH: 이 edge가 활성인 world에서도 중간 node가 없을 수 있음 (보장 안 되는 조건: E_EC0020),조건부 중복: alternative_path_conditions가 모두 참인 world에서만 shortcut이 중복(그 world의 materialize 단계에서만 생략 가능); 42의 witness_world(논리적으로 가능한 world)에서는 이 edge 없이 from→to 도달 불가
TE0480,DN_EC0093,DN_J_JEONGJO_17930512_THEFT,TEMPORAL_BEFORE,active(DN_EC0093) ∧ active(DN_J_JEONGJO_17930512_THEFT) ∧ E_EC0093,DATE_ONLY:CLAIMED_VS_COURT_DATE_ORDER,PRIMITIVE_EDGE,"DN_EC0093 → DN_EC0096 → DN_J_JEONGJO_17930512_THEFT [TE0451, TE0572]",TE0451:(E_EC0093 ∧ E_EC0096); TE0572:E_EC0096; active(DN_EC0096):E_EC0096 = TRUE,PATH_EDGE_CONDITION_NOT_GUARANTEED: path의 edge 조건·중간 node가 보장되지 않음 (E_EC0096),조건부 중복: alternative_path_conditions가 모두 참인 world에서만 shortcut이 중복(그 world의 materialize 단계에서만 생략 가능); 42의 witness_world(논리적으로 가능한 world)에서는 이 edge 없이 from→to 도달 불가
TE0481,DN_EC0093,DN_J_JEONGJO_17930613_JISE,TEMPORAL_BEFORE,active(DN_EC0093) ∧ active(DN_J_JEONGJO_17930613_JISE) ∧ E_EC0093,DATE_ONLY:CLAIMED_VS_COURT_DATE_ORDER,PRIMITIVE_EDGE,"DN_EC0093 → DN_EC0020 → DN_J_JEONGJO_17930613_JISE [TE0458, TE0751]",TE0458:E_EC0093; TE0751:HARD(조건 없음); active(DN_EC0020):E_EC0020 = TRUE,INTERMEDIATE_NODE_MAY_VANISH: 이 edge가 활성인 world에서도 중간 node가 없을 수 있음 (보장 안 되는 조건: E_EC0020),조건부 중복: alternative_path_conditions가 모두 참인 world에서만 shortcut이 중복(그 world의 materialize 단계에서만 생략 가능); 42의 witness_world(논리적으로 가능한 world)에서는 이 edge 없이 from→to 도달 불가
TE0482,DN_EC0093,DN_J_JEONGJO_17930613_KIM_DEATH,TEMPORAL_BEFORE,active(DN_EC0093) ∧ active(DN_J_JEONGJO_17930613_KIM_DEATH) ∧ E_EC0093,DATE_ONLY:CLAIMED_VS_COURT_DATE_ORDER,PRIMITIVE_EDGE,"DN_EC0093 → DN_EC0020 → DN_J_JEONGJO_17930613_KIM_DEATH [TE0458, TE0752]",TE0458:E_EC0093; TE0752:HARD(조건 없음); active(DN_EC0020):E_EC0020 = TRUE,INTERMEDIATE_NODE_MAY_VANISH: 이 edge가 활성인 world에서도 중간 node가 없을 수 있음 (보장 안 되는 조건: E_EC0020),조건부 중복: alternative_path_conditions가 모두 참인 world에서만 shortcut이 중복(그 world의 materialize 단계에서만 생략 가능); 42의 witness_world(논리적으로 가능한 world)에서는 이 edge 없이 from→to 도달 불가
TE0483,DN_EC0093,DN_J_JEONGJO_17930613_THEFT,TEMPORAL_BEFORE,active(DN_EC0093) ∧ active(DN_J_JEONGJO_17930613_THEFT) ∧ E_EC0093,DATE_ONLY:CLAIMED_VS_COURT_DATE_ORDER,PRIMITIVE_EDGE,"DN_EC0093 → DN_EC0020 → DN_J_JEONGJO_17930613_THEFT [TE0458, TE0753]",TE0458:E_EC0093; TE0753:HARD(조건 없음); active(DN_EC0020):E_EC0020 = TRUE,INTERMEDIATE_NODE_MAY_VANISH: 이 edge가 활성인 world에서도 중간 node가 없을 수 있음 (보장 안 되는 조건: E_EC0020),조건부 중복: alternative_path_conditions가 모두 참인 world에서만 shortcut이 중복(그 world의 materialize 단계에서만 생략 가능); 42의 witness_world(논리적으로 가능한 world)에서는 이 edge 없이 from→to 도달 불가
TE0484,DN_EC0094,DN_EC0096,TEMPORAL_BEFORE,active(DN_EC0094) ∧ active(DN_EC0096) ∧ (E_EC0094 ∧ E_EC0096),DATE_ONLY:CLAIMED_DATE_ORDER,PRIMITIVE_EDGE,,,NO_ALTERNATIVE_PATH: 다른 보존 edge로 from→to path 없음,42의 witness_world에서 이 edge 없이 from→to 도달 불가
TE0485,DN_EC0094,DN_EC0097,TEMPORAL_BEFORE,active(DN_EC0094) ∧ active(DN_EC0097) ∧ (E_EC0094 ∧ E_EC0097),DATE_ONLY:CLAIMED_DATE_ORDER,PRIMITIVE_EDGE,"DN_EC0094 → DN_EC0096 → DN_EC0097 [TE0484, TE0010]",TE0484:(E_EC0094 ∧ E_EC0096); TE0010:(E_EC0096 ∧ E_EC0097 ∧ ID_BYEONGSA_SRC2_006__IGWANGSEOP); active(DN_EC0096):E_EC0096 = TRUE,"PATH_EDGE_CONDITION_NOT_GUARANTEED: path의 edge 조건·중간 node가 보장되지 않음 (E_EC0096, ID_BYEONGSA_SRC2_006__IGWANGSEOP)",조건부 중복: alternative_path_conditions가 모두 참인 world에서만 shortcut이 중복(그 world의 materialize 단계에서만 생략 가능); 42의 witness_world(논리적으로 가능한 world)에서는 이 edge 없이 from→to 도달 불가 / endpoint가 SAME 후보: collapse된 class로 활성될 수 있어 그 endpoint의 활성 literal은 L(e)에서 제외
TE0486,DN_EC0094,DN_EC0098,TEMPORAL_BEFORE,active(DN_EC0094) ∧ active(DN_EC0098) ∧ (E_EC0094 ∧ E_EC0098),DATE_ONLY:CLAIMED_DATE_ORDER,PRIMITIVE_EDGE,,,NO_ALTERNATIVE_PATH: 다른 보존 edge로 from→to path 없음,42의 witness_world에서 이 edge 없이 from→to 도달 불가 / endpoint가 SAME 후보: collapse된 class로 활성될 수 있어 그 endpoint의 활성 literal은 L(e)에서 제외
TE0487,DN_EC0094,DN_EC0099,TEMPORAL_BEFORE,active(DN_EC0094) ∧ active(DN_EC0099) ∧ (E_EC0094 ∧ E_EC0099),DATE_ONLY:CLAIMED_DATE_ORDER,PRIMITIVE_EDGE,,,NO_ALTERNATIVE_PATH: 다른 보존 edge로 from→to path 없음,42의 witness_world에서 이 edge 없이 from→to 도달 불가
TE0488,DN_EC0094,DN_EC0100,TEMPORAL_BEFORE,active(DN_EC0094) ∧ active(DN_EC0100) ∧ (E_EC0094 ∧ E_EC0100),DATE_ONLY:CLAIMED_DATE_ORDER,PRIMITIVE_EDGE,,,NO_ALTERNATIVE_PATH: 다른 보존 edge로 from→to path 없음,42의 witness_world에서 이 edge 없이 from→to 도달 불가
TE0489,DN_EC0094,DN_EC0101,TEMPORAL_BEFORE,active(DN_EC0094) ∧ active(DN_EC0101) ∧ (E_EC0094 ∧ E_EC0101),DATE_ONLY:CLAIMED_DATE_ORDER,PRIMITIVE_EDGE,,,NO_ALTERNATIVE_PATH: 다른 보존 edge로 from→to path 없음,42의 witness_world에서 이 edge 없이 from→to 도달 불가
TE0490,DN_EC0094,DN_EC0102,TEMPORAL_BEFORE,active(DN_EC0094) ∧ active(DN_EC0102) ∧ (E_EC0094 ∧ E_EC0102),DATE_ONLY:CLAIMED_DATE_ORDER,PRIMITIVE_EDGE,,,NO_ALTERNATIVE_PATH: 다른 보존 edge로 from→to path 없음,42의 witness_world에서 이 edge 없이 from→to 도달 불가
TE0491,DN_EC0094,DN_EC0020,TEMPORAL_BEFORE,active(DN_EC0094) ∧ active(DN_EC0020) ∧ E_EC0094,DATE_ONLY:CLAIMED_VS_COURT_DATE_ORDER,PRIMITIVE_EDGE,"DN_EC0094 → DN_EC0096 → DN_EC0020 [TE0484, TE0550]",TE0484:(E_EC0094 ∧ E_EC0096); TE0550:E_EC0096; active(DN_EC0096):E_EC0096 = TRUE,PATH_EDGE_CONDITION_NOT_GUARANTEED: path의 edge 조건·중간 node가 보장되지 않음 (E_EC0096),조건부 중복: alternative_path_conditions가 모두 참인 world에서만 shortcut이 중복(그 world의 materialize 단계에서만 생략 가능); 42의 witness_world(논리적으로 가능한 world)에서는 이 edge 없이 from→to 도달 불가
TE0492,DN_EC0094,DN_EC0021,TEMPORAL_BEFORE,active(DN_EC0094) ∧ active(DN_EC0021) ∧ E_EC0094,DATE_ONLY:CLAIMED_VS_COURT_DATE_ORDER,PRIMITIVE_EDGE,"DN_EC0094 → DN_EC0020 → DN_EC0021 [TE0491, TE0024]",TE0491:E_EC0094; TE0024:HARD(조건 없음); active(DN_EC0020):E_EC0020 = TRUE,INTERMEDIATE_NODE_MAY_VANISH: 이 edge가 활성인 world에서도 중간 node가 없을 수 있음 (보장 안 되는 조건: E_EC0020),조건부 중복: alternative_path_conditions가 모두 참인 world에서만 shortcut이 중복(그 world의 materialize 단계에서만 생략 가능); 42의 witness_world(논리적으로 가능한 world)에서는 이 edge 없이 from→to 도달 불가
TE0493,DN_EC0094,DN_EC0023,TEMPORAL_BEFORE,active(DN_EC0094) ∧ active(DN_EC0023) ∧ E_EC0094,DATE_ONLY:CLAIMED_VS_COURT_DATE_ORDER,PRIMITIVE_EDGE,"DN_EC0094 → DN_EC0096 → DN_EC0023 [TE0484, TE0552]",TE0484:(E_EC0094 ∧ E_EC0096); TE0552:E_EC0096; active(DN_EC0096):E_EC0096 = TRUE,PATH_EDGE_CONDITION_NOT_GUARANTEED: path의 edge 조건·중간 node가 보장되지 않음 (E_EC0096),조건부 중복: alternative_path_conditions가 모두 참인 world에서만 shortcut이 중복(그 world의 materialize 단계에서만 생략 가능); 42의 witness_world(논리적으로 가능한 world)에서는 이 edge 없이 from→to 도달 불가
TE0494,DN_EC0094,DN_EC0044,TEMPORAL_BEFORE,active(DN_EC0094) ∧ active(DN_EC0044) ∧ E_EC0094,DATE_ONLY:CLAIMED_VS_COURT_DATE_ORDER,PRIMITIVE_EDGE,"DN_EC0094 → DN_EC0020 → DN_EC0044 [TE0491, TE0732]",TE0491:E_EC0094; TE0732:HARD(조건 없음); active(DN_EC0020):E_EC0020 = TRUE,INTERMEDIATE_NODE_MAY_VANISH: 이 edge가 활성인 world에서도 중간 node가 없을 수 있음 (보장 안 되는 조건: E_EC0020),조건부 중복: alternative_path_conditions가 모두 참인 world에서만 shortcut이 중복(그 world의 materialize 단계에서만 생략 가능); 42의 witness_world(논리적으로 가능한 world)에서는 이 edge 없이 from→to 도달 불가
TE0495,DN_EC0094,DN_EC0045,TEMPORAL_BEFORE,active(DN_EC0094) ∧ active(DN_EC0045) ∧ E_EC0094,DATE_ONLY:CLAIMED_VS_COURT_DATE_ORDER,PRIMITIVE_EDGE,"DN_EC0094 → DN_EC0020 → DN_EC0045 [TE0491, TE0733]",TE0491:E_EC0094; TE0733:HARD(조건 없음); active(DN_EC0020):E_EC0020 = TRUE,INTERMEDIATE_NODE_MAY_VANISH: 이 edge가 활성인 world에서도 중간 node가 없을 수 있음 (보장 안 되는 조건: E_EC0020),조건부 중복: alternative_path_conditions가 모두 참인 world에서만 shortcut이 중복(그 world의 materialize 단계에서만 생략 가능); 42의 witness_world(논리적으로 가능한 world)에서는 이 edge 없이 from→to 도달 불가
TE0496,DN_EC0094,DN_EC0048,TEMPORAL_BEFORE,active(DN_EC0094) ∧ active(DN_EC0048) ∧ E_EC0094,DATE_ONLY:CLAIMED_VS_COURT_DATE_ORDER,PRIMITIVE_EDGE,"DN_EC0094 → DN_EC0020 → DN_EC0048 [TE0491, TE0734]",TE0491:E_EC0094; TE0734:HARD(조건 없음); active(DN_EC0020):E_EC0020 = TRUE,INTERMEDIATE_NODE_MAY_VANISH: 이 edge가 활성인 world에서도 중간 node가 없을 수 있음 (보장 안 되는 조건: E_EC0020),조건부 중복: alternative_path_conditions가 모두 참인 world에서만 shortcut이 중복(그 world의 materialize 단계에서만 생략 가능); 42의 witness_world(논리적으로 가능한 world)에서는 이 edge 없이 from→to 도달 불가
TE0497,DN_EC0094,DN_EC0049,TEMPORAL_BEFORE,active(DN_EC0094) ∧ active(DN_EC0049) ∧ E_EC0094,DATE_ONLY:CLAIMED_VS_COURT_DATE_ORDER,PRIMITIVE_EDGE,"DN_EC0094 → DN_EC0020 → DN_EC0049 [TE0491, TE0735]",TE0491:E_EC0094; TE0735:HARD(조건 없음); active(DN_EC0020):E_EC0020 = TRUE,INTERMEDIATE_NODE_MAY_VANISH: 이 edge가 활성인 world에서도 중간 node가 없을 수 있음 (보장 안 되는 조건: E_EC0020),조건부 중복: alternative_path_conditions가 모두 참인 world에서만 shortcut이 중복(그 world의 materialize 단계에서만 생략 가능); 42의 witness_world(논리적으로 가능한 world)에서는 이 edge 없이 from→to 도달 불가
TE0498,DN_EC0094,DN_EC0061,TEMPORAL_BEFORE,active(DN_EC0094) ∧ active(DN_EC0061) ∧ E_EC0094,DATE_ONLY:CLAIMED_VS_COURT_DATE_ORDER,PRIMITIVE_EDGE,"DN_EC0094 → DN_EC0020 → DN_EC0061 [TE0491, TE0736]",TE0491:E_EC0094; TE0736:HARD(조건 없음); active(DN_EC0020):E_EC0020 = TRUE,INTERMEDIATE_NODE_MAY_VANISH: 이 edge가 활성인 world에서도 중간 node가 없을 수 있음 (보장 안 되는 조건: E_EC0020),조건부 중복: alternative_path_conditions가 모두 참인 world에서만 shortcut이 중복(그 world의 materialize 단계에서만 생략 가능); 42의 witness_world(논리적으로 가능한 world)에서는 이 edge 없이 from→to 도달 불가
TE0499,DN_EC0094,DN_EC0062,TEMPORAL_BEFORE,active(DN_EC0094) ∧ active(DN_EC0062) ∧ E_EC0094,DATE_ONLY:CLAIMED_VS_COURT_DATE_ORDER,PRIMITIVE_EDGE,"DN_EC0094 → DN_EC0020 → DN_EC0062 [TE0491, TE0737]",TE0491:E_EC0094; TE0737:HARD(조건 없음); active(DN_EC0020):E_EC0020 = TRUE,INTERMEDIATE_NODE_MAY_VANISH: 이 edge가 활성인 world에서도 중간 node가 없을 수 있음 (보장 안 되는 조건: E_EC0020),조건부 중복: alternative_path_conditions가 모두 참인 world에서만 shortcut이 중복(그 world의 materialize 단계에서만 생략 가능); 42의 witness_world(논리적으로 가능한 world)에서는 이 edge 없이 from→to 도달 불가
TE0500,DN_EC0094,DN_EC0150,TEMPORAL_BEFORE,active(DN_EC0094) ∧ active(DN_EC0150) ∧ E_EC0094,DATE_ONLY:CLAIMED_VS_COURT_DATE_ORDER,PRIMITIVE_EDGE,"DN_EC0094 → DN_EC0020 → DN_EC0150 [TE0491, TE0738]",TE0491:E_EC0094; TE0738:HARD(조건 없음); active(DN_EC0020):E_EC0020 = TRUE,INTERMEDIATE_NODE_MAY_VANISH: 이 edge가 활성인 world에서도 중간 node가 없을 수 있음 (보장 안 되는 조건: E_EC0020),조건부 중복: alternative_path_conditions가 모두 참인 world에서만 shortcut이 중복(그 world의 materialize 단계에서만 생략 가능); 42의 witness_world(논리적으로 가능한 world)에서는 이 edge 없이 from→to 도달 불가 / endpoint가 SAME 후보: collapse된 class로 활성될 수 있어 그 endpoint의 활성 literal은 L(e)에서 제외
TE0501,DN_EC0094,DN_EC0151,TEMPORAL_BEFORE,active(DN_EC0094) ∧ active(DN_EC0151) ∧ E_EC0094,DATE_ONLY:CLAIMED_VS_COURT_DATE_ORDER,PRIMITIVE_EDGE,"DN_EC0094 → DN_EC0020 → DN_EC0151 [TE0491, TE0739]",TE0491:E_EC0094; TE0739:HARD(조건 없음); active(DN_EC0020):E_EC0020 = TRUE,INTERMEDIATE_NODE_MAY_VANISH: 이 edge가 활성인 world에서도 중간 node가 없을 수 있음 (보장 안 되는 조건: E_EC0020),조건부 중복: alternative_path_conditions가 모두 참인 world에서만 shortcut이 중복(그 world의 materialize 단계에서만 생략 가능); 42의 witness_world(논리적으로 가능한 world)에서는 이 edge 없이 from→to 도달 불가 / endpoint가 SAME 후보: collapse된 class로 활성될 수 있어 그 endpoint의 활성 literal은 L(e)에서 제외
TE0502,DN_EC0094,DN_EC0152,TEMPORAL_BEFORE,active(DN_EC0094) ∧ active(DN_EC0152) ∧ E_EC0094,DATE_ONLY:CLAIMED_VS_COURT_DATE_ORDER,PRIMITIVE_EDGE,"DN_EC0094 → DN_EC0020 → DN_EC0152 [TE0491, TE0740]",TE0491:E_EC0094; TE0740:HARD(조건 없음); active(DN_EC0020):E_EC0020 = TRUE,INTERMEDIATE_NODE_MAY_VANISH: 이 edge가 활성인 world에서도 중간 node가 없을 수 있음 (보장 안 되는 조건: E_EC0020),조건부 중복: alternative_path_conditions가 모두 참인 world에서만 shortcut이 중복(그 world의 materialize 단계에서만 생략 가능); 42의 witness_world(논리적으로 가능한 world)에서는 이 edge 없이 from→to 도달 불가
TE0503,DN_EC0094,DN_EC0153,TEMPORAL_BEFORE,active(DN_EC0094) ∧ active(DN_EC0153) ∧ E_EC0094,DATE_ONLY:CLAIMED_VS_COURT_DATE_ORDER,PRIMITIVE_EDGE,"DN_EC0094 → DN_EC0020 → DN_EC0153 [TE0491, TE0741]",TE0491:E_EC0094; TE0741:HARD(조건 없음); active(DN_EC0020):E_EC0020 = TRUE,INTERMEDIATE_NODE_MAY_VANISH: 이 edge가 활성인 world에서도 중간 node가 없을 수 있음 (보장 안 되는 조건: E_EC0020),조건부 중복: alternative_path_conditions가 모두 참인 world에서만 shortcut이 중복(그 world의 materialize 단계에서만 생략 가능); 42의 witness_world(논리적으로 가능한 world)에서는 이 edge 없이 from→to 도달 불가
TE0504,DN_EC0094,DN_EC0154,TEMPORAL_BEFORE,active(DN_EC0094) ∧ active(DN_EC0154) ∧ E_EC0094,DATE_ONLY:CLAIMED_VS_COURT_DATE_ORDER,PRIMITIVE_EDGE,"DN_EC0094 → DN_EC0020 → DN_EC0154 [TE0491, TE0742]",TE0491:E_EC0094; TE0742:HARD(조건 없음); active(DN_EC0020):E_EC0020 = TRUE,INTERMEDIATE_NODE_MAY_VANISH: 이 edge가 활성인 world에서도 중간 node가 없을 수 있음 (보장 안 되는 조건: E_EC0020),조건부 중복: alternative_path_conditions가 모두 참인 world에서만 shortcut이 중복(그 world의 materialize 단계에서만 생략 가능); 42의 witness_world(논리적으로 가능한 world)에서는 이 edge 없이 from→to 도달 불가
TE0505,DN_EC0094,DN_EC0155,TEMPORAL_BEFORE,active(DN_EC0094) ∧ active(DN_EC0155) ∧ E_EC0094,DATE_ONLY:CLAIMED_VS_COURT_DATE_ORDER,PRIMITIVE_EDGE,"DN_EC0094 → DN_EC0020 → DN_EC0155 [TE0491, TE0743]",TE0491:E_EC0094; TE0743:HARD(조건 없음); active(DN_EC0020):E_EC0020 = TRUE,INTERMEDIATE_NODE_MAY_VANISH: 이 edge가 활성인 world에서도 중간 node가 없을 수 있음 (보장 안 되는 조건: E_EC0020),조건부 중복: alternative_path_conditions가 모두 참인 world에서만 shortcut이 중복(그 world의 materialize 단계에서만 생략 가능); 42의 witness_world(논리적으로 가능한 world)에서는 이 edge 없이 from→to 도달 불가
TE0506,DN_EC0094,DN_J_HONG_17930528_JISE,TEMPORAL_BEFORE,active(DN_EC0094) ∧ active(DN_J_HONG_17930528_JISE) ∧ E_EC0094,DATE_ONLY:CLAIMED_VS_COURT_DATE_ORDER,PRIMITIVE_EDGE,"DN_EC0094 → DN_EC0020 → DN_J_HONG_17930528_JISE [TE0491, TE0744]",TE0491:E_EC0094; TE0744:HARD(조건 없음); active(DN_EC0020):E_EC0020 = TRUE,INTERMEDIATE_NODE_MAY_VANISH: 이 edge가 활성인 world에서도 중간 node가 없을 수 있음 (보장 안 되는 조건: E_EC0020),조건부 중복: alternative_path_conditions가 모두 참인 world에서만 shortcut이 중복(그 world의 materialize 단계에서만 생략 가능); 42의 witness_world(논리적으로 가능한 world)에서는 이 edge 없이 from→to 도달 불가
TE0507,DN_EC0094,DN_J_HONG_17930613_JISE,TEMPORAL_BEFORE,active(DN_EC0094) ∧ active(DN_J_HONG_17930613_JISE) ∧ E_EC0094,DATE_ONLY:CLAIMED_VS_COURT_DATE_ORDER,PRIMITIVE_EDGE,"DN_EC0094 → DN_EC0020 → DN_J_HONG_17930613_JISE [TE0491, TE0745]",TE0491:E_EC0094; TE0745:HARD(조건 없음); active(DN_EC0020):E_EC0020 = TRUE,INTERMEDIATE_NODE_MAY_VANISH: 이 edge가 활성인 world에서도 중간 node가 없을 수 있음 (보장 안 되는 조건: E_EC0020),조건부 중복: alternative_path_conditions가 모두 참인 world에서만 shortcut이 중복(그 world의 materialize 단계에서만 생략 가능); 42의 witness_world(논리적으로 가능한 world)에서는 이 edge 없이 from→to 도달 불가
TE0508,DN_EC0094,DN_J_HONG_17930613_KIM_DEATH,TEMPORAL_BEFORE,active(DN_EC0094) ∧ active(DN_J_HONG_17930613_KIM_DEATH) ∧ E_EC0094,DATE_ONLY:CLAIMED_VS_COURT_DATE_ORDER,PRIMITIVE_EDGE,"DN_EC0094 → DN_EC0020 → DN_J_HONG_17930613_KIM_DEATH [TE0491, TE0746]",TE0491:E_EC0094; TE0746:HARD(조건 없음); active(DN_EC0020):E_EC0020 = TRUE,INTERMEDIATE_NODE_MAY_VANISH: 이 edge가 활성인 world에서도 중간 node가 없을 수 있음 (보장 안 되는 조건: E_EC0020),조건부 중복: alternative_path_conditions가 모두 참인 world에서만 shortcut이 중복(그 world의 materialize 단계에서만 생략 가능); 42의 witness_world(논리적으로 가능한 world)에서는 이 edge 없이 from→to 도달 불가
TE0509,DN_EC0094,DN_J_HONG_17930613_THEFT,TEMPORAL_BEFORE,active(DN_EC0094) ∧ active(DN_J_HONG_17930613_THEFT) ∧ E_EC0094,DATE_ONLY:CLAIMED_VS_COURT_DATE_ORDER,PRIMITIVE_EDGE,"DN_EC0094 → DN_EC0020 → DN_J_HONG_17930613_THEFT [TE0491, TE0747]",TE0491:E_EC0094; TE0747:HARD(조건 없음); active(DN_EC0020):E_EC0020 = TRUE,INTERMEDIATE_NODE_MAY_VANISH: 이 edge가 활성인 world에서도 중간 node가 없을 수 있음 (보장 안 되는 조건: E_EC0020),조건부 중복: alternative_path_conditions가 모두 참인 world에서만 shortcut이 중복(그 world의 materialize 단계에서만 생략 가능); 42의 witness_world(논리적으로 가능한 world)에서는 이 edge 없이 from→to 도달 불가
TE0510,DN_EC0094,DN_J_IJOWON_17930527_JISE,TEMPORAL_BEFORE,active(DN_EC0094) ∧ active(DN_J_IJOWON_17930527_JISE) ∧ E_EC0094,DATE_ONLY:CLAIMED_VS_COURT_DATE_ORDER,PRIMITIVE_EDGE,"DN_EC0094 → DN_EC0020 → DN_J_IJOWON_17930527_JISE [TE0491, TE0748]",TE0491:E_EC0094; TE0748:HARD(조건 없음); active(DN_EC0020):E_EC0020 = TRUE,INTERMEDIATE_NODE_MAY_VANISH: 이 edge가 활성인 world에서도 중간 node가 없을 수 있음 (보장 안 되는 조건: E_EC0020),조건부 중복: alternative_path_conditions가 모두 참인 world에서만 shortcut이 중복(그 world의 materialize 단계에서만 생략 가능); 42의 witness_world(논리적으로 가능한 world)에서는 이 edge 없이 from→to 도달 불가
TE0511,DN_EC0094,DN_J_IJOWON_17930527_KIM_DEATH,TEMPORAL_BEFORE,active(DN_EC0094) ∧ active(DN_J_IJOWON_17930527_KIM_DEATH) ∧ E_EC0094,DATE_ONLY:CLAIMED_VS_COURT_DATE_ORDER,PRIMITIVE_EDGE,"DN_EC0094 → DN_EC0020 → DN_J_IJOWON_17930527_KIM_DEATH [TE0491, TE0749]",TE0491:E_EC0094; TE0749:HARD(조건 없음); active(DN_EC0020):E_EC0020 = TRUE,INTERMEDIATE_NODE_MAY_VANISH: 이 edge가 활성인 world에서도 중간 node가 없을 수 있음 (보장 안 되는 조건: E_EC0020),조건부 중복: alternative_path_conditions가 모두 참인 world에서만 shortcut이 중복(그 world의 materialize 단계에서만 생략 가능); 42의 witness_world(논리적으로 가능한 world)에서는 이 edge 없이 from→to 도달 불가
TE0512,DN_EC0094,DN_J_IJOWON_17930527_THEFT,TEMPORAL_BEFORE,active(DN_EC0094) ∧ active(DN_J_IJOWON_17930527_THEFT) ∧ E_EC0094,DATE_ONLY:CLAIMED_VS_COURT_DATE_ORDER,PRIMITIVE_EDGE,"DN_EC0094 → DN_EC0020 → DN_J_IJOWON_17930527_THEFT [TE0491, TE0750]",TE0491:E_EC0094; TE0750:HARD(조건 없음); active(DN_EC0020):E_EC0020 = TRUE,INTERMEDIATE_NODE_MAY_VANISH: 이 edge가 활성인 world에서도 중간 node가 없을 수 있음 (보장 안 되는 조건: E_EC0020),조건부 중복: alternative_path_conditions가 모두 참인 world에서만 shortcut이 중복(그 world의 materialize 단계에서만 생략 가능); 42의 witness_world(논리적으로 가능한 world)에서는 이 edge 없이 from→to 도달 불가
TE0513,DN_EC0094,DN_J_JEONGJO_17930512_THEFT,TEMPORAL_BEFORE,active(DN_EC0094) ∧ active(DN_J_JEONGJO_17930512_THEFT) ∧ E_EC0094,DATE_ONLY:CLAIMED_VS_COURT_DATE_ORDER,PRIMITIVE_EDGE,"DN_EC0094 → DN_EC0096 → DN_J_JEONGJO_17930512_THEFT [TE0484, TE0572]",TE0484:(E_EC0094 ∧ E_EC0096); TE0572:E_EC0096; active(DN_EC0096):E_EC0096 = TRUE,PATH_EDGE_CONDITION_NOT_GUARANTEED: path의 edge 조건·중간 node가 보장되지 않음 (E_EC0096),조건부 중복: alternative_path_conditions가 모두 참인 world에서만 shortcut이 중복(그 world의 materialize 단계에서만 생략 가능); 42의 witness_world(논리적으로 가능한 world)에서는 이 edge 없이 from→to 도달 불가
TE0514,DN_EC0094,DN_J_JEONGJO_17930613_JISE,TEMPORAL_BEFORE,active(DN_EC0094) ∧ active(DN_J_JEONGJO_17930613_JISE) ∧ E_EC0094,DATE_ONLY:CLAIMED_VS_COURT_DATE_ORDER,PRIMITIVE_EDGE,"DN_EC0094 → DN_EC0020 → DN_J_JEONGJO_17930613_JISE [TE0491, TE0751]",TE0491:E_EC0094; TE0751:HARD(조건 없음); active(DN_EC0020):E_EC0020 = TRUE,INTERMEDIATE_NODE_MAY_VANISH: 이 edge가 활성인 world에서도 중간 node가 없을 수 있음 (보장 안 되는 조건: E_EC0020),조건부 중복: alternative_path_conditions가 모두 참인 world에서만 shortcut이 중복(그 world의 materialize 단계에서만 생략 가능); 42의 witness_world(논리적으로 가능한 world)에서는 이 edge 없이 from→to 도달 불가
TE0515,DN_EC0094,DN_J_JEONGJO_17930613_KIM_DEATH,TEMPORAL_BEFORE,active(DN_EC0094) ∧ active(DN_J_JEONGJO_17930613_KIM_DEATH) ∧ E_EC0094,DATE_ONLY:CLAIMED_VS_COURT_DATE_ORDER,PRIMITIVE_EDGE,"DN_EC0094 → DN_EC0020 → DN_J_JEONGJO_17930613_KIM_DEATH [TE0491, TE0752]",TE0491:E_EC0094; TE0752:HARD(조건 없음); active(DN_EC0020):E_EC0020 = TRUE,INTERMEDIATE_NODE_MAY_VANISH: 이 edge가 활성인 world에서도 중간 node가 없을 수 있음 (보장 안 되는 조건: E_EC0020),조건부 중복: alternative_path_conditions가 모두 참인 world에서만 shortcut이 중복(그 world의 materialize 단계에서만 생략 가능); 42의 witness_world(논리적으로 가능한 world)에서는 이 edge 없이 from→to 도달 불가
TE0516,DN_EC0094,DN_J_JEONGJO_17930613_THEFT,TEMPORAL_BEFORE,active(DN_EC0094) ∧ active(DN_J_JEONGJO_17930613_THEFT) ∧ E_EC0094,DATE_ONLY:CLAIMED_VS_COURT_DATE_ORDER,PRIMITIVE_EDGE,"DN_EC0094 → DN_EC0020 → DN_J_JEONGJO_17930613_THEFT [TE0491, TE0753]",TE0491:E_EC0094; TE0753:HARD(조건 없음); active(DN_EC0020):E_EC0020 = TRUE,INTERMEDIATE_NODE_MAY_VANISH: 이 edge가 활성인 world에서도 중간 node가 없을 수 있음 (보장 안 되는 조건: E_EC0020),조건부 중복: alternative_path_conditions가 모두 참인 world에서만 shortcut이 중복(그 world의 materialize 단계에서만 생략 가능); 42의 witness_world(논리적으로 가능한 world)에서는 이 edge 없이 from→to 도달 불가
TE0517,DN_EC0095,DN_EC0096,TEMPORAL_BEFORE,active(DN_EC0095) ∧ active(DN_EC0096) ∧ (E_EC0095 ∧ E_EC0096),DATE_ONLY:CLAIMED_DATE_ORDER,PRIMITIVE_EDGE,,,NO_ALTERNATIVE_PATH: 다른 보존 edge로 from→to path 없음,42의 witness_world에서 이 edge 없이 from→to 도달 불가
TE0518,DN_EC0095,DN_EC0097,TEMPORAL_BEFORE,active(DN_EC0095) ∧ active(DN_EC0097) ∧ (E_EC0095 ∧ E_EC0097),DATE_ONLY:CLAIMED_DATE_ORDER,PRIMITIVE_EDGE,"DN_EC0095 → DN_EC0096 → DN_EC0097 [TE0517, TE0010]",TE0517:(E_EC0095 ∧ E_EC0096); TE0010:(E_EC0096 ∧ E_EC0097 ∧ ID_BYEONGSA_SRC2_006__IGWANGSEOP); active(DN_EC0096):E_EC0096 = TRUE,"PATH_EDGE_CONDITION_NOT_GUARANTEED: path의 edge 조건·중간 node가 보장되지 않음 (E_EC0096, ID_BYEONGSA_SRC2_006__IGWANGSEOP)",조건부 중복: alternative_path_conditions가 모두 참인 world에서만 shortcut이 중복(그 world의 materialize 단계에서만 생략 가능); 42의 witness_world(논리적으로 가능한 world)에서는 이 edge 없이 from→to 도달 불가 / endpoint가 SAME 후보: collapse된 class로 활성될 수 있어 그 endpoint의 활성 literal은 L(e)에서 제외
TE0519,DN_EC0095,DN_EC0098,TEMPORAL_BEFORE,active(DN_EC0095) ∧ active(DN_EC0098) ∧ (E_EC0095 ∧ E_EC0098),DATE_ONLY:CLAIMED_DATE_ORDER,PRIMITIVE_EDGE,,,NO_ALTERNATIVE_PATH: 다른 보존 edge로 from→to path 없음,42의 witness_world에서 이 edge 없이 from→to 도달 불가 / endpoint가 SAME 후보: collapse된 class로 활성될 수 있어 그 endpoint의 활성 literal은 L(e)에서 제외
TE0520,DN_EC0095,DN_EC0099,TEMPORAL_BEFORE,active(DN_EC0095) ∧ active(DN_EC0099) ∧ (E_EC0095 ∧ E_EC0099),DATE_ONLY:CLAIMED_DATE_ORDER,PRIMITIVE_EDGE,,,NO_ALTERNATIVE_PATH: 다른 보존 edge로 from→to path 없음,42의 witness_world에서 이 edge 없이 from→to 도달 불가
TE0521,DN_EC0095,DN_EC0100,TEMPORAL_BEFORE,active(DN_EC0095) ∧ active(DN_EC0100) ∧ (E_EC0095 ∧ E_EC0100),DATE_ONLY:CLAIMED_DATE_ORDER,PRIMITIVE_EDGE,,,NO_ALTERNATIVE_PATH: 다른 보존 edge로 from→to path 없음,42의 witness_world에서 이 edge 없이 from→to 도달 불가
TE0522,DN_EC0095,DN_EC0101,TEMPORAL_BEFORE,active(DN_EC0095) ∧ active(DN_EC0101) ∧ (E_EC0095 ∧ E_EC0101),DATE_ONLY:CLAIMED_DATE_ORDER,PRIMITIVE_EDGE,,,NO_ALTERNATIVE_PATH: 다른 보존 edge로 from→to path 없음,42의 witness_world에서 이 edge 없이 from→to 도달 불가
TE0523,DN_EC0095,DN_EC0102,TEMPORAL_BEFORE,active(DN_EC0095) ∧ active(DN_EC0102) ∧ (E_EC0095 ∧ E_EC0102),DATE_ONLY:CLAIMED_DATE_ORDER,PRIMITIVE_EDGE,,,NO_ALTERNATIVE_PATH: 다른 보존 edge로 from→to path 없음,42의 witness_world에서 이 edge 없이 from→to 도달 불가
TE0524,DN_EC0095,DN_EC0020,TEMPORAL_BEFORE,active(DN_EC0095) ∧ active(DN_EC0020) ∧ E_EC0095,DATE_ONLY:CLAIMED_VS_COURT_DATE_ORDER,PRIMITIVE_EDGE,"DN_EC0095 → DN_EC0096 → DN_EC0020 [TE0517, TE0550]",TE0517:(E_EC0095 ∧ E_EC0096); TE0550:E_EC0096; active(DN_EC0096):E_EC0096 = TRUE,PATH_EDGE_CONDITION_NOT_GUARANTEED: path의 edge 조건·중간 node가 보장되지 않음 (E_EC0096),조건부 중복: alternative_path_conditions가 모두 참인 world에서만 shortcut이 중복(그 world의 materialize 단계에서만 생략 가능); 42의 witness_world(논리적으로 가능한 world)에서는 이 edge 없이 from→to 도달 불가
TE0525,DN_EC0095,DN_EC0021,TEMPORAL_BEFORE,active(DN_EC0095) ∧ active(DN_EC0021) ∧ E_EC0095,DATE_ONLY:CLAIMED_VS_COURT_DATE_ORDER,PRIMITIVE_EDGE,"DN_EC0095 → DN_EC0020 → DN_EC0021 [TE0524, TE0024]",TE0524:E_EC0095; TE0024:HARD(조건 없음); active(DN_EC0020):E_EC0020 = TRUE,INTERMEDIATE_NODE_MAY_VANISH: 이 edge가 활성인 world에서도 중간 node가 없을 수 있음 (보장 안 되는 조건: E_EC0020),조건부 중복: alternative_path_conditions가 모두 참인 world에서만 shortcut이 중복(그 world의 materialize 단계에서만 생략 가능); 42의 witness_world(논리적으로 가능한 world)에서는 이 edge 없이 from→to 도달 불가
TE0526,DN_EC0095,DN_EC0023,TEMPORAL_BEFORE,active(DN_EC0095) ∧ active(DN_EC0023) ∧ E_EC0095,DATE_ONLY:CLAIMED_VS_COURT_DATE_ORDER,PRIMITIVE_EDGE,"DN_EC0095 → DN_EC0096 → DN_EC0023 [TE0517, TE0552]",TE0517:(E_EC0095 ∧ E_EC0096); TE0552:E_EC0096; active(DN_EC0096):E_EC0096 = TRUE,PATH_EDGE_CONDITION_NOT_GUARANTEED: path의 edge 조건·중간 node가 보장되지 않음 (E_EC0096),조건부 중복: alternative_path_conditions가 모두 참인 world에서만 shortcut이 중복(그 world의 materialize 단계에서만 생략 가능); 42의 witness_world(논리적으로 가능한 world)에서는 이 edge 없이 from→to 도달 불가
TE0527,DN_EC0095,DN_EC0044,TEMPORAL_BEFORE,active(DN_EC0095) ∧ active(DN_EC0044) ∧ E_EC0095,DATE_ONLY:CLAIMED_VS_COURT_DATE_ORDER,PRIMITIVE_EDGE,"DN_EC0095 → DN_EC0020 → DN_EC0044 [TE0524, TE0732]",TE0524:E_EC0095; TE0732:HARD(조건 없음); active(DN_EC0020):E_EC0020 = TRUE,INTERMEDIATE_NODE_MAY_VANISH: 이 edge가 활성인 world에서도 중간 node가 없을 수 있음 (보장 안 되는 조건: E_EC0020),조건부 중복: alternative_path_conditions가 모두 참인 world에서만 shortcut이 중복(그 world의 materialize 단계에서만 생략 가능); 42의 witness_world(논리적으로 가능한 world)에서는 이 edge 없이 from→to 도달 불가
TE0528,DN_EC0095,DN_EC0045,TEMPORAL_BEFORE,active(DN_EC0095) ∧ active(DN_EC0045) ∧ E_EC0095,DATE_ONLY:CLAIMED_VS_COURT_DATE_ORDER,PRIMITIVE_EDGE,"DN_EC0095 → DN_EC0020 → DN_EC0045 [TE0524, TE0733]",TE0524:E_EC0095; TE0733:HARD(조건 없음); active(DN_EC0020):E_EC0020 = TRUE,INTERMEDIATE_NODE_MAY_VANISH: 이 edge가 활성인 world에서도 중간 node가 없을 수 있음 (보장 안 되는 조건: E_EC0020),조건부 중복: alternative_path_conditions가 모두 참인 world에서만 shortcut이 중복(그 world의 materialize 단계에서만 생략 가능); 42의 witness_world(논리적으로 가능한 world)에서는 이 edge 없이 from→to 도달 불가
TE0529,DN_EC0095,DN_EC0048,TEMPORAL_BEFORE,active(DN_EC0095) ∧ active(DN_EC0048) ∧ E_EC0095,DATE_ONLY:CLAIMED_VS_COURT_DATE_ORDER,PRIMITIVE_EDGE,"DN_EC0095 → DN_EC0020 → DN_EC0048 [TE0524, TE0734]",TE0524:E_EC0095; TE0734:HARD(조건 없음); active(DN_EC0020):E_EC0020 = TRUE,INTERMEDIATE_NODE_MAY_VANISH: 이 edge가 활성인 world에서도 중간 node가 없을 수 있음 (보장 안 되는 조건: E_EC0020),조건부 중복: alternative_path_conditions가 모두 참인 world에서만 shortcut이 중복(그 world의 materialize 단계에서만 생략 가능); 42의 witness_world(논리적으로 가능한 world)에서는 이 edge 없이 from→to 도달 불가
TE0530,DN_EC0095,DN_EC0049,TEMPORAL_BEFORE,active(DN_EC0095) ∧ active(DN_EC0049) ∧ E_EC0095,DATE_ONLY:CLAIMED_VS_COURT_DATE_ORDER,PRIMITIVE_EDGE,"DN_EC0095 → DN_EC0020 → DN_EC0049 [TE0524, TE0735]",TE0524:E_EC0095; TE0735:HARD(조건 없음); active(DN_EC0020):E_EC0020 = TRUE,INTERMEDIATE_NODE_MAY_VANISH: 이 edge가 활성인 world에서도 중간 node가 없을 수 있음 (보장 안 되는 조건: E_EC0020),조건부 중복: alternative_path_conditions가 모두 참인 world에서만 shortcut이 중복(그 world의 materialize 단계에서만 생략 가능); 42의 witness_world(논리적으로 가능한 world)에서는 이 edge 없이 from→to 도달 불가
TE0531,DN_EC0095,DN_EC0061,TEMPORAL_BEFORE,active(DN_EC0095) ∧ active(DN_EC0061) ∧ E_EC0095,DATE_ONLY:CLAIMED_VS_COURT_DATE_ORDER,PRIMITIVE_EDGE,"DN_EC0095 → DN_EC0020 → DN_EC0061 [TE0524, TE0736]",TE0524:E_EC0095; TE0736:HARD(조건 없음); active(DN_EC0020):E_EC0020 = TRUE,INTERMEDIATE_NODE_MAY_VANISH: 이 edge가 활성인 world에서도 중간 node가 없을 수 있음 (보장 안 되는 조건: E_EC0020),조건부 중복: alternative_path_conditions가 모두 참인 world에서만 shortcut이 중복(그 world의 materialize 단계에서만 생략 가능); 42의 witness_world(논리적으로 가능한 world)에서는 이 edge 없이 from→to 도달 불가
TE0532,DN_EC0095,DN_EC0062,TEMPORAL_BEFORE,active(DN_EC0095) ∧ active(DN_EC0062) ∧ E_EC0095,DATE_ONLY:CLAIMED_VS_COURT_DATE_ORDER,PRIMITIVE_EDGE,"DN_EC0095 → DN_EC0020 → DN_EC0062 [TE0524, TE0737]",TE0524:E_EC0095; TE0737:HARD(조건 없음); active(DN_EC0020):E_EC0020 = TRUE,INTERMEDIATE_NODE_MAY_VANISH: 이 edge가 활성인 world에서도 중간 node가 없을 수 있음 (보장 안 되는 조건: E_EC0020),조건부 중복: alternative_path_conditions가 모두 참인 world에서만 shortcut이 중복(그 world의 materialize 단계에서만 생략 가능); 42의 witness_world(논리적으로 가능한 world)에서는 이 edge 없이 from→to 도달 불가
TE0533,DN_EC0095,DN_EC0150,TEMPORAL_BEFORE,active(DN_EC0095) ∧ active(DN_EC0150) ∧ E_EC0095,DATE_ONLY:CLAIMED_VS_COURT_DATE_ORDER,PRIMITIVE_EDGE,"DN_EC0095 → DN_EC0020 → DN_EC0150 [TE0524, TE0738]",TE0524:E_EC0095; TE0738:HARD(조건 없음); active(DN_EC0020):E_EC0020 = TRUE,INTERMEDIATE_NODE_MAY_VANISH: 이 edge가 활성인 world에서도 중간 node가 없을 수 있음 (보장 안 되는 조건: E_EC0020),조건부 중복: alternative_path_conditions가 모두 참인 world에서만 shortcut이 중복(그 world의 materialize 단계에서만 생략 가능); 42의 witness_world(논리적으로 가능한 world)에서는 이 edge 없이 from→to 도달 불가 / endpoint가 SAME 후보: collapse된 class로 활성될 수 있어 그 endpoint의 활성 literal은 L(e)에서 제외
TE0534,DN_EC0095,DN_EC0151,TEMPORAL_BEFORE,active(DN_EC0095) ∧ active(DN_EC0151) ∧ E_EC0095,DATE_ONLY:CLAIMED_VS_COURT_DATE_ORDER,PRIMITIVE_EDGE,"DN_EC0095 → DN_EC0020 → DN_EC0151 [TE0524, TE0739]",TE0524:E_EC0095; TE0739:HARD(조건 없음); active(DN_EC0020):E_EC0020 = TRUE,INTERMEDIATE_NODE_MAY_VANISH: 이 edge가 활성인 world에서도 중간 node가 없을 수 있음 (보장 안 되는 조건: E_EC0020),조건부 중복: alternative_path_conditions가 모두 참인 world에서만 shortcut이 중복(그 world의 materialize 단계에서만 생략 가능); 42의 witness_world(논리적으로 가능한 world)에서는 이 edge 없이 from→to 도달 불가 / endpoint가 SAME 후보: collapse된 class로 활성될 수 있어 그 endpoint의 활성 literal은 L(e)에서 제외
TE0535,DN_EC0095,DN_EC0152,TEMPORAL_BEFORE,active(DN_EC0095) ∧ active(DN_EC0152) ∧ E_EC0095,DATE_ONLY:CLAIMED_VS_COURT_DATE_ORDER,PRIMITIVE_EDGE,"DN_EC0095 → DN_EC0020 → DN_EC0152 [TE0524, TE0740]",TE0524:E_EC0095; TE0740:HARD(조건 없음); active(DN_EC0020):E_EC0020 = TRUE,INTERMEDIATE_NODE_MAY_VANISH: 이 edge가 활성인 world에서도 중간 node가 없을 수 있음 (보장 안 되는 조건: E_EC0020),조건부 중복: alternative_path_conditions가 모두 참인 world에서만 shortcut이 중복(그 world의 materialize 단계에서만 생략 가능); 42의 witness_world(논리적으로 가능한 world)에서는 이 edge 없이 from→to 도달 불가
TE0536,DN_EC0095,DN_EC0153,TEMPORAL_BEFORE,active(DN_EC0095) ∧ active(DN_EC0153) ∧ E_EC0095,DATE_ONLY:CLAIMED_VS_COURT_DATE_ORDER,PRIMITIVE_EDGE,"DN_EC0095 → DN_EC0020 → DN_EC0153 [TE0524, TE0741]",TE0524:E_EC0095; TE0741:HARD(조건 없음); active(DN_EC0020):E_EC0020 = TRUE,INTERMEDIATE_NODE_MAY_VANISH: 이 edge가 활성인 world에서도 중간 node가 없을 수 있음 (보장 안 되는 조건: E_EC0020),조건부 중복: alternative_path_conditions가 모두 참인 world에서만 shortcut이 중복(그 world의 materialize 단계에서만 생략 가능); 42의 witness_world(논리적으로 가능한 world)에서는 이 edge 없이 from→to 도달 불가
TE0537,DN_EC0095,DN_EC0154,TEMPORAL_BEFORE,active(DN_EC0095) ∧ active(DN_EC0154) ∧ E_EC0095,DATE_ONLY:CLAIMED_VS_COURT_DATE_ORDER,PRIMITIVE_EDGE,"DN_EC0095 → DN_EC0020 → DN_EC0154 [TE0524, TE0742]",TE0524:E_EC0095; TE0742:HARD(조건 없음); active(DN_EC0020):E_EC0020 = TRUE,INTERMEDIATE_NODE_MAY_VANISH: 이 edge가 활성인 world에서도 중간 node가 없을 수 있음 (보장 안 되는 조건: E_EC0020),조건부 중복: alternative_path_conditions가 모두 참인 world에서만 shortcut이 중복(그 world의 materialize 단계에서만 생략 가능); 42의 witness_world(논리적으로 가능한 world)에서는 이 edge 없이 from→to 도달 불가
TE0538,DN_EC0095,DN_EC0155,TEMPORAL_BEFORE,active(DN_EC0095) ∧ active(DN_EC0155) ∧ E_EC0095,DATE_ONLY:CLAIMED_VS_COURT_DATE_ORDER,PRIMITIVE_EDGE,"DN_EC0095 → DN_EC0020 → DN_EC0155 [TE0524, TE0743]",TE0524:E_EC0095; TE0743:HARD(조건 없음); active(DN_EC0020):E_EC0020 = TRUE,INTERMEDIATE_NODE_MAY_VANISH: 이 edge가 활성인 world에서도 중간 node가 없을 수 있음 (보장 안 되는 조건: E_EC0020),조건부 중복: alternative_path_conditions가 모두 참인 world에서만 shortcut이 중복(그 world의 materialize 단계에서만 생략 가능); 42의 witness_world(논리적으로 가능한 world)에서는 이 edge 없이 from→to 도달 불가
TE0539,DN_EC0095,DN_J_HONG_17930528_JISE,TEMPORAL_BEFORE,active(DN_EC0095) ∧ active(DN_J_HONG_17930528_JISE) ∧ E_EC0095,DATE_ONLY:CLAIMED_VS_COURT_DATE_ORDER,PRIMITIVE_EDGE,"DN_EC0095 → DN_EC0020 → DN_J_HONG_17930528_JISE [TE0524, TE0744]",TE0524:E_EC0095; TE0744:HARD(조건 없음); active(DN_EC0020):E_EC0020 = TRUE,INTERMEDIATE_NODE_MAY_VANISH: 이 edge가 활성인 world에서도 중간 node가 없을 수 있음 (보장 안 되는 조건: E_EC0020),조건부 중복: alternative_path_conditions가 모두 참인 world에서만 shortcut이 중복(그 world의 materialize 단계에서만 생략 가능); 42의 witness_world(논리적으로 가능한 world)에서는 이 edge 없이 from→to 도달 불가
TE0540,DN_EC0095,DN_J_HONG_17930613_JISE,TEMPORAL_BEFORE,active(DN_EC0095) ∧ active(DN_J_HONG_17930613_JISE) ∧ E_EC0095,DATE_ONLY:CLAIMED_VS_COURT_DATE_ORDER,PRIMITIVE_EDGE,"DN_EC0095 → DN_EC0020 → DN_J_HONG_17930613_JISE [TE0524, TE0745]",TE0524:E_EC0095; TE0745:HARD(조건 없음); active(DN_EC0020):E_EC0020 = TRUE,INTERMEDIATE_NODE_MAY_VANISH: 이 edge가 활성인 world에서도 중간 node가 없을 수 있음 (보장 안 되는 조건: E_EC0020),조건부 중복: alternative_path_conditions가 모두 참인 world에서만 shortcut이 중복(그 world의 materialize 단계에서만 생략 가능); 42의 witness_world(논리적으로 가능한 world)에서는 이 edge 없이 from→to 도달 불가
TE0541,DN_EC0095,DN_J_HONG_17930613_KIM_DEATH,TEMPORAL_BEFORE,active(DN_EC0095) ∧ active(DN_J_HONG_17930613_KIM_DEATH) ∧ E_EC0095,DATE_ONLY:CLAIMED_VS_COURT_DATE_ORDER,PRIMITIVE_EDGE,"DN_EC0095 → DN_EC0020 → DN_J_HONG_17930613_KIM_DEATH [TE0524, TE0746]",TE0524:E_EC0095; TE0746:HARD(조건 없음); active(DN_EC0020):E_EC0020 = TRUE,INTERMEDIATE_NODE_MAY_VANISH: 이 edge가 활성인 world에서도 중간 node가 없을 수 있음 (보장 안 되는 조건: E_EC0020),조건부 중복: alternative_path_conditions가 모두 참인 world에서만 shortcut이 중복(그 world의 materialize 단계에서만 생략 가능); 42의 witness_world(논리적으로 가능한 world)에서는 이 edge 없이 from→to 도달 불가
TE0542,DN_EC0095,DN_J_HONG_17930613_THEFT,TEMPORAL_BEFORE,active(DN_EC0095) ∧ active(DN_J_HONG_17930613_THEFT) ∧ E_EC0095,DATE_ONLY:CLAIMED_VS_COURT_DATE_ORDER,PRIMITIVE_EDGE,"DN_EC0095 → DN_EC0020 → DN_J_HONG_17930613_THEFT [TE0524, TE0747]",TE0524:E_EC0095; TE0747:HARD(조건 없음); active(DN_EC0020):E_EC0020 = TRUE,INTERMEDIATE_NODE_MAY_VANISH: 이 edge가 활성인 world에서도 중간 node가 없을 수 있음 (보장 안 되는 조건: E_EC0020),조건부 중복: alternative_path_conditions가 모두 참인 world에서만 shortcut이 중복(그 world의 materialize 단계에서만 생략 가능); 42의 witness_world(논리적으로 가능한 world)에서는 이 edge 없이 from→to 도달 불가
TE0543,DN_EC0095,DN_J_IJOWON_17930527_JISE,TEMPORAL_BEFORE,active(DN_EC0095) ∧ active(DN_J_IJOWON_17930527_JISE) ∧ E_EC0095,DATE_ONLY:CLAIMED_VS_COURT_DATE_ORDER,PRIMITIVE_EDGE,"DN_EC0095 → DN_EC0020 → DN_J_IJOWON_17930527_JISE [TE0524, TE0748]",TE0524:E_EC0095; TE0748:HARD(조건 없음); active(DN_EC0020):E_EC0020 = TRUE,INTERMEDIATE_NODE_MAY_VANISH: 이 edge가 활성인 world에서도 중간 node가 없을 수 있음 (보장 안 되는 조건: E_EC0020),조건부 중복: alternative_path_conditions가 모두 참인 world에서만 shortcut이 중복(그 world의 materialize 단계에서만 생략 가능); 42의 witness_world(논리적으로 가능한 world)에서는 이 edge 없이 from→to 도달 불가
TE0544,DN_EC0095,DN_J_IJOWON_17930527_KIM_DEATH,TEMPORAL_BEFORE,active(DN_EC0095) ∧ active(DN_J_IJOWON_17930527_KIM_DEATH) ∧ E_EC0095,DATE_ONLY:CLAIMED_VS_COURT_DATE_ORDER,PRIMITIVE_EDGE,"DN_EC0095 → DN_EC0020 → DN_J_IJOWON_17930527_KIM_DEATH [TE0524, TE0749]",TE0524:E_EC0095; TE0749:HARD(조건 없음); active(DN_EC0020):E_EC0020 = TRUE,INTERMEDIATE_NODE_MAY_VANISH: 이 edge가 활성인 world에서도 중간 node가 없을 수 있음 (보장 안 되는 조건: E_EC0020),조건부 중복: alternative_path_conditions가 모두 참인 world에서만 shortcut이 중복(그 world의 materialize 단계에서만 생략 가능); 42의 witness_world(논리적으로 가능한 world)에서는 이 edge 없이 from→to 도달 불가
TE0545,DN_EC0095,DN_J_IJOWON_17930527_THEFT,TEMPORAL_BEFORE,active(DN_EC0095) ∧ active(DN_J_IJOWON_17930527_THEFT) ∧ E_EC0095,DATE_ONLY:CLAIMED_VS_COURT_DATE_ORDER,PRIMITIVE_EDGE,"DN_EC0095 → DN_EC0020 → DN_J_IJOWON_17930527_THEFT [TE0524, TE0750]",TE0524:E_EC0095; TE0750:HARD(조건 없음); active(DN_EC0020):E_EC0020 = TRUE,INTERMEDIATE_NODE_MAY_VANISH: 이 edge가 활성인 world에서도 중간 node가 없을 수 있음 (보장 안 되는 조건: E_EC0020),조건부 중복: alternative_path_conditions가 모두 참인 world에서만 shortcut이 중복(그 world의 materialize 단계에서만 생략 가능); 42의 witness_world(논리적으로 가능한 world)에서는 이 edge 없이 from→to 도달 불가
TE0546,DN_EC0095,DN_J_JEONGJO_17930512_THEFT,TEMPORAL_BEFORE,active(DN_EC0095) ∧ active(DN_J_JEONGJO_17930512_THEFT) ∧ E_EC0095,DATE_ONLY:CLAIMED_VS_COURT_DATE_ORDER,PRIMITIVE_EDGE,"DN_EC0095 → DN_EC0096 → DN_J_JEONGJO_17930512_THEFT [TE0517, TE0572]",TE0517:(E_EC0095 ∧ E_EC0096); TE0572:E_EC0096; active(DN_EC0096):E_EC0096 = TRUE,PATH_EDGE_CONDITION_NOT_GUARANTEED: path의 edge 조건·중간 node가 보장되지 않음 (E_EC0096),조건부 중복: alternative_path_conditions가 모두 참인 world에서만 shortcut이 중복(그 world의 materialize 단계에서만 생략 가능); 42의 witness_world(논리적으로 가능한 world)에서는 이 edge 없이 from→to 도달 불가
TE0547,DN_EC0095,DN_J_JEONGJO_17930613_JISE,TEMPORAL_BEFORE,active(DN_EC0095) ∧ active(DN_J_JEONGJO_17930613_JISE) ∧ E_EC0095,DATE_ONLY:CLAIMED_VS_COURT_DATE_ORDER,PRIMITIVE_EDGE,"DN_EC0095 → DN_EC0020 → DN_J_JEONGJO_17930613_JISE [TE0524, TE0751]",TE0524:E_EC0095; TE0751:HARD(조건 없음); active(DN_EC0020):E_EC0020 = TRUE,INTERMEDIATE_NODE_MAY_VANISH: 이 edge가 활성인 world에서도 중간 node가 없을 수 있음 (보장 안 되는 조건: E_EC0020),조건부 중복: alternative_path_conditions가 모두 참인 world에서만 shortcut이 중복(그 world의 materialize 단계에서만 생략 가능); 42의 witness_world(논리적으로 가능한 world)에서는 이 edge 없이 from→to 도달 불가
TE0548,DN_EC0095,DN_J_JEONGJO_17930613_KIM_DEATH,TEMPORAL_BEFORE,active(DN_EC0095) ∧ active(DN_J_JEONGJO_17930613_KIM_DEATH) ∧ E_EC0095,DATE_ONLY:CLAIMED_VS_COURT_DATE_ORDER,PRIMITIVE_EDGE,"DN_EC0095 → DN_EC0020 → DN_J_JEONGJO_17930613_KIM_DEATH [TE0524, TE0752]",TE0524:E_EC0095; TE0752:HARD(조건 없음); active(DN_EC0020):E_EC0020 = TRUE,INTERMEDIATE_NODE_MAY_VANISH: 이 edge가 활성인 world에서도 중간 node가 없을 수 있음 (보장 안 되는 조건: E_EC0020),조건부 중복: alternative_path_conditions가 모두 참인 world에서만 shortcut이 중복(그 world의 materialize 단계에서만 생략 가능); 42의 witness_world(논리적으로 가능한 world)에서는 이 edge 없이 from→to 도달 불가
TE0549,DN_EC0095,DN_J_JEONGJO_17930613_THEFT,TEMPORAL_BEFORE,active(DN_EC0095) ∧ active(DN_J_JEONGJO_17930613_THEFT) ∧ E_EC0095,DATE_ONLY:CLAIMED_VS_COURT_DATE_ORDER,PRIMITIVE_EDGE,"DN_EC0095 → DN_EC0020 → DN_J_JEONGJO_17930613_THEFT [TE0524, TE0753]",TE0524:E_EC0095; TE0753:HARD(조건 없음); active(DN_EC0020):E_EC0020 = TRUE,INTERMEDIATE_NODE_MAY_VANISH: 이 edge가 활성인 world에서도 중간 node가 없을 수 있음 (보장 안 되는 조건: E_EC0020),조건부 중복: alternative_path_conditions가 모두 참인 world에서만 shortcut이 중복(그 world의 materialize 단계에서만 생략 가능); 42의 witness_world(논리적으로 가능한 world)에서는 이 edge 없이 from→to 도달 불가
TE0550,DN_EC0096,DN_EC0020,TEMPORAL_BEFORE,active(DN_EC0096) ∧ active(DN_EC0020) ∧ E_EC0096,DATE_ONLY:CLAIMED_VS_COURT_DATE_ORDER,PRIMITIVE_EDGE,"DN_EC0096 → DN_EC0097 → DN_EC0020 [TE0010, TE0576]",TE0010:(E_EC0096 ∧ E_EC0097 ∧ ID_BYEONGSA_SRC2_006__IGWANGSEOP); TE0576:E_EC0097; active(DN_EC0097):E_EC0097 = TRUE,"PATH_EDGE_CONDITION_NOT_GUARANTEED: path의 edge 조건·중간 node가 보장되지 않음 (E_EC0097, ID_BYEONGSA_SRC2_006__IGWANGSEOP)",조건부 중복: alternative_path_conditions가 모두 참인 world에서만 shortcut이 중복(그 world의 materialize 단계에서만 생략 가능); 42의 witness_world(논리적으로 가능한 world)에서는 이 edge 없이 from→to 도달 불가
TE0551,DN_EC0096,DN_EC0021,TEMPORAL_BEFORE,active(DN_EC0096) ∧ active(DN_EC0021) ∧ E_EC0096,DATE_ONLY:CLAIMED_VS_COURT_DATE_ORDER,PRIMITIVE_EDGE,"DN_EC0096 → DN_EC0020 → DN_EC0021 [TE0550, TE0024]",TE0550:E_EC0096; TE0024:HARD(조건 없음); active(DN_EC0020):E_EC0020 = TRUE,INTERMEDIATE_NODE_MAY_VANISH: 이 edge가 활성인 world에서도 중간 node가 없을 수 있음 (보장 안 되는 조건: E_EC0020),조건부 중복: alternative_path_conditions가 모두 참인 world에서만 shortcut이 중복(그 world의 materialize 단계에서만 생략 가능); 42의 witness_world(논리적으로 가능한 world)에서는 이 edge 없이 from→to 도달 불가
TE0552,DN_EC0096,DN_EC0023,TEMPORAL_BEFORE,active(DN_EC0096) ∧ active(DN_EC0023) ∧ E_EC0096,DATE_ONLY:CLAIMED_VS_COURT_DATE_ORDER,PRIMITIVE_EDGE,"DN_EC0096 → DN_EC0097 → DN_EC0023 [TE0010, TE0578]",TE0010:(E_EC0096 ∧ E_EC0097 ∧ ID_BYEONGSA_SRC2_006__IGWANGSEOP); TE0578:E_EC0097; active(DN_EC0097):E_EC0097 = TRUE,"PATH_EDGE_CONDITION_NOT_GUARANTEED: path의 edge 조건·중간 node가 보장되지 않음 (E_EC0097, ID_BYEONGSA_SRC2_006__IGWANGSEOP)",조건부 중복: alternative_path_conditions가 모두 참인 world에서만 shortcut이 중복(그 world의 materialize 단계에서만 생략 가능); 42의 witness_world(논리적으로 가능한 world)에서는 이 edge 없이 from→to 도달 불가
TE0553,DN_EC0096,DN_EC0044,TEMPORAL_BEFORE,active(DN_EC0096) ∧ active(DN_EC0044) ∧ E_EC0096,DATE_ONLY:CLAIMED_VS_COURT_DATE_ORDER,PRIMITIVE_EDGE,"DN_EC0096 → DN_EC0020 → DN_EC0044 [TE0550, TE0732]",TE0550:E_EC0096; TE0732:HARD(조건 없음); active(DN_EC0020):E_EC0020 = TRUE,INTERMEDIATE_NODE_MAY_VANISH: 이 edge가 활성인 world에서도 중간 node가 없을 수 있음 (보장 안 되는 조건: E_EC0020),조건부 중복: alternative_path_conditions가 모두 참인 world에서만 shortcut이 중복(그 world의 materialize 단계에서만 생략 가능); 42의 witness_world(논리적으로 가능한 world)에서는 이 edge 없이 from→to 도달 불가
TE0554,DN_EC0096,DN_EC0045,TEMPORAL_BEFORE,active(DN_EC0096) ∧ active(DN_EC0045) ∧ E_EC0096,DATE_ONLY:CLAIMED_VS_COURT_DATE_ORDER,PRIMITIVE_EDGE,"DN_EC0096 → DN_EC0020 → DN_EC0045 [TE0550, TE0733]",TE0550:E_EC0096; TE0733:HARD(조건 없음); active(DN_EC0020):E_EC0020 = TRUE,INTERMEDIATE_NODE_MAY_VANISH: 이 edge가 활성인 world에서도 중간 node가 없을 수 있음 (보장 안 되는 조건: E_EC0020),조건부 중복: alternative_path_conditions가 모두 참인 world에서만 shortcut이 중복(그 world의 materialize 단계에서만 생략 가능); 42의 witness_world(논리적으로 가능한 world)에서는 이 edge 없이 from→to 도달 불가
TE0555,DN_EC0096,DN_EC0048,TEMPORAL_BEFORE,active(DN_EC0096) ∧ active(DN_EC0048) ∧ E_EC0096,DATE_ONLY:CLAIMED_VS_COURT_DATE_ORDER,PRIMITIVE_EDGE,"DN_EC0096 → DN_EC0020 → DN_EC0048 [TE0550, TE0734]",TE0550:E_EC0096; TE0734:HARD(조건 없음); active(DN_EC0020):E_EC0020 = TRUE,INTERMEDIATE_NODE_MAY_VANISH: 이 edge가 활성인 world에서도 중간 node가 없을 수 있음 (보장 안 되는 조건: E_EC0020),조건부 중복: alternative_path_conditions가 모두 참인 world에서만 shortcut이 중복(그 world의 materialize 단계에서만 생략 가능); 42의 witness_world(논리적으로 가능한 world)에서는 이 edge 없이 from→to 도달 불가
TE0556,DN_EC0096,DN_EC0049,TEMPORAL_BEFORE,active(DN_EC0096) ∧ active(DN_EC0049) ∧ E_EC0096,DATE_ONLY:CLAIMED_VS_COURT_DATE_ORDER,PRIMITIVE_EDGE,"DN_EC0096 → DN_EC0020 → DN_EC0049 [TE0550, TE0735]",TE0550:E_EC0096; TE0735:HARD(조건 없음); active(DN_EC0020):E_EC0020 = TRUE,INTERMEDIATE_NODE_MAY_VANISH: 이 edge가 활성인 world에서도 중간 node가 없을 수 있음 (보장 안 되는 조건: E_EC0020),조건부 중복: alternative_path_conditions가 모두 참인 world에서만 shortcut이 중복(그 world의 materialize 단계에서만 생략 가능); 42의 witness_world(논리적으로 가능한 world)에서는 이 edge 없이 from→to 도달 불가
TE0557,DN_EC0096,DN_EC0061,TEMPORAL_BEFORE,active(DN_EC0096) ∧ active(DN_EC0061) ∧ E_EC0096,DATE_ONLY:CLAIMED_VS_COURT_DATE_ORDER,PRIMITIVE_EDGE,"DN_EC0096 → DN_EC0020 → DN_EC0061 [TE0550, TE0736]",TE0550:E_EC0096; TE0736:HARD(조건 없음); active(DN_EC0020):E_EC0020 = TRUE,INTERMEDIATE_NODE_MAY_VANISH: 이 edge가 활성인 world에서도 중간 node가 없을 수 있음 (보장 안 되는 조건: E_EC0020),조건부 중복: alternative_path_conditions가 모두 참인 world에서만 shortcut이 중복(그 world의 materialize 단계에서만 생략 가능); 42의 witness_world(논리적으로 가능한 world)에서는 이 edge 없이 from→to 도달 불가
TE0558,DN_EC0096,DN_EC0062,TEMPORAL_BEFORE,active(DN_EC0096) ∧ active(DN_EC0062) ∧ E_EC0096,DATE_ONLY:CLAIMED_VS_COURT_DATE_ORDER,PRIMITIVE_EDGE,"DN_EC0096 → DN_EC0020 → DN_EC0062 [TE0550, TE0737]",TE0550:E_EC0096; TE0737:HARD(조건 없음); active(DN_EC0020):E_EC0020 = TRUE,INTERMEDIATE_NODE_MAY_VANISH: 이 edge가 활성인 world에서도 중간 node가 없을 수 있음 (보장 안 되는 조건: E_EC0020),조건부 중복: alternative_path_conditions가 모두 참인 world에서만 shortcut이 중복(그 world의 materialize 단계에서만 생략 가능); 42의 witness_world(논리적으로 가능한 world)에서는 이 edge 없이 from→to 도달 불가
TE0559,DN_EC0096,DN_EC0150,TEMPORAL_BEFORE,active(DN_EC0096) ∧ active(DN_EC0150) ∧ E_EC0096,DATE_ONLY:CLAIMED_VS_COURT_DATE_ORDER,PRIMITIVE_EDGE,"DN_EC0096 → DN_EC0020 → DN_EC0150 [TE0550, TE0738]",TE0550:E_EC0096; TE0738:HARD(조건 없음); active(DN_EC0020):E_EC0020 = TRUE,INTERMEDIATE_NODE_MAY_VANISH: 이 edge가 활성인 world에서도 중간 node가 없을 수 있음 (보장 안 되는 조건: E_EC0020),조건부 중복: alternative_path_conditions가 모두 참인 world에서만 shortcut이 중복(그 world의 materialize 단계에서만 생략 가능); 42의 witness_world(논리적으로 가능한 world)에서는 이 edge 없이 from→to 도달 불가 / endpoint가 SAME 후보: collapse된 class로 활성될 수 있어 그 endpoint의 활성 literal은 L(e)에서 제외
TE0560,DN_EC0096,DN_EC0151,TEMPORAL_BEFORE,active(DN_EC0096) ∧ active(DN_EC0151) ∧ E_EC0096,DATE_ONLY:CLAIMED_VS_COURT_DATE_ORDER,PRIMITIVE_EDGE,"DN_EC0096 → DN_EC0020 → DN_EC0151 [TE0550, TE0739]",TE0550:E_EC0096; TE0739:HARD(조건 없음); active(DN_EC0020):E_EC0020 = TRUE,INTERMEDIATE_NODE_MAY_VANISH: 이 edge가 활성인 world에서도 중간 node가 없을 수 있음 (보장 안 되는 조건: E_EC0020),조건부 중복: alternative_path_conditions가 모두 참인 world에서만 shortcut이 중복(그 world의 materialize 단계에서만 생략 가능); 42의 witness_world(논리적으로 가능한 world)에서는 이 edge 없이 from→to 도달 불가 / endpoint가 SAME 후보: collapse된 class로 활성될 수 있어 그 endpoint의 활성 literal은 L(e)에서 제외
TE0561,DN_EC0096,DN_EC0152,TEMPORAL_BEFORE,active(DN_EC0096) ∧ active(DN_EC0152) ∧ E_EC0096,DATE_ONLY:CLAIMED_VS_COURT_DATE_ORDER,PRIMITIVE_EDGE,"DN_EC0096 → DN_EC0020 → DN_EC0152 [TE0550, TE0740]",TE0550:E_EC0096; TE0740:HARD(조건 없음); active(DN_EC0020):E_EC0020 = TRUE,INTERMEDIATE_NODE_MAY_VANISH: 이 edge가 활성인 world에서도 중간 node가 없을 수 있음 (보장 안 되는 조건: E_EC0020),조건부 중복: alternative_path_conditions가 모두 참인 world에서만 shortcut이 중복(그 world의 materialize 단계에서만 생략 가능); 42의 witness_world(논리적으로 가능한 world)에서는 이 edge 없이 from→to 도달 불가
TE0562,DN_EC0096,DN_EC0153,TEMPORAL_BEFORE,active(DN_EC0096) ∧ active(DN_EC0153) ∧ E_EC0096,DATE_ONLY:CLAIMED_VS_COURT_DATE_ORDER,PRIMITIVE_EDGE,"DN_EC0096 → DN_EC0020 → DN_EC0153 [TE0550, TE0741]",TE0550:E_EC0096; TE0741:HARD(조건 없음); active(DN_EC0020):E_EC0020 = TRUE,INTERMEDIATE_NODE_MAY_VANISH: 이 edge가 활성인 world에서도 중간 node가 없을 수 있음 (보장 안 되는 조건: E_EC0020),조건부 중복: alternative_path_conditions가 모두 참인 world에서만 shortcut이 중복(그 world의 materialize 단계에서만 생략 가능); 42의 witness_world(논리적으로 가능한 world)에서는 이 edge 없이 from→to 도달 불가
TE0563,DN_EC0096,DN_EC0154,TEMPORAL_BEFORE,active(DN_EC0096) ∧ active(DN_EC0154) ∧ E_EC0096,DATE_ONLY:CLAIMED_VS_COURT_DATE_ORDER,PRIMITIVE_EDGE,"DN_EC0096 → DN_EC0020 → DN_EC0154 [TE0550, TE0742]",TE0550:E_EC0096; TE0742:HARD(조건 없음); active(DN_EC0020):E_EC0020 = TRUE,INTERMEDIATE_NODE_MAY_VANISH: 이 edge가 활성인 world에서도 중간 node가 없을 수 있음 (보장 안 되는 조건: E_EC0020),조건부 중복: alternative_path_conditions가 모두 참인 world에서만 shortcut이 중복(그 world의 materialize 단계에서만 생략 가능); 42의 witness_world(논리적으로 가능한 world)에서는 이 edge 없이 from→to 도달 불가
TE0564,DN_EC0096,DN_EC0155,TEMPORAL_BEFORE,active(DN_EC0096) ∧ active(DN_EC0155) ∧ E_EC0096,DATE_ONLY:CLAIMED_VS_COURT_DATE_ORDER,PRIMITIVE_EDGE,"DN_EC0096 → DN_EC0020 → DN_EC0155 [TE0550, TE0743]",TE0550:E_EC0096; TE0743:HARD(조건 없음); active(DN_EC0020):E_EC0020 = TRUE,INTERMEDIATE_NODE_MAY_VANISH: 이 edge가 활성인 world에서도 중간 node가 없을 수 있음 (보장 안 되는 조건: E_EC0020),조건부 중복: alternative_path_conditions가 모두 참인 world에서만 shortcut이 중복(그 world의 materialize 단계에서만 생략 가능); 42의 witness_world(논리적으로 가능한 world)에서는 이 edge 없이 from→to 도달 불가
TE0565,DN_EC0096,DN_J_HONG_17930528_JISE,TEMPORAL_BEFORE,active(DN_EC0096) ∧ active(DN_J_HONG_17930528_JISE) ∧ E_EC0096,DATE_ONLY:CLAIMED_VS_COURT_DATE_ORDER,PRIMITIVE_EDGE,"DN_EC0096 → DN_EC0020 → DN_J_HONG_17930528_JISE [TE0550, TE0744]",TE0550:E_EC0096; TE0744:HARD(조건 없음); active(DN_EC0020):E_EC0020 = TRUE,INTERMEDIATE_NODE_MAY_VANISH: 이 edge가 활성인 world에서도 중간 node가 없을 수 있음 (보장 안 되는 조건: E_EC0020),조건부 중복: alternative_path_conditions가 모두 참인 world에서만 shortcut이 중복(그 world의 materialize 단계에서만 생략 가능); 42의 witness_world(논리적으로 가능한 world)에서는 이 edge 없이 from→to 도달 불가
TE0566,DN_EC0096,DN_J_HONG_17930613_JISE,TEMPORAL_BEFORE,active(DN_EC0096) ∧ active(DN_J_HONG_17930613_JISE) ∧ E_EC0096,DATE_ONLY:CLAIMED_VS_COURT_DATE_ORDER,PRIMITIVE_EDGE,"DN_EC0096 → DN_EC0020 → DN_J_HONG_17930613_JISE [TE0550, TE0745]",TE0550:E_EC0096; TE0745:HARD(조건 없음); active(DN_EC0020):E_EC0020 = TRUE,INTERMEDIATE_NODE_MAY_VANISH: 이 edge가 활성인 world에서도 중간 node가 없을 수 있음 (보장 안 되는 조건: E_EC0020),조건부 중복: alternative_path_conditions가 모두 참인 world에서만 shortcut이 중복(그 world의 materialize 단계에서만 생략 가능); 42의 witness_world(논리적으로 가능한 world)에서는 이 edge 없이 from→to 도달 불가
TE0567,DN_EC0096,DN_J_HONG_17930613_KIM_DEATH,TEMPORAL_BEFORE,active(DN_EC0096) ∧ active(DN_J_HONG_17930613_KIM_DEATH) ∧ E_EC0096,DATE_ONLY:CLAIMED_VS_COURT_DATE_ORDER,PRIMITIVE_EDGE,"DN_EC0096 → DN_EC0020 → DN_J_HONG_17930613_KIM_DEATH [TE0550, TE0746]",TE0550:E_EC0096; TE0746:HARD(조건 없음); active(DN_EC0020):E_EC0020 = TRUE,INTERMEDIATE_NODE_MAY_VANISH: 이 edge가 활성인 world에서도 중간 node가 없을 수 있음 (보장 안 되는 조건: E_EC0020),조건부 중복: alternative_path_conditions가 모두 참인 world에서만 shortcut이 중복(그 world의 materialize 단계에서만 생략 가능); 42의 witness_world(논리적으로 가능한 world)에서는 이 edge 없이 from→to 도달 불가
TE0568,DN_EC0096,DN_J_HONG_17930613_THEFT,TEMPORAL_BEFORE,active(DN_EC0096) ∧ active(DN_J_HONG_17930613_THEFT) ∧ E_EC0096,DATE_ONLY:CLAIMED_VS_COURT_DATE_ORDER,PRIMITIVE_EDGE,"DN_EC0096 → DN_EC0020 → DN_J_HONG_17930613_THEFT [TE0550, TE0747]",TE0550:E_EC0096; TE0747:HARD(조건 없음); active(DN_EC0020):E_EC0020 = TRUE,INTERMEDIATE_NODE_MAY_VANISH: 이 edge가 활성인 world에서도 중간 node가 없을 수 있음 (보장 안 되는 조건: E_EC0020),조건부 중복: alternative_path_conditions가 모두 참인 world에서만 shortcut이 중복(그 world의 materialize 단계에서만 생략 가능); 42의 witness_world(논리적으로 가능한 world)에서는 이 edge 없이 from→to 도달 불가
TE0569,DN_EC0096,DN_J_IJOWON_17930527_JISE,TEMPORAL_BEFORE,active(DN_EC0096) ∧ active(DN_J_IJOWON_17930527_JISE) ∧ E_EC0096,DATE_ONLY:CLAIMED_VS_COURT_DATE_ORDER,PRIMITIVE_EDGE,"DN_EC0096 → DN_EC0020 → DN_J_IJOWON_17930527_JISE [TE0550, TE0748]",TE0550:E_EC0096; TE0748:HARD(조건 없음); active(DN_EC0020):E_EC0020 = TRUE,INTERMEDIATE_NODE_MAY_VANISH: 이 edge가 활성인 world에서도 중간 node가 없을 수 있음 (보장 안 되는 조건: E_EC0020),조건부 중복: alternative_path_conditions가 모두 참인 world에서만 shortcut이 중복(그 world의 materialize 단계에서만 생략 가능); 42의 witness_world(논리적으로 가능한 world)에서는 이 edge 없이 from→to 도달 불가
TE0570,DN_EC0096,DN_J_IJOWON_17930527_KIM_DEATH,TEMPORAL_BEFORE,active(DN_EC0096) ∧ active(DN_J_IJOWON_17930527_KIM_DEATH) ∧ E_EC0096,DATE_ONLY:CLAIMED_VS_COURT_DATE_ORDER,PRIMITIVE_EDGE,"DN_EC0096 → DN_EC0020 → DN_J_IJOWON_17930527_KIM_DEATH [TE0550, TE0749]",TE0550:E_EC0096; TE0749:HARD(조건 없음); active(DN_EC0020):E_EC0020 = TRUE,INTERMEDIATE_NODE_MAY_VANISH: 이 edge가 활성인 world에서도 중간 node가 없을 수 있음 (보장 안 되는 조건: E_EC0020),조건부 중복: alternative_path_conditions가 모두 참인 world에서만 shortcut이 중복(그 world의 materialize 단계에서만 생략 가능); 42의 witness_world(논리적으로 가능한 world)에서는 이 edge 없이 from→to 도달 불가
TE0571,DN_EC0096,DN_J_IJOWON_17930527_THEFT,TEMPORAL_BEFORE,active(DN_EC0096) ∧ active(DN_J_IJOWON_17930527_THEFT) ∧ E_EC0096,DATE_ONLY:CLAIMED_VS_COURT_DATE_ORDER,PRIMITIVE_EDGE,"DN_EC0096 → DN_EC0020 → DN_J_IJOWON_17930527_THEFT [TE0550, TE0750]",TE0550:E_EC0096; TE0750:HARD(조건 없음); active(DN_EC0020):E_EC0020 = TRUE,INTERMEDIATE_NODE_MAY_VANISH: 이 edge가 활성인 world에서도 중간 node가 없을 수 있음 (보장 안 되는 조건: E_EC0020),조건부 중복: alternative_path_conditions가 모두 참인 world에서만 shortcut이 중복(그 world의 materialize 단계에서만 생략 가능); 42의 witness_world(논리적으로 가능한 world)에서는 이 edge 없이 from→to 도달 불가
TE0572,DN_EC0096,DN_J_JEONGJO_17930512_THEFT,TEMPORAL_BEFORE,active(DN_EC0096) ∧ active(DN_J_JEONGJO_17930512_THEFT) ∧ E_EC0096,DATE_ONLY:CLAIMED_VS_COURT_DATE_ORDER,PRIMITIVE_EDGE,"DN_EC0096 → DN_EC0097 → DN_J_JEONGJO_17930512_THEFT [TE0010, TE0598]",TE0010:(E_EC0096 ∧ E_EC0097 ∧ ID_BYEONGSA_SRC2_006__IGWANGSEOP); TE0598:E_EC0097; active(DN_EC0097):E_EC0097 = TRUE,"PATH_EDGE_CONDITION_NOT_GUARANTEED: path의 edge 조건·중간 node가 보장되지 않음 (E_EC0097, ID_BYEONGSA_SRC2_006__IGWANGSEOP)",조건부 중복: alternative_path_conditions가 모두 참인 world에서만 shortcut이 중복(그 world의 materialize 단계에서만 생략 가능); 42의 witness_world(논리적으로 가능한 world)에서는 이 edge 없이 from→to 도달 불가
TE0573,DN_EC0096,DN_J_JEONGJO_17930613_JISE,TEMPORAL_BEFORE,active(DN_EC0096) ∧ active(DN_J_JEONGJO_17930613_JISE) ∧ E_EC0096,DATE_ONLY:CLAIMED_VS_COURT_DATE_ORDER,PRIMITIVE_EDGE,"DN_EC0096 → DN_EC0020 → DN_J_JEONGJO_17930613_JISE [TE0550, TE0751]",TE0550:E_EC0096; TE0751:HARD(조건 없음); active(DN_EC0020):E_EC0020 = TRUE,INTERMEDIATE_NODE_MAY_VANISH: 이 edge가 활성인 world에서도 중간 node가 없을 수 있음 (보장 안 되는 조건: E_EC0020),조건부 중복: alternative_path_conditions가 모두 참인 world에서만 shortcut이 중복(그 world의 materialize 단계에서만 생략 가능); 42의 witness_world(논리적으로 가능한 world)에서는 이 edge 없이 from→to 도달 불가
TE0574,DN_EC0096,DN_J_JEONGJO_17930613_KIM_DEATH,TEMPORAL_BEFORE,active(DN_EC0096) ∧ active(DN_J_JEONGJO_17930613_KIM_DEATH) ∧ E_EC0096,DATE_ONLY:CLAIMED_VS_COURT_DATE_ORDER,PRIMITIVE_EDGE,"DN_EC0096 → DN_EC0020 → DN_J_JEONGJO_17930613_KIM_DEATH [TE0550, TE0752]",TE0550:E_EC0096; TE0752:HARD(조건 없음); active(DN_EC0020):E_EC0020 = TRUE,INTERMEDIATE_NODE_MAY_VANISH: 이 edge가 활성인 world에서도 중간 node가 없을 수 있음 (보장 안 되는 조건: E_EC0020),조건부 중복: alternative_path_conditions가 모두 참인 world에서만 shortcut이 중복(그 world의 materialize 단계에서만 생략 가능); 42의 witness_world(논리적으로 가능한 world)에서는 이 edge 없이 from→to 도달 불가
TE0575,DN_EC0096,DN_J_JEONGJO_17930613_THEFT,TEMPORAL_BEFORE,active(DN_EC0096) ∧ active(DN_J_JEONGJO_17930613_THEFT) ∧ E_EC0096,DATE_ONLY:CLAIMED_VS_COURT_DATE_ORDER,PRIMITIVE_EDGE,"DN_EC0096 → DN_EC0020 → DN_J_JEONGJO_17930613_THEFT [TE0550, TE0753]",TE0550:E_EC0096; TE0753:HARD(조건 없음); active(DN_EC0020):E_EC0020 = TRUE,INTERMEDIATE_NODE_MAY_VANISH: 이 edge가 활성인 world에서도 중간 node가 없을 수 있음 (보장 안 되는 조건: E_EC0020),조건부 중복: alternative_path_conditions가 모두 참인 world에서만 shortcut이 중복(그 world의 materialize 단계에서만 생략 가능); 42의 witness_world(논리적으로 가능한 world)에서는 이 edge 없이 from→to 도달 불가
TE0576,DN_EC0097,DN_EC0020,TEMPORAL_BEFORE,active(DN_EC0097) ∧ active(DN_EC0020) ∧ E_EC0097,DATE_ONLY:CLAIMED_VS_COURT_DATE_ORDER,PRIMITIVE_EDGE,,,NO_ALTERNATIVE_PATH: 다른 보존 edge로 from→to path 없음,42의 witness_world에서 이 edge 없이 from→to 도달 불가 / endpoint가 SAME 후보: collapse된 class로 활성될 수 있어 그 endpoint의 활성 literal은 L(e)에서 제외
TE0577,DN_EC0097,DN_EC0021,TEMPORAL_BEFORE,active(DN_EC0097) ∧ active(DN_EC0021) ∧ E_EC0097,DATE_ONLY:CLAIMED_VS_COURT_DATE_ORDER,PRIMITIVE_EDGE,"DN_EC0097 → DN_EC0020 → DN_EC0021 [TE0576, TE0024]",TE0576:E_EC0097; TE0024:HARD(조건 없음); active(DN_EC0020):E_EC0020 = TRUE,INTERMEDIATE_NODE_MAY_VANISH: 이 edge가 활성인 world에서도 중간 node가 없을 수 있음 (보장 안 되는 조건: E_EC0020),조건부 중복: alternative_path_conditions가 모두 참인 world에서만 shortcut이 중복(그 world의 materialize 단계에서만 생략 가능); 42의 witness_world(논리적으로 가능한 world)에서는 이 edge 없이 from→to 도달 불가 / endpoint가 SAME 후보: collapse된 class로 활성될 수 있어 그 endpoint의 활성 literal은 L(e)에서 제외
TE0578,DN_EC0097,DN_EC0023,TEMPORAL_BEFORE,active(DN_EC0097) ∧ active(DN_EC0023) ∧ E_EC0097,DATE_ONLY:CLAIMED_VS_COURT_DATE_ORDER,PRIMITIVE_EDGE,,,NO_ALTERNATIVE_PATH: 다른 보존 edge로 from→to path 없음,42의 witness_world에서 이 edge 없이 from→to 도달 불가 / endpoint가 SAME 후보: collapse된 class로 활성될 수 있어 그 endpoint의 활성 literal은 L(e)에서 제외
TE0579,DN_EC0097,DN_EC0044,TEMPORAL_BEFORE,active(DN_EC0097) ∧ active(DN_EC0044) ∧ E_EC0097,DATE_ONLY:CLAIMED_VS_COURT_DATE_ORDER,PRIMITIVE_EDGE,"DN_EC0097 → DN_EC0020 → DN_EC0044 [TE0576, TE0732]",TE0576:E_EC0097; TE0732:HARD(조건 없음); active(DN_EC0020):E_EC0020 = TRUE,INTERMEDIATE_NODE_MAY_VANISH: 이 edge가 활성인 world에서도 중간 node가 없을 수 있음 (보장 안 되는 조건: E_EC0020),조건부 중복: alternative_path_conditions가 모두 참인 world에서만 shortcut이 중복(그 world의 materialize 단계에서만 생략 가능); 42의 witness_world(논리적으로 가능한 world)에서는 이 edge 없이 from→to 도달 불가 / endpoint가 SAME 후보: collapse된 class로 활성될 수 있어 그 endpoint의 활성 literal은 L(e)에서 제외
TE0580,DN_EC0097,DN_EC0045,TEMPORAL_BEFORE,active(DN_EC0097) ∧ active(DN_EC0045) ∧ E_EC0097,DATE_ONLY:CLAIMED_VS_COURT_DATE_ORDER,PRIMITIVE_EDGE,"DN_EC0097 → DN_EC0020 → DN_EC0045 [TE0576, TE0733]",TE0576:E_EC0097; TE0733:HARD(조건 없음); active(DN_EC0020):E_EC0020 = TRUE,INTERMEDIATE_NODE_MAY_VANISH: 이 edge가 활성인 world에서도 중간 node가 없을 수 있음 (보장 안 되는 조건: E_EC0020),조건부 중복: alternative_path_conditions가 모두 참인 world에서만 shortcut이 중복(그 world의 materialize 단계에서만 생략 가능); 42의 witness_world(논리적으로 가능한 world)에서는 이 edge 없이 from→to 도달 불가 / endpoint가 SAME 후보: collapse된 class로 활성될 수 있어 그 endpoint의 활성 literal은 L(e)에서 제외
TE0581,DN_EC0097,DN_EC0048,TEMPORAL_BEFORE,active(DN_EC0097) ∧ active(DN_EC0048) ∧ E_EC0097,DATE_ONLY:CLAIMED_VS_COURT_DATE_ORDER,PRIMITIVE_EDGE,"DN_EC0097 → DN_EC0020 → DN_EC0048 [TE0576, TE0734]",TE0576:E_EC0097; TE0734:HARD(조건 없음); active(DN_EC0020):E_EC0020 = TRUE,INTERMEDIATE_NODE_MAY_VANISH: 이 edge가 활성인 world에서도 중간 node가 없을 수 있음 (보장 안 되는 조건: E_EC0020),조건부 중복: alternative_path_conditions가 모두 참인 world에서만 shortcut이 중복(그 world의 materialize 단계에서만 생략 가능); 42의 witness_world(논리적으로 가능한 world)에서는 이 edge 없이 from→to 도달 불가 / endpoint가 SAME 후보: collapse된 class로 활성될 수 있어 그 endpoint의 활성 literal은 L(e)에서 제외
TE0582,DN_EC0097,DN_EC0049,TEMPORAL_BEFORE,active(DN_EC0097) ∧ active(DN_EC0049) ∧ E_EC0097,DATE_ONLY:CLAIMED_VS_COURT_DATE_ORDER,PRIMITIVE_EDGE,"DN_EC0097 → DN_EC0020 → DN_EC0049 [TE0576, TE0735]",TE0576:E_EC0097; TE0735:HARD(조건 없음); active(DN_EC0020):E_EC0020 = TRUE,INTERMEDIATE_NODE_MAY_VANISH: 이 edge가 활성인 world에서도 중간 node가 없을 수 있음 (보장 안 되는 조건: E_EC0020),조건부 중복: alternative_path_conditions가 모두 참인 world에서만 shortcut이 중복(그 world의 materialize 단계에서만 생략 가능); 42의 witness_world(논리적으로 가능한 world)에서는 이 edge 없이 from→to 도달 불가 / endpoint가 SAME 후보: collapse된 class로 활성될 수 있어 그 endpoint의 활성 literal은 L(e)에서 제외
TE0583,DN_EC0097,DN_EC0061,TEMPORAL_BEFORE,active(DN_EC0097) ∧ active(DN_EC0061) ∧ E_EC0097,DATE_ONLY:CLAIMED_VS_COURT_DATE_ORDER,PRIMITIVE_EDGE,"DN_EC0097 → DN_EC0020 → DN_EC0061 [TE0576, TE0736]",TE0576:E_EC0097; TE0736:HARD(조건 없음); active(DN_EC0020):E_EC0020 = TRUE,INTERMEDIATE_NODE_MAY_VANISH: 이 edge가 활성인 world에서도 중간 node가 없을 수 있음 (보장 안 되는 조건: E_EC0020),조건부 중복: alternative_path_conditions가 모두 참인 world에서만 shortcut이 중복(그 world의 materialize 단계에서만 생략 가능); 42의 witness_world(논리적으로 가능한 world)에서는 이 edge 없이 from→to 도달 불가 / endpoint가 SAME 후보: collapse된 class로 활성될 수 있어 그 endpoint의 활성 literal은 L(e)에서 제외
TE0584,DN_EC0097,DN_EC0062,TEMPORAL_BEFORE,active(DN_EC0097) ∧ active(DN_EC0062) ∧ E_EC0097,DATE_ONLY:CLAIMED_VS_COURT_DATE_ORDER,PRIMITIVE_EDGE,"DN_EC0097 → DN_EC0020 → DN_EC0062 [TE0576, TE0737]",TE0576:E_EC0097; TE0737:HARD(조건 없음); active(DN_EC0020):E_EC0020 = TRUE,INTERMEDIATE_NODE_MAY_VANISH: 이 edge가 활성인 world에서도 중간 node가 없을 수 있음 (보장 안 되는 조건: E_EC0020),조건부 중복: alternative_path_conditions가 모두 참인 world에서만 shortcut이 중복(그 world의 materialize 단계에서만 생략 가능); 42의 witness_world(논리적으로 가능한 world)에서는 이 edge 없이 from→to 도달 불가 / endpoint가 SAME 후보: collapse된 class로 활성될 수 있어 그 endpoint의 활성 literal은 L(e)에서 제외
TE0585,DN_EC0097,DN_EC0150,TEMPORAL_BEFORE,active(DN_EC0097) ∧ active(DN_EC0150) ∧ E_EC0097,DATE_ONLY:CLAIMED_VS_COURT_DATE_ORDER,PRIMITIVE_EDGE,"DN_EC0097 → DN_EC0020 → DN_EC0150 [TE0576, TE0738]",TE0576:E_EC0097; TE0738:HARD(조건 없음); active(DN_EC0020):E_EC0020 = TRUE,INTERMEDIATE_NODE_MAY_VANISH: 이 edge가 활성인 world에서도 중간 node가 없을 수 있음 (보장 안 되는 조건: E_EC0020),조건부 중복: alternative_path_conditions가 모두 참인 world에서만 shortcut이 중복(그 world의 materialize 단계에서만 생략 가능); 42의 witness_world(논리적으로 가능한 world)에서는 이 edge 없이 from→to 도달 불가 / endpoint가 SAME 후보: collapse된 class로 활성될 수 있어 그 endpoint의 활성 literal은 L(e)에서 제외
TE0586,DN_EC0097,DN_EC0151,TEMPORAL_BEFORE,active(DN_EC0097) ∧ active(DN_EC0151) ∧ E_EC0097,DATE_ONLY:CLAIMED_VS_COURT_DATE_ORDER,PRIMITIVE_EDGE,"DN_EC0097 → DN_EC0020 → DN_EC0151 [TE0576, TE0739]",TE0576:E_EC0097; TE0739:HARD(조건 없음); active(DN_EC0020):E_EC0020 = TRUE,INTERMEDIATE_NODE_MAY_VANISH: 이 edge가 활성인 world에서도 중간 node가 없을 수 있음 (보장 안 되는 조건: E_EC0020),조건부 중복: alternative_path_conditions가 모두 참인 world에서만 shortcut이 중복(그 world의 materialize 단계에서만 생략 가능); 42의 witness_world(논리적으로 가능한 world)에서는 이 edge 없이 from→to 도달 불가 / endpoint가 SAME 후보: collapse된 class로 활성될 수 있어 그 endpoint의 활성 literal은 L(e)에서 제외
TE0587,DN_EC0097,DN_EC0152,TEMPORAL_BEFORE,active(DN_EC0097) ∧ active(DN_EC0152) ∧ E_EC0097,DATE_ONLY:CLAIMED_VS_COURT_DATE_ORDER,PRIMITIVE_EDGE,"DN_EC0097 → DN_EC0020 → DN_EC0152 [TE0576, TE0740]",TE0576:E_EC0097; TE0740:HARD(조건 없음); active(DN_EC0020):E_EC0020 = TRUE,INTERMEDIATE_NODE_MAY_VANISH: 이 edge가 활성인 world에서도 중간 node가 없을 수 있음 (보장 안 되는 조건: E_EC0020),조건부 중복: alternative_path_conditions가 모두 참인 world에서만 shortcut이 중복(그 world의 materialize 단계에서만 생략 가능); 42의 witness_world(논리적으로 가능한 world)에서는 이 edge 없이 from→to 도달 불가 / endpoint가 SAME 후보: collapse된 class로 활성될 수 있어 그 endpoint의 활성 literal은 L(e)에서 제외
TE0588,DN_EC0097,DN_EC0153,TEMPORAL_BEFORE,active(DN_EC0097) ∧ active(DN_EC0153) ∧ E_EC0097,DATE_ONLY:CLAIMED_VS_COURT_DATE_ORDER,PRIMITIVE_EDGE,"DN_EC0097 → DN_EC0020 → DN_EC0153 [TE0576, TE0741]",TE0576:E_EC0097; TE0741:HARD(조건 없음); active(DN_EC0020):E_EC0020 = TRUE,INTERMEDIATE_NODE_MAY_VANISH: 이 edge가 활성인 world에서도 중간 node가 없을 수 있음 (보장 안 되는 조건: E_EC0020),조건부 중복: alternative_path_conditions가 모두 참인 world에서만 shortcut이 중복(그 world의 materialize 단계에서만 생략 가능); 42의 witness_world(논리적으로 가능한 world)에서는 이 edge 없이 from→to 도달 불가 / endpoint가 SAME 후보: collapse된 class로 활성될 수 있어 그 endpoint의 활성 literal은 L(e)에서 제외
TE0589,DN_EC0097,DN_EC0154,TEMPORAL_BEFORE,active(DN_EC0097) ∧ active(DN_EC0154) ∧ E_EC0097,DATE_ONLY:CLAIMED_VS_COURT_DATE_ORDER,PRIMITIVE_EDGE,"DN_EC0097 → DN_EC0020 → DN_EC0154 [TE0576, TE0742]",TE0576:E_EC0097; TE0742:HARD(조건 없음); active(DN_EC0020):E_EC0020 = TRUE,INTERMEDIATE_NODE_MAY_VANISH: 이 edge가 활성인 world에서도 중간 node가 없을 수 있음 (보장 안 되는 조건: E_EC0020),조건부 중복: alternative_path_conditions가 모두 참인 world에서만 shortcut이 중복(그 world의 materialize 단계에서만 생략 가능); 42의 witness_world(논리적으로 가능한 world)에서는 이 edge 없이 from→to 도달 불가 / endpoint가 SAME 후보: collapse된 class로 활성될 수 있어 그 endpoint의 활성 literal은 L(e)에서 제외
TE0590,DN_EC0097,DN_EC0155,TEMPORAL_BEFORE,active(DN_EC0097) ∧ active(DN_EC0155) ∧ E_EC0097,DATE_ONLY:CLAIMED_VS_COURT_DATE_ORDER,PRIMITIVE_EDGE,"DN_EC0097 → DN_EC0020 → DN_EC0155 [TE0576, TE0743]",TE0576:E_EC0097; TE0743:HARD(조건 없음); active(DN_EC0020):E_EC0020 = TRUE,INTERMEDIATE_NODE_MAY_VANISH: 이 edge가 활성인 world에서도 중간 node가 없을 수 있음 (보장 안 되는 조건: E_EC0020),조건부 중복: alternative_path_conditions가 모두 참인 world에서만 shortcut이 중복(그 world의 materialize 단계에서만 생략 가능); 42의 witness_world(논리적으로 가능한 world)에서는 이 edge 없이 from→to 도달 불가 / endpoint가 SAME 후보: collapse된 class로 활성될 수 있어 그 endpoint의 활성 literal은 L(e)에서 제외
TE0591,DN_EC0097,DN_J_HONG_17930528_JISE,TEMPORAL_BEFORE,active(DN_EC0097) ∧ active(DN_J_HONG_17930528_JISE) ∧ E_EC0097,DATE_ONLY:CLAIMED_VS_COURT_DATE_ORDER,PRIMITIVE_EDGE,"DN_EC0097 → DN_EC0020 → DN_J_HONG_17930528_JISE [TE0576, TE0744]",TE0576:E_EC0097; TE0744:HARD(조건 없음); active(DN_EC0020):E_EC0020 = TRUE,INTERMEDIATE_NODE_MAY_VANISH: 이 edge가 활성인 world에서도 중간 node가 없을 수 있음 (보장 안 되는 조건: E_EC0020),조건부 중복: alternative_path_conditions가 모두 참인 world에서만 shortcut이 중복(그 world의 materialize 단계에서만 생략 가능); 42의 witness_world(논리적으로 가능한 world)에서는 이 edge 없이 from→to 도달 불가 / endpoint가 SAME 후보: collapse된 class로 활성될 수 있어 그 endpoint의 활성 literal은 L(e)에서 제외
TE0592,DN_EC0097,DN_J_HONG_17930613_JISE,TEMPORAL_BEFORE,active(DN_EC0097) ∧ active(DN_J_HONG_17930613_JISE) ∧ E_EC0097,DATE_ONLY:CLAIMED_VS_COURT_DATE_ORDER,PRIMITIVE_EDGE,"DN_EC0097 → DN_EC0020 → DN_J_HONG_17930613_JISE [TE0576, TE0745]",TE0576:E_EC0097; TE0745:HARD(조건 없음); active(DN_EC0020):E_EC0020 = TRUE,INTERMEDIATE_NODE_MAY_VANISH: 이 edge가 활성인 world에서도 중간 node가 없을 수 있음 (보장 안 되는 조건: E_EC0020),조건부 중복: alternative_path_conditions가 모두 참인 world에서만 shortcut이 중복(그 world의 materialize 단계에서만 생략 가능); 42의 witness_world(논리적으로 가능한 world)에서는 이 edge 없이 from→to 도달 불가 / endpoint가 SAME 후보: collapse된 class로 활성될 수 있어 그 endpoint의 활성 literal은 L(e)에서 제외
TE0593,DN_EC0097,DN_J_HONG_17930613_KIM_DEATH,TEMPORAL_BEFORE,active(DN_EC0097) ∧ active(DN_J_HONG_17930613_KIM_DEATH) ∧ E_EC0097,DATE_ONLY:CLAIMED_VS_COURT_DATE_ORDER,PRIMITIVE_EDGE,"DN_EC0097 → DN_EC0020 → DN_J_HONG_17930613_KIM_DEATH [TE0576, TE0746]",TE0576:E_EC0097; TE0746:HARD(조건 없음); active(DN_EC0020):E_EC0020 = TRUE,INTERMEDIATE_NODE_MAY_VANISH: 이 edge가 활성인 world에서도 중간 node가 없을 수 있음 (보장 안 되는 조건: E_EC0020),조건부 중복: alternative_path_conditions가 모두 참인 world에서만 shortcut이 중복(그 world의 materialize 단계에서만 생략 가능); 42의 witness_world(논리적으로 가능한 world)에서는 이 edge 없이 from→to 도달 불가 / endpoint가 SAME 후보: collapse된 class로 활성될 수 있어 그 endpoint의 활성 literal은 L(e)에서 제외
TE0594,DN_EC0097,DN_J_HONG_17930613_THEFT,TEMPORAL_BEFORE,active(DN_EC0097) ∧ active(DN_J_HONG_17930613_THEFT) ∧ E_EC0097,DATE_ONLY:CLAIMED_VS_COURT_DATE_ORDER,PRIMITIVE_EDGE,"DN_EC0097 → DN_EC0020 → DN_J_HONG_17930613_THEFT [TE0576, TE0747]",TE0576:E_EC0097; TE0747:HARD(조건 없음); active(DN_EC0020):E_EC0020 = TRUE,INTERMEDIATE_NODE_MAY_VANISH: 이 edge가 활성인 world에서도 중간 node가 없을 수 있음 (보장 안 되는 조건: E_EC0020),조건부 중복: alternative_path_conditions가 모두 참인 world에서만 shortcut이 중복(그 world의 materialize 단계에서만 생략 가능); 42의 witness_world(논리적으로 가능한 world)에서는 이 edge 없이 from→to 도달 불가 / endpoint가 SAME 후보: collapse된 class로 활성될 수 있어 그 endpoint의 활성 literal은 L(e)에서 제외
TE0595,DN_EC0097,DN_J_IJOWON_17930527_JISE,TEMPORAL_BEFORE,active(DN_EC0097) ∧ active(DN_J_IJOWON_17930527_JISE) ∧ E_EC0097,DATE_ONLY:CLAIMED_VS_COURT_DATE_ORDER,PRIMITIVE_EDGE,"DN_EC0097 → DN_EC0020 → DN_J_IJOWON_17930527_JISE [TE0576, TE0748]",TE0576:E_EC0097; TE0748:HARD(조건 없음); active(DN_EC0020):E_EC0020 = TRUE,INTERMEDIATE_NODE_MAY_VANISH: 이 edge가 활성인 world에서도 중간 node가 없을 수 있음 (보장 안 되는 조건: E_EC0020),조건부 중복: alternative_path_conditions가 모두 참인 world에서만 shortcut이 중복(그 world의 materialize 단계에서만 생략 가능); 42의 witness_world(논리적으로 가능한 world)에서는 이 edge 없이 from→to 도달 불가 / endpoint가 SAME 후보: collapse된 class로 활성될 수 있어 그 endpoint의 활성 literal은 L(e)에서 제외
TE0596,DN_EC0097,DN_J_IJOWON_17930527_KIM_DEATH,TEMPORAL_BEFORE,active(DN_EC0097) ∧ active(DN_J_IJOWON_17930527_KIM_DEATH) ∧ E_EC0097,DATE_ONLY:CLAIMED_VS_COURT_DATE_ORDER,PRIMITIVE_EDGE,"DN_EC0097 → DN_EC0020 → DN_J_IJOWON_17930527_KIM_DEATH [TE0576, TE0749]",TE0576:E_EC0097; TE0749:HARD(조건 없음); active(DN_EC0020):E_EC0020 = TRUE,INTERMEDIATE_NODE_MAY_VANISH: 이 edge가 활성인 world에서도 중간 node가 없을 수 있음 (보장 안 되는 조건: E_EC0020),조건부 중복: alternative_path_conditions가 모두 참인 world에서만 shortcut이 중복(그 world의 materialize 단계에서만 생략 가능); 42의 witness_world(논리적으로 가능한 world)에서는 이 edge 없이 from→to 도달 불가 / endpoint가 SAME 후보: collapse된 class로 활성될 수 있어 그 endpoint의 활성 literal은 L(e)에서 제외
TE0597,DN_EC0097,DN_J_IJOWON_17930527_THEFT,TEMPORAL_BEFORE,active(DN_EC0097) ∧ active(DN_J_IJOWON_17930527_THEFT) ∧ E_EC0097,DATE_ONLY:CLAIMED_VS_COURT_DATE_ORDER,PRIMITIVE_EDGE,"DN_EC0097 → DN_EC0020 → DN_J_IJOWON_17930527_THEFT [TE0576, TE0750]",TE0576:E_EC0097; TE0750:HARD(조건 없음); active(DN_EC0020):E_EC0020 = TRUE,INTERMEDIATE_NODE_MAY_VANISH: 이 edge가 활성인 world에서도 중간 node가 없을 수 있음 (보장 안 되는 조건: E_EC0020),조건부 중복: alternative_path_conditions가 모두 참인 world에서만 shortcut이 중복(그 world의 materialize 단계에서만 생략 가능); 42의 witness_world(논리적으로 가능한 world)에서는 이 edge 없이 from→to 도달 불가 / endpoint가 SAME 후보: collapse된 class로 활성될 수 있어 그 endpoint의 활성 literal은 L(e)에서 제외
TE0598,DN_EC0097,DN_J_JEONGJO_17930512_THEFT,TEMPORAL_BEFORE,active(DN_EC0097) ∧ active(DN_J_JEONGJO_17930512_THEFT) ∧ E_EC0097,DATE_ONLY:CLAIMED_VS_COURT_DATE_ORDER,PRIMITIVE_EDGE,,,NO_ALTERNATIVE_PATH: 다른 보존 edge로 from→to path 없음,42의 witness_world에서 이 edge 없이 from→to 도달 불가 / endpoint가 SAME 후보: collapse된 class로 활성될 수 있어 그 endpoint의 활성 literal은 L(e)에서 제외
TE0599,DN_EC0097,DN_J_JEONGJO_17930613_JISE,TEMPORAL_BEFORE,active(DN_EC0097) ∧ active(DN_J_JEONGJO_17930613_JISE) ∧ E_EC0097,DATE_ONLY:CLAIMED_VS_COURT_DATE_ORDER,PRIMITIVE_EDGE,"DN_EC0097 → DN_EC0020 → DN_J_JEONGJO_17930613_JISE [TE0576, TE0751]",TE0576:E_EC0097; TE0751:HARD(조건 없음); active(DN_EC0020):E_EC0020 = TRUE,INTERMEDIATE_NODE_MAY_VANISH: 이 edge가 활성인 world에서도 중간 node가 없을 수 있음 (보장 안 되는 조건: E_EC0020),조건부 중복: alternative_path_conditions가 모두 참인 world에서만 shortcut이 중복(그 world의 materialize 단계에서만 생략 가능); 42의 witness_world(논리적으로 가능한 world)에서는 이 edge 없이 from→to 도달 불가 / endpoint가 SAME 후보: collapse된 class로 활성될 수 있어 그 endpoint의 활성 literal은 L(e)에서 제외
TE0600,DN_EC0097,DN_J_JEONGJO_17930613_KIM_DEATH,TEMPORAL_BEFORE,active(DN_EC0097) ∧ active(DN_J_JEONGJO_17930613_KIM_DEATH) ∧ E_EC0097,DATE_ONLY:CLAIMED_VS_COURT_DATE_ORDER,PRIMITIVE_EDGE,"DN_EC0097 → DN_EC0020 → DN_J_JEONGJO_17930613_KIM_DEATH [TE0576, TE0752]",TE0576:E_EC0097; TE0752:HARD(조건 없음); active(DN_EC0020):E_EC0020 = TRUE,INTERMEDIATE_NODE_MAY_VANISH: 이 edge가 활성인 world에서도 중간 node가 없을 수 있음 (보장 안 되는 조건: E_EC0020),조건부 중복: alternative_path_conditions가 모두 참인 world에서만 shortcut이 중복(그 world의 materialize 단계에서만 생략 가능); 42의 witness_world(논리적으로 가능한 world)에서는 이 edge 없이 from→to 도달 불가 / endpoint가 SAME 후보: collapse된 class로 활성될 수 있어 그 endpoint의 활성 literal은 L(e)에서 제외
TE0601,DN_EC0097,DN_J_JEONGJO_17930613_THEFT,TEMPORAL_BEFORE,active(DN_EC0097) ∧ active(DN_J_JEONGJO_17930613_THEFT) ∧ E_EC0097,DATE_ONLY:CLAIMED_VS_COURT_DATE_ORDER,PRIMITIVE_EDGE,"DN_EC0097 → DN_EC0020 → DN_J_JEONGJO_17930613_THEFT [TE0576, TE0753]",TE0576:E_EC0097; TE0753:HARD(조건 없음); active(DN_EC0020):E_EC0020 = TRUE,INTERMEDIATE_NODE_MAY_VANISH: 이 edge가 활성인 world에서도 중간 node가 없을 수 있음 (보장 안 되는 조건: E_EC0020),조건부 중복: alternative_path_conditions가 모두 참인 world에서만 shortcut이 중복(그 world의 materialize 단계에서만 생략 가능); 42의 witness_world(논리적으로 가능한 world)에서는 이 edge 없이 from→to 도달 불가 / endpoint가 SAME 후보: collapse된 class로 활성될 수 있어 그 endpoint의 활성 literal은 L(e)에서 제외
TE0602,DN_EC0098,DN_EC0020,TEMPORAL_BEFORE,active(DN_EC0098) ∧ active(DN_EC0020) ∧ E_EC0098,DATE_ONLY:CLAIMED_VS_COURT_DATE_ORDER,PRIMITIVE_EDGE,,,NO_ALTERNATIVE_PATH: 다른 보존 edge로 from→to path 없음,42의 witness_world에서 이 edge 없이 from→to 도달 불가 / endpoint가 SAME 후보: collapse된 class로 활성될 수 있어 그 endpoint의 활성 literal은 L(e)에서 제외
TE0603,DN_EC0098,DN_EC0021,TEMPORAL_BEFORE,active(DN_EC0098) ∧ active(DN_EC0021) ∧ E_EC0098,DATE_ONLY:CLAIMED_VS_COURT_DATE_ORDER,PRIMITIVE_EDGE,"DN_EC0098 → DN_EC0020 → DN_EC0021 [TE0602, TE0024]",TE0602:E_EC0098; TE0024:HARD(조건 없음); active(DN_EC0020):E_EC0020 = TRUE,INTERMEDIATE_NODE_MAY_VANISH: 이 edge가 활성인 world에서도 중간 node가 없을 수 있음 (보장 안 되는 조건: E_EC0020),조건부 중복: alternative_path_conditions가 모두 참인 world에서만 shortcut이 중복(그 world의 materialize 단계에서만 생략 가능); 42의 witness_world(논리적으로 가능한 world)에서는 이 edge 없이 from→to 도달 불가 / endpoint가 SAME 후보: collapse된 class로 활성될 수 있어 그 endpoint의 활성 literal은 L(e)에서 제외
TE0604,DN_EC0098,DN_EC0023,TEMPORAL_BEFORE,active(DN_EC0098) ∧ active(DN_EC0023) ∧ E_EC0098,DATE_ONLY:CLAIMED_VS_COURT_DATE_ORDER,PRIMITIVE_EDGE,,,NO_ALTERNATIVE_PATH: 다른 보존 edge로 from→to path 없음,42의 witness_world에서 이 edge 없이 from→to 도달 불가 / endpoint가 SAME 후보: collapse된 class로 활성될 수 있어 그 endpoint의 활성 literal은 L(e)에서 제외
TE0605,DN_EC0098,DN_EC0044,TEMPORAL_BEFORE,active(DN_EC0098) ∧ active(DN_EC0044) ∧ E_EC0098,DATE_ONLY:CLAIMED_VS_COURT_DATE_ORDER,PRIMITIVE_EDGE,"DN_EC0098 → DN_EC0020 → DN_EC0044 [TE0602, TE0732]",TE0602:E_EC0098; TE0732:HARD(조건 없음); active(DN_EC0020):E_EC0020 = TRUE,INTERMEDIATE_NODE_MAY_VANISH: 이 edge가 활성인 world에서도 중간 node가 없을 수 있음 (보장 안 되는 조건: E_EC0020),조건부 중복: alternative_path_conditions가 모두 참인 world에서만 shortcut이 중복(그 world의 materialize 단계에서만 생략 가능); 42의 witness_world(논리적으로 가능한 world)에서는 이 edge 없이 from→to 도달 불가 / endpoint가 SAME 후보: collapse된 class로 활성될 수 있어 그 endpoint의 활성 literal은 L(e)에서 제외
TE0606,DN_EC0098,DN_EC0045,TEMPORAL_BEFORE,active(DN_EC0098) ∧ active(DN_EC0045) ∧ E_EC0098,DATE_ONLY:CLAIMED_VS_COURT_DATE_ORDER,PRIMITIVE_EDGE,"DN_EC0098 → DN_EC0020 → DN_EC0045 [TE0602, TE0733]",TE0602:E_EC0098; TE0733:HARD(조건 없음); active(DN_EC0020):E_EC0020 = TRUE,INTERMEDIATE_NODE_MAY_VANISH: 이 edge가 활성인 world에서도 중간 node가 없을 수 있음 (보장 안 되는 조건: E_EC0020),조건부 중복: alternative_path_conditions가 모두 참인 world에서만 shortcut이 중복(그 world의 materialize 단계에서만 생략 가능); 42의 witness_world(논리적으로 가능한 world)에서는 이 edge 없이 from→to 도달 불가 / endpoint가 SAME 후보: collapse된 class로 활성될 수 있어 그 endpoint의 활성 literal은 L(e)에서 제외
TE0607,DN_EC0098,DN_EC0048,TEMPORAL_BEFORE,active(DN_EC0098) ∧ active(DN_EC0048) ∧ E_EC0098,DATE_ONLY:CLAIMED_VS_COURT_DATE_ORDER,PRIMITIVE_EDGE,"DN_EC0098 → DN_EC0020 → DN_EC0048 [TE0602, TE0734]",TE0602:E_EC0098; TE0734:HARD(조건 없음); active(DN_EC0020):E_EC0020 = TRUE,INTERMEDIATE_NODE_MAY_VANISH: 이 edge가 활성인 world에서도 중간 node가 없을 수 있음 (보장 안 되는 조건: E_EC0020),조건부 중복: alternative_path_conditions가 모두 참인 world에서만 shortcut이 중복(그 world의 materialize 단계에서만 생략 가능); 42의 witness_world(논리적으로 가능한 world)에서는 이 edge 없이 from→to 도달 불가 / endpoint가 SAME 후보: collapse된 class로 활성될 수 있어 그 endpoint의 활성 literal은 L(e)에서 제외
TE0608,DN_EC0098,DN_EC0049,TEMPORAL_BEFORE,active(DN_EC0098) ∧ active(DN_EC0049) ∧ E_EC0098,DATE_ONLY:CLAIMED_VS_COURT_DATE_ORDER,PRIMITIVE_EDGE,"DN_EC0098 → DN_EC0020 → DN_EC0049 [TE0602, TE0735]",TE0602:E_EC0098; TE0735:HARD(조건 없음); active(DN_EC0020):E_EC0020 = TRUE,INTERMEDIATE_NODE_MAY_VANISH: 이 edge가 활성인 world에서도 중간 node가 없을 수 있음 (보장 안 되는 조건: E_EC0020),조건부 중복: alternative_path_conditions가 모두 참인 world에서만 shortcut이 중복(그 world의 materialize 단계에서만 생략 가능); 42의 witness_world(논리적으로 가능한 world)에서는 이 edge 없이 from→to 도달 불가 / endpoint가 SAME 후보: collapse된 class로 활성될 수 있어 그 endpoint의 활성 literal은 L(e)에서 제외
TE0609,DN_EC0098,DN_EC0061,TEMPORAL_BEFORE,active(DN_EC0098) ∧ active(DN_EC0061) ∧ E_EC0098,DATE_ONLY:CLAIMED_VS_COURT_DATE_ORDER,PRIMITIVE_EDGE,"DN_EC0098 → DN_EC0020 → DN_EC0061 [TE0602, TE0736]",TE0602:E_EC0098; TE0736:HARD(조건 없음); active(DN_EC0020):E_EC0020 = TRUE,INTERMEDIATE_NODE_MAY_VANISH: 이 edge가 활성인 world에서도 중간 node가 없을 수 있음 (보장 안 되는 조건: E_EC0020),조건부 중복: alternative_path_conditions가 모두 참인 world에서만 shortcut이 중복(그 world의 materialize 단계에서만 생략 가능); 42의 witness_world(논리적으로 가능한 world)에서는 이 edge 없이 from→to 도달 불가 / endpoint가 SAME 후보: collapse된 class로 활성될 수 있어 그 endpoint의 활성 literal은 L(e)에서 제외
TE0610,DN_EC0098,DN_EC0062,TEMPORAL_BEFORE,active(DN_EC0098) ∧ active(DN_EC0062) ∧ E_EC0098,DATE_ONLY:CLAIMED_VS_COURT_DATE_ORDER,PRIMITIVE_EDGE,"DN_EC0098 → DN_EC0020 → DN_EC0062 [TE0602, TE0737]",TE0602:E_EC0098; TE0737:HARD(조건 없음); active(DN_EC0020):E_EC0020 = TRUE,INTERMEDIATE_NODE_MAY_VANISH: 이 edge가 활성인 world에서도 중간 node가 없을 수 있음 (보장 안 되는 조건: E_EC0020),조건부 중복: alternative_path_conditions가 모두 참인 world에서만 shortcut이 중복(그 world의 materialize 단계에서만 생략 가능); 42의 witness_world(논리적으로 가능한 world)에서는 이 edge 없이 from→to 도달 불가 / endpoint가 SAME 후보: collapse된 class로 활성될 수 있어 그 endpoint의 활성 literal은 L(e)에서 제외
TE0611,DN_EC0098,DN_EC0150,TEMPORAL_BEFORE,active(DN_EC0098) ∧ active(DN_EC0150) ∧ E_EC0098,DATE_ONLY:CLAIMED_VS_COURT_DATE_ORDER,PRIMITIVE_EDGE,"DN_EC0098 → DN_EC0020 → DN_EC0150 [TE0602, TE0738]",TE0602:E_EC0098; TE0738:HARD(조건 없음); active(DN_EC0020):E_EC0020 = TRUE,INTERMEDIATE_NODE_MAY_VANISH: 이 edge가 활성인 world에서도 중간 node가 없을 수 있음 (보장 안 되는 조건: E_EC0020),조건부 중복: alternative_path_conditions가 모두 참인 world에서만 shortcut이 중복(그 world의 materialize 단계에서만 생략 가능); 42의 witness_world(논리적으로 가능한 world)에서는 이 edge 없이 from→to 도달 불가 / endpoint가 SAME 후보: collapse된 class로 활성될 수 있어 그 endpoint의 활성 literal은 L(e)에서 제외
TE0612,DN_EC0098,DN_EC0151,TEMPORAL_BEFORE,active(DN_EC0098) ∧ active(DN_EC0151) ∧ E_EC0098,DATE_ONLY:CLAIMED_VS_COURT_DATE_ORDER,PRIMITIVE_EDGE,"DN_EC0098 → DN_EC0020 → DN_EC0151 [TE0602, TE0739]",TE0602:E_EC0098; TE0739:HARD(조건 없음); active(DN_EC0020):E_EC0020 = TRUE,INTERMEDIATE_NODE_MAY_VANISH: 이 edge가 활성인 world에서도 중간 node가 없을 수 있음 (보장 안 되는 조건: E_EC0020),조건부 중복: alternative_path_conditions가 모두 참인 world에서만 shortcut이 중복(그 world의 materialize 단계에서만 생략 가능); 42의 witness_world(논리적으로 가능한 world)에서는 이 edge 없이 from→to 도달 불가 / endpoint가 SAME 후보: collapse된 class로 활성될 수 있어 그 endpoint의 활성 literal은 L(e)에서 제외
TE0613,DN_EC0098,DN_EC0152,TEMPORAL_BEFORE,active(DN_EC0098) ∧ active(DN_EC0152) ∧ E_EC0098,DATE_ONLY:CLAIMED_VS_COURT_DATE_ORDER,PRIMITIVE_EDGE,"DN_EC0098 → DN_EC0020 → DN_EC0152 [TE0602, TE0740]",TE0602:E_EC0098; TE0740:HARD(조건 없음); active(DN_EC0020):E_EC0020 = TRUE,INTERMEDIATE_NODE_MAY_VANISH: 이 edge가 활성인 world에서도 중간 node가 없을 수 있음 (보장 안 되는 조건: E_EC0020),조건부 중복: alternative_path_conditions가 모두 참인 world에서만 shortcut이 중복(그 world의 materialize 단계에서만 생략 가능); 42의 witness_world(논리적으로 가능한 world)에서는 이 edge 없이 from→to 도달 불가 / endpoint가 SAME 후보: collapse된 class로 활성될 수 있어 그 endpoint의 활성 literal은 L(e)에서 제외
TE0614,DN_EC0098,DN_EC0153,TEMPORAL_BEFORE,active(DN_EC0098) ∧ active(DN_EC0153) ∧ E_EC0098,DATE_ONLY:CLAIMED_VS_COURT_DATE_ORDER,PRIMITIVE_EDGE,"DN_EC0098 → DN_EC0020 → DN_EC0153 [TE0602, TE0741]",TE0602:E_EC0098; TE0741:HARD(조건 없음); active(DN_EC0020):E_EC0020 = TRUE,INTERMEDIATE_NODE_MAY_VANISH: 이 edge가 활성인 world에서도 중간 node가 없을 수 있음 (보장 안 되는 조건: E_EC0020),조건부 중복: alternative_path_conditions가 모두 참인 world에서만 shortcut이 중복(그 world의 materialize 단계에서만 생략 가능); 42의 witness_world(논리적으로 가능한 world)에서는 이 edge 없이 from→to 도달 불가 / endpoint가 SAME 후보: collapse된 class로 활성될 수 있어 그 endpoint의 활성 literal은 L(e)에서 제외
TE0615,DN_EC0098,DN_EC0154,TEMPORAL_BEFORE,active(DN_EC0098) ∧ active(DN_EC0154) ∧ E_EC0098,DATE_ONLY:CLAIMED_VS_COURT_DATE_ORDER,PRIMITIVE_EDGE,"DN_EC0098 → DN_EC0020 → DN_EC0154 [TE0602, TE0742]",TE0602:E_EC0098; TE0742:HARD(조건 없음); active(DN_EC0020):E_EC0020 = TRUE,INTERMEDIATE_NODE_MAY_VANISH: 이 edge가 활성인 world에서도 중간 node가 없을 수 있음 (보장 안 되는 조건: E_EC0020),조건부 중복: alternative_path_conditions가 모두 참인 world에서만 shortcut이 중복(그 world의 materialize 단계에서만 생략 가능); 42의 witness_world(논리적으로 가능한 world)에서는 이 edge 없이 from→to 도달 불가 / endpoint가 SAME 후보: collapse된 class로 활성될 수 있어 그 endpoint의 활성 literal은 L(e)에서 제외
TE0616,DN_EC0098,DN_EC0155,TEMPORAL_BEFORE,active(DN_EC0098) ∧ active(DN_EC0155) ∧ E_EC0098,DATE_ONLY:CLAIMED_VS_COURT_DATE_ORDER,PRIMITIVE_EDGE,"DN_EC0098 → DN_EC0020 → DN_EC0155 [TE0602, TE0743]",TE0602:E_EC0098; TE0743:HARD(조건 없음); active(DN_EC0020):E_EC0020 = TRUE,INTERMEDIATE_NODE_MAY_VANISH: 이 edge가 활성인 world에서도 중간 node가 없을 수 있음 (보장 안 되는 조건: E_EC0020),조건부 중복: alternative_path_conditions가 모두 참인 world에서만 shortcut이 중복(그 world의 materialize 단계에서만 생략 가능); 42의 witness_world(논리적으로 가능한 world)에서는 이 edge 없이 from→to 도달 불가 / endpoint가 SAME 후보: collapse된 class로 활성될 수 있어 그 endpoint의 활성 literal은 L(e)에서 제외
TE0617,DN_EC0098,DN_J_HONG_17930528_JISE,TEMPORAL_BEFORE,active(DN_EC0098) ∧ active(DN_J_HONG_17930528_JISE) ∧ E_EC0098,DATE_ONLY:CLAIMED_VS_COURT_DATE_ORDER,PRIMITIVE_EDGE,"DN_EC0098 → DN_EC0020 → DN_J_HONG_17930528_JISE [TE0602, TE0744]",TE0602:E_EC0098; TE0744:HARD(조건 없음); active(DN_EC0020):E_EC0020 = TRUE,INTERMEDIATE_NODE_MAY_VANISH: 이 edge가 활성인 world에서도 중간 node가 없을 수 있음 (보장 안 되는 조건: E_EC0020),조건부 중복: alternative_path_conditions가 모두 참인 world에서만 shortcut이 중복(그 world의 materialize 단계에서만 생략 가능); 42의 witness_world(논리적으로 가능한 world)에서는 이 edge 없이 from→to 도달 불가 / endpoint가 SAME 후보: collapse된 class로 활성될 수 있어 그 endpoint의 활성 literal은 L(e)에서 제외
TE0618,DN_EC0098,DN_J_HONG_17930613_JISE,TEMPORAL_BEFORE,active(DN_EC0098) ∧ active(DN_J_HONG_17930613_JISE) ∧ E_EC0098,DATE_ONLY:CLAIMED_VS_COURT_DATE_ORDER,PRIMITIVE_EDGE,"DN_EC0098 → DN_EC0020 → DN_J_HONG_17930613_JISE [TE0602, TE0745]",TE0602:E_EC0098; TE0745:HARD(조건 없음); active(DN_EC0020):E_EC0020 = TRUE,INTERMEDIATE_NODE_MAY_VANISH: 이 edge가 활성인 world에서도 중간 node가 없을 수 있음 (보장 안 되는 조건: E_EC0020),조건부 중복: alternative_path_conditions가 모두 참인 world에서만 shortcut이 중복(그 world의 materialize 단계에서만 생략 가능); 42의 witness_world(논리적으로 가능한 world)에서는 이 edge 없이 from→to 도달 불가 / endpoint가 SAME 후보: collapse된 class로 활성될 수 있어 그 endpoint의 활성 literal은 L(e)에서 제외
TE0619,DN_EC0098,DN_J_HONG_17930613_KIM_DEATH,TEMPORAL_BEFORE,active(DN_EC0098) ∧ active(DN_J_HONG_17930613_KIM_DEATH) ∧ E_EC0098,DATE_ONLY:CLAIMED_VS_COURT_DATE_ORDER,PRIMITIVE_EDGE,"DN_EC0098 → DN_EC0020 → DN_J_HONG_17930613_KIM_DEATH [TE0602, TE0746]",TE0602:E_EC0098; TE0746:HARD(조건 없음); active(DN_EC0020):E_EC0020 = TRUE,INTERMEDIATE_NODE_MAY_VANISH: 이 edge가 활성인 world에서도 중간 node가 없을 수 있음 (보장 안 되는 조건: E_EC0020),조건부 중복: alternative_path_conditions가 모두 참인 world에서만 shortcut이 중복(그 world의 materialize 단계에서만 생략 가능); 42의 witness_world(논리적으로 가능한 world)에서는 이 edge 없이 from→to 도달 불가 / endpoint가 SAME 후보: collapse된 class로 활성될 수 있어 그 endpoint의 활성 literal은 L(e)에서 제외
TE0620,DN_EC0098,DN_J_HONG_17930613_THEFT,TEMPORAL_BEFORE,active(DN_EC0098) ∧ active(DN_J_HONG_17930613_THEFT) ∧ E_EC0098,DATE_ONLY:CLAIMED_VS_COURT_DATE_ORDER,PRIMITIVE_EDGE,"DN_EC0098 → DN_EC0020 → DN_J_HONG_17930613_THEFT [TE0602, TE0747]",TE0602:E_EC0098; TE0747:HARD(조건 없음); active(DN_EC0020):E_EC0020 = TRUE,INTERMEDIATE_NODE_MAY_VANISH: 이 edge가 활성인 world에서도 중간 node가 없을 수 있음 (보장 안 되는 조건: E_EC0020),조건부 중복: alternative_path_conditions가 모두 참인 world에서만 shortcut이 중복(그 world의 materialize 단계에서만 생략 가능); 42의 witness_world(논리적으로 가능한 world)에서는 이 edge 없이 from→to 도달 불가 / endpoint가 SAME 후보: collapse된 class로 활성될 수 있어 그 endpoint의 활성 literal은 L(e)에서 제외
TE0621,DN_EC0098,DN_J_IJOWON_17930527_JISE,TEMPORAL_BEFORE,active(DN_EC0098) ∧ active(DN_J_IJOWON_17930527_JISE) ∧ E_EC0098,DATE_ONLY:CLAIMED_VS_COURT_DATE_ORDER,PRIMITIVE_EDGE,"DN_EC0098 → DN_EC0020 → DN_J_IJOWON_17930527_JISE [TE0602, TE0748]",TE0602:E_EC0098; TE0748:HARD(조건 없음); active(DN_EC0020):E_EC0020 = TRUE,INTERMEDIATE_NODE_MAY_VANISH: 이 edge가 활성인 world에서도 중간 node가 없을 수 있음 (보장 안 되는 조건: E_EC0020),조건부 중복: alternative_path_conditions가 모두 참인 world에서만 shortcut이 중복(그 world의 materialize 단계에서만 생략 가능); 42의 witness_world(논리적으로 가능한 world)에서는 이 edge 없이 from→to 도달 불가 / endpoint가 SAME 후보: collapse된 class로 활성될 수 있어 그 endpoint의 활성 literal은 L(e)에서 제외
TE0622,DN_EC0098,DN_J_IJOWON_17930527_KIM_DEATH,TEMPORAL_BEFORE,active(DN_EC0098) ∧ active(DN_J_IJOWON_17930527_KIM_DEATH) ∧ E_EC0098,DATE_ONLY:CLAIMED_VS_COURT_DATE_ORDER,PRIMITIVE_EDGE,"DN_EC0098 → DN_EC0020 → DN_J_IJOWON_17930527_KIM_DEATH [TE0602, TE0749]",TE0602:E_EC0098; TE0749:HARD(조건 없음); active(DN_EC0020):E_EC0020 = TRUE,INTERMEDIATE_NODE_MAY_VANISH: 이 edge가 활성인 world에서도 중간 node가 없을 수 있음 (보장 안 되는 조건: E_EC0020),조건부 중복: alternative_path_conditions가 모두 참인 world에서만 shortcut이 중복(그 world의 materialize 단계에서만 생략 가능); 42의 witness_world(논리적으로 가능한 world)에서는 이 edge 없이 from→to 도달 불가 / endpoint가 SAME 후보: collapse된 class로 활성될 수 있어 그 endpoint의 활성 literal은 L(e)에서 제외
TE0623,DN_EC0098,DN_J_IJOWON_17930527_THEFT,TEMPORAL_BEFORE,active(DN_EC0098) ∧ active(DN_J_IJOWON_17930527_THEFT) ∧ E_EC0098,DATE_ONLY:CLAIMED_VS_COURT_DATE_ORDER,PRIMITIVE_EDGE,"DN_EC0098 → DN_EC0020 → DN_J_IJOWON_17930527_THEFT [TE0602, TE0750]",TE0602:E_EC0098; TE0750:HARD(조건 없음); active(DN_EC0020):E_EC0020 = TRUE,INTERMEDIATE_NODE_MAY_VANISH: 이 edge가 활성인 world에서도 중간 node가 없을 수 있음 (보장 안 되는 조건: E_EC0020),조건부 중복: alternative_path_conditions가 모두 참인 world에서만 shortcut이 중복(그 world의 materialize 단계에서만 생략 가능); 42의 witness_world(논리적으로 가능한 world)에서는 이 edge 없이 from→to 도달 불가 / endpoint가 SAME 후보: collapse된 class로 활성될 수 있어 그 endpoint의 활성 literal은 L(e)에서 제외
TE0624,DN_EC0098,DN_J_JEONGJO_17930512_THEFT,TEMPORAL_BEFORE,active(DN_EC0098) ∧ active(DN_J_JEONGJO_17930512_THEFT) ∧ E_EC0098,DATE_ONLY:CLAIMED_VS_COURT_DATE_ORDER,PRIMITIVE_EDGE,,,NO_ALTERNATIVE_PATH: 다른 보존 edge로 from→to path 없음,42의 witness_world에서 이 edge 없이 from→to 도달 불가 / endpoint가 SAME 후보: collapse된 class로 활성될 수 있어 그 endpoint의 활성 literal은 L(e)에서 제외
TE0625,DN_EC0098,DN_J_JEONGJO_17930613_JISE,TEMPORAL_BEFORE,active(DN_EC0098) ∧ active(DN_J_JEONGJO_17930613_JISE) ∧ E_EC0098,DATE_ONLY:CLAIMED_VS_COURT_DATE_ORDER,PRIMITIVE_EDGE,"DN_EC0098 → DN_EC0020 → DN_J_JEONGJO_17930613_JISE [TE0602, TE0751]",TE0602:E_EC0098; TE0751:HARD(조건 없음); active(DN_EC0020):E_EC0020 = TRUE,INTERMEDIATE_NODE_MAY_VANISH: 이 edge가 활성인 world에서도 중간 node가 없을 수 있음 (보장 안 되는 조건: E_EC0020),조건부 중복: alternative_path_conditions가 모두 참인 world에서만 shortcut이 중복(그 world의 materialize 단계에서만 생략 가능); 42의 witness_world(논리적으로 가능한 world)에서는 이 edge 없이 from→to 도달 불가 / endpoint가 SAME 후보: collapse된 class로 활성될 수 있어 그 endpoint의 활성 literal은 L(e)에서 제외
TE0626,DN_EC0098,DN_J_JEONGJO_17930613_KIM_DEATH,TEMPORAL_BEFORE,active(DN_EC0098) ∧ active(DN_J_JEONGJO_17930613_KIM_DEATH) ∧ E_EC0098,DATE_ONLY:CLAIMED_VS_COURT_DATE_ORDER,PRIMITIVE_EDGE,"DN_EC0098 → DN_EC0020 → DN_J_JEONGJO_17930613_KIM_DEATH [TE0602, TE0752]",TE0602:E_EC0098; TE0752:HARD(조건 없음); active(DN_EC0020):E_EC0020 = TRUE,INTERMEDIATE_NODE_MAY_VANISH: 이 edge가 활성인 world에서도 중간 node가 없을 수 있음 (보장 안 되는 조건: E_EC0020),조건부 중복: alternative_path_conditions가 모두 참인 world에서만 shortcut이 중복(그 world의 materialize 단계에서만 생략 가능); 42의 witness_world(논리적으로 가능한 world)에서는 이 edge 없이 from→to 도달 불가 / endpoint가 SAME 후보: collapse된 class로 활성될 수 있어 그 endpoint의 활성 literal은 L(e)에서 제외
TE0627,DN_EC0098,DN_J_JEONGJO_17930613_THEFT,TEMPORAL_BEFORE,active(DN_EC0098) ∧ active(DN_J_JEONGJO_17930613_THEFT) ∧ E_EC0098,DATE_ONLY:CLAIMED_VS_COURT_DATE_ORDER,PRIMITIVE_EDGE,"DN_EC0098 → DN_EC0020 → DN_J_JEONGJO_17930613_THEFT [TE0602, TE0753]",TE0602:E_EC0098; TE0753:HARD(조건 없음); active(DN_EC0020):E_EC0020 = TRUE,INTERMEDIATE_NODE_MAY_VANISH: 이 edge가 활성인 world에서도 중간 node가 없을 수 있음 (보장 안 되는 조건: E_EC0020),조건부 중복: alternative_path_conditions가 모두 참인 world에서만 shortcut이 중복(그 world의 materialize 단계에서만 생략 가능); 42의 witness_world(논리적으로 가능한 world)에서는 이 edge 없이 from→to 도달 불가 / endpoint가 SAME 후보: collapse된 class로 활성될 수 있어 그 endpoint의 활성 literal은 L(e)에서 제외
TE0628,DN_EC0099,DN_EC0020,TEMPORAL_BEFORE,active(DN_EC0099) ∧ active(DN_EC0020) ∧ E_EC0099,DATE_ONLY:CLAIMED_VS_COURT_DATE_ORDER,PRIMITIVE_EDGE,,,NO_ALTERNATIVE_PATH: 다른 보존 edge로 from→to path 없음,42의 witness_world에서 이 edge 없이 from→to 도달 불가
TE0629,DN_EC0099,DN_EC0021,TEMPORAL_BEFORE,active(DN_EC0099) ∧ active(DN_EC0021) ∧ E_EC0099,DATE_ONLY:CLAIMED_VS_COURT_DATE_ORDER,PRIMITIVE_EDGE,"DN_EC0099 → DN_EC0020 → DN_EC0021 [TE0628, TE0024]",TE0628:E_EC0099; TE0024:HARD(조건 없음); active(DN_EC0020):E_EC0020 = TRUE,INTERMEDIATE_NODE_MAY_VANISH: 이 edge가 활성인 world에서도 중간 node가 없을 수 있음 (보장 안 되는 조건: E_EC0020),조건부 중복: alternative_path_conditions가 모두 참인 world에서만 shortcut이 중복(그 world의 materialize 단계에서만 생략 가능); 42의 witness_world(논리적으로 가능한 world)에서는 이 edge 없이 from→to 도달 불가
TE0630,DN_EC0099,DN_EC0023,TEMPORAL_BEFORE,active(DN_EC0099) ∧ active(DN_EC0023) ∧ E_EC0099,DATE_ONLY:CLAIMED_VS_COURT_DATE_ORDER,PRIMITIVE_EDGE,,,NO_ALTERNATIVE_PATH: 다른 보존 edge로 from→to path 없음,42의 witness_world에서 이 edge 없이 from→to 도달 불가
TE0631,DN_EC0099,DN_EC0044,TEMPORAL_BEFORE,active(DN_EC0099) ∧ active(DN_EC0044) ∧ E_EC0099,DATE_ONLY:CLAIMED_VS_COURT_DATE_ORDER,PRIMITIVE_EDGE,"DN_EC0099 → DN_EC0020 → DN_EC0044 [TE0628, TE0732]",TE0628:E_EC0099; TE0732:HARD(조건 없음); active(DN_EC0020):E_EC0020 = TRUE,INTERMEDIATE_NODE_MAY_VANISH: 이 edge가 활성인 world에서도 중간 node가 없을 수 있음 (보장 안 되는 조건: E_EC0020),조건부 중복: alternative_path_conditions가 모두 참인 world에서만 shortcut이 중복(그 world의 materialize 단계에서만 생략 가능); 42의 witness_world(논리적으로 가능한 world)에서는 이 edge 없이 from→to 도달 불가
TE0632,DN_EC0099,DN_EC0045,TEMPORAL_BEFORE,active(DN_EC0099) ∧ active(DN_EC0045) ∧ E_EC0099,DATE_ONLY:CLAIMED_VS_COURT_DATE_ORDER,PRIMITIVE_EDGE,"DN_EC0099 → DN_EC0020 → DN_EC0045 [TE0628, TE0733]",TE0628:E_EC0099; TE0733:HARD(조건 없음); active(DN_EC0020):E_EC0020 = TRUE,INTERMEDIATE_NODE_MAY_VANISH: 이 edge가 활성인 world에서도 중간 node가 없을 수 있음 (보장 안 되는 조건: E_EC0020),조건부 중복: alternative_path_conditions가 모두 참인 world에서만 shortcut이 중복(그 world의 materialize 단계에서만 생략 가능); 42의 witness_world(논리적으로 가능한 world)에서는 이 edge 없이 from→to 도달 불가
TE0633,DN_EC0099,DN_EC0048,TEMPORAL_BEFORE,active(DN_EC0099) ∧ active(DN_EC0048) ∧ E_EC0099,DATE_ONLY:CLAIMED_VS_COURT_DATE_ORDER,PRIMITIVE_EDGE,"DN_EC0099 → DN_EC0020 → DN_EC0048 [TE0628, TE0734]",TE0628:E_EC0099; TE0734:HARD(조건 없음); active(DN_EC0020):E_EC0020 = TRUE,INTERMEDIATE_NODE_MAY_VANISH: 이 edge가 활성인 world에서도 중간 node가 없을 수 있음 (보장 안 되는 조건: E_EC0020),조건부 중복: alternative_path_conditions가 모두 참인 world에서만 shortcut이 중복(그 world의 materialize 단계에서만 생략 가능); 42의 witness_world(논리적으로 가능한 world)에서는 이 edge 없이 from→to 도달 불가
TE0634,DN_EC0099,DN_EC0049,TEMPORAL_BEFORE,active(DN_EC0099) ∧ active(DN_EC0049) ∧ E_EC0099,DATE_ONLY:CLAIMED_VS_COURT_DATE_ORDER,PRIMITIVE_EDGE,"DN_EC0099 → DN_EC0020 → DN_EC0049 [TE0628, TE0735]",TE0628:E_EC0099; TE0735:HARD(조건 없음); active(DN_EC0020):E_EC0020 = TRUE,INTERMEDIATE_NODE_MAY_VANISH: 이 edge가 활성인 world에서도 중간 node가 없을 수 있음 (보장 안 되는 조건: E_EC0020),조건부 중복: alternative_path_conditions가 모두 참인 world에서만 shortcut이 중복(그 world의 materialize 단계에서만 생략 가능); 42의 witness_world(논리적으로 가능한 world)에서는 이 edge 없이 from→to 도달 불가
TE0635,DN_EC0099,DN_EC0061,TEMPORAL_BEFORE,active(DN_EC0099) ∧ active(DN_EC0061) ∧ E_EC0099,DATE_ONLY:CLAIMED_VS_COURT_DATE_ORDER,PRIMITIVE_EDGE,"DN_EC0099 → DN_EC0020 → DN_EC0061 [TE0628, TE0736]",TE0628:E_EC0099; TE0736:HARD(조건 없음); active(DN_EC0020):E_EC0020 = TRUE,INTERMEDIATE_NODE_MAY_VANISH: 이 edge가 활성인 world에서도 중간 node가 없을 수 있음 (보장 안 되는 조건: E_EC0020),조건부 중복: alternative_path_conditions가 모두 참인 world에서만 shortcut이 중복(그 world의 materialize 단계에서만 생략 가능); 42의 witness_world(논리적으로 가능한 world)에서는 이 edge 없이 from→to 도달 불가
TE0636,DN_EC0099,DN_EC0062,TEMPORAL_BEFORE,active(DN_EC0099) ∧ active(DN_EC0062) ∧ E_EC0099,DATE_ONLY:CLAIMED_VS_COURT_DATE_ORDER,PRIMITIVE_EDGE,"DN_EC0099 → DN_EC0020 → DN_EC0062 [TE0628, TE0737]",TE0628:E_EC0099; TE0737:HARD(조건 없음); active(DN_EC0020):E_EC0020 = TRUE,INTERMEDIATE_NODE_MAY_VANISH: 이 edge가 활성인 world에서도 중간 node가 없을 수 있음 (보장 안 되는 조건: E_EC0020),조건부 중복: alternative_path_conditions가 모두 참인 world에서만 shortcut이 중복(그 world의 materialize 단계에서만 생략 가능); 42의 witness_world(논리적으로 가능한 world)에서는 이 edge 없이 from→to 도달 불가
TE0637,DN_EC0099,DN_EC0150,TEMPORAL_BEFORE,active(DN_EC0099) ∧ active(DN_EC0150) ∧ E_EC0099,DATE_ONLY:CLAIMED_VS_COURT_DATE_ORDER,PRIMITIVE_EDGE,"DN_EC0099 → DN_EC0020 → DN_EC0150 [TE0628, TE0738]",TE0628:E_EC0099; TE0738:HARD(조건 없음); active(DN_EC0020):E_EC0020 = TRUE,INTERMEDIATE_NODE_MAY_VANISH: 이 edge가 활성인 world에서도 중간 node가 없을 수 있음 (보장 안 되는 조건: E_EC0020),조건부 중복: alternative_path_conditions가 모두 참인 world에서만 shortcut이 중복(그 world의 materialize 단계에서만 생략 가능); 42의 witness_world(논리적으로 가능한 world)에서는 이 edge 없이 from→to 도달 불가 / endpoint가 SAME 후보: collapse된 class로 활성될 수 있어 그 endpoint의 활성 literal은 L(e)에서 제외
TE0638,DN_EC0099,DN_EC0151,TEMPORAL_BEFORE,active(DN_EC0099) ∧ active(DN_EC0151) ∧ E_EC0099,DATE_ONLY:CLAIMED_VS_COURT_DATE_ORDER,PRIMITIVE_EDGE,"DN_EC0099 → DN_EC0020 → DN_EC0151 [TE0628, TE0739]",TE0628:E_EC0099; TE0739:HARD(조건 없음); active(DN_EC0020):E_EC0020 = TRUE,INTERMEDIATE_NODE_MAY_VANISH: 이 edge가 활성인 world에서도 중간 node가 없을 수 있음 (보장 안 되는 조건: E_EC0020),조건부 중복: alternative_path_conditions가 모두 참인 world에서만 shortcut이 중복(그 world의 materialize 단계에서만 생략 가능); 42의 witness_world(논리적으로 가능한 world)에서는 이 edge 없이 from→to 도달 불가 / endpoint가 SAME 후보: collapse된 class로 활성될 수 있어 그 endpoint의 활성 literal은 L(e)에서 제외
TE0639,DN_EC0099,DN_EC0152,TEMPORAL_BEFORE,active(DN_EC0099) ∧ active(DN_EC0152) ∧ E_EC0099,DATE_ONLY:CLAIMED_VS_COURT_DATE_ORDER,PRIMITIVE_EDGE,"DN_EC0099 → DN_EC0020 → DN_EC0152 [TE0628, TE0740]",TE0628:E_EC0099; TE0740:HARD(조건 없음); active(DN_EC0020):E_EC0020 = TRUE,INTERMEDIATE_NODE_MAY_VANISH: 이 edge가 활성인 world에서도 중간 node가 없을 수 있음 (보장 안 되는 조건: E_EC0020),조건부 중복: alternative_path_conditions가 모두 참인 world에서만 shortcut이 중복(그 world의 materialize 단계에서만 생략 가능); 42의 witness_world(논리적으로 가능한 world)에서는 이 edge 없이 from→to 도달 불가
TE0640,DN_EC0099,DN_EC0153,TEMPORAL_BEFORE,active(DN_EC0099) ∧ active(DN_EC0153) ∧ E_EC0099,DATE_ONLY:CLAIMED_VS_COURT_DATE_ORDER,PRIMITIVE_EDGE,"DN_EC0099 → DN_EC0020 → DN_EC0153 [TE0628, TE0741]",TE0628:E_EC0099; TE0741:HARD(조건 없음); active(DN_EC0020):E_EC0020 = TRUE,INTERMEDIATE_NODE_MAY_VANISH: 이 edge가 활성인 world에서도 중간 node가 없을 수 있음 (보장 안 되는 조건: E_EC0020),조건부 중복: alternative_path_conditions가 모두 참인 world에서만 shortcut이 중복(그 world의 materialize 단계에서만 생략 가능); 42의 witness_world(논리적으로 가능한 world)에서는 이 edge 없이 from→to 도달 불가
TE0641,DN_EC0099,DN_EC0154,TEMPORAL_BEFORE,active(DN_EC0099) ∧ active(DN_EC0154) ∧ E_EC0099,DATE_ONLY:CLAIMED_VS_COURT_DATE_ORDER,PRIMITIVE_EDGE,"DN_EC0099 → DN_EC0020 → DN_EC0154 [TE0628, TE0742]",TE0628:E_EC0099; TE0742:HARD(조건 없음); active(DN_EC0020):E_EC0020 = TRUE,INTERMEDIATE_NODE_MAY_VANISH: 이 edge가 활성인 world에서도 중간 node가 없을 수 있음 (보장 안 되는 조건: E_EC0020),조건부 중복: alternative_path_conditions가 모두 참인 world에서만 shortcut이 중복(그 world의 materialize 단계에서만 생략 가능); 42의 witness_world(논리적으로 가능한 world)에서는 이 edge 없이 from→to 도달 불가
TE0642,DN_EC0099,DN_EC0155,TEMPORAL_BEFORE,active(DN_EC0099) ∧ active(DN_EC0155) ∧ E_EC0099,DATE_ONLY:CLAIMED_VS_COURT_DATE_ORDER,PRIMITIVE_EDGE,"DN_EC0099 → DN_EC0020 → DN_EC0155 [TE0628, TE0743]",TE0628:E_EC0099; TE0743:HARD(조건 없음); active(DN_EC0020):E_EC0020 = TRUE,INTERMEDIATE_NODE_MAY_VANISH: 이 edge가 활성인 world에서도 중간 node가 없을 수 있음 (보장 안 되는 조건: E_EC0020),조건부 중복: alternative_path_conditions가 모두 참인 world에서만 shortcut이 중복(그 world의 materialize 단계에서만 생략 가능); 42의 witness_world(논리적으로 가능한 world)에서는 이 edge 없이 from→to 도달 불가
TE0643,DN_EC0099,DN_J_HONG_17930528_JISE,TEMPORAL_BEFORE,active(DN_EC0099) ∧ active(DN_J_HONG_17930528_JISE) ∧ E_EC0099,DATE_ONLY:CLAIMED_VS_COURT_DATE_ORDER,PRIMITIVE_EDGE,"DN_EC0099 → DN_EC0020 → DN_J_HONG_17930528_JISE [TE0628, TE0744]",TE0628:E_EC0099; TE0744:HARD(조건 없음); active(DN_EC0020):E_EC0020 = TRUE,INTERMEDIATE_NODE_MAY_VANISH: 이 edge가 활성인 world에서도 중간 node가 없을 수 있음 (보장 안 되는 조건: E_EC0020),조건부 중복: alternative_path_conditions가 모두 참인 world에서만 shortcut이 중복(그 world의 materialize 단계에서만 생략 가능); 42의 witness_world(논리적으로 가능한 world)에서는 이 edge 없이 from→to 도달 불가
TE0644,DN_EC0099,DN_J_HONG_17930613_JISE,TEMPORAL_BEFORE,active(DN_EC0099) ∧ active(DN_J_HONG_17930613_JISE) ∧ E_EC0099,DATE_ONLY:CLAIMED_VS_COURT_DATE_ORDER,PRIMITIVE_EDGE,"DN_EC0099 → DN_EC0020 → DN_J_HONG_17930613_JISE [TE0628, TE0745]",TE0628:E_EC0099; TE0745:HARD(조건 없음); active(DN_EC0020):E_EC0020 = TRUE,INTERMEDIATE_NODE_MAY_VANISH: 이 edge가 활성인 world에서도 중간 node가 없을 수 있음 (보장 안 되는 조건: E_EC0020),조건부 중복: alternative_path_conditions가 모두 참인 world에서만 shortcut이 중복(그 world의 materialize 단계에서만 생략 가능); 42의 witness_world(논리적으로 가능한 world)에서는 이 edge 없이 from→to 도달 불가
TE0645,DN_EC0099,DN_J_HONG_17930613_KIM_DEATH,TEMPORAL_BEFORE,active(DN_EC0099) ∧ active(DN_J_HONG_17930613_KIM_DEATH) ∧ E_EC0099,DATE_ONLY:CLAIMED_VS_COURT_DATE_ORDER,PRIMITIVE_EDGE,"DN_EC0099 → DN_EC0020 → DN_J_HONG_17930613_KIM_DEATH [TE0628, TE0746]",TE0628:E_EC0099; TE0746:HARD(조건 없음); active(DN_EC0020):E_EC0020 = TRUE,INTERMEDIATE_NODE_MAY_VANISH: 이 edge가 활성인 world에서도 중간 node가 없을 수 있음 (보장 안 되는 조건: E_EC0020),조건부 중복: alternative_path_conditions가 모두 참인 world에서만 shortcut이 중복(그 world의 materialize 단계에서만 생략 가능); 42의 witness_world(논리적으로 가능한 world)에서는 이 edge 없이 from→to 도달 불가
TE0646,DN_EC0099,DN_J_HONG_17930613_THEFT,TEMPORAL_BEFORE,active(DN_EC0099) ∧ active(DN_J_HONG_17930613_THEFT) ∧ E_EC0099,DATE_ONLY:CLAIMED_VS_COURT_DATE_ORDER,PRIMITIVE_EDGE,"DN_EC0099 → DN_EC0020 → DN_J_HONG_17930613_THEFT [TE0628, TE0747]",TE0628:E_EC0099; TE0747:HARD(조건 없음); active(DN_EC0020):E_EC0020 = TRUE,INTERMEDIATE_NODE_MAY_VANISH: 이 edge가 활성인 world에서도 중간 node가 없을 수 있음 (보장 안 되는 조건: E_EC0020),조건부 중복: alternative_path_conditions가 모두 참인 world에서만 shortcut이 중복(그 world의 materialize 단계에서만 생략 가능); 42의 witness_world(논리적으로 가능한 world)에서는 이 edge 없이 from→to 도달 불가
TE0647,DN_EC0099,DN_J_IJOWON_17930527_JISE,TEMPORAL_BEFORE,active(DN_EC0099) ∧ active(DN_J_IJOWON_17930527_JISE) ∧ E_EC0099,DATE_ONLY:CLAIMED_VS_COURT_DATE_ORDER,PRIMITIVE_EDGE,"DN_EC0099 → DN_EC0020 → DN_J_IJOWON_17930527_JISE [TE0628, TE0748]",TE0628:E_EC0099; TE0748:HARD(조건 없음); active(DN_EC0020):E_EC0020 = TRUE,INTERMEDIATE_NODE_MAY_VANISH: 이 edge가 활성인 world에서도 중간 node가 없을 수 있음 (보장 안 되는 조건: E_EC0020),조건부 중복: alternative_path_conditions가 모두 참인 world에서만 shortcut이 중복(그 world의 materialize 단계에서만 생략 가능); 42의 witness_world(논리적으로 가능한 world)에서는 이 edge 없이 from→to 도달 불가
TE0648,DN_EC0099,DN_J_IJOWON_17930527_KIM_DEATH,TEMPORAL_BEFORE,active(DN_EC0099) ∧ active(DN_J_IJOWON_17930527_KIM_DEATH) ∧ E_EC0099,DATE_ONLY:CLAIMED_VS_COURT_DATE_ORDER,PRIMITIVE_EDGE,"DN_EC0099 → DN_EC0020 → DN_J_IJOWON_17930527_KIM_DEATH [TE0628, TE0749]",TE0628:E_EC0099; TE0749:HARD(조건 없음); active(DN_EC0020):E_EC0020 = TRUE,INTERMEDIATE_NODE_MAY_VANISH: 이 edge가 활성인 world에서도 중간 node가 없을 수 있음 (보장 안 되는 조건: E_EC0020),조건부 중복: alternative_path_conditions가 모두 참인 world에서만 shortcut이 중복(그 world의 materialize 단계에서만 생략 가능); 42의 witness_world(논리적으로 가능한 world)에서는 이 edge 없이 from→to 도달 불가
TE0649,DN_EC0099,DN_J_IJOWON_17930527_THEFT,TEMPORAL_BEFORE,active(DN_EC0099) ∧ active(DN_J_IJOWON_17930527_THEFT) ∧ E_EC0099,DATE_ONLY:CLAIMED_VS_COURT_DATE_ORDER,PRIMITIVE_EDGE,"DN_EC0099 → DN_EC0020 → DN_J_IJOWON_17930527_THEFT [TE0628, TE0750]",TE0628:E_EC0099; TE0750:HARD(조건 없음); active(DN_EC0020):E_EC0020 = TRUE,INTERMEDIATE_NODE_MAY_VANISH: 이 edge가 활성인 world에서도 중간 node가 없을 수 있음 (보장 안 되는 조건: E_EC0020),조건부 중복: alternative_path_conditions가 모두 참인 world에서만 shortcut이 중복(그 world의 materialize 단계에서만 생략 가능); 42의 witness_world(논리적으로 가능한 world)에서는 이 edge 없이 from→to 도달 불가
TE0650,DN_EC0099,DN_J_JEONGJO_17930512_THEFT,TEMPORAL_BEFORE,active(DN_EC0099) ∧ active(DN_J_JEONGJO_17930512_THEFT) ∧ E_EC0099,DATE_ONLY:CLAIMED_VS_COURT_DATE_ORDER,PRIMITIVE_EDGE,,,NO_ALTERNATIVE_PATH: 다른 보존 edge로 from→to path 없음,42의 witness_world에서 이 edge 없이 from→to 도달 불가
TE0651,DN_EC0099,DN_J_JEONGJO_17930613_JISE,TEMPORAL_BEFORE,active(DN_EC0099) ∧ active(DN_J_JEONGJO_17930613_JISE) ∧ E_EC0099,DATE_ONLY:CLAIMED_VS_COURT_DATE_ORDER,PRIMITIVE_EDGE,"DN_EC0099 → DN_EC0020 → DN_J_JEONGJO_17930613_JISE [TE0628, TE0751]",TE0628:E_EC0099; TE0751:HARD(조건 없음); active(DN_EC0020):E_EC0020 = TRUE,INTERMEDIATE_NODE_MAY_VANISH: 이 edge가 활성인 world에서도 중간 node가 없을 수 있음 (보장 안 되는 조건: E_EC0020),조건부 중복: alternative_path_conditions가 모두 참인 world에서만 shortcut이 중복(그 world의 materialize 단계에서만 생략 가능); 42의 witness_world(논리적으로 가능한 world)에서는 이 edge 없이 from→to 도달 불가
TE0652,DN_EC0099,DN_J_JEONGJO_17930613_KIM_DEATH,TEMPORAL_BEFORE,active(DN_EC0099) ∧ active(DN_J_JEONGJO_17930613_KIM_DEATH) ∧ E_EC0099,DATE_ONLY:CLAIMED_VS_COURT_DATE_ORDER,PRIMITIVE_EDGE,"DN_EC0099 → DN_EC0020 → DN_J_JEONGJO_17930613_KIM_DEATH [TE0628, TE0752]",TE0628:E_EC0099; TE0752:HARD(조건 없음); active(DN_EC0020):E_EC0020 = TRUE,INTERMEDIATE_NODE_MAY_VANISH: 이 edge가 활성인 world에서도 중간 node가 없을 수 있음 (보장 안 되는 조건: E_EC0020),조건부 중복: alternative_path_conditions가 모두 참인 world에서만 shortcut이 중복(그 world의 materialize 단계에서만 생략 가능); 42의 witness_world(논리적으로 가능한 world)에서는 이 edge 없이 from→to 도달 불가
TE0653,DN_EC0099,DN_J_JEONGJO_17930613_THEFT,TEMPORAL_BEFORE,active(DN_EC0099) ∧ active(DN_J_JEONGJO_17930613_THEFT) ∧ E_EC0099,DATE_ONLY:CLAIMED_VS_COURT_DATE_ORDER,PRIMITIVE_EDGE,"DN_EC0099 → DN_EC0020 → DN_J_JEONGJO_17930613_THEFT [TE0628, TE0753]",TE0628:E_EC0099; TE0753:HARD(조건 없음); active(DN_EC0020):E_EC0020 = TRUE,INTERMEDIATE_NODE_MAY_VANISH: 이 edge가 활성인 world에서도 중간 node가 없을 수 있음 (보장 안 되는 조건: E_EC0020),조건부 중복: alternative_path_conditions가 모두 참인 world에서만 shortcut이 중복(그 world의 materialize 단계에서만 생략 가능); 42의 witness_world(논리적으로 가능한 world)에서는 이 edge 없이 from→to 도달 불가
TE0654,DN_EC0100,DN_EC0020,TEMPORAL_BEFORE,active(DN_EC0100) ∧ active(DN_EC0020) ∧ E_EC0100,DATE_ONLY:CLAIMED_VS_COURT_DATE_ORDER,PRIMITIVE_EDGE,,,NO_ALTERNATIVE_PATH: 다른 보존 edge로 from→to path 없음,42의 witness_world에서 이 edge 없이 from→to 도달 불가
TE0655,DN_EC0100,DN_EC0021,TEMPORAL_BEFORE,active(DN_EC0100) ∧ active(DN_EC0021) ∧ E_EC0100,DATE_ONLY:CLAIMED_VS_COURT_DATE_ORDER,PRIMITIVE_EDGE,"DN_EC0100 → DN_EC0020 → DN_EC0021 [TE0654, TE0024]",TE0654:E_EC0100; TE0024:HARD(조건 없음); active(DN_EC0020):E_EC0020 = TRUE,INTERMEDIATE_NODE_MAY_VANISH: 이 edge가 활성인 world에서도 중간 node가 없을 수 있음 (보장 안 되는 조건: E_EC0020),조건부 중복: alternative_path_conditions가 모두 참인 world에서만 shortcut이 중복(그 world의 materialize 단계에서만 생략 가능); 42의 witness_world(논리적으로 가능한 world)에서는 이 edge 없이 from→to 도달 불가
TE0656,DN_EC0100,DN_EC0023,TEMPORAL_BEFORE,active(DN_EC0100) ∧ active(DN_EC0023) ∧ E_EC0100,DATE_ONLY:CLAIMED_VS_COURT_DATE_ORDER,PRIMITIVE_EDGE,,,NO_ALTERNATIVE_PATH: 다른 보존 edge로 from→to path 없음,42의 witness_world에서 이 edge 없이 from→to 도달 불가
TE0657,DN_EC0100,DN_EC0044,TEMPORAL_BEFORE,active(DN_EC0100) ∧ active(DN_EC0044) ∧ E_EC0100,DATE_ONLY:CLAIMED_VS_COURT_DATE_ORDER,PRIMITIVE_EDGE,"DN_EC0100 → DN_EC0020 → DN_EC0044 [TE0654, TE0732]",TE0654:E_EC0100; TE0732:HARD(조건 없음); active(DN_EC0020):E_EC0020 = TRUE,INTERMEDIATE_NODE_MAY_VANISH: 이 edge가 활성인 world에서도 중간 node가 없을 수 있음 (보장 안 되는 조건: E_EC0020),조건부 중복: alternative_path_conditions가 모두 참인 world에서만 shortcut이 중복(그 world의 materialize 단계에서만 생략 가능); 42의 witness_world(논리적으로 가능한 world)에서는 이 edge 없이 from→to 도달 불가
TE0658,DN_EC0100,DN_EC0045,TEMPORAL_BEFORE,active(DN_EC0100) ∧ active(DN_EC0045) ∧ E_EC0100,DATE_ONLY:CLAIMED_VS_COURT_DATE_ORDER,PRIMITIVE_EDGE,"DN_EC0100 → DN_EC0020 → DN_EC0045 [TE0654, TE0733]",TE0654:E_EC0100; TE0733:HARD(조건 없음); active(DN_EC0020):E_EC0020 = TRUE,INTERMEDIATE_NODE_MAY_VANISH: 이 edge가 활성인 world에서도 중간 node가 없을 수 있음 (보장 안 되는 조건: E_EC0020),조건부 중복: alternative_path_conditions가 모두 참인 world에서만 shortcut이 중복(그 world의 materialize 단계에서만 생략 가능); 42의 witness_world(논리적으로 가능한 world)에서는 이 edge 없이 from→to 도달 불가
TE0659,DN_EC0100,DN_EC0048,TEMPORAL_BEFORE,active(DN_EC0100) ∧ active(DN_EC0048) ∧ E_EC0100,DATE_ONLY:CLAIMED_VS_COURT_DATE_ORDER,PRIMITIVE_EDGE,"DN_EC0100 → DN_EC0020 → DN_EC0048 [TE0654, TE0734]",TE0654:E_EC0100; TE0734:HARD(조건 없음); active(DN_EC0020):E_EC0020 = TRUE,INTERMEDIATE_NODE_MAY_VANISH: 이 edge가 활성인 world에서도 중간 node가 없을 수 있음 (보장 안 되는 조건: E_EC0020),조건부 중복: alternative_path_conditions가 모두 참인 world에서만 shortcut이 중복(그 world의 materialize 단계에서만 생략 가능); 42의 witness_world(논리적으로 가능한 world)에서는 이 edge 없이 from→to 도달 불가
TE0660,DN_EC0100,DN_EC0049,TEMPORAL_BEFORE,active(DN_EC0100) ∧ active(DN_EC0049) ∧ E_EC0100,DATE_ONLY:CLAIMED_VS_COURT_DATE_ORDER,PRIMITIVE_EDGE,"DN_EC0100 → DN_EC0020 → DN_EC0049 [TE0654, TE0735]",TE0654:E_EC0100; TE0735:HARD(조건 없음); active(DN_EC0020):E_EC0020 = TRUE,INTERMEDIATE_NODE_MAY_VANISH: 이 edge가 활성인 world에서도 중간 node가 없을 수 있음 (보장 안 되는 조건: E_EC0020),조건부 중복: alternative_path_conditions가 모두 참인 world에서만 shortcut이 중복(그 world의 materialize 단계에서만 생략 가능); 42의 witness_world(논리적으로 가능한 world)에서는 이 edge 없이 from→to 도달 불가
TE0661,DN_EC0100,DN_EC0061,TEMPORAL_BEFORE,active(DN_EC0100) ∧ active(DN_EC0061) ∧ E_EC0100,DATE_ONLY:CLAIMED_VS_COURT_DATE_ORDER,PRIMITIVE_EDGE,"DN_EC0100 → DN_EC0020 → DN_EC0061 [TE0654, TE0736]",TE0654:E_EC0100; TE0736:HARD(조건 없음); active(DN_EC0020):E_EC0020 = TRUE,INTERMEDIATE_NODE_MAY_VANISH: 이 edge가 활성인 world에서도 중간 node가 없을 수 있음 (보장 안 되는 조건: E_EC0020),조건부 중복: alternative_path_conditions가 모두 참인 world에서만 shortcut이 중복(그 world의 materialize 단계에서만 생략 가능); 42의 witness_world(논리적으로 가능한 world)에서는 이 edge 없이 from→to 도달 불가
TE0662,DN_EC0100,DN_EC0062,TEMPORAL_BEFORE,active(DN_EC0100) ∧ active(DN_EC0062) ∧ E_EC0100,DATE_ONLY:CLAIMED_VS_COURT_DATE_ORDER,PRIMITIVE_EDGE,"DN_EC0100 → DN_EC0020 → DN_EC0062 [TE0654, TE0737]",TE0654:E_EC0100; TE0737:HARD(조건 없음); active(DN_EC0020):E_EC0020 = TRUE,INTERMEDIATE_NODE_MAY_VANISH: 이 edge가 활성인 world에서도 중간 node가 없을 수 있음 (보장 안 되는 조건: E_EC0020),조건부 중복: alternative_path_conditions가 모두 참인 world에서만 shortcut이 중복(그 world의 materialize 단계에서만 생략 가능); 42의 witness_world(논리적으로 가능한 world)에서는 이 edge 없이 from→to 도달 불가
TE0663,DN_EC0100,DN_EC0150,TEMPORAL_BEFORE,active(DN_EC0100) ∧ active(DN_EC0150) ∧ E_EC0100,DATE_ONLY:CLAIMED_VS_COURT_DATE_ORDER,PRIMITIVE_EDGE,"DN_EC0100 → DN_EC0020 → DN_EC0150 [TE0654, TE0738]",TE0654:E_EC0100; TE0738:HARD(조건 없음); active(DN_EC0020):E_EC0020 = TRUE,INTERMEDIATE_NODE_MAY_VANISH: 이 edge가 활성인 world에서도 중간 node가 없을 수 있음 (보장 안 되는 조건: E_EC0020),조건부 중복: alternative_path_conditions가 모두 참인 world에서만 shortcut이 중복(그 world의 materialize 단계에서만 생략 가능); 42의 witness_world(논리적으로 가능한 world)에서는 이 edge 없이 from→to 도달 불가 / endpoint가 SAME 후보: collapse된 class로 활성될 수 있어 그 endpoint의 활성 literal은 L(e)에서 제외
TE0664,DN_EC0100,DN_EC0151,TEMPORAL_BEFORE,active(DN_EC0100) ∧ active(DN_EC0151) ∧ E_EC0100,DATE_ONLY:CLAIMED_VS_COURT_DATE_ORDER,PRIMITIVE_EDGE,"DN_EC0100 → DN_EC0020 → DN_EC0151 [TE0654, TE0739]",TE0654:E_EC0100; TE0739:HARD(조건 없음); active(DN_EC0020):E_EC0020 = TRUE,INTERMEDIATE_NODE_MAY_VANISH: 이 edge가 활성인 world에서도 중간 node가 없을 수 있음 (보장 안 되는 조건: E_EC0020),조건부 중복: alternative_path_conditions가 모두 참인 world에서만 shortcut이 중복(그 world의 materialize 단계에서만 생략 가능); 42의 witness_world(논리적으로 가능한 world)에서는 이 edge 없이 from→to 도달 불가 / endpoint가 SAME 후보: collapse된 class로 활성될 수 있어 그 endpoint의 활성 literal은 L(e)에서 제외
TE0665,DN_EC0100,DN_EC0152,TEMPORAL_BEFORE,active(DN_EC0100) ∧ active(DN_EC0152) ∧ E_EC0100,DATE_ONLY:CLAIMED_VS_COURT_DATE_ORDER,PRIMITIVE_EDGE,"DN_EC0100 → DN_EC0020 → DN_EC0152 [TE0654, TE0740]",TE0654:E_EC0100; TE0740:HARD(조건 없음); active(DN_EC0020):E_EC0020 = TRUE,INTERMEDIATE_NODE_MAY_VANISH: 이 edge가 활성인 world에서도 중간 node가 없을 수 있음 (보장 안 되는 조건: E_EC0020),조건부 중복: alternative_path_conditions가 모두 참인 world에서만 shortcut이 중복(그 world의 materialize 단계에서만 생략 가능); 42의 witness_world(논리적으로 가능한 world)에서는 이 edge 없이 from→to 도달 불가
TE0666,DN_EC0100,DN_EC0153,TEMPORAL_BEFORE,active(DN_EC0100) ∧ active(DN_EC0153) ∧ E_EC0100,DATE_ONLY:CLAIMED_VS_COURT_DATE_ORDER,PRIMITIVE_EDGE,"DN_EC0100 → DN_EC0020 → DN_EC0153 [TE0654, TE0741]",TE0654:E_EC0100; TE0741:HARD(조건 없음); active(DN_EC0020):E_EC0020 = TRUE,INTERMEDIATE_NODE_MAY_VANISH: 이 edge가 활성인 world에서도 중간 node가 없을 수 있음 (보장 안 되는 조건: E_EC0020),조건부 중복: alternative_path_conditions가 모두 참인 world에서만 shortcut이 중복(그 world의 materialize 단계에서만 생략 가능); 42의 witness_world(논리적으로 가능한 world)에서는 이 edge 없이 from→to 도달 불가
TE0667,DN_EC0100,DN_EC0154,TEMPORAL_BEFORE,active(DN_EC0100) ∧ active(DN_EC0154) ∧ E_EC0100,DATE_ONLY:CLAIMED_VS_COURT_DATE_ORDER,PRIMITIVE_EDGE,"DN_EC0100 → DN_EC0020 → DN_EC0154 [TE0654, TE0742]",TE0654:E_EC0100; TE0742:HARD(조건 없음); active(DN_EC0020):E_EC0020 = TRUE,INTERMEDIATE_NODE_MAY_VANISH: 이 edge가 활성인 world에서도 중간 node가 없을 수 있음 (보장 안 되는 조건: E_EC0020),조건부 중복: alternative_path_conditions가 모두 참인 world에서만 shortcut이 중복(그 world의 materialize 단계에서만 생략 가능); 42의 witness_world(논리적으로 가능한 world)에서는 이 edge 없이 from→to 도달 불가
TE0668,DN_EC0100,DN_EC0155,TEMPORAL_BEFORE,active(DN_EC0100) ∧ active(DN_EC0155) ∧ E_EC0100,DATE_ONLY:CLAIMED_VS_COURT_DATE_ORDER,PRIMITIVE_EDGE,"DN_EC0100 → DN_EC0020 → DN_EC0155 [TE0654, TE0743]",TE0654:E_EC0100; TE0743:HARD(조건 없음); active(DN_EC0020):E_EC0020 = TRUE,INTERMEDIATE_NODE_MAY_VANISH: 이 edge가 활성인 world에서도 중간 node가 없을 수 있음 (보장 안 되는 조건: E_EC0020),조건부 중복: alternative_path_conditions가 모두 참인 world에서만 shortcut이 중복(그 world의 materialize 단계에서만 생략 가능); 42의 witness_world(논리적으로 가능한 world)에서는 이 edge 없이 from→to 도달 불가
TE0669,DN_EC0100,DN_J_HONG_17930528_JISE,TEMPORAL_BEFORE,active(DN_EC0100) ∧ active(DN_J_HONG_17930528_JISE) ∧ E_EC0100,DATE_ONLY:CLAIMED_VS_COURT_DATE_ORDER,PRIMITIVE_EDGE,"DN_EC0100 → DN_EC0020 → DN_J_HONG_17930528_JISE [TE0654, TE0744]",TE0654:E_EC0100; TE0744:HARD(조건 없음); active(DN_EC0020):E_EC0020 = TRUE,INTERMEDIATE_NODE_MAY_VANISH: 이 edge가 활성인 world에서도 중간 node가 없을 수 있음 (보장 안 되는 조건: E_EC0020),조건부 중복: alternative_path_conditions가 모두 참인 world에서만 shortcut이 중복(그 world의 materialize 단계에서만 생략 가능); 42의 witness_world(논리적으로 가능한 world)에서는 이 edge 없이 from→to 도달 불가
TE0670,DN_EC0100,DN_J_HONG_17930613_JISE,TEMPORAL_BEFORE,active(DN_EC0100) ∧ active(DN_J_HONG_17930613_JISE) ∧ E_EC0100,DATE_ONLY:CLAIMED_VS_COURT_DATE_ORDER,PRIMITIVE_EDGE,"DN_EC0100 → DN_EC0020 → DN_J_HONG_17930613_JISE [TE0654, TE0745]",TE0654:E_EC0100; TE0745:HARD(조건 없음); active(DN_EC0020):E_EC0020 = TRUE,INTERMEDIATE_NODE_MAY_VANISH: 이 edge가 활성인 world에서도 중간 node가 없을 수 있음 (보장 안 되는 조건: E_EC0020),조건부 중복: alternative_path_conditions가 모두 참인 world에서만 shortcut이 중복(그 world의 materialize 단계에서만 생략 가능); 42의 witness_world(논리적으로 가능한 world)에서는 이 edge 없이 from→to 도달 불가
TE0671,DN_EC0100,DN_J_HONG_17930613_KIM_DEATH,TEMPORAL_BEFORE,active(DN_EC0100) ∧ active(DN_J_HONG_17930613_KIM_DEATH) ∧ E_EC0100,DATE_ONLY:CLAIMED_VS_COURT_DATE_ORDER,PRIMITIVE_EDGE,"DN_EC0100 → DN_EC0020 → DN_J_HONG_17930613_KIM_DEATH [TE0654, TE0746]",TE0654:E_EC0100; TE0746:HARD(조건 없음); active(DN_EC0020):E_EC0020 = TRUE,INTERMEDIATE_NODE_MAY_VANISH: 이 edge가 활성인 world에서도 중간 node가 없을 수 있음 (보장 안 되는 조건: E_EC0020),조건부 중복: alternative_path_conditions가 모두 참인 world에서만 shortcut이 중복(그 world의 materialize 단계에서만 생략 가능); 42의 witness_world(논리적으로 가능한 world)에서는 이 edge 없이 from→to 도달 불가
TE0672,DN_EC0100,DN_J_HONG_17930613_THEFT,TEMPORAL_BEFORE,active(DN_EC0100) ∧ active(DN_J_HONG_17930613_THEFT) ∧ E_EC0100,DATE_ONLY:CLAIMED_VS_COURT_DATE_ORDER,PRIMITIVE_EDGE,"DN_EC0100 → DN_EC0020 → DN_J_HONG_17930613_THEFT [TE0654, TE0747]",TE0654:E_EC0100; TE0747:HARD(조건 없음); active(DN_EC0020):E_EC0020 = TRUE,INTERMEDIATE_NODE_MAY_VANISH: 이 edge가 활성인 world에서도 중간 node가 없을 수 있음 (보장 안 되는 조건: E_EC0020),조건부 중복: alternative_path_conditions가 모두 참인 world에서만 shortcut이 중복(그 world의 materialize 단계에서만 생략 가능); 42의 witness_world(논리적으로 가능한 world)에서는 이 edge 없이 from→to 도달 불가
TE0673,DN_EC0100,DN_J_IJOWON_17930527_JISE,TEMPORAL_BEFORE,active(DN_EC0100) ∧ active(DN_J_IJOWON_17930527_JISE) ∧ E_EC0100,DATE_ONLY:CLAIMED_VS_COURT_DATE_ORDER,PRIMITIVE_EDGE,"DN_EC0100 → DN_EC0020 → DN_J_IJOWON_17930527_JISE [TE0654, TE0748]",TE0654:E_EC0100; TE0748:HARD(조건 없음); active(DN_EC0020):E_EC0020 = TRUE,INTERMEDIATE_NODE_MAY_VANISH: 이 edge가 활성인 world에서도 중간 node가 없을 수 있음 (보장 안 되는 조건: E_EC0020),조건부 중복: alternative_path_conditions가 모두 참인 world에서만 shortcut이 중복(그 world의 materialize 단계에서만 생략 가능); 42의 witness_world(논리적으로 가능한 world)에서는 이 edge 없이 from→to 도달 불가
TE0674,DN_EC0100,DN_J_IJOWON_17930527_KIM_DEATH,TEMPORAL_BEFORE,active(DN_EC0100) ∧ active(DN_J_IJOWON_17930527_KIM_DEATH) ∧ E_EC0100,DATE_ONLY:CLAIMED_VS_COURT_DATE_ORDER,PRIMITIVE_EDGE,"DN_EC0100 → DN_EC0020 → DN_J_IJOWON_17930527_KIM_DEATH [TE0654, TE0749]",TE0654:E_EC0100; TE0749:HARD(조건 없음); active(DN_EC0020):E_EC0020 = TRUE,INTERMEDIATE_NODE_MAY_VANISH: 이 edge가 활성인 world에서도 중간 node가 없을 수 있음 (보장 안 되는 조건: E_EC0020),조건부 중복: alternative_path_conditions가 모두 참인 world에서만 shortcut이 중복(그 world의 materialize 단계에서만 생략 가능); 42의 witness_world(논리적으로 가능한 world)에서는 이 edge 없이 from→to 도달 불가
TE0675,DN_EC0100,DN_J_IJOWON_17930527_THEFT,TEMPORAL_BEFORE,active(DN_EC0100) ∧ active(DN_J_IJOWON_17930527_THEFT) ∧ E_EC0100,DATE_ONLY:CLAIMED_VS_COURT_DATE_ORDER,PRIMITIVE_EDGE,"DN_EC0100 → DN_EC0020 → DN_J_IJOWON_17930527_THEFT [TE0654, TE0750]",TE0654:E_EC0100; TE0750:HARD(조건 없음); active(DN_EC0020):E_EC0020 = TRUE,INTERMEDIATE_NODE_MAY_VANISH: 이 edge가 활성인 world에서도 중간 node가 없을 수 있음 (보장 안 되는 조건: E_EC0020),조건부 중복: alternative_path_conditions가 모두 참인 world에서만 shortcut이 중복(그 world의 materialize 단계에서만 생략 가능); 42의 witness_world(논리적으로 가능한 world)에서는 이 edge 없이 from→to 도달 불가
TE0676,DN_EC0100,DN_J_JEONGJO_17930512_THEFT,TEMPORAL_BEFORE,active(DN_EC0100) ∧ active(DN_J_JEONGJO_17930512_THEFT) ∧ E_EC0100,DATE_ONLY:CLAIMED_VS_COURT_DATE_ORDER,PRIMITIVE_EDGE,,,NO_ALTERNATIVE_PATH: 다른 보존 edge로 from→to path 없음,42의 witness_world에서 이 edge 없이 from→to 도달 불가
TE0677,DN_EC0100,DN_J_JEONGJO_17930613_JISE,TEMPORAL_BEFORE,active(DN_EC0100) ∧ active(DN_J_JEONGJO_17930613_JISE) ∧ E_EC0100,DATE_ONLY:CLAIMED_VS_COURT_DATE_ORDER,PRIMITIVE_EDGE,"DN_EC0100 → DN_EC0020 → DN_J_JEONGJO_17930613_JISE [TE0654, TE0751]",TE0654:E_EC0100; TE0751:HARD(조건 없음); active(DN_EC0020):E_EC0020 = TRUE,INTERMEDIATE_NODE_MAY_VANISH: 이 edge가 활성인 world에서도 중간 node가 없을 수 있음 (보장 안 되는 조건: E_EC0020),조건부 중복: alternative_path_conditions가 모두 참인 world에서만 shortcut이 중복(그 world의 materialize 단계에서만 생략 가능); 42의 witness_world(논리적으로 가능한 world)에서는 이 edge 없이 from→to 도달 불가
TE0678,DN_EC0100,DN_J_JEONGJO_17930613_KIM_DEATH,TEMPORAL_BEFORE,active(DN_EC0100) ∧ active(DN_J_JEONGJO_17930613_KIM_DEATH) ∧ E_EC0100,DATE_ONLY:CLAIMED_VS_COURT_DATE_ORDER,PRIMITIVE_EDGE,"DN_EC0100 → DN_EC0020 → DN_J_JEONGJO_17930613_KIM_DEATH [TE0654, TE0752]",TE0654:E_EC0100; TE0752:HARD(조건 없음); active(DN_EC0020):E_EC0020 = TRUE,INTERMEDIATE_NODE_MAY_VANISH: 이 edge가 활성인 world에서도 중간 node가 없을 수 있음 (보장 안 되는 조건: E_EC0020),조건부 중복: alternative_path_conditions가 모두 참인 world에서만 shortcut이 중복(그 world의 materialize 단계에서만 생략 가능); 42의 witness_world(논리적으로 가능한 world)에서는 이 edge 없이 from→to 도달 불가
TE0679,DN_EC0100,DN_J_JEONGJO_17930613_THEFT,TEMPORAL_BEFORE,active(DN_EC0100) ∧ active(DN_J_JEONGJO_17930613_THEFT) ∧ E_EC0100,DATE_ONLY:CLAIMED_VS_COURT_DATE_ORDER,PRIMITIVE_EDGE,"DN_EC0100 → DN_EC0020 → DN_J_JEONGJO_17930613_THEFT [TE0654, TE0753]",TE0654:E_EC0100; TE0753:HARD(조건 없음); active(DN_EC0020):E_EC0020 = TRUE,INTERMEDIATE_NODE_MAY_VANISH: 이 edge가 활성인 world에서도 중간 node가 없을 수 있음 (보장 안 되는 조건: E_EC0020),조건부 중복: alternative_path_conditions가 모두 참인 world에서만 shortcut이 중복(그 world의 materialize 단계에서만 생략 가능); 42의 witness_world(논리적으로 가능한 world)에서는 이 edge 없이 from→to 도달 불가
TE0680,DN_EC0101,DN_EC0020,TEMPORAL_BEFORE,active(DN_EC0101) ∧ active(DN_EC0020) ∧ E_EC0101,DATE_ONLY:CLAIMED_VS_COURT_DATE_ORDER,PRIMITIVE_EDGE,,,NO_ALTERNATIVE_PATH: 다른 보존 edge로 from→to path 없음,42의 witness_world에서 이 edge 없이 from→to 도달 불가
TE0681,DN_EC0101,DN_EC0021,TEMPORAL_BEFORE,active(DN_EC0101) ∧ active(DN_EC0021) ∧ E_EC0101,DATE_ONLY:CLAIMED_VS_COURT_DATE_ORDER,PRIMITIVE_EDGE,"DN_EC0101 → DN_EC0020 → DN_EC0021 [TE0680, TE0024]",TE0680:E_EC0101; TE0024:HARD(조건 없음); active(DN_EC0020):E_EC0020 = TRUE,INTERMEDIATE_NODE_MAY_VANISH: 이 edge가 활성인 world에서도 중간 node가 없을 수 있음 (보장 안 되는 조건: E_EC0020),조건부 중복: alternative_path_conditions가 모두 참인 world에서만 shortcut이 중복(그 world의 materialize 단계에서만 생략 가능); 42의 witness_world(논리적으로 가능한 world)에서는 이 edge 없이 from→to 도달 불가
TE0682,DN_EC0101,DN_EC0023,TEMPORAL_BEFORE,active(DN_EC0101) ∧ active(DN_EC0023) ∧ E_EC0101,DATE_ONLY:CLAIMED_VS_COURT_DATE_ORDER,PRIMITIVE_EDGE,,,NO_ALTERNATIVE_PATH: 다른 보존 edge로 from→to path 없음,42의 witness_world에서 이 edge 없이 from→to 도달 불가
TE0683,DN_EC0101,DN_EC0044,TEMPORAL_BEFORE,active(DN_EC0101) ∧ active(DN_EC0044) ∧ E_EC0101,DATE_ONLY:CLAIMED_VS_COURT_DATE_ORDER,PRIMITIVE_EDGE,"DN_EC0101 → DN_EC0020 → DN_EC0044 [TE0680, TE0732]",TE0680:E_EC0101; TE0732:HARD(조건 없음); active(DN_EC0020):E_EC0020 = TRUE,INTERMEDIATE_NODE_MAY_VANISH: 이 edge가 활성인 world에서도 중간 node가 없을 수 있음 (보장 안 되는 조건: E_EC0020),조건부 중복: alternative_path_conditions가 모두 참인 world에서만 shortcut이 중복(그 world의 materialize 단계에서만 생략 가능); 42의 witness_world(논리적으로 가능한 world)에서는 이 edge 없이 from→to 도달 불가
TE0684,DN_EC0101,DN_EC0045,TEMPORAL_BEFORE,active(DN_EC0101) ∧ active(DN_EC0045) ∧ E_EC0101,DATE_ONLY:CLAIMED_VS_COURT_DATE_ORDER,PRIMITIVE_EDGE,"DN_EC0101 → DN_EC0020 → DN_EC0045 [TE0680, TE0733]",TE0680:E_EC0101; TE0733:HARD(조건 없음); active(DN_EC0020):E_EC0020 = TRUE,INTERMEDIATE_NODE_MAY_VANISH: 이 edge가 활성인 world에서도 중간 node가 없을 수 있음 (보장 안 되는 조건: E_EC0020),조건부 중복: alternative_path_conditions가 모두 참인 world에서만 shortcut이 중복(그 world의 materialize 단계에서만 생략 가능); 42의 witness_world(논리적으로 가능한 world)에서는 이 edge 없이 from→to 도달 불가
TE0685,DN_EC0101,DN_EC0048,TEMPORAL_BEFORE,active(DN_EC0101) ∧ active(DN_EC0048) ∧ E_EC0101,DATE_ONLY:CLAIMED_VS_COURT_DATE_ORDER,PRIMITIVE_EDGE,"DN_EC0101 → DN_EC0020 → DN_EC0048 [TE0680, TE0734]",TE0680:E_EC0101; TE0734:HARD(조건 없음); active(DN_EC0020):E_EC0020 = TRUE,INTERMEDIATE_NODE_MAY_VANISH: 이 edge가 활성인 world에서도 중간 node가 없을 수 있음 (보장 안 되는 조건: E_EC0020),조건부 중복: alternative_path_conditions가 모두 참인 world에서만 shortcut이 중복(그 world의 materialize 단계에서만 생략 가능); 42의 witness_world(논리적으로 가능한 world)에서는 이 edge 없이 from→to 도달 불가
TE0686,DN_EC0101,DN_EC0049,TEMPORAL_BEFORE,active(DN_EC0101) ∧ active(DN_EC0049) ∧ E_EC0101,DATE_ONLY:CLAIMED_VS_COURT_DATE_ORDER,PRIMITIVE_EDGE,"DN_EC0101 → DN_EC0020 → DN_EC0049 [TE0680, TE0735]",TE0680:E_EC0101; TE0735:HARD(조건 없음); active(DN_EC0020):E_EC0020 = TRUE,INTERMEDIATE_NODE_MAY_VANISH: 이 edge가 활성인 world에서도 중간 node가 없을 수 있음 (보장 안 되는 조건: E_EC0020),조건부 중복: alternative_path_conditions가 모두 참인 world에서만 shortcut이 중복(그 world의 materialize 단계에서만 생략 가능); 42의 witness_world(논리적으로 가능한 world)에서는 이 edge 없이 from→to 도달 불가
TE0687,DN_EC0101,DN_EC0061,TEMPORAL_BEFORE,active(DN_EC0101) ∧ active(DN_EC0061) ∧ E_EC0101,DATE_ONLY:CLAIMED_VS_COURT_DATE_ORDER,PRIMITIVE_EDGE,"DN_EC0101 → DN_EC0020 → DN_EC0061 [TE0680, TE0736]",TE0680:E_EC0101; TE0736:HARD(조건 없음); active(DN_EC0020):E_EC0020 = TRUE,INTERMEDIATE_NODE_MAY_VANISH: 이 edge가 활성인 world에서도 중간 node가 없을 수 있음 (보장 안 되는 조건: E_EC0020),조건부 중복: alternative_path_conditions가 모두 참인 world에서만 shortcut이 중복(그 world의 materialize 단계에서만 생략 가능); 42의 witness_world(논리적으로 가능한 world)에서는 이 edge 없이 from→to 도달 불가
TE0688,DN_EC0101,DN_EC0062,TEMPORAL_BEFORE,active(DN_EC0101) ∧ active(DN_EC0062) ∧ E_EC0101,DATE_ONLY:CLAIMED_VS_COURT_DATE_ORDER,PRIMITIVE_EDGE,"DN_EC0101 → DN_EC0020 → DN_EC0062 [TE0680, TE0737]",TE0680:E_EC0101; TE0737:HARD(조건 없음); active(DN_EC0020):E_EC0020 = TRUE,INTERMEDIATE_NODE_MAY_VANISH: 이 edge가 활성인 world에서도 중간 node가 없을 수 있음 (보장 안 되는 조건: E_EC0020),조건부 중복: alternative_path_conditions가 모두 참인 world에서만 shortcut이 중복(그 world의 materialize 단계에서만 생략 가능); 42의 witness_world(논리적으로 가능한 world)에서는 이 edge 없이 from→to 도달 불가
TE0689,DN_EC0101,DN_EC0150,TEMPORAL_BEFORE,active(DN_EC0101) ∧ active(DN_EC0150) ∧ E_EC0101,DATE_ONLY:CLAIMED_VS_COURT_DATE_ORDER,PRIMITIVE_EDGE,"DN_EC0101 → DN_EC0020 → DN_EC0150 [TE0680, TE0738]",TE0680:E_EC0101; TE0738:HARD(조건 없음); active(DN_EC0020):E_EC0020 = TRUE,INTERMEDIATE_NODE_MAY_VANISH: 이 edge가 활성인 world에서도 중간 node가 없을 수 있음 (보장 안 되는 조건: E_EC0020),조건부 중복: alternative_path_conditions가 모두 참인 world에서만 shortcut이 중복(그 world의 materialize 단계에서만 생략 가능); 42의 witness_world(논리적으로 가능한 world)에서는 이 edge 없이 from→to 도달 불가 / endpoint가 SAME 후보: collapse된 class로 활성될 수 있어 그 endpoint의 활성 literal은 L(e)에서 제외
TE0690,DN_EC0101,DN_EC0151,TEMPORAL_BEFORE,active(DN_EC0101) ∧ active(DN_EC0151) ∧ E_EC0101,DATE_ONLY:CLAIMED_VS_COURT_DATE_ORDER,PRIMITIVE_EDGE,"DN_EC0101 → DN_EC0020 → DN_EC0151 [TE0680, TE0739]",TE0680:E_EC0101; TE0739:HARD(조건 없음); active(DN_EC0020):E_EC0020 = TRUE,INTERMEDIATE_NODE_MAY_VANISH: 이 edge가 활성인 world에서도 중간 node가 없을 수 있음 (보장 안 되는 조건: E_EC0020),조건부 중복: alternative_path_conditions가 모두 참인 world에서만 shortcut이 중복(그 world의 materialize 단계에서만 생략 가능); 42의 witness_world(논리적으로 가능한 world)에서는 이 edge 없이 from→to 도달 불가 / endpoint가 SAME 후보: collapse된 class로 활성될 수 있어 그 endpoint의 활성 literal은 L(e)에서 제외
TE0691,DN_EC0101,DN_EC0152,TEMPORAL_BEFORE,active(DN_EC0101) ∧ active(DN_EC0152) ∧ E_EC0101,DATE_ONLY:CLAIMED_VS_COURT_DATE_ORDER,PRIMITIVE_EDGE,"DN_EC0101 → DN_EC0020 → DN_EC0152 [TE0680, TE0740]",TE0680:E_EC0101; TE0740:HARD(조건 없음); active(DN_EC0020):E_EC0020 = TRUE,INTERMEDIATE_NODE_MAY_VANISH: 이 edge가 활성인 world에서도 중간 node가 없을 수 있음 (보장 안 되는 조건: E_EC0020),조건부 중복: alternative_path_conditions가 모두 참인 world에서만 shortcut이 중복(그 world의 materialize 단계에서만 생략 가능); 42의 witness_world(논리적으로 가능한 world)에서는 이 edge 없이 from→to 도달 불가
TE0692,DN_EC0101,DN_EC0153,TEMPORAL_BEFORE,active(DN_EC0101) ∧ active(DN_EC0153) ∧ E_EC0101,DATE_ONLY:CLAIMED_VS_COURT_DATE_ORDER,PRIMITIVE_EDGE,"DN_EC0101 → DN_EC0020 → DN_EC0153 [TE0680, TE0741]",TE0680:E_EC0101; TE0741:HARD(조건 없음); active(DN_EC0020):E_EC0020 = TRUE,INTERMEDIATE_NODE_MAY_VANISH: 이 edge가 활성인 world에서도 중간 node가 없을 수 있음 (보장 안 되는 조건: E_EC0020),조건부 중복: alternative_path_conditions가 모두 참인 world에서만 shortcut이 중복(그 world의 materialize 단계에서만 생략 가능); 42의 witness_world(논리적으로 가능한 world)에서는 이 edge 없이 from→to 도달 불가
TE0693,DN_EC0101,DN_EC0154,TEMPORAL_BEFORE,active(DN_EC0101) ∧ active(DN_EC0154) ∧ E_EC0101,DATE_ONLY:CLAIMED_VS_COURT_DATE_ORDER,PRIMITIVE_EDGE,"DN_EC0101 → DN_EC0020 → DN_EC0154 [TE0680, TE0742]",TE0680:E_EC0101; TE0742:HARD(조건 없음); active(DN_EC0020):E_EC0020 = TRUE,INTERMEDIATE_NODE_MAY_VANISH: 이 edge가 활성인 world에서도 중간 node가 없을 수 있음 (보장 안 되는 조건: E_EC0020),조건부 중복: alternative_path_conditions가 모두 참인 world에서만 shortcut이 중복(그 world의 materialize 단계에서만 생략 가능); 42의 witness_world(논리적으로 가능한 world)에서는 이 edge 없이 from→to 도달 불가
TE0694,DN_EC0101,DN_EC0155,TEMPORAL_BEFORE,active(DN_EC0101) ∧ active(DN_EC0155) ∧ E_EC0101,DATE_ONLY:CLAIMED_VS_COURT_DATE_ORDER,PRIMITIVE_EDGE,"DN_EC0101 → DN_EC0020 → DN_EC0155 [TE0680, TE0743]",TE0680:E_EC0101; TE0743:HARD(조건 없음); active(DN_EC0020):E_EC0020 = TRUE,INTERMEDIATE_NODE_MAY_VANISH: 이 edge가 활성인 world에서도 중간 node가 없을 수 있음 (보장 안 되는 조건: E_EC0020),조건부 중복: alternative_path_conditions가 모두 참인 world에서만 shortcut이 중복(그 world의 materialize 단계에서만 생략 가능); 42의 witness_world(논리적으로 가능한 world)에서는 이 edge 없이 from→to 도달 불가
TE0695,DN_EC0101,DN_J_HONG_17930528_JISE,TEMPORAL_BEFORE,active(DN_EC0101) ∧ active(DN_J_HONG_17930528_JISE) ∧ E_EC0101,DATE_ONLY:CLAIMED_VS_COURT_DATE_ORDER,PRIMITIVE_EDGE,"DN_EC0101 → DN_EC0020 → DN_J_HONG_17930528_JISE [TE0680, TE0744]",TE0680:E_EC0101; TE0744:HARD(조건 없음); active(DN_EC0020):E_EC0020 = TRUE,INTERMEDIATE_NODE_MAY_VANISH: 이 edge가 활성인 world에서도 중간 node가 없을 수 있음 (보장 안 되는 조건: E_EC0020),조건부 중복: alternative_path_conditions가 모두 참인 world에서만 shortcut이 중복(그 world의 materialize 단계에서만 생략 가능); 42의 witness_world(논리적으로 가능한 world)에서는 이 edge 없이 from→to 도달 불가
TE0696,DN_EC0101,DN_J_HONG_17930613_JISE,TEMPORAL_BEFORE,active(DN_EC0101) ∧ active(DN_J_HONG_17930613_JISE) ∧ E_EC0101,DATE_ONLY:CLAIMED_VS_COURT_DATE_ORDER,PRIMITIVE_EDGE,"DN_EC0101 → DN_EC0020 → DN_J_HONG_17930613_JISE [TE0680, TE0745]",TE0680:E_EC0101; TE0745:HARD(조건 없음); active(DN_EC0020):E_EC0020 = TRUE,INTERMEDIATE_NODE_MAY_VANISH: 이 edge가 활성인 world에서도 중간 node가 없을 수 있음 (보장 안 되는 조건: E_EC0020),조건부 중복: alternative_path_conditions가 모두 참인 world에서만 shortcut이 중복(그 world의 materialize 단계에서만 생략 가능); 42의 witness_world(논리적으로 가능한 world)에서는 이 edge 없이 from→to 도달 불가
TE0697,DN_EC0101,DN_J_HONG_17930613_KIM_DEATH,TEMPORAL_BEFORE,active(DN_EC0101) ∧ active(DN_J_HONG_17930613_KIM_DEATH) ∧ E_EC0101,DATE_ONLY:CLAIMED_VS_COURT_DATE_ORDER,PRIMITIVE_EDGE,"DN_EC0101 → DN_EC0020 → DN_J_HONG_17930613_KIM_DEATH [TE0680, TE0746]",TE0680:E_EC0101; TE0746:HARD(조건 없음); active(DN_EC0020):E_EC0020 = TRUE,INTERMEDIATE_NODE_MAY_VANISH: 이 edge가 활성인 world에서도 중간 node가 없을 수 있음 (보장 안 되는 조건: E_EC0020),조건부 중복: alternative_path_conditions가 모두 참인 world에서만 shortcut이 중복(그 world의 materialize 단계에서만 생략 가능); 42의 witness_world(논리적으로 가능한 world)에서는 이 edge 없이 from→to 도달 불가
TE0698,DN_EC0101,DN_J_HONG_17930613_THEFT,TEMPORAL_BEFORE,active(DN_EC0101) ∧ active(DN_J_HONG_17930613_THEFT) ∧ E_EC0101,DATE_ONLY:CLAIMED_VS_COURT_DATE_ORDER,PRIMITIVE_EDGE,"DN_EC0101 → DN_EC0020 → DN_J_HONG_17930613_THEFT [TE0680, TE0747]",TE0680:E_EC0101; TE0747:HARD(조건 없음); active(DN_EC0020):E_EC0020 = TRUE,INTERMEDIATE_NODE_MAY_VANISH: 이 edge가 활성인 world에서도 중간 node가 없을 수 있음 (보장 안 되는 조건: E_EC0020),조건부 중복: alternative_path_conditions가 모두 참인 world에서만 shortcut이 중복(그 world의 materialize 단계에서만 생략 가능); 42의 witness_world(논리적으로 가능한 world)에서는 이 edge 없이 from→to 도달 불가
TE0699,DN_EC0101,DN_J_IJOWON_17930527_JISE,TEMPORAL_BEFORE,active(DN_EC0101) ∧ active(DN_J_IJOWON_17930527_JISE) ∧ E_EC0101,DATE_ONLY:CLAIMED_VS_COURT_DATE_ORDER,PRIMITIVE_EDGE,"DN_EC0101 → DN_EC0020 → DN_J_IJOWON_17930527_JISE [TE0680, TE0748]",TE0680:E_EC0101; TE0748:HARD(조건 없음); active(DN_EC0020):E_EC0020 = TRUE,INTERMEDIATE_NODE_MAY_VANISH: 이 edge가 활성인 world에서도 중간 node가 없을 수 있음 (보장 안 되는 조건: E_EC0020),조건부 중복: alternative_path_conditions가 모두 참인 world에서만 shortcut이 중복(그 world의 materialize 단계에서만 생략 가능); 42의 witness_world(논리적으로 가능한 world)에서는 이 edge 없이 from→to 도달 불가
TE0700,DN_EC0101,DN_J_IJOWON_17930527_KIM_DEATH,TEMPORAL_BEFORE,active(DN_EC0101) ∧ active(DN_J_IJOWON_17930527_KIM_DEATH) ∧ E_EC0101,DATE_ONLY:CLAIMED_VS_COURT_DATE_ORDER,PRIMITIVE_EDGE,"DN_EC0101 → DN_EC0020 → DN_J_IJOWON_17930527_KIM_DEATH [TE0680, TE0749]",TE0680:E_EC0101; TE0749:HARD(조건 없음); active(DN_EC0020):E_EC0020 = TRUE,INTERMEDIATE_NODE_MAY_VANISH: 이 edge가 활성인 world에서도 중간 node가 없을 수 있음 (보장 안 되는 조건: E_EC0020),조건부 중복: alternative_path_conditions가 모두 참인 world에서만 shortcut이 중복(그 world의 materialize 단계에서만 생략 가능); 42의 witness_world(논리적으로 가능한 world)에서는 이 edge 없이 from→to 도달 불가
TE0701,DN_EC0101,DN_J_IJOWON_17930527_THEFT,TEMPORAL_BEFORE,active(DN_EC0101) ∧ active(DN_J_IJOWON_17930527_THEFT) ∧ E_EC0101,DATE_ONLY:CLAIMED_VS_COURT_DATE_ORDER,PRIMITIVE_EDGE,"DN_EC0101 → DN_EC0020 → DN_J_IJOWON_17930527_THEFT [TE0680, TE0750]",TE0680:E_EC0101; TE0750:HARD(조건 없음); active(DN_EC0020):E_EC0020 = TRUE,INTERMEDIATE_NODE_MAY_VANISH: 이 edge가 활성인 world에서도 중간 node가 없을 수 있음 (보장 안 되는 조건: E_EC0020),조건부 중복: alternative_path_conditions가 모두 참인 world에서만 shortcut이 중복(그 world의 materialize 단계에서만 생략 가능); 42의 witness_world(논리적으로 가능한 world)에서는 이 edge 없이 from→to 도달 불가
TE0702,DN_EC0101,DN_J_JEONGJO_17930512_THEFT,TEMPORAL_BEFORE,active(DN_EC0101) ∧ active(DN_J_JEONGJO_17930512_THEFT) ∧ E_EC0101,DATE_ONLY:CLAIMED_VS_COURT_DATE_ORDER,PRIMITIVE_EDGE,,,NO_ALTERNATIVE_PATH: 다른 보존 edge로 from→to path 없음,42의 witness_world에서 이 edge 없이 from→to 도달 불가
TE0703,DN_EC0101,DN_J_JEONGJO_17930613_JISE,TEMPORAL_BEFORE,active(DN_EC0101) ∧ active(DN_J_JEONGJO_17930613_JISE) ∧ E_EC0101,DATE_ONLY:CLAIMED_VS_COURT_DATE_ORDER,PRIMITIVE_EDGE,"DN_EC0101 → DN_EC0020 → DN_J_JEONGJO_17930613_JISE [TE0680, TE0751]",TE0680:E_EC0101; TE0751:HARD(조건 없음); active(DN_EC0020):E_EC0020 = TRUE,INTERMEDIATE_NODE_MAY_VANISH: 이 edge가 활성인 world에서도 중간 node가 없을 수 있음 (보장 안 되는 조건: E_EC0020),조건부 중복: alternative_path_conditions가 모두 참인 world에서만 shortcut이 중복(그 world의 materialize 단계에서만 생략 가능); 42의 witness_world(논리적으로 가능한 world)에서는 이 edge 없이 from→to 도달 불가
TE0704,DN_EC0101,DN_J_JEONGJO_17930613_KIM_DEATH,TEMPORAL_BEFORE,active(DN_EC0101) ∧ active(DN_J_JEONGJO_17930613_KIM_DEATH) ∧ E_EC0101,DATE_ONLY:CLAIMED_VS_COURT_DATE_ORDER,PRIMITIVE_EDGE,"DN_EC0101 → DN_EC0020 → DN_J_JEONGJO_17930613_KIM_DEATH [TE0680, TE0752]",TE0680:E_EC0101; TE0752:HARD(조건 없음); active(DN_EC0020):E_EC0020 = TRUE,INTERMEDIATE_NODE_MAY_VANISH: 이 edge가 활성인 world에서도 중간 node가 없을 수 있음 (보장 안 되는 조건: E_EC0020),조건부 중복: alternative_path_conditions가 모두 참인 world에서만 shortcut이 중복(그 world의 materialize 단계에서만 생략 가능); 42의 witness_world(논리적으로 가능한 world)에서는 이 edge 없이 from→to 도달 불가
TE0705,DN_EC0101,DN_J_JEONGJO_17930613_THEFT,TEMPORAL_BEFORE,active(DN_EC0101) ∧ active(DN_J_JEONGJO_17930613_THEFT) ∧ E_EC0101,DATE_ONLY:CLAIMED_VS_COURT_DATE_ORDER,PRIMITIVE_EDGE,"DN_EC0101 → DN_EC0020 → DN_J_JEONGJO_17930613_THEFT [TE0680, TE0753]",TE0680:E_EC0101; TE0753:HARD(조건 없음); active(DN_EC0020):E_EC0020 = TRUE,INTERMEDIATE_NODE_MAY_VANISH: 이 edge가 활성인 world에서도 중간 node가 없을 수 있음 (보장 안 되는 조건: E_EC0020),조건부 중복: alternative_path_conditions가 모두 참인 world에서만 shortcut이 중복(그 world의 materialize 단계에서만 생략 가능); 42의 witness_world(논리적으로 가능한 world)에서는 이 edge 없이 from→to 도달 불가
TE0706,DN_EC0102,DN_EC0020,TEMPORAL_BEFORE,active(DN_EC0102) ∧ active(DN_EC0020) ∧ E_EC0102,DATE_ONLY:CLAIMED_VS_COURT_DATE_ORDER,PRIMITIVE_EDGE,,,NO_ALTERNATIVE_PATH: 다른 보존 edge로 from→to path 없음,42의 witness_world에서 이 edge 없이 from→to 도달 불가
TE0707,DN_EC0102,DN_EC0021,TEMPORAL_BEFORE,active(DN_EC0102) ∧ active(DN_EC0021) ∧ E_EC0102,DATE_ONLY:CLAIMED_VS_COURT_DATE_ORDER,PRIMITIVE_EDGE,"DN_EC0102 → DN_EC0020 → DN_EC0021 [TE0706, TE0024]",TE0706:E_EC0102; TE0024:HARD(조건 없음); active(DN_EC0020):E_EC0020 = TRUE,INTERMEDIATE_NODE_MAY_VANISH: 이 edge가 활성인 world에서도 중간 node가 없을 수 있음 (보장 안 되는 조건: E_EC0020),조건부 중복: alternative_path_conditions가 모두 참인 world에서만 shortcut이 중복(그 world의 materialize 단계에서만 생략 가능); 42의 witness_world(논리적으로 가능한 world)에서는 이 edge 없이 from→to 도달 불가
TE0708,DN_EC0102,DN_EC0023,TEMPORAL_BEFORE,active(DN_EC0102) ∧ active(DN_EC0023) ∧ E_EC0102,DATE_ONLY:CLAIMED_VS_COURT_DATE_ORDER,PRIMITIVE_EDGE,,,NO_ALTERNATIVE_PATH: 다른 보존 edge로 from→to path 없음,42의 witness_world에서 이 edge 없이 from→to 도달 불가
TE0709,DN_EC0102,DN_EC0044,TEMPORAL_BEFORE,active(DN_EC0102) ∧ active(DN_EC0044) ∧ E_EC0102,DATE_ONLY:CLAIMED_VS_COURT_DATE_ORDER,PRIMITIVE_EDGE,"DN_EC0102 → DN_EC0020 → DN_EC0044 [TE0706, TE0732]",TE0706:E_EC0102; TE0732:HARD(조건 없음); active(DN_EC0020):E_EC0020 = TRUE,INTERMEDIATE_NODE_MAY_VANISH: 이 edge가 활성인 world에서도 중간 node가 없을 수 있음 (보장 안 되는 조건: E_EC0020),조건부 중복: alternative_path_conditions가 모두 참인 world에서만 shortcut이 중복(그 world의 materialize 단계에서만 생략 가능); 42의 witness_world(논리적으로 가능한 world)에서는 이 edge 없이 from→to 도달 불가
TE0710,DN_EC0102,DN_EC0045,TEMPORAL_BEFORE,active(DN_EC0102) ∧ active(DN_EC0045) ∧ E_EC0102,DATE_ONLY:CLAIMED_VS_COURT_DATE_ORDER,PRIMITIVE_EDGE,"DN_EC0102 → DN_EC0020 → DN_EC0045 [TE0706, TE0733]",TE0706:E_EC0102; TE0733:HARD(조건 없음); active(DN_EC0020):E_EC0020 = TRUE,INTERMEDIATE_NODE_MAY_VANISH: 이 edge가 활성인 world에서도 중간 node가 없을 수 있음 (보장 안 되는 조건: E_EC0020),조건부 중복: alternative_path_conditions가 모두 참인 world에서만 shortcut이 중복(그 world의 materialize 단계에서만 생략 가능); 42의 witness_world(논리적으로 가능한 world)에서는 이 edge 없이 from→to 도달 불가
TE0711,DN_EC0102,DN_EC0048,TEMPORAL_BEFORE,active(DN_EC0102) ∧ active(DN_EC0048) ∧ E_EC0102,DATE_ONLY:CLAIMED_VS_COURT_DATE_ORDER,PRIMITIVE_EDGE,"DN_EC0102 → DN_EC0020 → DN_EC0048 [TE0706, TE0734]",TE0706:E_EC0102; TE0734:HARD(조건 없음); active(DN_EC0020):E_EC0020 = TRUE,INTERMEDIATE_NODE_MAY_VANISH: 이 edge가 활성인 world에서도 중간 node가 없을 수 있음 (보장 안 되는 조건: E_EC0020),조건부 중복: alternative_path_conditions가 모두 참인 world에서만 shortcut이 중복(그 world의 materialize 단계에서만 생략 가능); 42의 witness_world(논리적으로 가능한 world)에서는 이 edge 없이 from→to 도달 불가
TE0712,DN_EC0102,DN_EC0049,TEMPORAL_BEFORE,active(DN_EC0102) ∧ active(DN_EC0049) ∧ E_EC0102,DATE_ONLY:CLAIMED_VS_COURT_DATE_ORDER,PRIMITIVE_EDGE,"DN_EC0102 → DN_EC0020 → DN_EC0049 [TE0706, TE0735]",TE0706:E_EC0102; TE0735:HARD(조건 없음); active(DN_EC0020):E_EC0020 = TRUE,INTERMEDIATE_NODE_MAY_VANISH: 이 edge가 활성인 world에서도 중간 node가 없을 수 있음 (보장 안 되는 조건: E_EC0020),조건부 중복: alternative_path_conditions가 모두 참인 world에서만 shortcut이 중복(그 world의 materialize 단계에서만 생략 가능); 42의 witness_world(논리적으로 가능한 world)에서는 이 edge 없이 from→to 도달 불가
TE0713,DN_EC0102,DN_EC0061,TEMPORAL_BEFORE,active(DN_EC0102) ∧ active(DN_EC0061) ∧ E_EC0102,DATE_ONLY:CLAIMED_VS_COURT_DATE_ORDER,PRIMITIVE_EDGE,"DN_EC0102 → DN_EC0020 → DN_EC0061 [TE0706, TE0736]",TE0706:E_EC0102; TE0736:HARD(조건 없음); active(DN_EC0020):E_EC0020 = TRUE,INTERMEDIATE_NODE_MAY_VANISH: 이 edge가 활성인 world에서도 중간 node가 없을 수 있음 (보장 안 되는 조건: E_EC0020),조건부 중복: alternative_path_conditions가 모두 참인 world에서만 shortcut이 중복(그 world의 materialize 단계에서만 생략 가능); 42의 witness_world(논리적으로 가능한 world)에서는 이 edge 없이 from→to 도달 불가
TE0714,DN_EC0102,DN_EC0062,TEMPORAL_BEFORE,active(DN_EC0102) ∧ active(DN_EC0062) ∧ E_EC0102,DATE_ONLY:CLAIMED_VS_COURT_DATE_ORDER,PRIMITIVE_EDGE,"DN_EC0102 → DN_EC0020 → DN_EC0062 [TE0706, TE0737]",TE0706:E_EC0102; TE0737:HARD(조건 없음); active(DN_EC0020):E_EC0020 = TRUE,INTERMEDIATE_NODE_MAY_VANISH: 이 edge가 활성인 world에서도 중간 node가 없을 수 있음 (보장 안 되는 조건: E_EC0020),조건부 중복: alternative_path_conditions가 모두 참인 world에서만 shortcut이 중복(그 world의 materialize 단계에서만 생략 가능); 42의 witness_world(논리적으로 가능한 world)에서는 이 edge 없이 from→to 도달 불가
TE0715,DN_EC0102,DN_EC0150,TEMPORAL_BEFORE,active(DN_EC0102) ∧ active(DN_EC0150) ∧ E_EC0102,DATE_ONLY:CLAIMED_VS_COURT_DATE_ORDER,PRIMITIVE_EDGE,"DN_EC0102 → DN_EC0020 → DN_EC0150 [TE0706, TE0738]",TE0706:E_EC0102; TE0738:HARD(조건 없음); active(DN_EC0020):E_EC0020 = TRUE,INTERMEDIATE_NODE_MAY_VANISH: 이 edge가 활성인 world에서도 중간 node가 없을 수 있음 (보장 안 되는 조건: E_EC0020),조건부 중복: alternative_path_conditions가 모두 참인 world에서만 shortcut이 중복(그 world의 materialize 단계에서만 생략 가능); 42의 witness_world(논리적으로 가능한 world)에서는 이 edge 없이 from→to 도달 불가 / endpoint가 SAME 후보: collapse된 class로 활성될 수 있어 그 endpoint의 활성 literal은 L(e)에서 제외
TE0716,DN_EC0102,DN_EC0151,TEMPORAL_BEFORE,active(DN_EC0102) ∧ active(DN_EC0151) ∧ E_EC0102,DATE_ONLY:CLAIMED_VS_COURT_DATE_ORDER,PRIMITIVE_EDGE,"DN_EC0102 → DN_EC0020 → DN_EC0151 [TE0706, TE0739]",TE0706:E_EC0102; TE0739:HARD(조건 없음); active(DN_EC0020):E_EC0020 = TRUE,INTERMEDIATE_NODE_MAY_VANISH: 이 edge가 활성인 world에서도 중간 node가 없을 수 있음 (보장 안 되는 조건: E_EC0020),조건부 중복: alternative_path_conditions가 모두 참인 world에서만 shortcut이 중복(그 world의 materialize 단계에서만 생략 가능); 42의 witness_world(논리적으로 가능한 world)에서는 이 edge 없이 from→to 도달 불가 / endpoint가 SAME 후보: collapse된 class로 활성될 수 있어 그 endpoint의 활성 literal은 L(e)에서 제외
TE0717,DN_EC0102,DN_EC0152,TEMPORAL_BEFORE,active(DN_EC0102) ∧ active(DN_EC0152) ∧ E_EC0102,DATE_ONLY:CLAIMED_VS_COURT_DATE_ORDER,PRIMITIVE_EDGE,"DN_EC0102 → DN_EC0020 → DN_EC0152 [TE0706, TE0740]",TE0706:E_EC0102; TE0740:HARD(조건 없음); active(DN_EC0020):E_EC0020 = TRUE,INTERMEDIATE_NODE_MAY_VANISH: 이 edge가 활성인 world에서도 중간 node가 없을 수 있음 (보장 안 되는 조건: E_EC0020),조건부 중복: alternative_path_conditions가 모두 참인 world에서만 shortcut이 중복(그 world의 materialize 단계에서만 생략 가능); 42의 witness_world(논리적으로 가능한 world)에서는 이 edge 없이 from→to 도달 불가
TE0718,DN_EC0102,DN_EC0153,TEMPORAL_BEFORE,active(DN_EC0102) ∧ active(DN_EC0153) ∧ E_EC0102,DATE_ONLY:CLAIMED_VS_COURT_DATE_ORDER,PRIMITIVE_EDGE,"DN_EC0102 → DN_EC0020 → DN_EC0153 [TE0706, TE0741]",TE0706:E_EC0102; TE0741:HARD(조건 없음); active(DN_EC0020):E_EC0020 = TRUE,INTERMEDIATE_NODE_MAY_VANISH: 이 edge가 활성인 world에서도 중간 node가 없을 수 있음 (보장 안 되는 조건: E_EC0020),조건부 중복: alternative_path_conditions가 모두 참인 world에서만 shortcut이 중복(그 world의 materialize 단계에서만 생략 가능); 42의 witness_world(논리적으로 가능한 world)에서는 이 edge 없이 from→to 도달 불가
TE0719,DN_EC0102,DN_EC0154,TEMPORAL_BEFORE,active(DN_EC0102) ∧ active(DN_EC0154) ∧ E_EC0102,DATE_ONLY:CLAIMED_VS_COURT_DATE_ORDER,PRIMITIVE_EDGE,"DN_EC0102 → DN_EC0020 → DN_EC0154 [TE0706, TE0742]",TE0706:E_EC0102; TE0742:HARD(조건 없음); active(DN_EC0020):E_EC0020 = TRUE,INTERMEDIATE_NODE_MAY_VANISH: 이 edge가 활성인 world에서도 중간 node가 없을 수 있음 (보장 안 되는 조건: E_EC0020),조건부 중복: alternative_path_conditions가 모두 참인 world에서만 shortcut이 중복(그 world의 materialize 단계에서만 생략 가능); 42의 witness_world(논리적으로 가능한 world)에서는 이 edge 없이 from→to 도달 불가
TE0720,DN_EC0102,DN_EC0155,TEMPORAL_BEFORE,active(DN_EC0102) ∧ active(DN_EC0155) ∧ E_EC0102,DATE_ONLY:CLAIMED_VS_COURT_DATE_ORDER,PRIMITIVE_EDGE,"DN_EC0102 → DN_EC0020 → DN_EC0155 [TE0706, TE0743]",TE0706:E_EC0102; TE0743:HARD(조건 없음); active(DN_EC0020):E_EC0020 = TRUE,INTERMEDIATE_NODE_MAY_VANISH: 이 edge가 활성인 world에서도 중간 node가 없을 수 있음 (보장 안 되는 조건: E_EC0020),조건부 중복: alternative_path_conditions가 모두 참인 world에서만 shortcut이 중복(그 world의 materialize 단계에서만 생략 가능); 42의 witness_world(논리적으로 가능한 world)에서는 이 edge 없이 from→to 도달 불가
TE0721,DN_EC0102,DN_J_HONG_17930528_JISE,TEMPORAL_BEFORE,active(DN_EC0102) ∧ active(DN_J_HONG_17930528_JISE) ∧ E_EC0102,DATE_ONLY:CLAIMED_VS_COURT_DATE_ORDER,PRIMITIVE_EDGE,"DN_EC0102 → DN_EC0020 → DN_J_HONG_17930528_JISE [TE0706, TE0744]",TE0706:E_EC0102; TE0744:HARD(조건 없음); active(DN_EC0020):E_EC0020 = TRUE,INTERMEDIATE_NODE_MAY_VANISH: 이 edge가 활성인 world에서도 중간 node가 없을 수 있음 (보장 안 되는 조건: E_EC0020),조건부 중복: alternative_path_conditions가 모두 참인 world에서만 shortcut이 중복(그 world의 materialize 단계에서만 생략 가능); 42의 witness_world(논리적으로 가능한 world)에서는 이 edge 없이 from→to 도달 불가
TE0722,DN_EC0102,DN_J_HONG_17930613_JISE,TEMPORAL_BEFORE,active(DN_EC0102) ∧ active(DN_J_HONG_17930613_JISE) ∧ E_EC0102,DATE_ONLY:CLAIMED_VS_COURT_DATE_ORDER,PRIMITIVE_EDGE,"DN_EC0102 → DN_EC0020 → DN_J_HONG_17930613_JISE [TE0706, TE0745]",TE0706:E_EC0102; TE0745:HARD(조건 없음); active(DN_EC0020):E_EC0020 = TRUE,INTERMEDIATE_NODE_MAY_VANISH: 이 edge가 활성인 world에서도 중간 node가 없을 수 있음 (보장 안 되는 조건: E_EC0020),조건부 중복: alternative_path_conditions가 모두 참인 world에서만 shortcut이 중복(그 world의 materialize 단계에서만 생략 가능); 42의 witness_world(논리적으로 가능한 world)에서는 이 edge 없이 from→to 도달 불가
TE0723,DN_EC0102,DN_J_HONG_17930613_KIM_DEATH,TEMPORAL_BEFORE,active(DN_EC0102) ∧ active(DN_J_HONG_17930613_KIM_DEATH) ∧ E_EC0102,DATE_ONLY:CLAIMED_VS_COURT_DATE_ORDER,PRIMITIVE_EDGE,"DN_EC0102 → DN_EC0020 → DN_J_HONG_17930613_KIM_DEATH [TE0706, TE0746]",TE0706:E_EC0102; TE0746:HARD(조건 없음); active(DN_EC0020):E_EC0020 = TRUE,INTERMEDIATE_NODE_MAY_VANISH: 이 edge가 활성인 world에서도 중간 node가 없을 수 있음 (보장 안 되는 조건: E_EC0020),조건부 중복: alternative_path_conditions가 모두 참인 world에서만 shortcut이 중복(그 world의 materialize 단계에서만 생략 가능); 42의 witness_world(논리적으로 가능한 world)에서는 이 edge 없이 from→to 도달 불가
TE0724,DN_EC0102,DN_J_HONG_17930613_THEFT,TEMPORAL_BEFORE,active(DN_EC0102) ∧ active(DN_J_HONG_17930613_THEFT) ∧ E_EC0102,DATE_ONLY:CLAIMED_VS_COURT_DATE_ORDER,PRIMITIVE_EDGE,"DN_EC0102 → DN_EC0020 → DN_J_HONG_17930613_THEFT [TE0706, TE0747]",TE0706:E_EC0102; TE0747:HARD(조건 없음); active(DN_EC0020):E_EC0020 = TRUE,INTERMEDIATE_NODE_MAY_VANISH: 이 edge가 활성인 world에서도 중간 node가 없을 수 있음 (보장 안 되는 조건: E_EC0020),조건부 중복: alternative_path_conditions가 모두 참인 world에서만 shortcut이 중복(그 world의 materialize 단계에서만 생략 가능); 42의 witness_world(논리적으로 가능한 world)에서는 이 edge 없이 from→to 도달 불가
TE0725,DN_EC0102,DN_J_IJOWON_17930527_JISE,TEMPORAL_BEFORE,active(DN_EC0102) ∧ active(DN_J_IJOWON_17930527_JISE) ∧ E_EC0102,DATE_ONLY:CLAIMED_VS_COURT_DATE_ORDER,PRIMITIVE_EDGE,"DN_EC0102 → DN_EC0020 → DN_J_IJOWON_17930527_JISE [TE0706, TE0748]",TE0706:E_EC0102; TE0748:HARD(조건 없음); active(DN_EC0020):E_EC0020 = TRUE,INTERMEDIATE_NODE_MAY_VANISH: 이 edge가 활성인 world에서도 중간 node가 없을 수 있음 (보장 안 되는 조건: E_EC0020),조건부 중복: alternative_path_conditions가 모두 참인 world에서만 shortcut이 중복(그 world의 materialize 단계에서만 생략 가능); 42의 witness_world(논리적으로 가능한 world)에서는 이 edge 없이 from→to 도달 불가
TE0726,DN_EC0102,DN_J_IJOWON_17930527_KIM_DEATH,TEMPORAL_BEFORE,active(DN_EC0102) ∧ active(DN_J_IJOWON_17930527_KIM_DEATH) ∧ E_EC0102,DATE_ONLY:CLAIMED_VS_COURT_DATE_ORDER,PRIMITIVE_EDGE,"DN_EC0102 → DN_EC0020 → DN_J_IJOWON_17930527_KIM_DEATH [TE0706, TE0749]",TE0706:E_EC0102; TE0749:HARD(조건 없음); active(DN_EC0020):E_EC0020 = TRUE,INTERMEDIATE_NODE_MAY_VANISH: 이 edge가 활성인 world에서도 중간 node가 없을 수 있음 (보장 안 되는 조건: E_EC0020),조건부 중복: alternative_path_conditions가 모두 참인 world에서만 shortcut이 중복(그 world의 materialize 단계에서만 생략 가능); 42의 witness_world(논리적으로 가능한 world)에서는 이 edge 없이 from→to 도달 불가
TE0727,DN_EC0102,DN_J_IJOWON_17930527_THEFT,TEMPORAL_BEFORE,active(DN_EC0102) ∧ active(DN_J_IJOWON_17930527_THEFT) ∧ E_EC0102,DATE_ONLY:CLAIMED_VS_COURT_DATE_ORDER,PRIMITIVE_EDGE,"DN_EC0102 → DN_EC0020 → DN_J_IJOWON_17930527_THEFT [TE0706, TE0750]",TE0706:E_EC0102; TE0750:HARD(조건 없음); active(DN_EC0020):E_EC0020 = TRUE,INTERMEDIATE_NODE_MAY_VANISH: 이 edge가 활성인 world에서도 중간 node가 없을 수 있음 (보장 안 되는 조건: E_EC0020),조건부 중복: alternative_path_conditions가 모두 참인 world에서만 shortcut이 중복(그 world의 materialize 단계에서만 생략 가능); 42의 witness_world(논리적으로 가능한 world)에서는 이 edge 없이 from→to 도달 불가
TE0728,DN_EC0102,DN_J_JEONGJO_17930512_THEFT,TEMPORAL_BEFORE,active(DN_EC0102) ∧ active(DN_J_JEONGJO_17930512_THEFT) ∧ E_EC0102,DATE_ONLY:CLAIMED_VS_COURT_DATE_ORDER,PRIMITIVE_EDGE,,,NO_ALTERNATIVE_PATH: 다른 보존 edge로 from→to path 없음,42의 witness_world에서 이 edge 없이 from→to 도달 불가
TE0729,DN_EC0102,DN_J_JEONGJO_17930613_JISE,TEMPORAL_BEFORE,active(DN_EC0102) ∧ active(DN_J_JEONGJO_17930613_JISE) ∧ E_EC0102,DATE_ONLY:CLAIMED_VS_COURT_DATE_ORDER,PRIMITIVE_EDGE,"DN_EC0102 → DN_EC0020 → DN_J_JEONGJO_17930613_JISE [TE0706, TE0751]",TE0706:E_EC0102; TE0751:HARD(조건 없음); active(DN_EC0020):E_EC0020 = TRUE,INTERMEDIATE_NODE_MAY_VANISH: 이 edge가 활성인 world에서도 중간 node가 없을 수 있음 (보장 안 되는 조건: E_EC0020),조건부 중복: alternative_path_conditions가 모두 참인 world에서만 shortcut이 중복(그 world의 materialize 단계에서만 생략 가능); 42의 witness_world(논리적으로 가능한 world)에서는 이 edge 없이 from→to 도달 불가
TE0730,DN_EC0102,DN_J_JEONGJO_17930613_KIM_DEATH,TEMPORAL_BEFORE,active(DN_EC0102) ∧ active(DN_J_JEONGJO_17930613_KIM_DEATH) ∧ E_EC0102,DATE_ONLY:CLAIMED_VS_COURT_DATE_ORDER,PRIMITIVE_EDGE,"DN_EC0102 → DN_EC0020 → DN_J_JEONGJO_17930613_KIM_DEATH [TE0706, TE0752]",TE0706:E_EC0102; TE0752:HARD(조건 없음); active(DN_EC0020):E_EC0020 = TRUE,INTERMEDIATE_NODE_MAY_VANISH: 이 edge가 활성인 world에서도 중간 node가 없을 수 있음 (보장 안 되는 조건: E_EC0020),조건부 중복: alternative_path_conditions가 모두 참인 world에서만 shortcut이 중복(그 world의 materialize 단계에서만 생략 가능); 42의 witness_world(논리적으로 가능한 world)에서는 이 edge 없이 from→to 도달 불가
TE0731,DN_EC0102,DN_J_JEONGJO_17930613_THEFT,TEMPORAL_BEFORE,active(DN_EC0102) ∧ active(DN_J_JEONGJO_17930613_THEFT) ∧ E_EC0102,DATE_ONLY:CLAIMED_VS_COURT_DATE_ORDER,PRIMITIVE_EDGE,"DN_EC0102 → DN_EC0020 → DN_J_JEONGJO_17930613_THEFT [TE0706, TE0753]",TE0706:E_EC0102; TE0753:HARD(조건 없음); active(DN_EC0020):E_EC0020 = TRUE,INTERMEDIATE_NODE_MAY_VANISH: 이 edge가 활성인 world에서도 중간 node가 없을 수 있음 (보장 안 되는 조건: E_EC0020),조건부 중복: alternative_path_conditions가 모두 참인 world에서만 shortcut이 중복(그 world의 materialize 단계에서만 생략 가능); 42의 witness_world(논리적으로 가능한 world)에서는 이 edge 없이 from→to 도달 불가
TE0732,DN_EC0020,DN_EC0044,TEMPORAL_BEFORE,active(DN_EC0020) ∧ active(DN_EC0044),DATE_ONLY:COURT_ENTRY_DATE_ORDER,PRIMITIVE_EDGE,"DN_EC0020 → DN_EC0021 → DN_EC0044 [TE0024, TE0754]",TE0024:HARD(조건 없음); TE0754:HARD(조건 없음); active(DN_EC0021):E_EC0021 = TRUE,INTERMEDIATE_NODE_MAY_VANISH: 이 edge가 활성인 world에서도 중간 node가 없을 수 있음 (보장 안 되는 조건: E_EC0021),조건부 중복: alternative_path_conditions가 모두 참인 world에서만 shortcut이 중복(그 world의 materialize 단계에서만 생략 가능); 42의 witness_world(논리적으로 가능한 world)에서는 이 edge 없이 from→to 도달 불가
TE0733,DN_EC0020,DN_EC0045,TEMPORAL_BEFORE,active(DN_EC0020) ∧ active(DN_EC0045),DATE_ONLY:COURT_ENTRY_DATE_ORDER,PRIMITIVE_EDGE,"DN_EC0020 → DN_EC0021 → DN_EC0045 [TE0024, TE0755]",TE0024:HARD(조건 없음); TE0755:HARD(조건 없음); active(DN_EC0021):E_EC0021 = TRUE,INTERMEDIATE_NODE_MAY_VANISH: 이 edge가 활성인 world에서도 중간 node가 없을 수 있음 (보장 안 되는 조건: E_EC0021),조건부 중복: alternative_path_conditions가 모두 참인 world에서만 shortcut이 중복(그 world의 materialize 단계에서만 생략 가능); 42의 witness_world(논리적으로 가능한 world)에서는 이 edge 없이 from→to 도달 불가
TE0734,DN_EC0020,DN_EC0048,TEMPORAL_BEFORE,active(DN_EC0020) ∧ active(DN_EC0048),DATE_ONLY:COURT_ENTRY_DATE_ORDER,PRIMITIVE_EDGE,"DN_EC0020 → DN_EC0021 → DN_EC0048 [TE0024, TE0756]",TE0024:HARD(조건 없음); TE0756:HARD(조건 없음); active(DN_EC0021):E_EC0021 = TRUE,INTERMEDIATE_NODE_MAY_VANISH: 이 edge가 활성인 world에서도 중간 node가 없을 수 있음 (보장 안 되는 조건: E_EC0021),조건부 중복: alternative_path_conditions가 모두 참인 world에서만 shortcut이 중복(그 world의 materialize 단계에서만 생략 가능); 42의 witness_world(논리적으로 가능한 world)에서는 이 edge 없이 from→to 도달 불가
TE0735,DN_EC0020,DN_EC0049,TEMPORAL_BEFORE,active(DN_EC0020) ∧ active(DN_EC0049),DATE_ONLY:COURT_ENTRY_DATE_ORDER,PRIMITIVE_EDGE,"DN_EC0020 → DN_EC0021 → DN_EC0049 [TE0024, TE0757]",TE0024:HARD(조건 없음); TE0757:HARD(조건 없음); active(DN_EC0021):E_EC0021 = TRUE,INTERMEDIATE_NODE_MAY_VANISH: 이 edge가 활성인 world에서도 중간 node가 없을 수 있음 (보장 안 되는 조건: E_EC0021),조건부 중복: alternative_path_conditions가 모두 참인 world에서만 shortcut이 중복(그 world의 materialize 단계에서만 생략 가능); 42의 witness_world(논리적으로 가능한 world)에서는 이 edge 없이 from→to 도달 불가
TE0736,DN_EC0020,DN_EC0061,TEMPORAL_BEFORE,active(DN_EC0020) ∧ active(DN_EC0061),DATE_ONLY:COURT_ENTRY_DATE_ORDER,PRIMITIVE_EDGE,"DN_EC0020 → DN_EC0021 → DN_EC0061 [TE0024, TE0758]",TE0024:HARD(조건 없음); TE0758:HARD(조건 없음); active(DN_EC0021):E_EC0021 = TRUE,INTERMEDIATE_NODE_MAY_VANISH: 이 edge가 활성인 world에서도 중간 node가 없을 수 있음 (보장 안 되는 조건: E_EC0021),조건부 중복: alternative_path_conditions가 모두 참인 world에서만 shortcut이 중복(그 world의 materialize 단계에서만 생략 가능); 42의 witness_world(논리적으로 가능한 world)에서는 이 edge 없이 from→to 도달 불가
TE0737,DN_EC0020,DN_EC0062,TEMPORAL_BEFORE,active(DN_EC0020) ∧ active(DN_EC0062),DATE_ONLY:COURT_ENTRY_DATE_ORDER,PRIMITIVE_EDGE,"DN_EC0020 → DN_EC0021 → DN_EC0062 [TE0024, TE0759]",TE0024:HARD(조건 없음); TE0759:HARD(조건 없음); active(DN_EC0021):E_EC0021 = TRUE,INTERMEDIATE_NODE_MAY_VANISH: 이 edge가 활성인 world에서도 중간 node가 없을 수 있음 (보장 안 되는 조건: E_EC0021),조건부 중복: alternative_path_conditions가 모두 참인 world에서만 shortcut이 중복(그 world의 materialize 단계에서만 생략 가능); 42의 witness_world(논리적으로 가능한 world)에서는 이 edge 없이 from→to 도달 불가
TE0738,DN_EC0020,DN_EC0150,TEMPORAL_BEFORE,active(DN_EC0020) ∧ active(DN_EC0150),DATE_ONLY:COURT_ENTRY_DATE_ORDER,PRIMITIVE_EDGE,"DN_EC0020 → DN_EC0021 → DN_EC0150 [TE0024, TE0760]",TE0024:HARD(조건 없음); TE0760:HARD(조건 없음); active(DN_EC0021):E_EC0021 = TRUE,INTERMEDIATE_NODE_MAY_VANISH: 이 edge가 활성인 world에서도 중간 node가 없을 수 있음 (보장 안 되는 조건: E_EC0021),조건부 중복: alternative_path_conditions가 모두 참인 world에서만 shortcut이 중복(그 world의 materialize 단계에서만 생략 가능); 42의 witness_world(논리적으로 가능한 world)에서는 이 edge 없이 from→to 도달 불가 / endpoint가 SAME 후보: collapse된 class로 활성될 수 있어 그 endpoint의 활성 literal은 L(e)에서 제외
TE0739,DN_EC0020,DN_EC0151,TEMPORAL_BEFORE,active(DN_EC0020) ∧ active(DN_EC0151),DATE_ONLY:COURT_ENTRY_DATE_ORDER,PRIMITIVE_EDGE,"DN_EC0020 → DN_EC0021 → DN_EC0151 [TE0024, TE0761]",TE0024:HARD(조건 없음); TE0761:HARD(조건 없음); active(DN_EC0021):E_EC0021 = TRUE,INTERMEDIATE_NODE_MAY_VANISH: 이 edge가 활성인 world에서도 중간 node가 없을 수 있음 (보장 안 되는 조건: E_EC0021),조건부 중복: alternative_path_conditions가 모두 참인 world에서만 shortcut이 중복(그 world의 materialize 단계에서만 생략 가능); 42의 witness_world(논리적으로 가능한 world)에서는 이 edge 없이 from→to 도달 불가 / endpoint가 SAME 후보: collapse된 class로 활성될 수 있어 그 endpoint의 활성 literal은 L(e)에서 제외
TE0740,DN_EC0020,DN_EC0152,TEMPORAL_BEFORE,active(DN_EC0020) ∧ active(DN_EC0152),DATE_ONLY:COURT_ENTRY_DATE_ORDER,PRIMITIVE_EDGE,"DN_EC0020 → DN_EC0021 → DN_EC0152 [TE0024, TE0762]",TE0024:HARD(조건 없음); TE0762:HARD(조건 없음); active(DN_EC0021):E_EC0021 = TRUE,INTERMEDIATE_NODE_MAY_VANISH: 이 edge가 활성인 world에서도 중간 node가 없을 수 있음 (보장 안 되는 조건: E_EC0021),조건부 중복: alternative_path_conditions가 모두 참인 world에서만 shortcut이 중복(그 world의 materialize 단계에서만 생략 가능); 42의 witness_world(논리적으로 가능한 world)에서는 이 edge 없이 from→to 도달 불가
TE0741,DN_EC0020,DN_EC0153,TEMPORAL_BEFORE,active(DN_EC0020) ∧ active(DN_EC0153),DATE_ONLY:COURT_ENTRY_DATE_ORDER,PRIMITIVE_EDGE,"DN_EC0020 → DN_EC0021 → DN_EC0153 [TE0024, TE0763]",TE0024:HARD(조건 없음); TE0763:HARD(조건 없음); active(DN_EC0021):E_EC0021 = TRUE,INTERMEDIATE_NODE_MAY_VANISH: 이 edge가 활성인 world에서도 중간 node가 없을 수 있음 (보장 안 되는 조건: E_EC0021),조건부 중복: alternative_path_conditions가 모두 참인 world에서만 shortcut이 중복(그 world의 materialize 단계에서만 생략 가능); 42의 witness_world(논리적으로 가능한 world)에서는 이 edge 없이 from→to 도달 불가
TE0742,DN_EC0020,DN_EC0154,TEMPORAL_BEFORE,active(DN_EC0020) ∧ active(DN_EC0154),DATE_ONLY:COURT_ENTRY_DATE_ORDER,PRIMITIVE_EDGE,"DN_EC0020 → DN_EC0021 → DN_EC0154 [TE0024, TE0764]",TE0024:HARD(조건 없음); TE0764:HARD(조건 없음); active(DN_EC0021):E_EC0021 = TRUE,INTERMEDIATE_NODE_MAY_VANISH: 이 edge가 활성인 world에서도 중간 node가 없을 수 있음 (보장 안 되는 조건: E_EC0021),조건부 중복: alternative_path_conditions가 모두 참인 world에서만 shortcut이 중복(그 world의 materialize 단계에서만 생략 가능); 42의 witness_world(논리적으로 가능한 world)에서는 이 edge 없이 from→to 도달 불가
TE0743,DN_EC0020,DN_EC0155,TEMPORAL_BEFORE,active(DN_EC0020) ∧ active(DN_EC0155),DATE_ONLY:COURT_ENTRY_DATE_ORDER,PRIMITIVE_EDGE,"DN_EC0020 → DN_EC0021 → DN_EC0155 [TE0024, TE0765]",TE0024:HARD(조건 없음); TE0765:HARD(조건 없음); active(DN_EC0021):E_EC0021 = TRUE,INTERMEDIATE_NODE_MAY_VANISH: 이 edge가 활성인 world에서도 중간 node가 없을 수 있음 (보장 안 되는 조건: E_EC0021),조건부 중복: alternative_path_conditions가 모두 참인 world에서만 shortcut이 중복(그 world의 materialize 단계에서만 생략 가능); 42의 witness_world(논리적으로 가능한 world)에서는 이 edge 없이 from→to 도달 불가
TE0744,DN_EC0020,DN_J_HONG_17930528_JISE,TEMPORAL_BEFORE,active(DN_EC0020) ∧ active(DN_J_HONG_17930528_JISE),DATE_ONLY:COURT_ENTRY_DATE_ORDER,PRIMITIVE_EDGE,"DN_EC0020 → DN_EC0021 → DN_J_HONG_17930528_JISE [TE0024, TE0766]",TE0024:HARD(조건 없음); TE0766:HARD(조건 없음); active(DN_EC0021):E_EC0021 = TRUE,INTERMEDIATE_NODE_MAY_VANISH: 이 edge가 활성인 world에서도 중간 node가 없을 수 있음 (보장 안 되는 조건: E_EC0021),조건부 중복: alternative_path_conditions가 모두 참인 world에서만 shortcut이 중복(그 world의 materialize 단계에서만 생략 가능); 42의 witness_world(논리적으로 가능한 world)에서는 이 edge 없이 from→to 도달 불가
TE0745,DN_EC0020,DN_J_HONG_17930613_JISE,TEMPORAL_BEFORE,active(DN_EC0020) ∧ active(DN_J_HONG_17930613_JISE),DATE_ONLY:COURT_ENTRY_DATE_ORDER,PRIMITIVE_EDGE,"DN_EC0020 → DN_EC0021 → DN_J_HONG_17930613_JISE [TE0024, TE0767]",TE0024:HARD(조건 없음); TE0767:HARD(조건 없음); active(DN_EC0021):E_EC0021 = TRUE,INTERMEDIATE_NODE_MAY_VANISH: 이 edge가 활성인 world에서도 중간 node가 없을 수 있음 (보장 안 되는 조건: E_EC0021),조건부 중복: alternative_path_conditions가 모두 참인 world에서만 shortcut이 중복(그 world의 materialize 단계에서만 생략 가능); 42의 witness_world(논리적으로 가능한 world)에서는 이 edge 없이 from→to 도달 불가
TE0746,DN_EC0020,DN_J_HONG_17930613_KIM_DEATH,TEMPORAL_BEFORE,active(DN_EC0020) ∧ active(DN_J_HONG_17930613_KIM_DEATH),DATE_ONLY:COURT_ENTRY_DATE_ORDER,PRIMITIVE_EDGE,"DN_EC0020 → DN_EC0021 → DN_J_HONG_17930613_KIM_DEATH [TE0024, TE0768]",TE0024:HARD(조건 없음); TE0768:HARD(조건 없음); active(DN_EC0021):E_EC0021 = TRUE,INTERMEDIATE_NODE_MAY_VANISH: 이 edge가 활성인 world에서도 중간 node가 없을 수 있음 (보장 안 되는 조건: E_EC0021),조건부 중복: alternative_path_conditions가 모두 참인 world에서만 shortcut이 중복(그 world의 materialize 단계에서만 생략 가능); 42의 witness_world(논리적으로 가능한 world)에서는 이 edge 없이 from→to 도달 불가
TE0747,DN_EC0020,DN_J_HONG_17930613_THEFT,TEMPORAL_BEFORE,active(DN_EC0020) ∧ active(DN_J_HONG_17930613_THEFT),DATE_ONLY:COURT_ENTRY_DATE_ORDER,PRIMITIVE_EDGE,"DN_EC0020 → DN_EC0021 → DN_J_HONG_17930613_THEFT [TE0024, TE0769]",TE0024:HARD(조건 없음); TE0769:HARD(조건 없음); active(DN_EC0021):E_EC0021 = TRUE,INTERMEDIATE_NODE_MAY_VANISH: 이 edge가 활성인 world에서도 중간 node가 없을 수 있음 (보장 안 되는 조건: E_EC0021),조건부 중복: alternative_path_conditions가 모두 참인 world에서만 shortcut이 중복(그 world의 materialize 단계에서만 생략 가능); 42의 witness_world(논리적으로 가능한 world)에서는 이 edge 없이 from→to 도달 불가
TE0748,DN_EC0020,DN_J_IJOWON_17930527_JISE,TEMPORAL_BEFORE,active(DN_EC0020) ∧ active(DN_J_IJOWON_17930527_JISE),DATE_ONLY:COURT_ENTRY_DATE_ORDER,PRIMITIVE_EDGE,"DN_EC0020 → DN_EC0021 → DN_J_IJOWON_17930527_JISE [TE0024, TE0770]",TE0024:HARD(조건 없음); TE0770:HARD(조건 없음); active(DN_EC0021):E_EC0021 = TRUE,INTERMEDIATE_NODE_MAY_VANISH: 이 edge가 활성인 world에서도 중간 node가 없을 수 있음 (보장 안 되는 조건: E_EC0021),조건부 중복: alternative_path_conditions가 모두 참인 world에서만 shortcut이 중복(그 world의 materialize 단계에서만 생략 가능); 42의 witness_world(논리적으로 가능한 world)에서는 이 edge 없이 from→to 도달 불가
TE0749,DN_EC0020,DN_J_IJOWON_17930527_KIM_DEATH,TEMPORAL_BEFORE,active(DN_EC0020) ∧ active(DN_J_IJOWON_17930527_KIM_DEATH),DATE_ONLY:COURT_ENTRY_DATE_ORDER,PRIMITIVE_EDGE,"DN_EC0020 → DN_EC0021 → DN_J_IJOWON_17930527_KIM_DEATH [TE0024, TE0771]",TE0024:HARD(조건 없음); TE0771:HARD(조건 없음); active(DN_EC0021):E_EC0021 = TRUE,INTERMEDIATE_NODE_MAY_VANISH: 이 edge가 활성인 world에서도 중간 node가 없을 수 있음 (보장 안 되는 조건: E_EC0021),조건부 중복: alternative_path_conditions가 모두 참인 world에서만 shortcut이 중복(그 world의 materialize 단계에서만 생략 가능); 42의 witness_world(논리적으로 가능한 world)에서는 이 edge 없이 from→to 도달 불가
TE0750,DN_EC0020,DN_J_IJOWON_17930527_THEFT,TEMPORAL_BEFORE,active(DN_EC0020) ∧ active(DN_J_IJOWON_17930527_THEFT),DATE_ONLY:COURT_ENTRY_DATE_ORDER,PRIMITIVE_EDGE,"DN_EC0020 → DN_EC0021 → DN_J_IJOWON_17930527_THEFT [TE0024, TE0772]",TE0024:HARD(조건 없음); TE0772:HARD(조건 없음); active(DN_EC0021):E_EC0021 = TRUE,INTERMEDIATE_NODE_MAY_VANISH: 이 edge가 활성인 world에서도 중간 node가 없을 수 있음 (보장 안 되는 조건: E_EC0021),조건부 중복: alternative_path_conditions가 모두 참인 world에서만 shortcut이 중복(그 world의 materialize 단계에서만 생략 가능); 42의 witness_world(논리적으로 가능한 world)에서는 이 edge 없이 from→to 도달 불가
TE0751,DN_EC0020,DN_J_JEONGJO_17930613_JISE,TEMPORAL_BEFORE,active(DN_EC0020) ∧ active(DN_J_JEONGJO_17930613_JISE),DATE_ONLY:COURT_ENTRY_DATE_ORDER,PRIMITIVE_EDGE,"DN_EC0020 → DN_EC0021 → DN_J_JEONGJO_17930613_JISE [TE0024, TE0773]",TE0024:HARD(조건 없음); TE0773:HARD(조건 없음); active(DN_EC0021):E_EC0021 = TRUE,INTERMEDIATE_NODE_MAY_VANISH: 이 edge가 활성인 world에서도 중간 node가 없을 수 있음 (보장 안 되는 조건: E_EC0021),조건부 중복: alternative_path_conditions가 모두 참인 world에서만 shortcut이 중복(그 world의 materialize 단계에서만 생략 가능); 42의 witness_world(논리적으로 가능한 world)에서는 이 edge 없이 from→to 도달 불가
TE0752,DN_EC0020,DN_J_JEONGJO_17930613_KIM_DEATH,TEMPORAL_BEFORE,active(DN_EC0020) ∧ active(DN_J_JEONGJO_17930613_KIM_DEATH),DATE_ONLY:COURT_ENTRY_DATE_ORDER,PRIMITIVE_EDGE,"DN_EC0020 → DN_EC0021 → DN_J_JEONGJO_17930613_KIM_DEATH [TE0024, TE0774]",TE0024:HARD(조건 없음); TE0774:HARD(조건 없음); active(DN_EC0021):E_EC0021 = TRUE,INTERMEDIATE_NODE_MAY_VANISH: 이 edge가 활성인 world에서도 중간 node가 없을 수 있음 (보장 안 되는 조건: E_EC0021),조건부 중복: alternative_path_conditions가 모두 참인 world에서만 shortcut이 중복(그 world의 materialize 단계에서만 생략 가능); 42의 witness_world(논리적으로 가능한 world)에서는 이 edge 없이 from→to 도달 불가
TE0753,DN_EC0020,DN_J_JEONGJO_17930613_THEFT,TEMPORAL_BEFORE,active(DN_EC0020) ∧ active(DN_J_JEONGJO_17930613_THEFT),DATE_ONLY:COURT_ENTRY_DATE_ORDER,PRIMITIVE_EDGE,"DN_EC0020 → DN_EC0021 → DN_J_JEONGJO_17930613_THEFT [TE0024, TE0775]",TE0024:HARD(조건 없음); TE0775:HARD(조건 없음); active(DN_EC0021):E_EC0021 = TRUE,INTERMEDIATE_NODE_MAY_VANISH: 이 edge가 활성인 world에서도 중간 node가 없을 수 있음 (보장 안 되는 조건: E_EC0021),조건부 중복: alternative_path_conditions가 모두 참인 world에서만 shortcut이 중복(그 world의 materialize 단계에서만 생략 가능); 42의 witness_world(논리적으로 가능한 world)에서는 이 edge 없이 from→to 도달 불가
TE0754,DN_EC0021,DN_EC0044,TEMPORAL_BEFORE,active(DN_EC0021) ∧ active(DN_EC0044),DATE_ONLY:COURT_ENTRY_DATE_ORDER,PRIMITIVE_EDGE,,,NO_ALTERNATIVE_PATH: 다른 보존 edge로 from→to path 없음,42의 witness_world에서 이 edge 없이 from→to 도달 불가
TE0755,DN_EC0021,DN_EC0045,TEMPORAL_BEFORE,active(DN_EC0021) ∧ active(DN_EC0045),DATE_ONLY:COURT_ENTRY_DATE_ORDER,PRIMITIVE_EDGE,,,NO_ALTERNATIVE_PATH: 다른 보존 edge로 from→to path 없음,42의 witness_world에서 이 edge 없이 from→to 도달 불가
TE0756,DN_EC0021,DN_EC0048,TEMPORAL_BEFORE,active(DN_EC0021) ∧ active(DN_EC0048),DATE_ONLY:COURT_ENTRY_DATE_ORDER,PRIMITIVE_EDGE,"DN_EC0021 → DN_EC0044 → DN_EC0048 [TE0754, TE0798]",TE0754:HARD(조건 없음); TE0798:HARD(조건 없음); active(DN_EC0044):E_EC0044 = TRUE,INTERMEDIATE_NODE_MAY_VANISH: 이 edge가 활성인 world에서도 중간 node가 없을 수 있음 (보장 안 되는 조건: E_EC0044),조건부 중복: alternative_path_conditions가 모두 참인 world에서만 shortcut이 중복(그 world의 materialize 단계에서만 생략 가능); 42의 witness_world(논리적으로 가능한 world)에서는 이 edge 없이 from→to 도달 불가
TE0757,DN_EC0021,DN_EC0049,TEMPORAL_BEFORE,active(DN_EC0021) ∧ active(DN_EC0049),DATE_ONLY:COURT_ENTRY_DATE_ORDER,PRIMITIVE_EDGE,"DN_EC0021 → DN_EC0044 → DN_EC0049 [TE0754, TE0799]",TE0754:HARD(조건 없음); TE0799:HARD(조건 없음); active(DN_EC0044):E_EC0044 = TRUE,INTERMEDIATE_NODE_MAY_VANISH: 이 edge가 활성인 world에서도 중간 node가 없을 수 있음 (보장 안 되는 조건: E_EC0044),조건부 중복: alternative_path_conditions가 모두 참인 world에서만 shortcut이 중복(그 world의 materialize 단계에서만 생략 가능); 42의 witness_world(논리적으로 가능한 world)에서는 이 edge 없이 from→to 도달 불가
TE0758,DN_EC0021,DN_EC0061,TEMPORAL_BEFORE,active(DN_EC0021) ∧ active(DN_EC0061),DATE_ONLY:COURT_ENTRY_DATE_ORDER,PRIMITIVE_EDGE,"DN_EC0021 → DN_EC0044 → DN_EC0061 [TE0754, TE0800]",TE0754:HARD(조건 없음); TE0800:HARD(조건 없음); active(DN_EC0044):E_EC0044 = TRUE,INTERMEDIATE_NODE_MAY_VANISH: 이 edge가 활성인 world에서도 중간 node가 없을 수 있음 (보장 안 되는 조건: E_EC0044),조건부 중복: alternative_path_conditions가 모두 참인 world에서만 shortcut이 중복(그 world의 materialize 단계에서만 생략 가능); 42의 witness_world(논리적으로 가능한 world)에서는 이 edge 없이 from→to 도달 불가
TE0759,DN_EC0021,DN_EC0062,TEMPORAL_BEFORE,active(DN_EC0021) ∧ active(DN_EC0062),DATE_ONLY:COURT_ENTRY_DATE_ORDER,PRIMITIVE_EDGE,"DN_EC0021 → DN_EC0044 → DN_EC0062 [TE0754, TE0801]",TE0754:HARD(조건 없음); TE0801:HARD(조건 없음); active(DN_EC0044):E_EC0044 = TRUE,INTERMEDIATE_NODE_MAY_VANISH: 이 edge가 활성인 world에서도 중간 node가 없을 수 있음 (보장 안 되는 조건: E_EC0044),조건부 중복: alternative_path_conditions가 모두 참인 world에서만 shortcut이 중복(그 world의 materialize 단계에서만 생략 가능); 42의 witness_world(논리적으로 가능한 world)에서는 이 edge 없이 from→to 도달 불가
TE0760,DN_EC0021,DN_EC0150,TEMPORAL_BEFORE,active(DN_EC0021) ∧ active(DN_EC0150),DATE_ONLY:COURT_ENTRY_DATE_ORDER,PRIMITIVE_EDGE,"DN_EC0021 → DN_EC0044 → DN_EC0150 [TE0754, TE0802]",TE0754:HARD(조건 없음); TE0802:HARD(조건 없음); active(DN_EC0044):E_EC0044 = TRUE,INTERMEDIATE_NODE_MAY_VANISH: 이 edge가 활성인 world에서도 중간 node가 없을 수 있음 (보장 안 되는 조건: E_EC0044),조건부 중복: alternative_path_conditions가 모두 참인 world에서만 shortcut이 중복(그 world의 materialize 단계에서만 생략 가능); 42의 witness_world(논리적으로 가능한 world)에서는 이 edge 없이 from→to 도달 불가 / endpoint가 SAME 후보: collapse된 class로 활성될 수 있어 그 endpoint의 활성 literal은 L(e)에서 제외
TE0761,DN_EC0021,DN_EC0151,TEMPORAL_BEFORE,active(DN_EC0021) ∧ active(DN_EC0151),DATE_ONLY:COURT_ENTRY_DATE_ORDER,PRIMITIVE_EDGE,"DN_EC0021 → DN_EC0044 → DN_EC0151 [TE0754, TE0803]",TE0754:HARD(조건 없음); TE0803:HARD(조건 없음); active(DN_EC0044):E_EC0044 = TRUE,INTERMEDIATE_NODE_MAY_VANISH: 이 edge가 활성인 world에서도 중간 node가 없을 수 있음 (보장 안 되는 조건: E_EC0044),조건부 중복: alternative_path_conditions가 모두 참인 world에서만 shortcut이 중복(그 world의 materialize 단계에서만 생략 가능); 42의 witness_world(논리적으로 가능한 world)에서는 이 edge 없이 from→to 도달 불가 / endpoint가 SAME 후보: collapse된 class로 활성될 수 있어 그 endpoint의 활성 literal은 L(e)에서 제외
TE0762,DN_EC0021,DN_EC0152,TEMPORAL_BEFORE,active(DN_EC0021) ∧ active(DN_EC0152),DATE_ONLY:COURT_ENTRY_DATE_ORDER,PRIMITIVE_EDGE,"DN_EC0021 → DN_EC0044 → DN_EC0152 [TE0754, TE0804]",TE0754:HARD(조건 없음); TE0804:HARD(조건 없음); active(DN_EC0044):E_EC0044 = TRUE,INTERMEDIATE_NODE_MAY_VANISH: 이 edge가 활성인 world에서도 중간 node가 없을 수 있음 (보장 안 되는 조건: E_EC0044),조건부 중복: alternative_path_conditions가 모두 참인 world에서만 shortcut이 중복(그 world의 materialize 단계에서만 생략 가능); 42의 witness_world(논리적으로 가능한 world)에서는 이 edge 없이 from→to 도달 불가
TE0763,DN_EC0021,DN_EC0153,TEMPORAL_BEFORE,active(DN_EC0021) ∧ active(DN_EC0153),DATE_ONLY:COURT_ENTRY_DATE_ORDER,PRIMITIVE_EDGE,"DN_EC0021 → DN_EC0044 → DN_EC0153 [TE0754, TE0805]",TE0754:HARD(조건 없음); TE0805:HARD(조건 없음); active(DN_EC0044):E_EC0044 = TRUE,INTERMEDIATE_NODE_MAY_VANISH: 이 edge가 활성인 world에서도 중간 node가 없을 수 있음 (보장 안 되는 조건: E_EC0044),조건부 중복: alternative_path_conditions가 모두 참인 world에서만 shortcut이 중복(그 world의 materialize 단계에서만 생략 가능); 42의 witness_world(논리적으로 가능한 world)에서는 이 edge 없이 from→to 도달 불가
TE0764,DN_EC0021,DN_EC0154,TEMPORAL_BEFORE,active(DN_EC0021) ∧ active(DN_EC0154),DATE_ONLY:COURT_ENTRY_DATE_ORDER,PRIMITIVE_EDGE,"DN_EC0021 → DN_EC0044 → DN_EC0154 [TE0754, TE0806]",TE0754:HARD(조건 없음); TE0806:HARD(조건 없음); active(DN_EC0044):E_EC0044 = TRUE,INTERMEDIATE_NODE_MAY_VANISH: 이 edge가 활성인 world에서도 중간 node가 없을 수 있음 (보장 안 되는 조건: E_EC0044),조건부 중복: alternative_path_conditions가 모두 참인 world에서만 shortcut이 중복(그 world의 materialize 단계에서만 생략 가능); 42의 witness_world(논리적으로 가능한 world)에서는 이 edge 없이 from→to 도달 불가
TE0765,DN_EC0021,DN_EC0155,TEMPORAL_BEFORE,active(DN_EC0021) ∧ active(DN_EC0155),DATE_ONLY:COURT_ENTRY_DATE_ORDER,PRIMITIVE_EDGE,"DN_EC0021 → DN_EC0044 → DN_EC0155 [TE0754, TE0807]",TE0754:HARD(조건 없음); TE0807:HARD(조건 없음); active(DN_EC0044):E_EC0044 = TRUE,INTERMEDIATE_NODE_MAY_VANISH: 이 edge가 활성인 world에서도 중간 node가 없을 수 있음 (보장 안 되는 조건: E_EC0044),조건부 중복: alternative_path_conditions가 모두 참인 world에서만 shortcut이 중복(그 world의 materialize 단계에서만 생략 가능); 42의 witness_world(논리적으로 가능한 world)에서는 이 edge 없이 from→to 도달 불가
TE0766,DN_EC0021,DN_J_HONG_17930528_JISE,TEMPORAL_BEFORE,active(DN_EC0021) ∧ active(DN_J_HONG_17930528_JISE),DATE_ONLY:COURT_ENTRY_DATE_ORDER,PRIMITIVE_EDGE,"DN_EC0021 → DN_EC0044 → DN_J_HONG_17930528_JISE [TE0754, TE0808]",TE0754:HARD(조건 없음); TE0808:HARD(조건 없음); active(DN_EC0044):E_EC0044 = TRUE,INTERMEDIATE_NODE_MAY_VANISH: 이 edge가 활성인 world에서도 중간 node가 없을 수 있음 (보장 안 되는 조건: E_EC0044),조건부 중복: alternative_path_conditions가 모두 참인 world에서만 shortcut이 중복(그 world의 materialize 단계에서만 생략 가능); 42의 witness_world(논리적으로 가능한 world)에서는 이 edge 없이 from→to 도달 불가
TE0767,DN_EC0021,DN_J_HONG_17930613_JISE,TEMPORAL_BEFORE,active(DN_EC0021) ∧ active(DN_J_HONG_17930613_JISE),DATE_ONLY:COURT_ENTRY_DATE_ORDER,PRIMITIVE_EDGE,"DN_EC0021 → DN_EC0044 → DN_J_HONG_17930613_JISE [TE0754, TE0809]",TE0754:HARD(조건 없음); TE0809:HARD(조건 없음); active(DN_EC0044):E_EC0044 = TRUE,INTERMEDIATE_NODE_MAY_VANISH: 이 edge가 활성인 world에서도 중간 node가 없을 수 있음 (보장 안 되는 조건: E_EC0044),조건부 중복: alternative_path_conditions가 모두 참인 world에서만 shortcut이 중복(그 world의 materialize 단계에서만 생략 가능); 42의 witness_world(논리적으로 가능한 world)에서는 이 edge 없이 from→to 도달 불가
TE0768,DN_EC0021,DN_J_HONG_17930613_KIM_DEATH,TEMPORAL_BEFORE,active(DN_EC0021) ∧ active(DN_J_HONG_17930613_KIM_DEATH),DATE_ONLY:COURT_ENTRY_DATE_ORDER,PRIMITIVE_EDGE,"DN_EC0021 → DN_EC0044 → DN_J_HONG_17930613_KIM_DEATH [TE0754, TE0810]",TE0754:HARD(조건 없음); TE0810:HARD(조건 없음); active(DN_EC0044):E_EC0044 = TRUE,INTERMEDIATE_NODE_MAY_VANISH: 이 edge가 활성인 world에서도 중간 node가 없을 수 있음 (보장 안 되는 조건: E_EC0044),조건부 중복: alternative_path_conditions가 모두 참인 world에서만 shortcut이 중복(그 world의 materialize 단계에서만 생략 가능); 42의 witness_world(논리적으로 가능한 world)에서는 이 edge 없이 from→to 도달 불가
TE0769,DN_EC0021,DN_J_HONG_17930613_THEFT,TEMPORAL_BEFORE,active(DN_EC0021) ∧ active(DN_J_HONG_17930613_THEFT),DATE_ONLY:COURT_ENTRY_DATE_ORDER,PRIMITIVE_EDGE,"DN_EC0021 → DN_EC0044 → DN_J_HONG_17930613_THEFT [TE0754, TE0811]",TE0754:HARD(조건 없음); TE0811:HARD(조건 없음); active(DN_EC0044):E_EC0044 = TRUE,INTERMEDIATE_NODE_MAY_VANISH: 이 edge가 활성인 world에서도 중간 node가 없을 수 있음 (보장 안 되는 조건: E_EC0044),조건부 중복: alternative_path_conditions가 모두 참인 world에서만 shortcut이 중복(그 world의 materialize 단계에서만 생략 가능); 42의 witness_world(논리적으로 가능한 world)에서는 이 edge 없이 from→to 도달 불가
TE0770,DN_EC0021,DN_J_IJOWON_17930527_JISE,TEMPORAL_BEFORE,active(DN_EC0021) ∧ active(DN_J_IJOWON_17930527_JISE),DATE_ONLY:COURT_ENTRY_DATE_ORDER,PRIMITIVE_EDGE,,,NO_ALTERNATIVE_PATH: 다른 보존 edge로 from→to path 없음,42의 witness_world에서 이 edge 없이 from→to 도달 불가
TE0771,DN_EC0021,DN_J_IJOWON_17930527_KIM_DEATH,TEMPORAL_BEFORE,active(DN_EC0021) ∧ active(DN_J_IJOWON_17930527_KIM_DEATH),DATE_ONLY:COURT_ENTRY_DATE_ORDER,PRIMITIVE_EDGE,,,NO_ALTERNATIVE_PATH: 다른 보존 edge로 from→to path 없음,42의 witness_world에서 이 edge 없이 from→to 도달 불가
TE0772,DN_EC0021,DN_J_IJOWON_17930527_THEFT,TEMPORAL_BEFORE,active(DN_EC0021) ∧ active(DN_J_IJOWON_17930527_THEFT),DATE_ONLY:COURT_ENTRY_DATE_ORDER,PRIMITIVE_EDGE,,,NO_ALTERNATIVE_PATH: 다른 보존 edge로 from→to path 없음,42의 witness_world에서 이 edge 없이 from→to 도달 불가
TE0773,DN_EC0021,DN_J_JEONGJO_17930613_JISE,TEMPORAL_BEFORE,active(DN_EC0021) ∧ active(DN_J_JEONGJO_17930613_JISE),DATE_ONLY:COURT_ENTRY_DATE_ORDER,PRIMITIVE_EDGE,"DN_EC0021 → DN_EC0044 → DN_J_JEONGJO_17930613_JISE [TE0754, TE0812]",TE0754:HARD(조건 없음); TE0812:HARD(조건 없음); active(DN_EC0044):E_EC0044 = TRUE,INTERMEDIATE_NODE_MAY_VANISH: 이 edge가 활성인 world에서도 중간 node가 없을 수 있음 (보장 안 되는 조건: E_EC0044),조건부 중복: alternative_path_conditions가 모두 참인 world에서만 shortcut이 중복(그 world의 materialize 단계에서만 생략 가능); 42의 witness_world(논리적으로 가능한 world)에서는 이 edge 없이 from→to 도달 불가
TE0774,DN_EC0021,DN_J_JEONGJO_17930613_KIM_DEATH,TEMPORAL_BEFORE,active(DN_EC0021) ∧ active(DN_J_JEONGJO_17930613_KIM_DEATH),DATE_ONLY:COURT_ENTRY_DATE_ORDER,PRIMITIVE_EDGE,"DN_EC0021 → DN_EC0044 → DN_J_JEONGJO_17930613_KIM_DEATH [TE0754, TE0813]",TE0754:HARD(조건 없음); TE0813:HARD(조건 없음); active(DN_EC0044):E_EC0044 = TRUE,INTERMEDIATE_NODE_MAY_VANISH: 이 edge가 활성인 world에서도 중간 node가 없을 수 있음 (보장 안 되는 조건: E_EC0044),조건부 중복: alternative_path_conditions가 모두 참인 world에서만 shortcut이 중복(그 world의 materialize 단계에서만 생략 가능); 42의 witness_world(논리적으로 가능한 world)에서는 이 edge 없이 from→to 도달 불가
TE0775,DN_EC0021,DN_J_JEONGJO_17930613_THEFT,TEMPORAL_BEFORE,active(DN_EC0021) ∧ active(DN_J_JEONGJO_17930613_THEFT),DATE_ONLY:COURT_ENTRY_DATE_ORDER,PRIMITIVE_EDGE,"DN_EC0021 → DN_EC0044 → DN_J_JEONGJO_17930613_THEFT [TE0754, TE0814]",TE0754:HARD(조건 없음); TE0814:HARD(조건 없음); active(DN_EC0044):E_EC0044 = TRUE,INTERMEDIATE_NODE_MAY_VANISH: 이 edge가 활성인 world에서도 중간 node가 없을 수 있음 (보장 안 되는 조건: E_EC0044),조건부 중복: alternative_path_conditions가 모두 참인 world에서만 shortcut이 중복(그 world의 materialize 단계에서만 생략 가능); 42의 witness_world(논리적으로 가능한 world)에서는 이 edge 없이 from→to 도달 불가
TE0776,DN_EC0023,DN_EC0044,TEMPORAL_BEFORE,active(DN_EC0023) ∧ active(DN_EC0044),DATE_ONLY:COURT_ENTRY_DATE_ORDER,PRIMITIVE_EDGE,,,NO_ALTERNATIVE_PATH: 다른 보존 edge로 from→to path 없음,42의 witness_world에서 이 edge 없이 from→to 도달 불가
TE0777,DN_EC0023,DN_EC0045,TEMPORAL_BEFORE,active(DN_EC0023) ∧ active(DN_EC0045),DATE_ONLY:COURT_ENTRY_DATE_ORDER,PRIMITIVE_EDGE,,,NO_ALTERNATIVE_PATH: 다른 보존 edge로 from→to path 없음,42의 witness_world에서 이 edge 없이 from→to 도달 불가
TE0778,DN_EC0023,DN_EC0048,TEMPORAL_BEFORE,active(DN_EC0023) ∧ active(DN_EC0048),DATE_ONLY:COURT_ENTRY_DATE_ORDER,PRIMITIVE_EDGE,"DN_EC0023 → DN_EC0044 → DN_EC0048 [TE0776, TE0798]",TE0776:HARD(조건 없음); TE0798:HARD(조건 없음); active(DN_EC0044):E_EC0044 = TRUE,INTERMEDIATE_NODE_MAY_VANISH: 이 edge가 활성인 world에서도 중간 node가 없을 수 있음 (보장 안 되는 조건: E_EC0044),조건부 중복: alternative_path_conditions가 모두 참인 world에서만 shortcut이 중복(그 world의 materialize 단계에서만 생략 가능); 42의 witness_world(논리적으로 가능한 world)에서는 이 edge 없이 from→to 도달 불가
TE0779,DN_EC0023,DN_EC0049,TEMPORAL_BEFORE,active(DN_EC0023) ∧ active(DN_EC0049),DATE_ONLY:COURT_ENTRY_DATE_ORDER,PRIMITIVE_EDGE,"DN_EC0023 → DN_EC0044 → DN_EC0049 [TE0776, TE0799]",TE0776:HARD(조건 없음); TE0799:HARD(조건 없음); active(DN_EC0044):E_EC0044 = TRUE,INTERMEDIATE_NODE_MAY_VANISH: 이 edge가 활성인 world에서도 중간 node가 없을 수 있음 (보장 안 되는 조건: E_EC0044),조건부 중복: alternative_path_conditions가 모두 참인 world에서만 shortcut이 중복(그 world의 materialize 단계에서만 생략 가능); 42의 witness_world(논리적으로 가능한 world)에서는 이 edge 없이 from→to 도달 불가
TE0780,DN_EC0023,DN_EC0061,TEMPORAL_BEFORE,active(DN_EC0023) ∧ active(DN_EC0061),DATE_ONLY:COURT_ENTRY_DATE_ORDER,PRIMITIVE_EDGE,"DN_EC0023 → DN_EC0044 → DN_EC0061 [TE0776, TE0800]",TE0776:HARD(조건 없음); TE0800:HARD(조건 없음); active(DN_EC0044):E_EC0044 = TRUE,INTERMEDIATE_NODE_MAY_VANISH: 이 edge가 활성인 world에서도 중간 node가 없을 수 있음 (보장 안 되는 조건: E_EC0044),조건부 중복: alternative_path_conditions가 모두 참인 world에서만 shortcut이 중복(그 world의 materialize 단계에서만 생략 가능); 42의 witness_world(논리적으로 가능한 world)에서는 이 edge 없이 from→to 도달 불가
TE0781,DN_EC0023,DN_EC0062,TEMPORAL_BEFORE,active(DN_EC0023) ∧ active(DN_EC0062),DATE_ONLY:COURT_ENTRY_DATE_ORDER,PRIMITIVE_EDGE,"DN_EC0023 → DN_EC0044 → DN_EC0062 [TE0776, TE0801]",TE0776:HARD(조건 없음); TE0801:HARD(조건 없음); active(DN_EC0044):E_EC0044 = TRUE,INTERMEDIATE_NODE_MAY_VANISH: 이 edge가 활성인 world에서도 중간 node가 없을 수 있음 (보장 안 되는 조건: E_EC0044),조건부 중복: alternative_path_conditions가 모두 참인 world에서만 shortcut이 중복(그 world의 materialize 단계에서만 생략 가능); 42의 witness_world(논리적으로 가능한 world)에서는 이 edge 없이 from→to 도달 불가
TE0782,DN_EC0023,DN_EC0150,TEMPORAL_BEFORE,active(DN_EC0023) ∧ active(DN_EC0150),DATE_ONLY:COURT_ENTRY_DATE_ORDER,PRIMITIVE_EDGE,"DN_EC0023 → DN_EC0044 → DN_EC0150 [TE0776, TE0802]",TE0776:HARD(조건 없음); TE0802:HARD(조건 없음); active(DN_EC0044):E_EC0044 = TRUE,INTERMEDIATE_NODE_MAY_VANISH: 이 edge가 활성인 world에서도 중간 node가 없을 수 있음 (보장 안 되는 조건: E_EC0044),조건부 중복: alternative_path_conditions가 모두 참인 world에서만 shortcut이 중복(그 world의 materialize 단계에서만 생략 가능); 42의 witness_world(논리적으로 가능한 world)에서는 이 edge 없이 from→to 도달 불가 / endpoint가 SAME 후보: collapse된 class로 활성될 수 있어 그 endpoint의 활성 literal은 L(e)에서 제외
TE0783,DN_EC0023,DN_EC0151,TEMPORAL_BEFORE,active(DN_EC0023) ∧ active(DN_EC0151),DATE_ONLY:COURT_ENTRY_DATE_ORDER,PRIMITIVE_EDGE,"DN_EC0023 → DN_EC0044 → DN_EC0151 [TE0776, TE0803]",TE0776:HARD(조건 없음); TE0803:HARD(조건 없음); active(DN_EC0044):E_EC0044 = TRUE,INTERMEDIATE_NODE_MAY_VANISH: 이 edge가 활성인 world에서도 중간 node가 없을 수 있음 (보장 안 되는 조건: E_EC0044),조건부 중복: alternative_path_conditions가 모두 참인 world에서만 shortcut이 중복(그 world의 materialize 단계에서만 생략 가능); 42의 witness_world(논리적으로 가능한 world)에서는 이 edge 없이 from→to 도달 불가 / endpoint가 SAME 후보: collapse된 class로 활성될 수 있어 그 endpoint의 활성 literal은 L(e)에서 제외
TE0784,DN_EC0023,DN_EC0152,TEMPORAL_BEFORE,active(DN_EC0023) ∧ active(DN_EC0152),DATE_ONLY:COURT_ENTRY_DATE_ORDER,PRIMITIVE_EDGE,"DN_EC0023 → DN_EC0044 → DN_EC0152 [TE0776, TE0804]",TE0776:HARD(조건 없음); TE0804:HARD(조건 없음); active(DN_EC0044):E_EC0044 = TRUE,INTERMEDIATE_NODE_MAY_VANISH: 이 edge가 활성인 world에서도 중간 node가 없을 수 있음 (보장 안 되는 조건: E_EC0044),조건부 중복: alternative_path_conditions가 모두 참인 world에서만 shortcut이 중복(그 world의 materialize 단계에서만 생략 가능); 42의 witness_world(논리적으로 가능한 world)에서는 이 edge 없이 from→to 도달 불가
TE0785,DN_EC0023,DN_EC0153,TEMPORAL_BEFORE,active(DN_EC0023) ∧ active(DN_EC0153),DATE_ONLY:COURT_ENTRY_DATE_ORDER,PRIMITIVE_EDGE,"DN_EC0023 → DN_EC0044 → DN_EC0153 [TE0776, TE0805]",TE0776:HARD(조건 없음); TE0805:HARD(조건 없음); active(DN_EC0044):E_EC0044 = TRUE,INTERMEDIATE_NODE_MAY_VANISH: 이 edge가 활성인 world에서도 중간 node가 없을 수 있음 (보장 안 되는 조건: E_EC0044),조건부 중복: alternative_path_conditions가 모두 참인 world에서만 shortcut이 중복(그 world의 materialize 단계에서만 생략 가능); 42의 witness_world(논리적으로 가능한 world)에서는 이 edge 없이 from→to 도달 불가
TE0786,DN_EC0023,DN_EC0154,TEMPORAL_BEFORE,active(DN_EC0023) ∧ active(DN_EC0154),DATE_ONLY:COURT_ENTRY_DATE_ORDER,PRIMITIVE_EDGE,"DN_EC0023 → DN_EC0044 → DN_EC0154 [TE0776, TE0806]",TE0776:HARD(조건 없음); TE0806:HARD(조건 없음); active(DN_EC0044):E_EC0044 = TRUE,INTERMEDIATE_NODE_MAY_VANISH: 이 edge가 활성인 world에서도 중간 node가 없을 수 있음 (보장 안 되는 조건: E_EC0044),조건부 중복: alternative_path_conditions가 모두 참인 world에서만 shortcut이 중복(그 world의 materialize 단계에서만 생략 가능); 42의 witness_world(논리적으로 가능한 world)에서는 이 edge 없이 from→to 도달 불가
TE0787,DN_EC0023,DN_EC0155,TEMPORAL_BEFORE,active(DN_EC0023) ∧ active(DN_EC0155),DATE_ONLY:COURT_ENTRY_DATE_ORDER,PRIMITIVE_EDGE,"DN_EC0023 → DN_EC0044 → DN_EC0155 [TE0776, TE0807]",TE0776:HARD(조건 없음); TE0807:HARD(조건 없음); active(DN_EC0044):E_EC0044 = TRUE,INTERMEDIATE_NODE_MAY_VANISH: 이 edge가 활성인 world에서도 중간 node가 없을 수 있음 (보장 안 되는 조건: E_EC0044),조건부 중복: alternative_path_conditions가 모두 참인 world에서만 shortcut이 중복(그 world의 materialize 단계에서만 생략 가능); 42의 witness_world(논리적으로 가능한 world)에서는 이 edge 없이 from→to 도달 불가
TE0788,DN_EC0023,DN_J_HONG_17930528_JISE,TEMPORAL_BEFORE,active(DN_EC0023) ∧ active(DN_J_HONG_17930528_JISE),DATE_ONLY:COURT_ENTRY_DATE_ORDER,PRIMITIVE_EDGE,"DN_EC0023 → DN_EC0044 → DN_J_HONG_17930528_JISE [TE0776, TE0808]",TE0776:HARD(조건 없음); TE0808:HARD(조건 없음); active(DN_EC0044):E_EC0044 = TRUE,INTERMEDIATE_NODE_MAY_VANISH: 이 edge가 활성인 world에서도 중간 node가 없을 수 있음 (보장 안 되는 조건: E_EC0044),조건부 중복: alternative_path_conditions가 모두 참인 world에서만 shortcut이 중복(그 world의 materialize 단계에서만 생략 가능); 42의 witness_world(논리적으로 가능한 world)에서는 이 edge 없이 from→to 도달 불가
TE0789,DN_EC0023,DN_J_HONG_17930613_JISE,TEMPORAL_BEFORE,active(DN_EC0023) ∧ active(DN_J_HONG_17930613_JISE),DATE_ONLY:COURT_ENTRY_DATE_ORDER,PRIMITIVE_EDGE,"DN_EC0023 → DN_EC0044 → DN_J_HONG_17930613_JISE [TE0776, TE0809]",TE0776:HARD(조건 없음); TE0809:HARD(조건 없음); active(DN_EC0044):E_EC0044 = TRUE,INTERMEDIATE_NODE_MAY_VANISH: 이 edge가 활성인 world에서도 중간 node가 없을 수 있음 (보장 안 되는 조건: E_EC0044),조건부 중복: alternative_path_conditions가 모두 참인 world에서만 shortcut이 중복(그 world의 materialize 단계에서만 생략 가능); 42의 witness_world(논리적으로 가능한 world)에서는 이 edge 없이 from→to 도달 불가
TE0790,DN_EC0023,DN_J_HONG_17930613_KIM_DEATH,TEMPORAL_BEFORE,active(DN_EC0023) ∧ active(DN_J_HONG_17930613_KIM_DEATH),DATE_ONLY:COURT_ENTRY_DATE_ORDER,PRIMITIVE_EDGE,"DN_EC0023 → DN_EC0044 → DN_J_HONG_17930613_KIM_DEATH [TE0776, TE0810]",TE0776:HARD(조건 없음); TE0810:HARD(조건 없음); active(DN_EC0044):E_EC0044 = TRUE,INTERMEDIATE_NODE_MAY_VANISH: 이 edge가 활성인 world에서도 중간 node가 없을 수 있음 (보장 안 되는 조건: E_EC0044),조건부 중복: alternative_path_conditions가 모두 참인 world에서만 shortcut이 중복(그 world의 materialize 단계에서만 생략 가능); 42의 witness_world(논리적으로 가능한 world)에서는 이 edge 없이 from→to 도달 불가
TE0791,DN_EC0023,DN_J_HONG_17930613_THEFT,TEMPORAL_BEFORE,active(DN_EC0023) ∧ active(DN_J_HONG_17930613_THEFT),DATE_ONLY:COURT_ENTRY_DATE_ORDER,PRIMITIVE_EDGE,"DN_EC0023 → DN_EC0044 → DN_J_HONG_17930613_THEFT [TE0776, TE0811]",TE0776:HARD(조건 없음); TE0811:HARD(조건 없음); active(DN_EC0044):E_EC0044 = TRUE,INTERMEDIATE_NODE_MAY_VANISH: 이 edge가 활성인 world에서도 중간 node가 없을 수 있음 (보장 안 되는 조건: E_EC0044),조건부 중복: alternative_path_conditions가 모두 참인 world에서만 shortcut이 중복(그 world의 materialize 단계에서만 생략 가능); 42의 witness_world(논리적으로 가능한 world)에서는 이 edge 없이 from→to 도달 불가
TE0792,DN_EC0023,DN_J_IJOWON_17930527_JISE,TEMPORAL_BEFORE,active(DN_EC0023) ∧ active(DN_J_IJOWON_17930527_JISE),DATE_ONLY:COURT_ENTRY_DATE_ORDER,PRIMITIVE_EDGE,,,NO_ALTERNATIVE_PATH: 다른 보존 edge로 from→to path 없음,42의 witness_world에서 이 edge 없이 from→to 도달 불가
TE0793,DN_EC0023,DN_J_IJOWON_17930527_KIM_DEATH,TEMPORAL_BEFORE,active(DN_EC0023) ∧ active(DN_J_IJOWON_17930527_KIM_DEATH),DATE_ONLY:COURT_ENTRY_DATE_ORDER,PRIMITIVE_EDGE,,,NO_ALTERNATIVE_PATH: 다른 보존 edge로 from→to path 없음,42의 witness_world에서 이 edge 없이 from→to 도달 불가
TE0794,DN_EC0023,DN_J_IJOWON_17930527_THEFT,TEMPORAL_BEFORE,active(DN_EC0023) ∧ active(DN_J_IJOWON_17930527_THEFT),DATE_ONLY:COURT_ENTRY_DATE_ORDER,PRIMITIVE_EDGE,,,NO_ALTERNATIVE_PATH: 다른 보존 edge로 from→to path 없음,42의 witness_world에서 이 edge 없이 from→to 도달 불가
TE0795,DN_EC0023,DN_J_JEONGJO_17930613_JISE,TEMPORAL_BEFORE,active(DN_EC0023) ∧ active(DN_J_JEONGJO_17930613_JISE),DATE_ONLY:COURT_ENTRY_DATE_ORDER,PRIMITIVE_EDGE,"DN_EC0023 → DN_EC0044 → DN_J_JEONGJO_17930613_JISE [TE0776, TE0812]",TE0776:HARD(조건 없음); TE0812:HARD(조건 없음); active(DN_EC0044):E_EC0044 = TRUE,INTERMEDIATE_NODE_MAY_VANISH: 이 edge가 활성인 world에서도 중간 node가 없을 수 있음 (보장 안 되는 조건: E_EC0044),조건부 중복: alternative_path_conditions가 모두 참인 world에서만 shortcut이 중복(그 world의 materialize 단계에서만 생략 가능); 42의 witness_world(논리적으로 가능한 world)에서는 이 edge 없이 from→to 도달 불가
TE0796,DN_EC0023,DN_J_JEONGJO_17930613_KIM_DEATH,TEMPORAL_BEFORE,active(DN_EC0023) ∧ active(DN_J_JEONGJO_17930613_KIM_DEATH),DATE_ONLY:COURT_ENTRY_DATE_ORDER,PRIMITIVE_EDGE,"DN_EC0023 → DN_EC0044 → DN_J_JEONGJO_17930613_KIM_DEATH [TE0776, TE0813]",TE0776:HARD(조건 없음); TE0813:HARD(조건 없음); active(DN_EC0044):E_EC0044 = TRUE,INTERMEDIATE_NODE_MAY_VANISH: 이 edge가 활성인 world에서도 중간 node가 없을 수 있음 (보장 안 되는 조건: E_EC0044),조건부 중복: alternative_path_conditions가 모두 참인 world에서만 shortcut이 중복(그 world의 materialize 단계에서만 생략 가능); 42의 witness_world(논리적으로 가능한 world)에서는 이 edge 없이 from→to 도달 불가
TE0797,DN_EC0023,DN_J_JEONGJO_17930613_THEFT,TEMPORAL_BEFORE,active(DN_EC0023) ∧ active(DN_J_JEONGJO_17930613_THEFT),DATE_ONLY:COURT_ENTRY_DATE_ORDER,PRIMITIVE_EDGE,"DN_EC0023 → DN_EC0044 → DN_J_JEONGJO_17930613_THEFT [TE0776, TE0814]",TE0776:HARD(조건 없음); TE0814:HARD(조건 없음); active(DN_EC0044):E_EC0044 = TRUE,INTERMEDIATE_NODE_MAY_VANISH: 이 edge가 활성인 world에서도 중간 node가 없을 수 있음 (보장 안 되는 조건: E_EC0044),조건부 중복: alternative_path_conditions가 모두 참인 world에서만 shortcut이 중복(그 world의 materialize 단계에서만 생략 가능); 42의 witness_world(논리적으로 가능한 world)에서는 이 edge 없이 from→to 도달 불가
TE0798,DN_EC0044,DN_EC0048,TEMPORAL_BEFORE,active(DN_EC0044) ∧ active(DN_EC0048),DATE_ONLY:COURT_ENTRY_DATE_ORDER,PRIMITIVE_EDGE,,,NO_ALTERNATIVE_PATH: 다른 보존 edge로 from→to path 없음,42의 witness_world에서 이 edge 없이 from→to 도달 불가
TE0799,DN_EC0044,DN_EC0049,TEMPORAL_BEFORE,active(DN_EC0044) ∧ active(DN_EC0049),DATE_ONLY:COURT_ENTRY_DATE_ORDER,PRIMITIVE_EDGE,,,NO_ALTERNATIVE_PATH: 다른 보존 edge로 from→to path 없음,42의 witness_world에서 이 edge 없이 from→to 도달 불가
TE0800,DN_EC0044,DN_EC0061,TEMPORAL_BEFORE,active(DN_EC0044) ∧ active(DN_EC0061),DATE_ONLY:COURT_ENTRY_DATE_ORDER,PRIMITIVE_EDGE,"DN_EC0044 → DN_EC0048 → DN_EC0061 [TE0798, TE0832]",TE0798:HARD(조건 없음); TE0832:HARD(조건 없음); active(DN_EC0048):E_EC0048 = TRUE,INTERMEDIATE_NODE_MAY_VANISH: 이 edge가 활성인 world에서도 중간 node가 없을 수 있음 (보장 안 되는 조건: E_EC0048),조건부 중복: alternative_path_conditions가 모두 참인 world에서만 shortcut이 중복(그 world의 materialize 단계에서만 생략 가능); 42의 witness_world(논리적으로 가능한 world)에서는 이 edge 없이 from→to 도달 불가
TE0801,DN_EC0044,DN_EC0062,TEMPORAL_BEFORE,active(DN_EC0044) ∧ active(DN_EC0062),DATE_ONLY:COURT_ENTRY_DATE_ORDER,PRIMITIVE_EDGE,"DN_EC0044 → DN_EC0048 → DN_EC0062 [TE0798, TE0833]",TE0798:HARD(조건 없음); TE0833:HARD(조건 없음); active(DN_EC0048):E_EC0048 = TRUE,INTERMEDIATE_NODE_MAY_VANISH: 이 edge가 활성인 world에서도 중간 node가 없을 수 있음 (보장 안 되는 조건: E_EC0048),조건부 중복: alternative_path_conditions가 모두 참인 world에서만 shortcut이 중복(그 world의 materialize 단계에서만 생략 가능); 42의 witness_world(논리적으로 가능한 world)에서는 이 edge 없이 from→to 도달 불가
TE0802,DN_EC0044,DN_EC0150,TEMPORAL_BEFORE,active(DN_EC0044) ∧ active(DN_EC0150),DATE_ONLY:COURT_ENTRY_DATE_ORDER,PRIMITIVE_EDGE,"DN_EC0044 → DN_EC0048 → DN_EC0150 [TE0798, TE0834]",TE0798:HARD(조건 없음); TE0834:HARD(조건 없음); active(DN_EC0048):E_EC0048 = TRUE,INTERMEDIATE_NODE_MAY_VANISH: 이 edge가 활성인 world에서도 중간 node가 없을 수 있음 (보장 안 되는 조건: E_EC0048),조건부 중복: alternative_path_conditions가 모두 참인 world에서만 shortcut이 중복(그 world의 materialize 단계에서만 생략 가능); 42의 witness_world(논리적으로 가능한 world)에서는 이 edge 없이 from→to 도달 불가 / endpoint가 SAME 후보: collapse된 class로 활성될 수 있어 그 endpoint의 활성 literal은 L(e)에서 제외
TE0803,DN_EC0044,DN_EC0151,TEMPORAL_BEFORE,active(DN_EC0044) ∧ active(DN_EC0151),DATE_ONLY:COURT_ENTRY_DATE_ORDER,PRIMITIVE_EDGE,"DN_EC0044 → DN_EC0048 → DN_EC0151 [TE0798, TE0835]",TE0798:HARD(조건 없음); TE0835:HARD(조건 없음); active(DN_EC0048):E_EC0048 = TRUE,INTERMEDIATE_NODE_MAY_VANISH: 이 edge가 활성인 world에서도 중간 node가 없을 수 있음 (보장 안 되는 조건: E_EC0048),조건부 중복: alternative_path_conditions가 모두 참인 world에서만 shortcut이 중복(그 world의 materialize 단계에서만 생략 가능); 42의 witness_world(논리적으로 가능한 world)에서는 이 edge 없이 from→to 도달 불가 / endpoint가 SAME 후보: collapse된 class로 활성될 수 있어 그 endpoint의 활성 literal은 L(e)에서 제외
TE0804,DN_EC0044,DN_EC0152,TEMPORAL_BEFORE,active(DN_EC0044) ∧ active(DN_EC0152),DATE_ONLY:COURT_ENTRY_DATE_ORDER,PRIMITIVE_EDGE,"DN_EC0044 → DN_EC0048 → DN_EC0152 [TE0798, TE0836]",TE0798:HARD(조건 없음); TE0836:HARD(조건 없음); active(DN_EC0048):E_EC0048 = TRUE,INTERMEDIATE_NODE_MAY_VANISH: 이 edge가 활성인 world에서도 중간 node가 없을 수 있음 (보장 안 되는 조건: E_EC0048),조건부 중복: alternative_path_conditions가 모두 참인 world에서만 shortcut이 중복(그 world의 materialize 단계에서만 생략 가능); 42의 witness_world(논리적으로 가능한 world)에서는 이 edge 없이 from→to 도달 불가
TE0805,DN_EC0044,DN_EC0153,TEMPORAL_BEFORE,active(DN_EC0044) ∧ active(DN_EC0153),DATE_ONLY:COURT_ENTRY_DATE_ORDER,PRIMITIVE_EDGE,"DN_EC0044 → DN_EC0048 → DN_EC0153 [TE0798, TE0837]",TE0798:HARD(조건 없음); TE0837:HARD(조건 없음); active(DN_EC0048):E_EC0048 = TRUE,INTERMEDIATE_NODE_MAY_VANISH: 이 edge가 활성인 world에서도 중간 node가 없을 수 있음 (보장 안 되는 조건: E_EC0048),조건부 중복: alternative_path_conditions가 모두 참인 world에서만 shortcut이 중복(그 world의 materialize 단계에서만 생략 가능); 42의 witness_world(논리적으로 가능한 world)에서는 이 edge 없이 from→to 도달 불가
TE0806,DN_EC0044,DN_EC0154,TEMPORAL_BEFORE,active(DN_EC0044) ∧ active(DN_EC0154),DATE_ONLY:COURT_ENTRY_DATE_ORDER,PRIMITIVE_EDGE,"DN_EC0044 → DN_EC0048 → DN_EC0154 [TE0798, TE0838]",TE0798:HARD(조건 없음); TE0838:HARD(조건 없음); active(DN_EC0048):E_EC0048 = TRUE,INTERMEDIATE_NODE_MAY_VANISH: 이 edge가 활성인 world에서도 중간 node가 없을 수 있음 (보장 안 되는 조건: E_EC0048),조건부 중복: alternative_path_conditions가 모두 참인 world에서만 shortcut이 중복(그 world의 materialize 단계에서만 생략 가능); 42의 witness_world(논리적으로 가능한 world)에서는 이 edge 없이 from→to 도달 불가
TE0807,DN_EC0044,DN_EC0155,TEMPORAL_BEFORE,active(DN_EC0044) ∧ active(DN_EC0155),DATE_ONLY:COURT_ENTRY_DATE_ORDER,PRIMITIVE_EDGE,"DN_EC0044 → DN_EC0048 → DN_EC0155 [TE0798, TE0839]",TE0798:HARD(조건 없음); TE0839:HARD(조건 없음); active(DN_EC0048):E_EC0048 = TRUE,INTERMEDIATE_NODE_MAY_VANISH: 이 edge가 활성인 world에서도 중간 node가 없을 수 있음 (보장 안 되는 조건: E_EC0048),조건부 중복: alternative_path_conditions가 모두 참인 world에서만 shortcut이 중복(그 world의 materialize 단계에서만 생략 가능); 42의 witness_world(논리적으로 가능한 world)에서는 이 edge 없이 from→to 도달 불가
TE0808,DN_EC0044,DN_J_HONG_17930528_JISE,TEMPORAL_BEFORE,active(DN_EC0044) ∧ active(DN_J_HONG_17930528_JISE),DATE_ONLY:COURT_ENTRY_DATE_ORDER,PRIMITIVE_EDGE,,,NO_ALTERNATIVE_PATH: 다른 보존 edge로 from→to path 없음,42의 witness_world에서 이 edge 없이 from→to 도달 불가
TE0809,DN_EC0044,DN_J_HONG_17930613_JISE,TEMPORAL_BEFORE,active(DN_EC0044) ∧ active(DN_J_HONG_17930613_JISE),DATE_ONLY:COURT_ENTRY_DATE_ORDER,PRIMITIVE_EDGE,"DN_EC0044 → DN_EC0048 → DN_J_HONG_17930613_JISE [TE0798, TE0039]",TE0798:HARD(조건 없음); TE0039:HARD(조건 없음); active(DN_EC0048):E_EC0048 = TRUE,INTERMEDIATE_NODE_MAY_VANISH: 이 edge가 활성인 world에서도 중간 node가 없을 수 있음 (보장 안 되는 조건: E_EC0048),조건부 중복: alternative_path_conditions가 모두 참인 world에서만 shortcut이 중복(그 world의 materialize 단계에서만 생략 가능); 42의 witness_world(논리적으로 가능한 world)에서는 이 edge 없이 from→to 도달 불가
TE0810,DN_EC0044,DN_J_HONG_17930613_KIM_DEATH,TEMPORAL_BEFORE,active(DN_EC0044) ∧ active(DN_J_HONG_17930613_KIM_DEATH),DATE_ONLY:COURT_ENTRY_DATE_ORDER,PRIMITIVE_EDGE,"DN_EC0044 → DN_EC0048 → DN_J_HONG_17930613_KIM_DEATH [TE0798, TE0033]",TE0798:HARD(조건 없음); TE0033:HARD(조건 없음); active(DN_EC0048):E_EC0048 = TRUE,INTERMEDIATE_NODE_MAY_VANISH: 이 edge가 활성인 world에서도 중간 node가 없을 수 있음 (보장 안 되는 조건: E_EC0048),조건부 중복: alternative_path_conditions가 모두 참인 world에서만 shortcut이 중복(그 world의 materialize 단계에서만 생략 가능); 42의 witness_world(논리적으로 가능한 world)에서는 이 edge 없이 from→to 도달 불가
TE0811,DN_EC0044,DN_J_HONG_17930613_THEFT,TEMPORAL_BEFORE,active(DN_EC0044) ∧ active(DN_J_HONG_17930613_THEFT),DATE_ONLY:COURT_ENTRY_DATE_ORDER,PRIMITIVE_EDGE,"DN_EC0044 → DN_EC0048 → DN_J_HONG_17930613_THEFT [TE0798, TE0027]",TE0798:HARD(조건 없음); TE0027:HARD(조건 없음); active(DN_EC0048):E_EC0048 = TRUE,INTERMEDIATE_NODE_MAY_VANISH: 이 edge가 활성인 world에서도 중간 node가 없을 수 있음 (보장 안 되는 조건: E_EC0048),조건부 중복: alternative_path_conditions가 모두 참인 world에서만 shortcut이 중복(그 world의 materialize 단계에서만 생략 가능); 42의 witness_world(논리적으로 가능한 world)에서는 이 edge 없이 from→to 도달 불가
TE0812,DN_EC0044,DN_J_JEONGJO_17930613_JISE,TEMPORAL_BEFORE,active(DN_EC0044) ∧ active(DN_J_JEONGJO_17930613_JISE),DATE_ONLY:COURT_ENTRY_DATE_ORDER,PRIMITIVE_EDGE,"DN_EC0044 → DN_EC0048 → DN_J_JEONGJO_17930613_JISE [TE0798, TE0840]",TE0798:HARD(조건 없음); TE0840:HARD(조건 없음); active(DN_EC0048):E_EC0048 = TRUE,INTERMEDIATE_NODE_MAY_VANISH: 이 edge가 활성인 world에서도 중간 node가 없을 수 있음 (보장 안 되는 조건: E_EC0048),조건부 중복: alternative_path_conditions가 모두 참인 world에서만 shortcut이 중복(그 world의 materialize 단계에서만 생략 가능); 42의 witness_world(논리적으로 가능한 world)에서는 이 edge 없이 from→to 도달 불가
TE0813,DN_EC0044,DN_J_JEONGJO_17930613_KIM_DEATH,TEMPORAL_BEFORE,active(DN_EC0044) ∧ active(DN_J_JEONGJO_17930613_KIM_DEATH),DATE_ONLY:COURT_ENTRY_DATE_ORDER,PRIMITIVE_EDGE,"DN_EC0044 → DN_EC0048 → DN_J_JEONGJO_17930613_KIM_DEATH [TE0798, TE0841]",TE0798:HARD(조건 없음); TE0841:HARD(조건 없음); active(DN_EC0048):E_EC0048 = TRUE,INTERMEDIATE_NODE_MAY_VANISH: 이 edge가 활성인 world에서도 중간 node가 없을 수 있음 (보장 안 되는 조건: E_EC0048),조건부 중복: alternative_path_conditions가 모두 참인 world에서만 shortcut이 중복(그 world의 materialize 단계에서만 생략 가능); 42의 witness_world(논리적으로 가능한 world)에서는 이 edge 없이 from→to 도달 불가
TE0814,DN_EC0044,DN_J_JEONGJO_17930613_THEFT,TEMPORAL_BEFORE,active(DN_EC0044) ∧ active(DN_J_JEONGJO_17930613_THEFT),DATE_ONLY:COURT_ENTRY_DATE_ORDER,PRIMITIVE_EDGE,"DN_EC0044 → DN_EC0048 → DN_J_JEONGJO_17930613_THEFT [TE0798, TE0842]",TE0798:HARD(조건 없음); TE0842:HARD(조건 없음); active(DN_EC0048):E_EC0048 = TRUE,INTERMEDIATE_NODE_MAY_VANISH: 이 edge가 활성인 world에서도 중간 node가 없을 수 있음 (보장 안 되는 조건: E_EC0048),조건부 중복: alternative_path_conditions가 모두 참인 world에서만 shortcut이 중복(그 world의 materialize 단계에서만 생략 가능); 42의 witness_world(논리적으로 가능한 world)에서는 이 edge 없이 from→to 도달 불가
TE0815,DN_EC0045,DN_EC0048,TEMPORAL_BEFORE,active(DN_EC0045) ∧ active(DN_EC0048),DATE_ONLY:COURT_ENTRY_DATE_ORDER,PRIMITIVE_EDGE,,,NO_ALTERNATIVE_PATH: 다른 보존 edge로 from→to path 없음,42의 witness_world에서 이 edge 없이 from→to 도달 불가
TE0816,DN_EC0045,DN_EC0049,TEMPORAL_BEFORE,active(DN_EC0045) ∧ active(DN_EC0049),DATE_ONLY:COURT_ENTRY_DATE_ORDER,PRIMITIVE_EDGE,,,NO_ALTERNATIVE_PATH: 다른 보존 edge로 from→to path 없음,42의 witness_world에서 이 edge 없이 from→to 도달 불가
TE0817,DN_EC0045,DN_EC0061,TEMPORAL_BEFORE,active(DN_EC0045) ∧ active(DN_EC0061),DATE_ONLY:COURT_ENTRY_DATE_ORDER,PRIMITIVE_EDGE,"DN_EC0045 → DN_EC0048 → DN_EC0061 [TE0815, TE0832]",TE0815:HARD(조건 없음); TE0832:HARD(조건 없음); active(DN_EC0048):E_EC0048 = TRUE,INTERMEDIATE_NODE_MAY_VANISH: 이 edge가 활성인 world에서도 중간 node가 없을 수 있음 (보장 안 되는 조건: E_EC0048),조건부 중복: alternative_path_conditions가 모두 참인 world에서만 shortcut이 중복(그 world의 materialize 단계에서만 생략 가능); 42의 witness_world(논리적으로 가능한 world)에서는 이 edge 없이 from→to 도달 불가
TE0818,DN_EC0045,DN_EC0062,TEMPORAL_BEFORE,active(DN_EC0045) ∧ active(DN_EC0062),DATE_ONLY:COURT_ENTRY_DATE_ORDER,PRIMITIVE_EDGE,"DN_EC0045 → DN_EC0048 → DN_EC0062 [TE0815, TE0833]",TE0815:HARD(조건 없음); TE0833:HARD(조건 없음); active(DN_EC0048):E_EC0048 = TRUE,INTERMEDIATE_NODE_MAY_VANISH: 이 edge가 활성인 world에서도 중간 node가 없을 수 있음 (보장 안 되는 조건: E_EC0048),조건부 중복: alternative_path_conditions가 모두 참인 world에서만 shortcut이 중복(그 world의 materialize 단계에서만 생략 가능); 42의 witness_world(논리적으로 가능한 world)에서는 이 edge 없이 from→to 도달 불가
TE0819,DN_EC0045,DN_EC0150,TEMPORAL_BEFORE,active(DN_EC0045) ∧ active(DN_EC0150),DATE_ONLY:COURT_ENTRY_DATE_ORDER,PRIMITIVE_EDGE,"DN_EC0045 → DN_EC0048 → DN_EC0150 [TE0815, TE0834]",TE0815:HARD(조건 없음); TE0834:HARD(조건 없음); active(DN_EC0048):E_EC0048 = TRUE,INTERMEDIATE_NODE_MAY_VANISH: 이 edge가 활성인 world에서도 중간 node가 없을 수 있음 (보장 안 되는 조건: E_EC0048),조건부 중복: alternative_path_conditions가 모두 참인 world에서만 shortcut이 중복(그 world의 materialize 단계에서만 생략 가능); 42의 witness_world(논리적으로 가능한 world)에서는 이 edge 없이 from→to 도달 불가 / endpoint가 SAME 후보: collapse된 class로 활성될 수 있어 그 endpoint의 활성 literal은 L(e)에서 제외
TE0820,DN_EC0045,DN_EC0151,TEMPORAL_BEFORE,active(DN_EC0045) ∧ active(DN_EC0151),DATE_ONLY:COURT_ENTRY_DATE_ORDER,PRIMITIVE_EDGE,"DN_EC0045 → DN_EC0048 → DN_EC0151 [TE0815, TE0835]",TE0815:HARD(조건 없음); TE0835:HARD(조건 없음); active(DN_EC0048):E_EC0048 = TRUE,INTERMEDIATE_NODE_MAY_VANISH: 이 edge가 활성인 world에서도 중간 node가 없을 수 있음 (보장 안 되는 조건: E_EC0048),조건부 중복: alternative_path_conditions가 모두 참인 world에서만 shortcut이 중복(그 world의 materialize 단계에서만 생략 가능); 42의 witness_world(논리적으로 가능한 world)에서는 이 edge 없이 from→to 도달 불가 / endpoint가 SAME 후보: collapse된 class로 활성될 수 있어 그 endpoint의 활성 literal은 L(e)에서 제외
TE0821,DN_EC0045,DN_EC0152,TEMPORAL_BEFORE,active(DN_EC0045) ∧ active(DN_EC0152),DATE_ONLY:COURT_ENTRY_DATE_ORDER,PRIMITIVE_EDGE,"DN_EC0045 → DN_EC0048 → DN_EC0152 [TE0815, TE0836]",TE0815:HARD(조건 없음); TE0836:HARD(조건 없음); active(DN_EC0048):E_EC0048 = TRUE,INTERMEDIATE_NODE_MAY_VANISH: 이 edge가 활성인 world에서도 중간 node가 없을 수 있음 (보장 안 되는 조건: E_EC0048),조건부 중복: alternative_path_conditions가 모두 참인 world에서만 shortcut이 중복(그 world의 materialize 단계에서만 생략 가능); 42의 witness_world(논리적으로 가능한 world)에서는 이 edge 없이 from→to 도달 불가
TE0822,DN_EC0045,DN_EC0153,TEMPORAL_BEFORE,active(DN_EC0045) ∧ active(DN_EC0153),DATE_ONLY:COURT_ENTRY_DATE_ORDER,PRIMITIVE_EDGE,"DN_EC0045 → DN_EC0048 → DN_EC0153 [TE0815, TE0837]",TE0815:HARD(조건 없음); TE0837:HARD(조건 없음); active(DN_EC0048):E_EC0048 = TRUE,INTERMEDIATE_NODE_MAY_VANISH: 이 edge가 활성인 world에서도 중간 node가 없을 수 있음 (보장 안 되는 조건: E_EC0048),조건부 중복: alternative_path_conditions가 모두 참인 world에서만 shortcut이 중복(그 world의 materialize 단계에서만 생략 가능); 42의 witness_world(논리적으로 가능한 world)에서는 이 edge 없이 from→to 도달 불가
TE0823,DN_EC0045,DN_EC0154,TEMPORAL_BEFORE,active(DN_EC0045) ∧ active(DN_EC0154),DATE_ONLY:COURT_ENTRY_DATE_ORDER,PRIMITIVE_EDGE,"DN_EC0045 → DN_EC0048 → DN_EC0154 [TE0815, TE0838]",TE0815:HARD(조건 없음); TE0838:HARD(조건 없음); active(DN_EC0048):E_EC0048 = TRUE,INTERMEDIATE_NODE_MAY_VANISH: 이 edge가 활성인 world에서도 중간 node가 없을 수 있음 (보장 안 되는 조건: E_EC0048),조건부 중복: alternative_path_conditions가 모두 참인 world에서만 shortcut이 중복(그 world의 materialize 단계에서만 생략 가능); 42의 witness_world(논리적으로 가능한 world)에서는 이 edge 없이 from→to 도달 불가
TE0824,DN_EC0045,DN_EC0155,TEMPORAL_BEFORE,active(DN_EC0045) ∧ active(DN_EC0155),DATE_ONLY:COURT_ENTRY_DATE_ORDER,PRIMITIVE_EDGE,"DN_EC0045 → DN_EC0048 → DN_EC0155 [TE0815, TE0839]",TE0815:HARD(조건 없음); TE0839:HARD(조건 없음); active(DN_EC0048):E_EC0048 = TRUE,INTERMEDIATE_NODE_MAY_VANISH: 이 edge가 활성인 world에서도 중간 node가 없을 수 있음 (보장 안 되는 조건: E_EC0048),조건부 중복: alternative_path_conditions가 모두 참인 world에서만 shortcut이 중복(그 world의 materialize 단계에서만 생략 가능); 42의 witness_world(논리적으로 가능한 world)에서는 이 edge 없이 from→to 도달 불가
TE0825,DN_EC0045,DN_J_HONG_17930528_JISE,TEMPORAL_BEFORE,active(DN_EC0045) ∧ active(DN_J_HONG_17930528_JISE),DATE_ONLY:COURT_ENTRY_DATE_ORDER,PRIMITIVE_EDGE,,,NO_ALTERNATIVE_PATH: 다른 보존 edge로 from→to path 없음,42의 witness_world에서 이 edge 없이 from→to 도달 불가
TE0826,DN_EC0045,DN_J_HONG_17930613_JISE,TEMPORAL_BEFORE,active(DN_EC0045) ∧ active(DN_J_HONG_17930613_JISE),DATE_ONLY:COURT_ENTRY_DATE_ORDER,PRIMITIVE_EDGE,"DN_EC0045 → DN_EC0048 → DN_J_HONG_17930613_JISE [TE0815, TE0039]",TE0815:HARD(조건 없음); TE0039:HARD(조건 없음); active(DN_EC0048):E_EC0048 = TRUE,INTERMEDIATE_NODE_MAY_VANISH: 이 edge가 활성인 world에서도 중간 node가 없을 수 있음 (보장 안 되는 조건: E_EC0048),조건부 중복: alternative_path_conditions가 모두 참인 world에서만 shortcut이 중복(그 world의 materialize 단계에서만 생략 가능); 42의 witness_world(논리적으로 가능한 world)에서는 이 edge 없이 from→to 도달 불가
TE0827,DN_EC0045,DN_J_HONG_17930613_KIM_DEATH,TEMPORAL_BEFORE,active(DN_EC0045) ∧ active(DN_J_HONG_17930613_KIM_DEATH),DATE_ONLY:COURT_ENTRY_DATE_ORDER,PRIMITIVE_EDGE,"DN_EC0045 → DN_EC0048 → DN_J_HONG_17930613_KIM_DEATH [TE0815, TE0033]",TE0815:HARD(조건 없음); TE0033:HARD(조건 없음); active(DN_EC0048):E_EC0048 = TRUE,INTERMEDIATE_NODE_MAY_VANISH: 이 edge가 활성인 world에서도 중간 node가 없을 수 있음 (보장 안 되는 조건: E_EC0048),조건부 중복: alternative_path_conditions가 모두 참인 world에서만 shortcut이 중복(그 world의 materialize 단계에서만 생략 가능); 42의 witness_world(논리적으로 가능한 world)에서는 이 edge 없이 from→to 도달 불가
TE0828,DN_EC0045,DN_J_HONG_17930613_THEFT,TEMPORAL_BEFORE,active(DN_EC0045) ∧ active(DN_J_HONG_17930613_THEFT),DATE_ONLY:COURT_ENTRY_DATE_ORDER,PRIMITIVE_EDGE,"DN_EC0045 → DN_EC0048 → DN_J_HONG_17930613_THEFT [TE0815, TE0027]",TE0815:HARD(조건 없음); TE0027:HARD(조건 없음); active(DN_EC0048):E_EC0048 = TRUE,INTERMEDIATE_NODE_MAY_VANISH: 이 edge가 활성인 world에서도 중간 node가 없을 수 있음 (보장 안 되는 조건: E_EC0048),조건부 중복: alternative_path_conditions가 모두 참인 world에서만 shortcut이 중복(그 world의 materialize 단계에서만 생략 가능); 42의 witness_world(논리적으로 가능한 world)에서는 이 edge 없이 from→to 도달 불가
TE0829,DN_EC0045,DN_J_JEONGJO_17930613_JISE,TEMPORAL_BEFORE,active(DN_EC0045) ∧ active(DN_J_JEONGJO_17930613_JISE),DATE_ONLY:COURT_ENTRY_DATE_ORDER,PRIMITIVE_EDGE,"DN_EC0045 → DN_EC0048 → DN_J_JEONGJO_17930613_JISE [TE0815, TE0840]",TE0815:HARD(조건 없음); TE0840:HARD(조건 없음); active(DN_EC0048):E_EC0048 = TRUE,INTERMEDIATE_NODE_MAY_VANISH: 이 edge가 활성인 world에서도 중간 node가 없을 수 있음 (보장 안 되는 조건: E_EC0048),조건부 중복: alternative_path_conditions가 모두 참인 world에서만 shortcut이 중복(그 world의 materialize 단계에서만 생략 가능); 42의 witness_world(논리적으로 가능한 world)에서는 이 edge 없이 from→to 도달 불가
TE0830,DN_EC0045,DN_J_JEONGJO_17930613_KIM_DEATH,TEMPORAL_BEFORE,active(DN_EC0045) ∧ active(DN_J_JEONGJO_17930613_KIM_DEATH),DATE_ONLY:COURT_ENTRY_DATE_ORDER,PRIMITIVE_EDGE,"DN_EC0045 → DN_EC0048 → DN_J_JEONGJO_17930613_KIM_DEATH [TE0815, TE0841]",TE0815:HARD(조건 없음); TE0841:HARD(조건 없음); active(DN_EC0048):E_EC0048 = TRUE,INTERMEDIATE_NODE_MAY_VANISH: 이 edge가 활성인 world에서도 중간 node가 없을 수 있음 (보장 안 되는 조건: E_EC0048),조건부 중복: alternative_path_conditions가 모두 참인 world에서만 shortcut이 중복(그 world의 materialize 단계에서만 생략 가능); 42의 witness_world(논리적으로 가능한 world)에서는 이 edge 없이 from→to 도달 불가
TE0831,DN_EC0045,DN_J_JEONGJO_17930613_THEFT,TEMPORAL_BEFORE,active(DN_EC0045) ∧ active(DN_J_JEONGJO_17930613_THEFT),DATE_ONLY:COURT_ENTRY_DATE_ORDER,PRIMITIVE_EDGE,"DN_EC0045 → DN_EC0048 → DN_J_JEONGJO_17930613_THEFT [TE0815, TE0842]",TE0815:HARD(조건 없음); TE0842:HARD(조건 없음); active(DN_EC0048):E_EC0048 = TRUE,INTERMEDIATE_NODE_MAY_VANISH: 이 edge가 활성인 world에서도 중간 node가 없을 수 있음 (보장 안 되는 조건: E_EC0048),조건부 중복: alternative_path_conditions가 모두 참인 world에서만 shortcut이 중복(그 world의 materialize 단계에서만 생략 가능); 42의 witness_world(논리적으로 가능한 world)에서는 이 edge 없이 from→to 도달 불가
TE0832,DN_EC0048,DN_EC0061,TEMPORAL_BEFORE,active(DN_EC0048) ∧ active(DN_EC0061),DATE_ONLY:COURT_ENTRY_DATE_ORDER,PRIMITIVE_EDGE,,,NO_ALTERNATIVE_PATH: 다른 보존 edge로 from→to path 없음,42의 witness_world에서 이 edge 없이 from→to 도달 불가
TE0833,DN_EC0048,DN_EC0062,TEMPORAL_BEFORE,active(DN_EC0048) ∧ active(DN_EC0062),DATE_ONLY:COURT_ENTRY_DATE_ORDER,PRIMITIVE_EDGE,"DN_EC0048 → DN_EC0061 → DN_EC0062 [TE0832, TE0025]",TE0832:HARD(조건 없음); TE0025:HARD(조건 없음); active(DN_EC0061):E_EC0061 = TRUE,INTERMEDIATE_NODE_MAY_VANISH: 이 edge가 활성인 world에서도 중간 node가 없을 수 있음 (보장 안 되는 조건: E_EC0061),조건부 중복: alternative_path_conditions가 모두 참인 world에서만 shortcut이 중복(그 world의 materialize 단계에서만 생략 가능); 42의 witness_world(논리적으로 가능한 world)에서는 이 edge 없이 from→to 도달 불가
TE0834,DN_EC0048,DN_EC0150,TEMPORAL_BEFORE,active(DN_EC0048) ∧ active(DN_EC0150),DATE_ONLY:COURT_ENTRY_DATE_ORDER,PRIMITIVE_EDGE,"DN_EC0048 → DN_EC0061 → DN_EC0150 [TE0832, TE0854]",TE0832:HARD(조건 없음); TE0854:HARD(조건 없음); active(DN_EC0061):E_EC0061 = TRUE,INTERMEDIATE_NODE_MAY_VANISH: 이 edge가 활성인 world에서도 중간 node가 없을 수 있음 (보장 안 되는 조건: E_EC0061),조건부 중복: alternative_path_conditions가 모두 참인 world에서만 shortcut이 중복(그 world의 materialize 단계에서만 생략 가능); 42의 witness_world(논리적으로 가능한 world)에서는 이 edge 없이 from→to 도달 불가 / endpoint가 SAME 후보: collapse된 class로 활성될 수 있어 그 endpoint의 활성 literal은 L(e)에서 제외
TE0835,DN_EC0048,DN_EC0151,TEMPORAL_BEFORE,active(DN_EC0048) ∧ active(DN_EC0151),DATE_ONLY:COURT_ENTRY_DATE_ORDER,PRIMITIVE_EDGE,"DN_EC0048 → DN_EC0061 → DN_EC0151 [TE0832, TE0855]",TE0832:HARD(조건 없음); TE0855:HARD(조건 없음); active(DN_EC0061):E_EC0061 = TRUE,INTERMEDIATE_NODE_MAY_VANISH: 이 edge가 활성인 world에서도 중간 node가 없을 수 있음 (보장 안 되는 조건: E_EC0061),조건부 중복: alternative_path_conditions가 모두 참인 world에서만 shortcut이 중복(그 world의 materialize 단계에서만 생략 가능); 42의 witness_world(논리적으로 가능한 world)에서는 이 edge 없이 from→to 도달 불가 / endpoint가 SAME 후보: collapse된 class로 활성될 수 있어 그 endpoint의 활성 literal은 L(e)에서 제외
TE0836,DN_EC0048,DN_EC0152,TEMPORAL_BEFORE,active(DN_EC0048) ∧ active(DN_EC0152),DATE_ONLY:COURT_ENTRY_DATE_ORDER,PRIMITIVE_EDGE,"DN_EC0048 → DN_EC0061 → DN_EC0152 [TE0832, TE0856]",TE0832:HARD(조건 없음); TE0856:HARD(조건 없음); active(DN_EC0061):E_EC0061 = TRUE,INTERMEDIATE_NODE_MAY_VANISH: 이 edge가 활성인 world에서도 중간 node가 없을 수 있음 (보장 안 되는 조건: E_EC0061),조건부 중복: alternative_path_conditions가 모두 참인 world에서만 shortcut이 중복(그 world의 materialize 단계에서만 생략 가능); 42의 witness_world(논리적으로 가능한 world)에서는 이 edge 없이 from→to 도달 불가
TE0837,DN_EC0048,DN_EC0153,TEMPORAL_BEFORE,active(DN_EC0048) ∧ active(DN_EC0153),DATE_ONLY:COURT_ENTRY_DATE_ORDER,PRIMITIVE_EDGE,"DN_EC0048 → DN_EC0061 → DN_EC0153 [TE0832, TE0857]",TE0832:HARD(조건 없음); TE0857:HARD(조건 없음); active(DN_EC0061):E_EC0061 = TRUE,INTERMEDIATE_NODE_MAY_VANISH: 이 edge가 활성인 world에서도 중간 node가 없을 수 있음 (보장 안 되는 조건: E_EC0061),조건부 중복: alternative_path_conditions가 모두 참인 world에서만 shortcut이 중복(그 world의 materialize 단계에서만 생략 가능); 42의 witness_world(논리적으로 가능한 world)에서는 이 edge 없이 from→to 도달 불가
TE0838,DN_EC0048,DN_EC0154,TEMPORAL_BEFORE,active(DN_EC0048) ∧ active(DN_EC0154),DATE_ONLY:COURT_ENTRY_DATE_ORDER,PRIMITIVE_EDGE,"DN_EC0048 → DN_EC0061 → DN_EC0154 [TE0832, TE0858]",TE0832:HARD(조건 없음); TE0858:HARD(조건 없음); active(DN_EC0061):E_EC0061 = TRUE,INTERMEDIATE_NODE_MAY_VANISH: 이 edge가 활성인 world에서도 중간 node가 없을 수 있음 (보장 안 되는 조건: E_EC0061),조건부 중복: alternative_path_conditions가 모두 참인 world에서만 shortcut이 중복(그 world의 materialize 단계에서만 생략 가능); 42의 witness_world(논리적으로 가능한 world)에서는 이 edge 없이 from→to 도달 불가
TE0839,DN_EC0048,DN_EC0155,TEMPORAL_BEFORE,active(DN_EC0048) ∧ active(DN_EC0155),DATE_ONLY:COURT_ENTRY_DATE_ORDER,PRIMITIVE_EDGE,"DN_EC0048 → DN_J_HONG_17930613_THEFT → DN_EC0155 [TE0027, TE0894]",TE0027:HARD(조건 없음); TE0894:HARD(조건 없음); active(DN_J_HONG_17930613_THEFT):J_HONG_17930613_THEFT = TRUE,INTERMEDIATE_NODE_MAY_VANISH: 이 edge가 활성인 world에서도 중간 node가 없을 수 있음 (보장 안 되는 조건: J_HONG_17930613_THEFT),조건부 중복: alternative_path_conditions가 모두 참인 world에서만 shortcut이 중복(그 world의 materialize 단계에서만 생략 가능); 42의 witness_world(논리적으로 가능한 world)에서는 이 edge 없이 from→to 도달 불가
TE0840,DN_EC0048,DN_J_JEONGJO_17930613_JISE,TEMPORAL_BEFORE,active(DN_EC0048) ∧ active(DN_J_JEONGJO_17930613_JISE),DATE_ONLY:COURT_ENTRY_DATE_ORDER,PRIMITIVE_EDGE,"DN_EC0048 → DN_J_HONG_17930613_THEFT → DN_J_JEONGJO_17930613_JISE [TE0027, TE0031]",TE0027:HARD(조건 없음); TE0031:HARD(조건 없음); active(DN_J_HONG_17930613_THEFT):J_HONG_17930613_THEFT = TRUE,INTERMEDIATE_NODE_MAY_VANISH: 이 edge가 활성인 world에서도 중간 node가 없을 수 있음 (보장 안 되는 조건: J_HONG_17930613_THEFT),조건부 중복: alternative_path_conditions가 모두 참인 world에서만 shortcut이 중복(그 world의 materialize 단계에서만 생략 가능); 42의 witness_world(논리적으로 가능한 world)에서는 이 edge 없이 from→to 도달 불가
TE0841,DN_EC0048,DN_J_JEONGJO_17930613_KIM_DEATH,TEMPORAL_BEFORE,active(DN_EC0048) ∧ active(DN_J_JEONGJO_17930613_KIM_DEATH),DATE_ONLY:COURT_ENTRY_DATE_ORDER,PRIMITIVE_EDGE,"DN_EC0048 → DN_J_HONG_17930613_THEFT → DN_J_JEONGJO_17930613_KIM_DEATH [TE0027, TE0030]",TE0027:HARD(조건 없음); TE0030:HARD(조건 없음); active(DN_J_HONG_17930613_THEFT):J_HONG_17930613_THEFT = TRUE,INTERMEDIATE_NODE_MAY_VANISH: 이 edge가 활성인 world에서도 중간 node가 없을 수 있음 (보장 안 되는 조건: J_HONG_17930613_THEFT),조건부 중복: alternative_path_conditions가 모두 참인 world에서만 shortcut이 중복(그 world의 materialize 단계에서만 생략 가능); 42의 witness_world(논리적으로 가능한 world)에서는 이 edge 없이 from→to 도달 불가
TE0842,DN_EC0048,DN_J_JEONGJO_17930613_THEFT,TEMPORAL_BEFORE,active(DN_EC0048) ∧ active(DN_J_JEONGJO_17930613_THEFT),DATE_ONLY:COURT_ENTRY_DATE_ORDER,PRIMITIVE_EDGE,"DN_EC0048 → DN_J_HONG_17930613_THEFT → DN_J_JEONGJO_17930613_THEFT [TE0027, TE0029]",TE0027:HARD(조건 없음); TE0029:HARD(조건 없음); active(DN_J_HONG_17930613_THEFT):J_HONG_17930613_THEFT = TRUE,INTERMEDIATE_NODE_MAY_VANISH: 이 edge가 활성인 world에서도 중간 node가 없을 수 있음 (보장 안 되는 조건: J_HONG_17930613_THEFT),조건부 중복: alternative_path_conditions가 모두 참인 world에서만 shortcut이 중복(그 world의 materialize 단계에서만 생략 가능); 42의 witness_world(논리적으로 가능한 world)에서는 이 edge 없이 from→to 도달 불가
TE0843,DN_EC0049,DN_EC0061,TEMPORAL_BEFORE,active(DN_EC0049) ∧ active(DN_EC0061),DATE_ONLY:COURT_ENTRY_DATE_ORDER,PRIMITIVE_EDGE,,,NO_ALTERNATIVE_PATH: 다른 보존 edge로 from→to path 없음,42의 witness_world에서 이 edge 없이 from→to 도달 불가
TE0844,DN_EC0049,DN_EC0062,TEMPORAL_BEFORE,active(DN_EC0049) ∧ active(DN_EC0062),DATE_ONLY:COURT_ENTRY_DATE_ORDER,PRIMITIVE_EDGE,"DN_EC0049 → DN_EC0061 → DN_EC0062 [TE0843, TE0025]",TE0843:HARD(조건 없음); TE0025:HARD(조건 없음); active(DN_EC0061):E_EC0061 = TRUE,INTERMEDIATE_NODE_MAY_VANISH: 이 edge가 활성인 world에서도 중간 node가 없을 수 있음 (보장 안 되는 조건: E_EC0061),조건부 중복: alternative_path_conditions가 모두 참인 world에서만 shortcut이 중복(그 world의 materialize 단계에서만 생략 가능); 42의 witness_world(논리적으로 가능한 world)에서는 이 edge 없이 from→to 도달 불가
TE0845,DN_EC0049,DN_EC0150,TEMPORAL_BEFORE,active(DN_EC0049) ∧ active(DN_EC0150),DATE_ONLY:COURT_ENTRY_DATE_ORDER,PRIMITIVE_EDGE,"DN_EC0049 → DN_EC0061 → DN_EC0150 [TE0843, TE0854]",TE0843:HARD(조건 없음); TE0854:HARD(조건 없음); active(DN_EC0061):E_EC0061 = TRUE,INTERMEDIATE_NODE_MAY_VANISH: 이 edge가 활성인 world에서도 중간 node가 없을 수 있음 (보장 안 되는 조건: E_EC0061),조건부 중복: alternative_path_conditions가 모두 참인 world에서만 shortcut이 중복(그 world의 materialize 단계에서만 생략 가능); 42의 witness_world(논리적으로 가능한 world)에서는 이 edge 없이 from→to 도달 불가 / endpoint가 SAME 후보: collapse된 class로 활성될 수 있어 그 endpoint의 활성 literal은 L(e)에서 제외
TE0846,DN_EC0049,DN_EC0151,TEMPORAL_BEFORE,active(DN_EC0049) ∧ active(DN_EC0151),DATE_ONLY:COURT_ENTRY_DATE_ORDER,PRIMITIVE_EDGE,"DN_EC0049 → DN_EC0061 → DN_EC0151 [TE0843, TE0855]",TE0843:HARD(조건 없음); TE0855:HARD(조건 없음); active(DN_EC0061):E_EC0061 = TRUE,INTERMEDIATE_NODE_MAY_VANISH: 이 edge가 활성인 world에서도 중간 node가 없을 수 있음 (보장 안 되는 조건: E_EC0061),조건부 중복: alternative_path_conditions가 모두 참인 world에서만 shortcut이 중복(그 world의 materialize 단계에서만 생략 가능); 42의 witness_world(논리적으로 가능한 world)에서는 이 edge 없이 from→to 도달 불가 / endpoint가 SAME 후보: collapse된 class로 활성될 수 있어 그 endpoint의 활성 literal은 L(e)에서 제외
TE0847,DN_EC0049,DN_EC0152,TEMPORAL_BEFORE,active(DN_EC0049) ∧ active(DN_EC0152),DATE_ONLY:COURT_ENTRY_DATE_ORDER,PRIMITIVE_EDGE,"DN_EC0049 → DN_EC0061 → DN_EC0152 [TE0843, TE0856]",TE0843:HARD(조건 없음); TE0856:HARD(조건 없음); active(DN_EC0061):E_EC0061 = TRUE,INTERMEDIATE_NODE_MAY_VANISH: 이 edge가 활성인 world에서도 중간 node가 없을 수 있음 (보장 안 되는 조건: E_EC0061),조건부 중복: alternative_path_conditions가 모두 참인 world에서만 shortcut이 중복(그 world의 materialize 단계에서만 생략 가능); 42의 witness_world(논리적으로 가능한 world)에서는 이 edge 없이 from→to 도달 불가
TE0848,DN_EC0049,DN_EC0153,TEMPORAL_BEFORE,active(DN_EC0049) ∧ active(DN_EC0153),DATE_ONLY:COURT_ENTRY_DATE_ORDER,PRIMITIVE_EDGE,"DN_EC0049 → DN_EC0061 → DN_EC0153 [TE0843, TE0857]",TE0843:HARD(조건 없음); TE0857:HARD(조건 없음); active(DN_EC0061):E_EC0061 = TRUE,INTERMEDIATE_NODE_MAY_VANISH: 이 edge가 활성인 world에서도 중간 node가 없을 수 있음 (보장 안 되는 조건: E_EC0061),조건부 중복: alternative_path_conditions가 모두 참인 world에서만 shortcut이 중복(그 world의 materialize 단계에서만 생략 가능); 42의 witness_world(논리적으로 가능한 world)에서는 이 edge 없이 from→to 도달 불가
TE0849,DN_EC0049,DN_EC0154,TEMPORAL_BEFORE,active(DN_EC0049) ∧ active(DN_EC0154),DATE_ONLY:COURT_ENTRY_DATE_ORDER,PRIMITIVE_EDGE,"DN_EC0049 → DN_EC0061 → DN_EC0154 [TE0843, TE0858]",TE0843:HARD(조건 없음); TE0858:HARD(조건 없음); active(DN_EC0061):E_EC0061 = TRUE,INTERMEDIATE_NODE_MAY_VANISH: 이 edge가 활성인 world에서도 중간 node가 없을 수 있음 (보장 안 되는 조건: E_EC0061),조건부 중복: alternative_path_conditions가 모두 참인 world에서만 shortcut이 중복(그 world의 materialize 단계에서만 생략 가능); 42의 witness_world(논리적으로 가능한 world)에서는 이 edge 없이 from→to 도달 불가
TE0850,DN_EC0049,DN_EC0155,TEMPORAL_BEFORE,active(DN_EC0049) ∧ active(DN_EC0155),DATE_ONLY:COURT_ENTRY_DATE_ORDER,PRIMITIVE_EDGE,"DN_EC0049 → DN_J_HONG_17930613_THEFT → DN_EC0155 [TE0028, TE0894]",TE0028:HARD(조건 없음); TE0894:HARD(조건 없음); active(DN_J_HONG_17930613_THEFT):J_HONG_17930613_THEFT = TRUE,INTERMEDIATE_NODE_MAY_VANISH: 이 edge가 활성인 world에서도 중간 node가 없을 수 있음 (보장 안 되는 조건: J_HONG_17930613_THEFT),조건부 중복: alternative_path_conditions가 모두 참인 world에서만 shortcut이 중복(그 world의 materialize 단계에서만 생략 가능); 42의 witness_world(논리적으로 가능한 world)에서는 이 edge 없이 from→to 도달 불가
TE0851,DN_EC0049,DN_J_JEONGJO_17930613_JISE,TEMPORAL_BEFORE,active(DN_EC0049) ∧ active(DN_J_JEONGJO_17930613_JISE),DATE_ONLY:COURT_ENTRY_DATE_ORDER,PRIMITIVE_EDGE,"DN_EC0049 → DN_J_HONG_17930613_THEFT → DN_J_JEONGJO_17930613_JISE [TE0028, TE0031]",TE0028:HARD(조건 없음); TE0031:HARD(조건 없음); active(DN_J_HONG_17930613_THEFT):J_HONG_17930613_THEFT = TRUE,INTERMEDIATE_NODE_MAY_VANISH: 이 edge가 활성인 world에서도 중간 node가 없을 수 있음 (보장 안 되는 조건: J_HONG_17930613_THEFT),조건부 중복: alternative_path_conditions가 모두 참인 world에서만 shortcut이 중복(그 world의 materialize 단계에서만 생략 가능); 42의 witness_world(논리적으로 가능한 world)에서는 이 edge 없이 from→to 도달 불가
TE0852,DN_EC0049,DN_J_JEONGJO_17930613_KIM_DEATH,TEMPORAL_BEFORE,active(DN_EC0049) ∧ active(DN_J_JEONGJO_17930613_KIM_DEATH),DATE_ONLY:COURT_ENTRY_DATE_ORDER,PRIMITIVE_EDGE,"DN_EC0049 → DN_J_HONG_17930613_THEFT → DN_J_JEONGJO_17930613_KIM_DEATH [TE0028, TE0030]",TE0028:HARD(조건 없음); TE0030:HARD(조건 없음); active(DN_J_HONG_17930613_THEFT):J_HONG_17930613_THEFT = TRUE,INTERMEDIATE_NODE_MAY_VANISH: 이 edge가 활성인 world에서도 중간 node가 없을 수 있음 (보장 안 되는 조건: J_HONG_17930613_THEFT),조건부 중복: alternative_path_conditions가 모두 참인 world에서만 shortcut이 중복(그 world의 materialize 단계에서만 생략 가능); 42의 witness_world(논리적으로 가능한 world)에서는 이 edge 없이 from→to 도달 불가
TE0853,DN_EC0049,DN_J_JEONGJO_17930613_THEFT,TEMPORAL_BEFORE,active(DN_EC0049) ∧ active(DN_J_JEONGJO_17930613_THEFT),DATE_ONLY:COURT_ENTRY_DATE_ORDER,PRIMITIVE_EDGE,"DN_EC0049 → DN_J_HONG_17930613_THEFT → DN_J_JEONGJO_17930613_THEFT [TE0028, TE0029]",TE0028:HARD(조건 없음); TE0029:HARD(조건 없음); active(DN_J_HONG_17930613_THEFT):J_HONG_17930613_THEFT = TRUE,INTERMEDIATE_NODE_MAY_VANISH: 이 edge가 활성인 world에서도 중간 node가 없을 수 있음 (보장 안 되는 조건: J_HONG_17930613_THEFT),조건부 중복: alternative_path_conditions가 모두 참인 world에서만 shortcut이 중복(그 world의 materialize 단계에서만 생략 가능); 42의 witness_world(논리적으로 가능한 world)에서는 이 edge 없이 from→to 도달 불가
TE0854,DN_EC0061,DN_EC0150,TEMPORAL_BEFORE,active(DN_EC0061) ∧ active(DN_EC0150),DATE_ONLY:COURT_ENTRY_DATE_ORDER,PRIMITIVE_EDGE,"DN_EC0061 → DN_EC0062 → DN_EC0150 [TE0025, TE0863]",TE0025:HARD(조건 없음); TE0863:HARD(조건 없음); active(DN_EC0062):E_EC0062 = TRUE,INTERMEDIATE_NODE_MAY_VANISH: 이 edge가 활성인 world에서도 중간 node가 없을 수 있음 (보장 안 되는 조건: E_EC0062),조건부 중복: alternative_path_conditions가 모두 참인 world에서만 shortcut이 중복(그 world의 materialize 단계에서만 생략 가능); 42의 witness_world(논리적으로 가능한 world)에서는 이 edge 없이 from→to 도달 불가 / endpoint가 SAME 후보: collapse된 class로 활성될 수 있어 그 endpoint의 활성 literal은 L(e)에서 제외
TE0855,DN_EC0061,DN_EC0151,TEMPORAL_BEFORE,active(DN_EC0061) ∧ active(DN_EC0151),DATE_ONLY:COURT_ENTRY_DATE_ORDER,PRIMITIVE_EDGE,"DN_EC0061 → DN_EC0062 → DN_EC0151 [TE0025, TE0864]",TE0025:HARD(조건 없음); TE0864:HARD(조건 없음); active(DN_EC0062):E_EC0062 = TRUE,INTERMEDIATE_NODE_MAY_VANISH: 이 edge가 활성인 world에서도 중간 node가 없을 수 있음 (보장 안 되는 조건: E_EC0062),조건부 중복: alternative_path_conditions가 모두 참인 world에서만 shortcut이 중복(그 world의 materialize 단계에서만 생략 가능); 42의 witness_world(논리적으로 가능한 world)에서는 이 edge 없이 from→to 도달 불가 / endpoint가 SAME 후보: collapse된 class로 활성될 수 있어 그 endpoint의 활성 literal은 L(e)에서 제외
TE0856,DN_EC0061,DN_EC0152,TEMPORAL_BEFORE,active(DN_EC0061) ∧ active(DN_EC0152),DATE_ONLY:COURT_ENTRY_DATE_ORDER,PRIMITIVE_EDGE,"DN_EC0061 → DN_EC0062 → DN_EC0152 [TE0025, TE0865]",TE0025:HARD(조건 없음); TE0865:HARD(조건 없음); active(DN_EC0062):E_EC0062 = TRUE,INTERMEDIATE_NODE_MAY_VANISH: 이 edge가 활성인 world에서도 중간 node가 없을 수 있음 (보장 안 되는 조건: E_EC0062),조건부 중복: alternative_path_conditions가 모두 참인 world에서만 shortcut이 중복(그 world의 materialize 단계에서만 생략 가능); 42의 witness_world(논리적으로 가능한 world)에서는 이 edge 없이 from→to 도달 불가
TE0857,DN_EC0061,DN_EC0153,TEMPORAL_BEFORE,active(DN_EC0061) ∧ active(DN_EC0153),DATE_ONLY:COURT_ENTRY_DATE_ORDER,PRIMITIVE_EDGE,"DN_EC0061 → DN_EC0062 → DN_EC0153 [TE0025, TE0866]",TE0025:HARD(조건 없음); TE0866:HARD(조건 없음); active(DN_EC0062):E_EC0062 = TRUE,INTERMEDIATE_NODE_MAY_VANISH: 이 edge가 활성인 world에서도 중간 node가 없을 수 있음 (보장 안 되는 조건: E_EC0062),조건부 중복: alternative_path_conditions가 모두 참인 world에서만 shortcut이 중복(그 world의 materialize 단계에서만 생략 가능); 42의 witness_world(논리적으로 가능한 world)에서는 이 edge 없이 from→to 도달 불가
TE0858,DN_EC0061,DN_EC0154,TEMPORAL_BEFORE,active(DN_EC0061) ∧ active(DN_EC0154),DATE_ONLY:COURT_ENTRY_DATE_ORDER,PRIMITIVE_EDGE,"DN_EC0061 → DN_EC0062 → DN_EC0154 [TE0025, TE0867]",TE0025:HARD(조건 없음); TE0867:HARD(조건 없음); active(DN_EC0062):E_EC0062 = TRUE,INTERMEDIATE_NODE_MAY_VANISH: 이 edge가 활성인 world에서도 중간 node가 없을 수 있음 (보장 안 되는 조건: E_EC0062),조건부 중복: alternative_path_conditions가 모두 참인 world에서만 shortcut이 중복(그 world의 materialize 단계에서만 생략 가능); 42의 witness_world(논리적으로 가능한 world)에서는 이 edge 없이 from→to 도달 불가
TE0859,DN_EC0061,DN_EC0155,TEMPORAL_BEFORE,active(DN_EC0061) ∧ active(DN_EC0155),DATE_ONLY:COURT_ENTRY_DATE_ORDER,PRIMITIVE_EDGE,"DN_EC0061 → DN_EC0062 → DN_EC0155 [TE0025, TE0868]",TE0025:HARD(조건 없음); TE0868:HARD(조건 없음); active(DN_EC0062):E_EC0062 = TRUE,INTERMEDIATE_NODE_MAY_VANISH: 이 edge가 활성인 world에서도 중간 node가 없을 수 있음 (보장 안 되는 조건: E_EC0062),조건부 중복: alternative_path_conditions가 모두 참인 world에서만 shortcut이 중복(그 world의 materialize 단계에서만 생략 가능); 42의 witness_world(논리적으로 가능한 world)에서는 이 edge 없이 from→to 도달 불가
TE0860,DN_EC0061,DN_J_JEONGJO_17930613_JISE,TEMPORAL_BEFORE,active(DN_EC0061) ∧ active(DN_J_JEONGJO_17930613_JISE),DATE_ONLY:COURT_ENTRY_DATE_ORDER,PRIMITIVE_EDGE,"DN_EC0061 → DN_EC0062 → DN_J_JEONGJO_17930613_JISE [TE0025, TE0872]",TE0025:HARD(조건 없음); TE0872:HARD(조건 없음); active(DN_EC0062):E_EC0062 = TRUE,INTERMEDIATE_NODE_MAY_VANISH: 이 edge가 활성인 world에서도 중간 node가 없을 수 있음 (보장 안 되는 조건: E_EC0062),조건부 중복: alternative_path_conditions가 모두 참인 world에서만 shortcut이 중복(그 world의 materialize 단계에서만 생략 가능); 42의 witness_world(논리적으로 가능한 world)에서는 이 edge 없이 from→to 도달 불가
TE0861,DN_EC0061,DN_J_JEONGJO_17930613_KIM_DEATH,TEMPORAL_BEFORE,active(DN_EC0061) ∧ active(DN_J_JEONGJO_17930613_KIM_DEATH),DATE_ONLY:COURT_ENTRY_DATE_ORDER,PRIMITIVE_EDGE,"DN_EC0061 → DN_EC0062 → DN_J_JEONGJO_17930613_KIM_DEATH [TE0025, TE0873]",TE0025:HARD(조건 없음); TE0873:HARD(조건 없음); active(DN_EC0062):E_EC0062 = TRUE,INTERMEDIATE_NODE_MAY_VANISH: 이 edge가 활성인 world에서도 중간 node가 없을 수 있음 (보장 안 되는 조건: E_EC0062),조건부 중복: alternative_path_conditions가 모두 참인 world에서만 shortcut이 중복(그 world의 materialize 단계에서만 생략 가능); 42의 witness_world(논리적으로 가능한 world)에서는 이 edge 없이 from→to 도달 불가
TE0862,DN_EC0061,DN_J_JEONGJO_17930613_THEFT,TEMPORAL_BEFORE,active(DN_EC0061) ∧ active(DN_J_JEONGJO_17930613_THEFT),DATE_ONLY:COURT_ENTRY_DATE_ORDER,PRIMITIVE_EDGE,"DN_EC0061 → DN_EC0062 → DN_J_JEONGJO_17930613_THEFT [TE0025, TE0874]",TE0025:HARD(조건 없음); TE0874:HARD(조건 없음); active(DN_EC0062):E_EC0062 = TRUE,INTERMEDIATE_NODE_MAY_VANISH: 이 edge가 활성인 world에서도 중간 node가 없을 수 있음 (보장 안 되는 조건: E_EC0062),조건부 중복: alternative_path_conditions가 모두 참인 world에서만 shortcut이 중복(그 world의 materialize 단계에서만 생략 가능); 42의 witness_world(논리적으로 가능한 world)에서는 이 edge 없이 from→to 도달 불가
TE0863,DN_EC0062,DN_EC0150,TEMPORAL_BEFORE,active(DN_EC0062) ∧ active(DN_EC0150),DATE_ONLY:COURT_ENTRY_DATE_ORDER,PRIMITIVE_EDGE,,,NO_ALTERNATIVE_PATH: 다른 보존 edge로 from→to path 없음,42의 witness_world에서 이 edge 없이 from→to 도달 불가 / endpoint가 SAME 후보: collapse된 class로 활성될 수 있어 그 endpoint의 활성 literal은 L(e)에서 제외
TE0864,DN_EC0062,DN_EC0151,TEMPORAL_BEFORE,active(DN_EC0062) ∧ active(DN_EC0151),DATE_ONLY:COURT_ENTRY_DATE_ORDER,PRIMITIVE_EDGE,,,NO_ALTERNATIVE_PATH: 다른 보존 edge로 from→to path 없음,42의 witness_world에서 이 edge 없이 from→to 도달 불가 / endpoint가 SAME 후보: collapse된 class로 활성될 수 있어 그 endpoint의 활성 literal은 L(e)에서 제외
TE0865,DN_EC0062,DN_EC0152,TEMPORAL_BEFORE,active(DN_EC0062) ∧ active(DN_EC0152),DATE_ONLY:COURT_ENTRY_DATE_ORDER,PRIMITIVE_EDGE,,,NO_ALTERNATIVE_PATH: 다른 보존 edge로 from→to path 없음,42의 witness_world에서 이 edge 없이 from→to 도달 불가
TE0866,DN_EC0062,DN_EC0153,TEMPORAL_BEFORE,active(DN_EC0062) ∧ active(DN_EC0153),DATE_ONLY:COURT_ENTRY_DATE_ORDER,PRIMITIVE_EDGE,,,NO_ALTERNATIVE_PATH: 다른 보존 edge로 from→to path 없음,42의 witness_world에서 이 edge 없이 from→to 도달 불가
TE0867,DN_EC0062,DN_EC0154,TEMPORAL_BEFORE,active(DN_EC0062) ∧ active(DN_EC0154),DATE_ONLY:COURT_ENTRY_DATE_ORDER,PRIMITIVE_EDGE,,,NO_ALTERNATIVE_PATH: 다른 보존 edge로 from→to path 없음,42의 witness_world에서 이 edge 없이 from→to 도달 불가
TE0868,DN_EC0062,DN_EC0155,TEMPORAL_BEFORE,active(DN_EC0062) ∧ active(DN_EC0155),DATE_ONLY:COURT_ENTRY_DATE_ORDER,PRIMITIVE_EDGE,"DN_EC0062 → DN_EC0150 → DN_EC0155 [TE0863, TE0875]",TE0863:HARD(조건 없음); TE0875:HARD(조건 없음); active(DN_EC0150):E_EC0150 = TRUE,INTERMEDIATE_NODE_MAY_VANISH: 이 edge가 활성인 world에서도 중간 node가 없을 수 있음 (보장 안 되는 조건: E_EC0150),조건부 중복: alternative_path_conditions가 모두 참인 world에서만 shortcut이 중복(그 world의 materialize 단계에서만 생략 가능); 42의 witness_world(논리적으로 가능한 world)에서는 이 edge 없이 from→to 도달 불가
TE0869,DN_EC0062,DN_J_HONG_17930613_JISE,TEMPORAL_BEFORE,active(DN_EC0062) ∧ active(DN_J_HONG_17930613_JISE),DATE_ONLY:COURT_ENTRY_DATE_ORDER,PRIMITIVE_EDGE,,,NO_ALTERNATIVE_PATH: 다른 보존 edge로 from→to path 없음,42의 witness_world에서 이 edge 없이 from→to 도달 불가
TE0870,DN_EC0062,DN_J_HONG_17930613_KIM_DEATH,TEMPORAL_BEFORE,active(DN_EC0062) ∧ active(DN_J_HONG_17930613_KIM_DEATH),DATE_ONLY:COURT_ENTRY_DATE_ORDER,PRIMITIVE_EDGE,,,NO_ALTERNATIVE_PATH: 다른 보존 edge로 from→to path 없음,42의 witness_world에서 이 edge 없이 from→to 도달 불가
TE0871,DN_EC0062,DN_J_HONG_17930613_THEFT,TEMPORAL_BEFORE,active(DN_EC0062) ∧ active(DN_J_HONG_17930613_THEFT),DATE_ONLY:COURT_ENTRY_DATE_ORDER,PRIMITIVE_EDGE,,,NO_ALTERNATIVE_PATH: 다른 보존 edge로 from→to path 없음,42의 witness_world에서 이 edge 없이 from→to 도달 불가
TE0872,DN_EC0062,DN_J_JEONGJO_17930613_JISE,TEMPORAL_BEFORE,active(DN_EC0062) ∧ active(DN_J_JEONGJO_17930613_JISE),DATE_ONLY:COURT_ENTRY_DATE_ORDER,PRIMITIVE_EDGE,"DN_EC0062 → DN_J_HONG_17930613_JISE → DN_J_JEONGJO_17930613_JISE [TE0869, TE0043]",TE0869:HARD(조건 없음); TE0043:HARD(조건 없음); active(DN_J_HONG_17930613_JISE):J_HONG_17930613_JISE = TRUE,INTERMEDIATE_NODE_MAY_VANISH: 이 edge가 활성인 world에서도 중간 node가 없을 수 있음 (보장 안 되는 조건: J_HONG_17930613_JISE),조건부 중복: alternative_path_conditions가 모두 참인 world에서만 shortcut이 중복(그 world의 materialize 단계에서만 생략 가능); 42의 witness_world(논리적으로 가능한 world)에서는 이 edge 없이 from→to 도달 불가
TE0873,DN_EC0062,DN_J_JEONGJO_17930613_KIM_DEATH,TEMPORAL_BEFORE,active(DN_EC0062) ∧ active(DN_J_JEONGJO_17930613_KIM_DEATH),DATE_ONLY:COURT_ENTRY_DATE_ORDER,PRIMITIVE_EDGE,"DN_EC0062 → DN_J_HONG_17930613_JISE → DN_J_JEONGJO_17930613_KIM_DEATH [TE0869, TE0042]",TE0869:HARD(조건 없음); TE0042:HARD(조건 없음); active(DN_J_HONG_17930613_JISE):J_HONG_17930613_JISE = TRUE,INTERMEDIATE_NODE_MAY_VANISH: 이 edge가 활성인 world에서도 중간 node가 없을 수 있음 (보장 안 되는 조건: J_HONG_17930613_JISE),조건부 중복: alternative_path_conditions가 모두 참인 world에서만 shortcut이 중복(그 world의 materialize 단계에서만 생략 가능); 42의 witness_world(논리적으로 가능한 world)에서는 이 edge 없이 from→to 도달 불가
TE0874,DN_EC0062,DN_J_JEONGJO_17930613_THEFT,TEMPORAL_BEFORE,active(DN_EC0062) ∧ active(DN_J_JEONGJO_17930613_THEFT),DATE_ONLY:COURT_ENTRY_DATE_ORDER,PRIMITIVE_EDGE,"DN_EC0062 → DN_J_HONG_17930613_JISE → DN_J_JEONGJO_17930613_THEFT [TE0869, TE0041]",TE0869:HARD(조건 없음); TE0041:HARD(조건 없음); active(DN_J_HONG_17930613_JISE):J_HONG_17930613_JISE = TRUE,INTERMEDIATE_NODE_MAY_VANISH: 이 edge가 활성인 world에서도 중간 node가 없을 수 있음 (보장 안 되는 조건: J_HONG_17930613_JISE),조건부 중복: alternative_path_conditions가 모두 참인 world에서만 shortcut이 중복(그 world의 materialize 단계에서만 생략 가능); 42의 witness_world(논리적으로 가능한 world)에서는 이 edge 없이 from→to 도달 불가
TE0875,DN_EC0150,DN_EC0155,TEMPORAL_BEFORE,active(DN_EC0150) ∧ active(DN_EC0155),DATE_ONLY:COURT_ENTRY_DATE_ORDER,PRIMITIVE_EDGE,,,NO_ALTERNATIVE_PATH: 다른 보존 edge로 from→to path 없음,42의 witness_world에서 이 edge 없이 from→to 도달 불가 / endpoint가 SAME 후보: collapse된 class로 활성될 수 있어 그 endpoint의 활성 literal은 L(e)에서 제외
TE0876,DN_EC0151,DN_EC0155,TEMPORAL_BEFORE,active(DN_EC0151) ∧ active(DN_EC0155),DATE_ONLY:COURT_ENTRY_DATE_ORDER,PRIMITIVE_EDGE,,,NO_ALTERNATIVE_PATH: 다른 보존 edge로 from→to path 없음,42의 witness_world에서 이 edge 없이 from→to 도달 불가 / endpoint가 SAME 후보: collapse된 class로 활성될 수 있어 그 endpoint의 활성 literal은 L(e)에서 제외
TE0877,DN_EC0152,DN_EC0155,TEMPORAL_BEFORE,active(DN_EC0152) ∧ active(DN_EC0155),DATE_ONLY:COURT_ENTRY_DATE_ORDER,PRIMITIVE_EDGE,,,NO_ALTERNATIVE_PATH: 다른 보존 edge로 from→to path 없음,42의 witness_world에서 이 edge 없이 from→to 도달 불가
TE0878,DN_EC0153,DN_EC0155,TEMPORAL_BEFORE,active(DN_EC0153) ∧ active(DN_EC0155),DATE_ONLY:COURT_ENTRY_DATE_ORDER,PRIMITIVE_EDGE,,,NO_ALTERNATIVE_PATH: 다른 보존 edge로 from→to path 없음,42의 witness_world에서 이 edge 없이 from→to 도달 불가
TE0879,DN_J_HONG_17930528_JISE,DN_EC0061,TEMPORAL_BEFORE,active(DN_J_HONG_17930528_JISE) ∧ active(DN_EC0061),DATE_ONLY:COURT_ENTRY_DATE_ORDER,PRIMITIVE_EDGE,,,NO_ALTERNATIVE_PATH: 다른 보존 edge로 from→to path 없음,42의 witness_world에서 이 edge 없이 from→to 도달 불가
TE0880,DN_J_HONG_17930528_JISE,DN_EC0062,TEMPORAL_BEFORE,active(DN_J_HONG_17930528_JISE) ∧ active(DN_EC0062),DATE_ONLY:COURT_ENTRY_DATE_ORDER,PRIMITIVE_EDGE,"DN_J_HONG_17930528_JISE → DN_EC0061 → DN_EC0062 [TE0879, TE0025]",TE0879:HARD(조건 없음); TE0025:HARD(조건 없음); active(DN_EC0061):E_EC0061 = TRUE,INTERMEDIATE_NODE_MAY_VANISH: 이 edge가 활성인 world에서도 중간 node가 없을 수 있음 (보장 안 되는 조건: E_EC0061),조건부 중복: alternative_path_conditions가 모두 참인 world에서만 shortcut이 중복(그 world의 materialize 단계에서만 생략 가능); 42의 witness_world(논리적으로 가능한 world)에서는 이 edge 없이 from→to 도달 불가
TE0881,DN_J_HONG_17930528_JISE,DN_EC0150,TEMPORAL_BEFORE,active(DN_J_HONG_17930528_JISE) ∧ active(DN_EC0150),DATE_ONLY:COURT_ENTRY_DATE_ORDER,PRIMITIVE_EDGE,"DN_J_HONG_17930528_JISE → DN_EC0061 → DN_EC0150 [TE0879, TE0854]",TE0879:HARD(조건 없음); TE0854:HARD(조건 없음); active(DN_EC0061):E_EC0061 = TRUE,INTERMEDIATE_NODE_MAY_VANISH: 이 edge가 활성인 world에서도 중간 node가 없을 수 있음 (보장 안 되는 조건: E_EC0061),조건부 중복: alternative_path_conditions가 모두 참인 world에서만 shortcut이 중복(그 world의 materialize 단계에서만 생략 가능); 42의 witness_world(논리적으로 가능한 world)에서는 이 edge 없이 from→to 도달 불가 / endpoint가 SAME 후보: collapse된 class로 활성될 수 있어 그 endpoint의 활성 literal은 L(e)에서 제외
TE0882,DN_J_HONG_17930528_JISE,DN_EC0151,TEMPORAL_BEFORE,active(DN_J_HONG_17930528_JISE) ∧ active(DN_EC0151),DATE_ONLY:COURT_ENTRY_DATE_ORDER,PRIMITIVE_EDGE,"DN_J_HONG_17930528_JISE → DN_EC0061 → DN_EC0151 [TE0879, TE0855]",TE0879:HARD(조건 없음); TE0855:HARD(조건 없음); active(DN_EC0061):E_EC0061 = TRUE,INTERMEDIATE_NODE_MAY_VANISH: 이 edge가 활성인 world에서도 중간 node가 없을 수 있음 (보장 안 되는 조건: E_EC0061),조건부 중복: alternative_path_conditions가 모두 참인 world에서만 shortcut이 중복(그 world의 materialize 단계에서만 생략 가능); 42의 witness_world(논리적으로 가능한 world)에서는 이 edge 없이 from→to 도달 불가 / endpoint가 SAME 후보: collapse된 class로 활성될 수 있어 그 endpoint의 활성 literal은 L(e)에서 제외
TE0883,DN_J_HONG_17930528_JISE,DN_EC0152,TEMPORAL_BEFORE,active(DN_J_HONG_17930528_JISE) ∧ active(DN_EC0152),DATE_ONLY:COURT_ENTRY_DATE_ORDER,PRIMITIVE_EDGE,"DN_J_HONG_17930528_JISE → DN_EC0061 → DN_EC0152 [TE0879, TE0856]",TE0879:HARD(조건 없음); TE0856:HARD(조건 없음); active(DN_EC0061):E_EC0061 = TRUE,INTERMEDIATE_NODE_MAY_VANISH: 이 edge가 활성인 world에서도 중간 node가 없을 수 있음 (보장 안 되는 조건: E_EC0061),조건부 중복: alternative_path_conditions가 모두 참인 world에서만 shortcut이 중복(그 world의 materialize 단계에서만 생략 가능); 42의 witness_world(논리적으로 가능한 world)에서는 이 edge 없이 from→to 도달 불가
TE0884,DN_J_HONG_17930528_JISE,DN_EC0153,TEMPORAL_BEFORE,active(DN_J_HONG_17930528_JISE) ∧ active(DN_EC0153),DATE_ONLY:COURT_ENTRY_DATE_ORDER,PRIMITIVE_EDGE,"DN_J_HONG_17930528_JISE → DN_EC0061 → DN_EC0153 [TE0879, TE0857]",TE0879:HARD(조건 없음); TE0857:HARD(조건 없음); active(DN_EC0061):E_EC0061 = TRUE,INTERMEDIATE_NODE_MAY_VANISH: 이 edge가 활성인 world에서도 중간 node가 없을 수 있음 (보장 안 되는 조건: E_EC0061),조건부 중복: alternative_path_conditions가 모두 참인 world에서만 shortcut이 중복(그 world의 materialize 단계에서만 생략 가능); 42의 witness_world(논리적으로 가능한 world)에서는 이 edge 없이 from→to 도달 불가
TE0885,DN_J_HONG_17930528_JISE,DN_EC0154,TEMPORAL_BEFORE,active(DN_J_HONG_17930528_JISE) ∧ active(DN_EC0154),DATE_ONLY:COURT_ENTRY_DATE_ORDER,PRIMITIVE_EDGE,"DN_J_HONG_17930528_JISE → DN_EC0061 → DN_EC0154 [TE0879, TE0858]",TE0879:HARD(조건 없음); TE0858:HARD(조건 없음); active(DN_EC0061):E_EC0061 = TRUE,INTERMEDIATE_NODE_MAY_VANISH: 이 edge가 활성인 world에서도 중간 node가 없을 수 있음 (보장 안 되는 조건: E_EC0061),조건부 중복: alternative_path_conditions가 모두 참인 world에서만 shortcut이 중복(그 world의 materialize 단계에서만 생략 가능); 42의 witness_world(논리적으로 가능한 world)에서는 이 edge 없이 from→to 도달 불가
TE0886,DN_J_HONG_17930528_JISE,DN_EC0155,TEMPORAL_BEFORE,active(DN_J_HONG_17930528_JISE) ∧ active(DN_EC0155),DATE_ONLY:COURT_ENTRY_DATE_ORDER,PRIMITIVE_EDGE,"DN_J_HONG_17930528_JISE → DN_J_HONG_17930613_JISE → DN_EC0155 [TE0045, TE0892]",TE0045:HARD(조건 없음); TE0892:HARD(조건 없음); active(DN_J_HONG_17930613_JISE):J_HONG_17930613_JISE = TRUE,INTERMEDIATE_NODE_MAY_VANISH: 이 edge가 활성인 world에서도 중간 node가 없을 수 있음 (보장 안 되는 조건: J_HONG_17930613_JISE),조건부 중복: alternative_path_conditions가 모두 참인 world에서만 shortcut이 중복(그 world의 materialize 단계에서만 생략 가능); 42의 witness_world(논리적으로 가능한 world)에서는 이 edge 없이 from→to 도달 불가
TE0887,DN_J_HONG_17930528_JISE,DN_J_HONG_17930613_KIM_DEATH,TEMPORAL_BEFORE,active(DN_J_HONG_17930528_JISE) ∧ active(DN_J_HONG_17930613_KIM_DEATH),DATE_ONLY:COURT_ENTRY_DATE_ORDER,PRIMITIVE_EDGE,"DN_J_HONG_17930528_JISE → DN_EC0061 → DN_J_HONG_17930613_KIM_DEATH [TE0879, TE0032]",TE0879:HARD(조건 없음); TE0032:HARD(조건 없음); active(DN_EC0061):E_EC0061 = TRUE,INTERMEDIATE_NODE_MAY_VANISH: 이 edge가 활성인 world에서도 중간 node가 없을 수 있음 (보장 안 되는 조건: E_EC0061),조건부 중복: alternative_path_conditions가 모두 참인 world에서만 shortcut이 중복(그 world의 materialize 단계에서만 생략 가능); 42의 witness_world(논리적으로 가능한 world)에서는 이 edge 없이 from→to 도달 불가
TE0888,DN_J_HONG_17930528_JISE,DN_J_HONG_17930613_THEFT,TEMPORAL_BEFORE,active(DN_J_HONG_17930528_JISE) ∧ active(DN_J_HONG_17930613_THEFT),DATE_ONLY:COURT_ENTRY_DATE_ORDER,PRIMITIVE_EDGE,"DN_J_HONG_17930528_JISE → DN_EC0061 → DN_J_HONG_17930613_THEFT [TE0879, TE0026]",TE0879:HARD(조건 없음); TE0026:HARD(조건 없음); active(DN_EC0061):E_EC0061 = TRUE,INTERMEDIATE_NODE_MAY_VANISH: 이 edge가 활성인 world에서도 중간 node가 없을 수 있음 (보장 안 되는 조건: E_EC0061),조건부 중복: alternative_path_conditions가 모두 참인 world에서만 shortcut이 중복(그 world의 materialize 단계에서만 생략 가능); 42의 witness_world(논리적으로 가능한 world)에서는 이 edge 없이 from→to 도달 불가
TE0889,DN_J_HONG_17930528_JISE,DN_J_JEONGJO_17930613_JISE,TEMPORAL_BEFORE,active(DN_J_HONG_17930528_JISE) ∧ active(DN_J_JEONGJO_17930613_JISE),DATE_ONLY:COURT_ENTRY_DATE_ORDER,PRIMITIVE_EDGE,"DN_J_HONG_17930528_JISE → DN_J_HONG_17930613_JISE → DN_J_JEONGJO_17930613_JISE [TE0045, TE0043]",TE0045:HARD(조건 없음); TE0043:HARD(조건 없음); active(DN_J_HONG_17930613_JISE):J_HONG_17930613_JISE = TRUE,INTERMEDIATE_NODE_MAY_VANISH: 이 edge가 활성인 world에서도 중간 node가 없을 수 있음 (보장 안 되는 조건: J_HONG_17930613_JISE),조건부 중복: alternative_path_conditions가 모두 참인 world에서만 shortcut이 중복(그 world의 materialize 단계에서만 생략 가능); 42의 witness_world(논리적으로 가능한 world)에서는 이 edge 없이 from→to 도달 불가
TE0890,DN_J_HONG_17930528_JISE,DN_J_JEONGJO_17930613_KIM_DEATH,TEMPORAL_BEFORE,active(DN_J_HONG_17930528_JISE) ∧ active(DN_J_JEONGJO_17930613_KIM_DEATH),DATE_ONLY:COURT_ENTRY_DATE_ORDER,PRIMITIVE_EDGE,"DN_J_HONG_17930528_JISE → DN_J_HONG_17930613_JISE → DN_J_JEONGJO_17930613_KIM_DEATH [TE0045, TE0042]",TE0045:HARD(조건 없음); TE0042:HARD(조건 없음); active(DN_J_HONG_17930613_JISE):J_HONG_17930613_JISE = TRUE,INTERMEDIATE_NODE_MAY_VANISH: 이 edge가 활성인 world에서도 중간 node가 없을 수 있음 (보장 안 되는 조건: J_HONG_17930613_JISE),조건부 중복: alternative_path_conditions가 모두 참인 world에서만 shortcut이 중복(그 world의 materialize 단계에서만 생략 가능); 42의 witness_world(논리적으로 가능한 world)에서는 이 edge 없이 from→to 도달 불가
TE0891,DN_J_HONG_17930528_JISE,DN_J_JEONGJO_17930613_THEFT,TEMPORAL_BEFORE,active(DN_J_HONG_17930528_JISE) ∧ active(DN_J_JEONGJO_17930613_THEFT),DATE_ONLY:COURT_ENTRY_DATE_ORDER,PRIMITIVE_EDGE,"DN_J_HONG_17930528_JISE → DN_J_HONG_17930613_JISE → DN_J_JEONGJO_17930613_THEFT [TE0045, TE0041]",TE0045:HARD(조건 없음); TE0041:HARD(조건 없음); active(DN_J_HONG_17930613_JISE):J_HONG_17930613_JISE = TRUE,INTERMEDIATE_NODE_MAY_VANISH: 이 edge가 활성인 world에서도 중간 node가 없을 수 있음 (보장 안 되는 조건: J_HONG_17930613_JISE),조건부 중복: alternative_path_conditions가 모두 참인 world에서만 shortcut이 중복(그 world의 materialize 단계에서만 생략 가능); 42의 witness_world(논리적으로 가능한 world)에서는 이 edge 없이 from→to 도달 불가
TE0892,DN_J_HONG_17930613_JISE,DN_EC0155,TEMPORAL_BEFORE,active(DN_J_HONG_17930613_JISE) ∧ active(DN_EC0155),DATE_ONLY:COURT_ENTRY_DATE_ORDER,PRIMITIVE_EDGE,"DN_J_HONG_17930613_JISE → DN_J_JEONGJO_17930613_THEFT → DN_EC0155 [TE0041, TE0969]",TE0041:HARD(조건 없음); TE0969:HARD(조건 없음); active(DN_J_JEONGJO_17930613_THEFT):J_JEONGJO_17930613_THEFT = TRUE,INTERMEDIATE_NODE_MAY_VANISH: 이 edge가 활성인 world에서도 중간 node가 없을 수 있음 (보장 안 되는 조건: J_JEONGJO_17930613_THEFT),조건부 중복: alternative_path_conditions가 모두 참인 world에서만 shortcut이 중복(그 world의 materialize 단계에서만 생략 가능); 42의 witness_world(논리적으로 가능한 world)에서는 이 edge 없이 from→to 도달 불가
TE0893,DN_J_HONG_17930613_KIM_DEATH,DN_EC0155,TEMPORAL_BEFORE,active(DN_J_HONG_17930613_KIM_DEATH) ∧ active(DN_EC0155),DATE_ONLY:COURT_ENTRY_DATE_ORDER,PRIMITIVE_EDGE,"DN_J_HONG_17930613_KIM_DEATH → DN_J_JEONGJO_17930613_THEFT → DN_EC0155 [TE0035, TE0969]",TE0035:HARD(조건 없음); TE0969:HARD(조건 없음); active(DN_J_JEONGJO_17930613_THEFT):J_JEONGJO_17930613_THEFT = TRUE,INTERMEDIATE_NODE_MAY_VANISH: 이 edge가 활성인 world에서도 중간 node가 없을 수 있음 (보장 안 되는 조건: J_JEONGJO_17930613_THEFT),조건부 중복: alternative_path_conditions가 모두 참인 world에서만 shortcut이 중복(그 world의 materialize 단계에서만 생략 가능); 42의 witness_world(논리적으로 가능한 world)에서는 이 edge 없이 from→to 도달 불가
TE0894,DN_J_HONG_17930613_THEFT,DN_EC0155,TEMPORAL_BEFORE,active(DN_J_HONG_17930613_THEFT) ∧ active(DN_EC0155),DATE_ONLY:COURT_ENTRY_DATE_ORDER,PRIMITIVE_EDGE,"DN_J_HONG_17930613_THEFT → DN_J_JEONGJO_17930613_THEFT → DN_EC0155 [TE0029, TE0969]",TE0029:HARD(조건 없음); TE0969:HARD(조건 없음); active(DN_J_JEONGJO_17930613_THEFT):J_JEONGJO_17930613_THEFT = TRUE,INTERMEDIATE_NODE_MAY_VANISH: 이 edge가 활성인 world에서도 중간 node가 없을 수 있음 (보장 안 되는 조건: J_JEONGJO_17930613_THEFT),조건부 중복: alternative_path_conditions가 모두 참인 world에서만 shortcut이 중복(그 world의 materialize 단계에서만 생략 가능); 42의 witness_world(논리적으로 가능한 world)에서는 이 edge 없이 from→to 도달 불가
TE0895,DN_J_IJOWON_17930527_JISE,DN_EC0048,TEMPORAL_BEFORE,active(DN_J_IJOWON_17930527_JISE) ∧ active(DN_EC0048),DATE_ONLY:COURT_ENTRY_DATE_ORDER,PRIMITIVE_EDGE,,,NO_ALTERNATIVE_PATH: 다른 보존 edge로 from→to path 없음,42의 witness_world에서 이 edge 없이 from→to 도달 불가
TE0896,DN_J_IJOWON_17930527_JISE,DN_EC0049,TEMPORAL_BEFORE,active(DN_J_IJOWON_17930527_JISE) ∧ active(DN_EC0049),DATE_ONLY:COURT_ENTRY_DATE_ORDER,PRIMITIVE_EDGE,,,NO_ALTERNATIVE_PATH: 다른 보존 edge로 from→to path 없음,42의 witness_world에서 이 edge 없이 from→to 도달 불가
TE0897,DN_J_IJOWON_17930527_JISE,DN_EC0061,TEMPORAL_BEFORE,active(DN_J_IJOWON_17930527_JISE) ∧ active(DN_EC0061),DATE_ONLY:COURT_ENTRY_DATE_ORDER,PRIMITIVE_EDGE,"DN_J_IJOWON_17930527_JISE → DN_EC0048 → DN_EC0061 [TE0895, TE0832]",TE0895:HARD(조건 없음); TE0832:HARD(조건 없음); active(DN_EC0048):E_EC0048 = TRUE,INTERMEDIATE_NODE_MAY_VANISH: 이 edge가 활성인 world에서도 중간 node가 없을 수 있음 (보장 안 되는 조건: E_EC0048),조건부 중복: alternative_path_conditions가 모두 참인 world에서만 shortcut이 중복(그 world의 materialize 단계에서만 생략 가능); 42의 witness_world(논리적으로 가능한 world)에서는 이 edge 없이 from→to 도달 불가
TE0898,DN_J_IJOWON_17930527_JISE,DN_EC0062,TEMPORAL_BEFORE,active(DN_J_IJOWON_17930527_JISE) ∧ active(DN_EC0062),DATE_ONLY:COURT_ENTRY_DATE_ORDER,PRIMITIVE_EDGE,"DN_J_IJOWON_17930527_JISE → DN_EC0048 → DN_EC0062 [TE0895, TE0833]",TE0895:HARD(조건 없음); TE0833:HARD(조건 없음); active(DN_EC0048):E_EC0048 = TRUE,INTERMEDIATE_NODE_MAY_VANISH: 이 edge가 활성인 world에서도 중간 node가 없을 수 있음 (보장 안 되는 조건: E_EC0048),조건부 중복: alternative_path_conditions가 모두 참인 world에서만 shortcut이 중복(그 world의 materialize 단계에서만 생략 가능); 42의 witness_world(논리적으로 가능한 world)에서는 이 edge 없이 from→to 도달 불가
TE0899,DN_J_IJOWON_17930527_JISE,DN_EC0150,TEMPORAL_BEFORE,active(DN_J_IJOWON_17930527_JISE) ∧ active(DN_EC0150),DATE_ONLY:COURT_ENTRY_DATE_ORDER,PRIMITIVE_EDGE,"DN_J_IJOWON_17930527_JISE → DN_EC0048 → DN_EC0150 [TE0895, TE0834]",TE0895:HARD(조건 없음); TE0834:HARD(조건 없음); active(DN_EC0048):E_EC0048 = TRUE,INTERMEDIATE_NODE_MAY_VANISH: 이 edge가 활성인 world에서도 중간 node가 없을 수 있음 (보장 안 되는 조건: E_EC0048),조건부 중복: alternative_path_conditions가 모두 참인 world에서만 shortcut이 중복(그 world의 materialize 단계에서만 생략 가능); 42의 witness_world(논리적으로 가능한 world)에서는 이 edge 없이 from→to 도달 불가 / endpoint가 SAME 후보: collapse된 class로 활성될 수 있어 그 endpoint의 활성 literal은 L(e)에서 제외
TE0900,DN_J_IJOWON_17930527_JISE,DN_EC0151,TEMPORAL_BEFORE,active(DN_J_IJOWON_17930527_JISE) ∧ active(DN_EC0151),DATE_ONLY:COURT_ENTRY_DATE_ORDER,PRIMITIVE_EDGE,"DN_J_IJOWON_17930527_JISE → DN_EC0048 → DN_EC0151 [TE0895, TE0835]",TE0895:HARD(조건 없음); TE0835:HARD(조건 없음); active(DN_EC0048):E_EC0048 = TRUE,INTERMEDIATE_NODE_MAY_VANISH: 이 edge가 활성인 world에서도 중간 node가 없을 수 있음 (보장 안 되는 조건: E_EC0048),조건부 중복: alternative_path_conditions가 모두 참인 world에서만 shortcut이 중복(그 world의 materialize 단계에서만 생략 가능); 42의 witness_world(논리적으로 가능한 world)에서는 이 edge 없이 from→to 도달 불가 / endpoint가 SAME 후보: collapse된 class로 활성될 수 있어 그 endpoint의 활성 literal은 L(e)에서 제외
TE0901,DN_J_IJOWON_17930527_JISE,DN_EC0152,TEMPORAL_BEFORE,active(DN_J_IJOWON_17930527_JISE) ∧ active(DN_EC0152),DATE_ONLY:COURT_ENTRY_DATE_ORDER,PRIMITIVE_EDGE,"DN_J_IJOWON_17930527_JISE → DN_EC0048 → DN_EC0152 [TE0895, TE0836]",TE0895:HARD(조건 없음); TE0836:HARD(조건 없음); active(DN_EC0048):E_EC0048 = TRUE,INTERMEDIATE_NODE_MAY_VANISH: 이 edge가 활성인 world에서도 중간 node가 없을 수 있음 (보장 안 되는 조건: E_EC0048),조건부 중복: alternative_path_conditions가 모두 참인 world에서만 shortcut이 중복(그 world의 materialize 단계에서만 생략 가능); 42의 witness_world(논리적으로 가능한 world)에서는 이 edge 없이 from→to 도달 불가
TE0902,DN_J_IJOWON_17930527_JISE,DN_EC0153,TEMPORAL_BEFORE,active(DN_J_IJOWON_17930527_JISE) ∧ active(DN_EC0153),DATE_ONLY:COURT_ENTRY_DATE_ORDER,PRIMITIVE_EDGE,"DN_J_IJOWON_17930527_JISE → DN_EC0048 → DN_EC0153 [TE0895, TE0837]",TE0895:HARD(조건 없음); TE0837:HARD(조건 없음); active(DN_EC0048):E_EC0048 = TRUE,INTERMEDIATE_NODE_MAY_VANISH: 이 edge가 활성인 world에서도 중간 node가 없을 수 있음 (보장 안 되는 조건: E_EC0048),조건부 중복: alternative_path_conditions가 모두 참인 world에서만 shortcut이 중복(그 world의 materialize 단계에서만 생략 가능); 42의 witness_world(논리적으로 가능한 world)에서는 이 edge 없이 from→to 도달 불가
TE0903,DN_J_IJOWON_17930527_JISE,DN_EC0154,TEMPORAL_BEFORE,active(DN_J_IJOWON_17930527_JISE) ∧ active(DN_EC0154),DATE_ONLY:COURT_ENTRY_DATE_ORDER,PRIMITIVE_EDGE,"DN_J_IJOWON_17930527_JISE → DN_EC0048 → DN_EC0154 [TE0895, TE0838]",TE0895:HARD(조건 없음); TE0838:HARD(조건 없음); active(DN_EC0048):E_EC0048 = TRUE,INTERMEDIATE_NODE_MAY_VANISH: 이 edge가 활성인 world에서도 중간 node가 없을 수 있음 (보장 안 되는 조건: E_EC0048),조건부 중복: alternative_path_conditions가 모두 참인 world에서만 shortcut이 중복(그 world의 materialize 단계에서만 생략 가능); 42의 witness_world(논리적으로 가능한 world)에서는 이 edge 없이 from→to 도달 불가
TE0904,DN_J_IJOWON_17930527_JISE,DN_EC0155,TEMPORAL_BEFORE,active(DN_J_IJOWON_17930527_JISE) ∧ active(DN_EC0155),DATE_ONLY:COURT_ENTRY_DATE_ORDER,PRIMITIVE_EDGE,"DN_J_IJOWON_17930527_JISE → DN_EC0048 → DN_EC0155 [TE0895, TE0839]",TE0895:HARD(조건 없음); TE0839:HARD(조건 없음); active(DN_EC0048):E_EC0048 = TRUE,INTERMEDIATE_NODE_MAY_VANISH: 이 edge가 활성인 world에서도 중간 node가 없을 수 있음 (보장 안 되는 조건: E_EC0048),조건부 중복: alternative_path_conditions가 모두 참인 world에서만 shortcut이 중복(그 world의 materialize 단계에서만 생략 가능); 42의 witness_world(논리적으로 가능한 world)에서는 이 edge 없이 from→to 도달 불가
TE0905,DN_J_IJOWON_17930527_JISE,DN_J_HONG_17930528_JISE,TEMPORAL_BEFORE,active(DN_J_IJOWON_17930527_JISE) ∧ active(DN_J_HONG_17930528_JISE),DATE_ONLY:COURT_ENTRY_DATE_ORDER,PRIMITIVE_EDGE,,,NO_ALTERNATIVE_PATH: 다른 보존 edge로 from→to path 없음,42의 witness_world에서 이 edge 없이 from→to 도달 불가
TE0906,DN_J_IJOWON_17930527_JISE,DN_J_HONG_17930613_JISE,TEMPORAL_BEFORE,active(DN_J_IJOWON_17930527_JISE) ∧ active(DN_J_HONG_17930613_JISE),DATE_ONLY:COURT_ENTRY_DATE_ORDER,PRIMITIVE_EDGE,"DN_J_IJOWON_17930527_JISE → DN_EC0048 → DN_J_HONG_17930613_JISE [TE0895, TE0039]",TE0895:HARD(조건 없음); TE0039:HARD(조건 없음); active(DN_EC0048):E_EC0048 = TRUE,INTERMEDIATE_NODE_MAY_VANISH: 이 edge가 활성인 world에서도 중간 node가 없을 수 있음 (보장 안 되는 조건: E_EC0048),조건부 중복: alternative_path_conditions가 모두 참인 world에서만 shortcut이 중복(그 world의 materialize 단계에서만 생략 가능); 42의 witness_world(논리적으로 가능한 world)에서는 이 edge 없이 from→to 도달 불가
TE0907,DN_J_IJOWON_17930527_JISE,DN_J_HONG_17930613_KIM_DEATH,TEMPORAL_BEFORE,active(DN_J_IJOWON_17930527_JISE) ∧ active(DN_J_HONG_17930613_KIM_DEATH),DATE_ONLY:COURT_ENTRY_DATE_ORDER,PRIMITIVE_EDGE,"DN_J_IJOWON_17930527_JISE → DN_EC0048 → DN_J_HONG_17930613_KIM_DEATH [TE0895, TE0033]",TE0895:HARD(조건 없음); TE0033:HARD(조건 없음); active(DN_EC0048):E_EC0048 = TRUE,INTERMEDIATE_NODE_MAY_VANISH: 이 edge가 활성인 world에서도 중간 node가 없을 수 있음 (보장 안 되는 조건: E_EC0048),조건부 중복: alternative_path_conditions가 모두 참인 world에서만 shortcut이 중복(그 world의 materialize 단계에서만 생략 가능); 42의 witness_world(논리적으로 가능한 world)에서는 이 edge 없이 from→to 도달 불가
TE0908,DN_J_IJOWON_17930527_JISE,DN_J_HONG_17930613_THEFT,TEMPORAL_BEFORE,active(DN_J_IJOWON_17930527_JISE) ∧ active(DN_J_HONG_17930613_THEFT),DATE_ONLY:COURT_ENTRY_DATE_ORDER,PRIMITIVE_EDGE,"DN_J_IJOWON_17930527_JISE → DN_EC0048 → DN_J_HONG_17930613_THEFT [TE0895, TE0027]",TE0895:HARD(조건 없음); TE0027:HARD(조건 없음); active(DN_EC0048):E_EC0048 = TRUE,INTERMEDIATE_NODE_MAY_VANISH: 이 edge가 활성인 world에서도 중간 node가 없을 수 있음 (보장 안 되는 조건: E_EC0048),조건부 중복: alternative_path_conditions가 모두 참인 world에서만 shortcut이 중복(그 world의 materialize 단계에서만 생략 가능); 42의 witness_world(논리적으로 가능한 world)에서는 이 edge 없이 from→to 도달 불가
TE0909,DN_J_IJOWON_17930527_JISE,DN_J_JEONGJO_17930613_JISE,TEMPORAL_BEFORE,active(DN_J_IJOWON_17930527_JISE) ∧ active(DN_J_JEONGJO_17930613_JISE),DATE_ONLY:COURT_ENTRY_DATE_ORDER,PRIMITIVE_EDGE,"DN_J_IJOWON_17930527_JISE → DN_EC0048 → DN_J_JEONGJO_17930613_JISE [TE0895, TE0840]",TE0895:HARD(조건 없음); TE0840:HARD(조건 없음); active(DN_EC0048):E_EC0048 = TRUE,INTERMEDIATE_NODE_MAY_VANISH: 이 edge가 활성인 world에서도 중간 node가 없을 수 있음 (보장 안 되는 조건: E_EC0048),조건부 중복: alternative_path_conditions가 모두 참인 world에서만 shortcut이 중복(그 world의 materialize 단계에서만 생략 가능); 42의 witness_world(논리적으로 가능한 world)에서는 이 edge 없이 from→to 도달 불가
TE0910,DN_J_IJOWON_17930527_JISE,DN_J_JEONGJO_17930613_KIM_DEATH,TEMPORAL_BEFORE,active(DN_J_IJOWON_17930527_JISE) ∧ active(DN_J_JEONGJO_17930613_KIM_DEATH),DATE_ONLY:COURT_ENTRY_DATE_ORDER,PRIMITIVE_EDGE,"DN_J_IJOWON_17930527_JISE → DN_EC0048 → DN_J_JEONGJO_17930613_KIM_DEATH [TE0895, TE0841]",TE0895:HARD(조건 없음); TE0841:HARD(조건 없음); active(DN_EC0048):E_EC0048 = TRUE,INTERMEDIATE_NODE_MAY_VANISH: 이 edge가 활성인 world에서도 중간 node가 없을 수 있음 (보장 안 되는 조건: E_EC0048),조건부 중복: alternative_path_conditions가 모두 참인 world에서만 shortcut이 중복(그 world의 materialize 단계에서만 생략 가능); 42의 witness_world(논리적으로 가능한 world)에서는 이 edge 없이 from→to 도달 불가
TE0911,DN_J_IJOWON_17930527_JISE,DN_J_JEONGJO_17930613_THEFT,TEMPORAL_BEFORE,active(DN_J_IJOWON_17930527_JISE) ∧ active(DN_J_JEONGJO_17930613_THEFT),DATE_ONLY:COURT_ENTRY_DATE_ORDER,PRIMITIVE_EDGE,"DN_J_IJOWON_17930527_JISE → DN_EC0048 → DN_J_JEONGJO_17930613_THEFT [TE0895, TE0842]",TE0895:HARD(조건 없음); TE0842:HARD(조건 없음); active(DN_EC0048):E_EC0048 = TRUE,INTERMEDIATE_NODE_MAY_VANISH: 이 edge가 활성인 world에서도 중간 node가 없을 수 있음 (보장 안 되는 조건: E_EC0048),조건부 중복: alternative_path_conditions가 모두 참인 world에서만 shortcut이 중복(그 world의 materialize 단계에서만 생략 가능); 42의 witness_world(논리적으로 가능한 world)에서는 이 edge 없이 from→to 도달 불가
TE0912,DN_J_IJOWON_17930527_KIM_DEATH,DN_EC0048,TEMPORAL_BEFORE,active(DN_J_IJOWON_17930527_KIM_DEATH) ∧ active(DN_EC0048),DATE_ONLY:COURT_ENTRY_DATE_ORDER,PRIMITIVE_EDGE,,,NO_ALTERNATIVE_PATH: 다른 보존 edge로 from→to path 없음,42의 witness_world에서 이 edge 없이 from→to 도달 불가
TE0913,DN_J_IJOWON_17930527_KIM_DEATH,DN_EC0049,TEMPORAL_BEFORE,active(DN_J_IJOWON_17930527_KIM_DEATH) ∧ active(DN_EC0049),DATE_ONLY:COURT_ENTRY_DATE_ORDER,PRIMITIVE_EDGE,,,NO_ALTERNATIVE_PATH: 다른 보존 edge로 from→to path 없음,42의 witness_world에서 이 edge 없이 from→to 도달 불가
TE0914,DN_J_IJOWON_17930527_KIM_DEATH,DN_EC0061,TEMPORAL_BEFORE,active(DN_J_IJOWON_17930527_KIM_DEATH) ∧ active(DN_EC0061),DATE_ONLY:COURT_ENTRY_DATE_ORDER,PRIMITIVE_EDGE,"DN_J_IJOWON_17930527_KIM_DEATH → DN_EC0048 → DN_EC0061 [TE0912, TE0832]",TE0912:HARD(조건 없음); TE0832:HARD(조건 없음); active(DN_EC0048):E_EC0048 = TRUE,INTERMEDIATE_NODE_MAY_VANISH: 이 edge가 활성인 world에서도 중간 node가 없을 수 있음 (보장 안 되는 조건: E_EC0048),조건부 중복: alternative_path_conditions가 모두 참인 world에서만 shortcut이 중복(그 world의 materialize 단계에서만 생략 가능); 42의 witness_world(논리적으로 가능한 world)에서는 이 edge 없이 from→to 도달 불가
TE0915,DN_J_IJOWON_17930527_KIM_DEATH,DN_EC0062,TEMPORAL_BEFORE,active(DN_J_IJOWON_17930527_KIM_DEATH) ∧ active(DN_EC0062),DATE_ONLY:COURT_ENTRY_DATE_ORDER,PRIMITIVE_EDGE,"DN_J_IJOWON_17930527_KIM_DEATH → DN_EC0048 → DN_EC0062 [TE0912, TE0833]",TE0912:HARD(조건 없음); TE0833:HARD(조건 없음); active(DN_EC0048):E_EC0048 = TRUE,INTERMEDIATE_NODE_MAY_VANISH: 이 edge가 활성인 world에서도 중간 node가 없을 수 있음 (보장 안 되는 조건: E_EC0048),조건부 중복: alternative_path_conditions가 모두 참인 world에서만 shortcut이 중복(그 world의 materialize 단계에서만 생략 가능); 42의 witness_world(논리적으로 가능한 world)에서는 이 edge 없이 from→to 도달 불가
TE0916,DN_J_IJOWON_17930527_KIM_DEATH,DN_EC0150,TEMPORAL_BEFORE,active(DN_J_IJOWON_17930527_KIM_DEATH) ∧ active(DN_EC0150),DATE_ONLY:COURT_ENTRY_DATE_ORDER,PRIMITIVE_EDGE,"DN_J_IJOWON_17930527_KIM_DEATH → DN_EC0048 → DN_EC0150 [TE0912, TE0834]",TE0912:HARD(조건 없음); TE0834:HARD(조건 없음); active(DN_EC0048):E_EC0048 = TRUE,INTERMEDIATE_NODE_MAY_VANISH: 이 edge가 활성인 world에서도 중간 node가 없을 수 있음 (보장 안 되는 조건: E_EC0048),조건부 중복: alternative_path_conditions가 모두 참인 world에서만 shortcut이 중복(그 world의 materialize 단계에서만 생략 가능); 42의 witness_world(논리적으로 가능한 world)에서는 이 edge 없이 from→to 도달 불가 / endpoint가 SAME 후보: collapse된 class로 활성될 수 있어 그 endpoint의 활성 literal은 L(e)에서 제외
TE0917,DN_J_IJOWON_17930527_KIM_DEATH,DN_EC0151,TEMPORAL_BEFORE,active(DN_J_IJOWON_17930527_KIM_DEATH) ∧ active(DN_EC0151),DATE_ONLY:COURT_ENTRY_DATE_ORDER,PRIMITIVE_EDGE,"DN_J_IJOWON_17930527_KIM_DEATH → DN_EC0048 → DN_EC0151 [TE0912, TE0835]",TE0912:HARD(조건 없음); TE0835:HARD(조건 없음); active(DN_EC0048):E_EC0048 = TRUE,INTERMEDIATE_NODE_MAY_VANISH: 이 edge가 활성인 world에서도 중간 node가 없을 수 있음 (보장 안 되는 조건: E_EC0048),조건부 중복: alternative_path_conditions가 모두 참인 world에서만 shortcut이 중복(그 world의 materialize 단계에서만 생략 가능); 42의 witness_world(논리적으로 가능한 world)에서는 이 edge 없이 from→to 도달 불가 / endpoint가 SAME 후보: collapse된 class로 활성될 수 있어 그 endpoint의 활성 literal은 L(e)에서 제외
TE0918,DN_J_IJOWON_17930527_KIM_DEATH,DN_EC0152,TEMPORAL_BEFORE,active(DN_J_IJOWON_17930527_KIM_DEATH) ∧ active(DN_EC0152),DATE_ONLY:COURT_ENTRY_DATE_ORDER,PRIMITIVE_EDGE,"DN_J_IJOWON_17930527_KIM_DEATH → DN_EC0048 → DN_EC0152 [TE0912, TE0836]",TE0912:HARD(조건 없음); TE0836:HARD(조건 없음); active(DN_EC0048):E_EC0048 = TRUE,INTERMEDIATE_NODE_MAY_VANISH: 이 edge가 활성인 world에서도 중간 node가 없을 수 있음 (보장 안 되는 조건: E_EC0048),조건부 중복: alternative_path_conditions가 모두 참인 world에서만 shortcut이 중복(그 world의 materialize 단계에서만 생략 가능); 42의 witness_world(논리적으로 가능한 world)에서는 이 edge 없이 from→to 도달 불가
TE0919,DN_J_IJOWON_17930527_KIM_DEATH,DN_EC0153,TEMPORAL_BEFORE,active(DN_J_IJOWON_17930527_KIM_DEATH) ∧ active(DN_EC0153),DATE_ONLY:COURT_ENTRY_DATE_ORDER,PRIMITIVE_EDGE,"DN_J_IJOWON_17930527_KIM_DEATH → DN_EC0048 → DN_EC0153 [TE0912, TE0837]",TE0912:HARD(조건 없음); TE0837:HARD(조건 없음); active(DN_EC0048):E_EC0048 = TRUE,INTERMEDIATE_NODE_MAY_VANISH: 이 edge가 활성인 world에서도 중간 node가 없을 수 있음 (보장 안 되는 조건: E_EC0048),조건부 중복: alternative_path_conditions가 모두 참인 world에서만 shortcut이 중복(그 world의 materialize 단계에서만 생략 가능); 42의 witness_world(논리적으로 가능한 world)에서는 이 edge 없이 from→to 도달 불가
TE0920,DN_J_IJOWON_17930527_KIM_DEATH,DN_EC0154,TEMPORAL_BEFORE,active(DN_J_IJOWON_17930527_KIM_DEATH) ∧ active(DN_EC0154),DATE_ONLY:COURT_ENTRY_DATE_ORDER,PRIMITIVE_EDGE,"DN_J_IJOWON_17930527_KIM_DEATH → DN_EC0048 → DN_EC0154 [TE0912, TE0838]",TE0912:HARD(조건 없음); TE0838:HARD(조건 없음); active(DN_EC0048):E_EC0048 = TRUE,INTERMEDIATE_NODE_MAY_VANISH: 이 edge가 활성인 world에서도 중간 node가 없을 수 있음 (보장 안 되는 조건: E_EC0048),조건부 중복: alternative_path_conditions가 모두 참인 world에서만 shortcut이 중복(그 world의 materialize 단계에서만 생략 가능); 42의 witness_world(논리적으로 가능한 world)에서는 이 edge 없이 from→to 도달 불가
TE0921,DN_J_IJOWON_17930527_KIM_DEATH,DN_EC0155,TEMPORAL_BEFORE,active(DN_J_IJOWON_17930527_KIM_DEATH) ∧ active(DN_EC0155),DATE_ONLY:COURT_ENTRY_DATE_ORDER,PRIMITIVE_EDGE,"DN_J_IJOWON_17930527_KIM_DEATH → DN_EC0048 → DN_EC0155 [TE0912, TE0839]",TE0912:HARD(조건 없음); TE0839:HARD(조건 없음); active(DN_EC0048):E_EC0048 = TRUE,INTERMEDIATE_NODE_MAY_VANISH: 이 edge가 활성인 world에서도 중간 node가 없을 수 있음 (보장 안 되는 조건: E_EC0048),조건부 중복: alternative_path_conditions가 모두 참인 world에서만 shortcut이 중복(그 world의 materialize 단계에서만 생략 가능); 42의 witness_world(논리적으로 가능한 world)에서는 이 edge 없이 from→to 도달 불가
TE0922,DN_J_IJOWON_17930527_KIM_DEATH,DN_J_HONG_17930528_JISE,TEMPORAL_BEFORE,active(DN_J_IJOWON_17930527_KIM_DEATH) ∧ active(DN_J_HONG_17930528_JISE),DATE_ONLY:COURT_ENTRY_DATE_ORDER,PRIMITIVE_EDGE,,,NO_ALTERNATIVE_PATH: 다른 보존 edge로 from→to path 없음,42의 witness_world에서 이 edge 없이 from→to 도달 불가
TE0923,DN_J_IJOWON_17930527_KIM_DEATH,DN_J_HONG_17930613_JISE,TEMPORAL_BEFORE,active(DN_J_IJOWON_17930527_KIM_DEATH) ∧ active(DN_J_HONG_17930613_JISE),DATE_ONLY:COURT_ENTRY_DATE_ORDER,PRIMITIVE_EDGE,"DN_J_IJOWON_17930527_KIM_DEATH → DN_EC0048 → DN_J_HONG_17930613_JISE [TE0912, TE0039]",TE0912:HARD(조건 없음); TE0039:HARD(조건 없음); active(DN_EC0048):E_EC0048 = TRUE,INTERMEDIATE_NODE_MAY_VANISH: 이 edge가 활성인 world에서도 중간 node가 없을 수 있음 (보장 안 되는 조건: E_EC0048),조건부 중복: alternative_path_conditions가 모두 참인 world에서만 shortcut이 중복(그 world의 materialize 단계에서만 생략 가능); 42의 witness_world(논리적으로 가능한 world)에서는 이 edge 없이 from→to 도달 불가
TE0924,DN_J_IJOWON_17930527_KIM_DEATH,DN_J_HONG_17930613_KIM_DEATH,TEMPORAL_BEFORE,active(DN_J_IJOWON_17930527_KIM_DEATH) ∧ active(DN_J_HONG_17930613_KIM_DEATH),DATE_ONLY:COURT_ENTRY_DATE_ORDER,PRIMITIVE_EDGE,"DN_J_IJOWON_17930527_KIM_DEATH → DN_EC0048 → DN_J_HONG_17930613_KIM_DEATH [TE0912, TE0033]",TE0912:HARD(조건 없음); TE0033:HARD(조건 없음); active(DN_EC0048):E_EC0048 = TRUE,INTERMEDIATE_NODE_MAY_VANISH: 이 edge가 활성인 world에서도 중간 node가 없을 수 있음 (보장 안 되는 조건: E_EC0048),조건부 중복: alternative_path_conditions가 모두 참인 world에서만 shortcut이 중복(그 world의 materialize 단계에서만 생략 가능); 42의 witness_world(논리적으로 가능한 world)에서는 이 edge 없이 from→to 도달 불가
TE0925,DN_J_IJOWON_17930527_KIM_DEATH,DN_J_HONG_17930613_THEFT,TEMPORAL_BEFORE,active(DN_J_IJOWON_17930527_KIM_DEATH) ∧ active(DN_J_HONG_17930613_THEFT),DATE_ONLY:COURT_ENTRY_DATE_ORDER,PRIMITIVE_EDGE,"DN_J_IJOWON_17930527_KIM_DEATH → DN_EC0048 → DN_J_HONG_17930613_THEFT [TE0912, TE0027]",TE0912:HARD(조건 없음); TE0027:HARD(조건 없음); active(DN_EC0048):E_EC0048 = TRUE,INTERMEDIATE_NODE_MAY_VANISH: 이 edge가 활성인 world에서도 중간 node가 없을 수 있음 (보장 안 되는 조건: E_EC0048),조건부 중복: alternative_path_conditions가 모두 참인 world에서만 shortcut이 중복(그 world의 materialize 단계에서만 생략 가능); 42의 witness_world(논리적으로 가능한 world)에서는 이 edge 없이 from→to 도달 불가
TE0926,DN_J_IJOWON_17930527_KIM_DEATH,DN_J_JEONGJO_17930613_JISE,TEMPORAL_BEFORE,active(DN_J_IJOWON_17930527_KIM_DEATH) ∧ active(DN_J_JEONGJO_17930613_JISE),DATE_ONLY:COURT_ENTRY_DATE_ORDER,PRIMITIVE_EDGE,"DN_J_IJOWON_17930527_KIM_DEATH → DN_EC0048 → DN_J_JEONGJO_17930613_JISE [TE0912, TE0840]",TE0912:HARD(조건 없음); TE0840:HARD(조건 없음); active(DN_EC0048):E_EC0048 = TRUE,INTERMEDIATE_NODE_MAY_VANISH: 이 edge가 활성인 world에서도 중간 node가 없을 수 있음 (보장 안 되는 조건: E_EC0048),조건부 중복: alternative_path_conditions가 모두 참인 world에서만 shortcut이 중복(그 world의 materialize 단계에서만 생략 가능); 42의 witness_world(논리적으로 가능한 world)에서는 이 edge 없이 from→to 도달 불가
TE0927,DN_J_IJOWON_17930527_KIM_DEATH,DN_J_JEONGJO_17930613_KIM_DEATH,TEMPORAL_BEFORE,active(DN_J_IJOWON_17930527_KIM_DEATH) ∧ active(DN_J_JEONGJO_17930613_KIM_DEATH),DATE_ONLY:COURT_ENTRY_DATE_ORDER,PRIMITIVE_EDGE,"DN_J_IJOWON_17930527_KIM_DEATH → DN_EC0048 → DN_J_JEONGJO_17930613_KIM_DEATH [TE0912, TE0841]",TE0912:HARD(조건 없음); TE0841:HARD(조건 없음); active(DN_EC0048):E_EC0048 = TRUE,INTERMEDIATE_NODE_MAY_VANISH: 이 edge가 활성인 world에서도 중간 node가 없을 수 있음 (보장 안 되는 조건: E_EC0048),조건부 중복: alternative_path_conditions가 모두 참인 world에서만 shortcut이 중복(그 world의 materialize 단계에서만 생략 가능); 42의 witness_world(논리적으로 가능한 world)에서는 이 edge 없이 from→to 도달 불가
TE0928,DN_J_IJOWON_17930527_KIM_DEATH,DN_J_JEONGJO_17930613_THEFT,TEMPORAL_BEFORE,active(DN_J_IJOWON_17930527_KIM_DEATH) ∧ active(DN_J_JEONGJO_17930613_THEFT),DATE_ONLY:COURT_ENTRY_DATE_ORDER,PRIMITIVE_EDGE,"DN_J_IJOWON_17930527_KIM_DEATH → DN_EC0048 → DN_J_JEONGJO_17930613_THEFT [TE0912, TE0842]",TE0912:HARD(조건 없음); TE0842:HARD(조건 없음); active(DN_EC0048):E_EC0048 = TRUE,INTERMEDIATE_NODE_MAY_VANISH: 이 edge가 활성인 world에서도 중간 node가 없을 수 있음 (보장 안 되는 조건: E_EC0048),조건부 중복: alternative_path_conditions가 모두 참인 world에서만 shortcut이 중복(그 world의 materialize 단계에서만 생략 가능); 42의 witness_world(논리적으로 가능한 world)에서는 이 edge 없이 from→to 도달 불가
TE0929,DN_J_IJOWON_17930527_THEFT,DN_EC0048,TEMPORAL_BEFORE,active(DN_J_IJOWON_17930527_THEFT) ∧ active(DN_EC0048),DATE_ONLY:COURT_ENTRY_DATE_ORDER,PRIMITIVE_EDGE,,,NO_ALTERNATIVE_PATH: 다른 보존 edge로 from→to path 없음,42의 witness_world에서 이 edge 없이 from→to 도달 불가
TE0930,DN_J_IJOWON_17930527_THEFT,DN_EC0049,TEMPORAL_BEFORE,active(DN_J_IJOWON_17930527_THEFT) ∧ active(DN_EC0049),DATE_ONLY:COURT_ENTRY_DATE_ORDER,PRIMITIVE_EDGE,,,NO_ALTERNATIVE_PATH: 다른 보존 edge로 from→to path 없음,42의 witness_world에서 이 edge 없이 from→to 도달 불가
TE0931,DN_J_IJOWON_17930527_THEFT,DN_EC0061,TEMPORAL_BEFORE,active(DN_J_IJOWON_17930527_THEFT) ∧ active(DN_EC0061),DATE_ONLY:COURT_ENTRY_DATE_ORDER,PRIMITIVE_EDGE,"DN_J_IJOWON_17930527_THEFT → DN_EC0048 → DN_EC0061 [TE0929, TE0832]",TE0929:HARD(조건 없음); TE0832:HARD(조건 없음); active(DN_EC0048):E_EC0048 = TRUE,INTERMEDIATE_NODE_MAY_VANISH: 이 edge가 활성인 world에서도 중간 node가 없을 수 있음 (보장 안 되는 조건: E_EC0048),조건부 중복: alternative_path_conditions가 모두 참인 world에서만 shortcut이 중복(그 world의 materialize 단계에서만 생략 가능); 42의 witness_world(논리적으로 가능한 world)에서는 이 edge 없이 from→to 도달 불가
TE0932,DN_J_IJOWON_17930527_THEFT,DN_EC0062,TEMPORAL_BEFORE,active(DN_J_IJOWON_17930527_THEFT) ∧ active(DN_EC0062),DATE_ONLY:COURT_ENTRY_DATE_ORDER,PRIMITIVE_EDGE,"DN_J_IJOWON_17930527_THEFT → DN_EC0048 → DN_EC0062 [TE0929, TE0833]",TE0929:HARD(조건 없음); TE0833:HARD(조건 없음); active(DN_EC0048):E_EC0048 = TRUE,INTERMEDIATE_NODE_MAY_VANISH: 이 edge가 활성인 world에서도 중간 node가 없을 수 있음 (보장 안 되는 조건: E_EC0048),조건부 중복: alternative_path_conditions가 모두 참인 world에서만 shortcut이 중복(그 world의 materialize 단계에서만 생략 가능); 42의 witness_world(논리적으로 가능한 world)에서는 이 edge 없이 from→to 도달 불가
TE0933,DN_J_IJOWON_17930527_THEFT,DN_EC0150,TEMPORAL_BEFORE,active(DN_J_IJOWON_17930527_THEFT) ∧ active(DN_EC0150),DATE_ONLY:COURT_ENTRY_DATE_ORDER,PRIMITIVE_EDGE,"DN_J_IJOWON_17930527_THEFT → DN_EC0048 → DN_EC0150 [TE0929, TE0834]",TE0929:HARD(조건 없음); TE0834:HARD(조건 없음); active(DN_EC0048):E_EC0048 = TRUE,INTERMEDIATE_NODE_MAY_VANISH: 이 edge가 활성인 world에서도 중간 node가 없을 수 있음 (보장 안 되는 조건: E_EC0048),조건부 중복: alternative_path_conditions가 모두 참인 world에서만 shortcut이 중복(그 world의 materialize 단계에서만 생략 가능); 42의 witness_world(논리적으로 가능한 world)에서는 이 edge 없이 from→to 도달 불가 / endpoint가 SAME 후보: collapse된 class로 활성될 수 있어 그 endpoint의 활성 literal은 L(e)에서 제외
TE0934,DN_J_IJOWON_17930527_THEFT,DN_EC0151,TEMPORAL_BEFORE,active(DN_J_IJOWON_17930527_THEFT) ∧ active(DN_EC0151),DATE_ONLY:COURT_ENTRY_DATE_ORDER,PRIMITIVE_EDGE,"DN_J_IJOWON_17930527_THEFT → DN_EC0048 → DN_EC0151 [TE0929, TE0835]",TE0929:HARD(조건 없음); TE0835:HARD(조건 없음); active(DN_EC0048):E_EC0048 = TRUE,INTERMEDIATE_NODE_MAY_VANISH: 이 edge가 활성인 world에서도 중간 node가 없을 수 있음 (보장 안 되는 조건: E_EC0048),조건부 중복: alternative_path_conditions가 모두 참인 world에서만 shortcut이 중복(그 world의 materialize 단계에서만 생략 가능); 42의 witness_world(논리적으로 가능한 world)에서는 이 edge 없이 from→to 도달 불가 / endpoint가 SAME 후보: collapse된 class로 활성될 수 있어 그 endpoint의 활성 literal은 L(e)에서 제외
TE0935,DN_J_IJOWON_17930527_THEFT,DN_EC0152,TEMPORAL_BEFORE,active(DN_J_IJOWON_17930527_THEFT) ∧ active(DN_EC0152),DATE_ONLY:COURT_ENTRY_DATE_ORDER,PRIMITIVE_EDGE,"DN_J_IJOWON_17930527_THEFT → DN_EC0048 → DN_EC0152 [TE0929, TE0836]",TE0929:HARD(조건 없음); TE0836:HARD(조건 없음); active(DN_EC0048):E_EC0048 = TRUE,INTERMEDIATE_NODE_MAY_VANISH: 이 edge가 활성인 world에서도 중간 node가 없을 수 있음 (보장 안 되는 조건: E_EC0048),조건부 중복: alternative_path_conditions가 모두 참인 world에서만 shortcut이 중복(그 world의 materialize 단계에서만 생략 가능); 42의 witness_world(논리적으로 가능한 world)에서는 이 edge 없이 from→to 도달 불가
TE0936,DN_J_IJOWON_17930527_THEFT,DN_EC0153,TEMPORAL_BEFORE,active(DN_J_IJOWON_17930527_THEFT) ∧ active(DN_EC0153),DATE_ONLY:COURT_ENTRY_DATE_ORDER,PRIMITIVE_EDGE,"DN_J_IJOWON_17930527_THEFT → DN_EC0048 → DN_EC0153 [TE0929, TE0837]",TE0929:HARD(조건 없음); TE0837:HARD(조건 없음); active(DN_EC0048):E_EC0048 = TRUE,INTERMEDIATE_NODE_MAY_VANISH: 이 edge가 활성인 world에서도 중간 node가 없을 수 있음 (보장 안 되는 조건: E_EC0048),조건부 중복: alternative_path_conditions가 모두 참인 world에서만 shortcut이 중복(그 world의 materialize 단계에서만 생략 가능); 42의 witness_world(논리적으로 가능한 world)에서는 이 edge 없이 from→to 도달 불가
TE0937,DN_J_IJOWON_17930527_THEFT,DN_EC0154,TEMPORAL_BEFORE,active(DN_J_IJOWON_17930527_THEFT) ∧ active(DN_EC0154),DATE_ONLY:COURT_ENTRY_DATE_ORDER,PRIMITIVE_EDGE,"DN_J_IJOWON_17930527_THEFT → DN_EC0048 → DN_EC0154 [TE0929, TE0838]",TE0929:HARD(조건 없음); TE0838:HARD(조건 없음); active(DN_EC0048):E_EC0048 = TRUE,INTERMEDIATE_NODE_MAY_VANISH: 이 edge가 활성인 world에서도 중간 node가 없을 수 있음 (보장 안 되는 조건: E_EC0048),조건부 중복: alternative_path_conditions가 모두 참인 world에서만 shortcut이 중복(그 world의 materialize 단계에서만 생략 가능); 42의 witness_world(논리적으로 가능한 world)에서는 이 edge 없이 from→to 도달 불가
TE0938,DN_J_IJOWON_17930527_THEFT,DN_EC0155,TEMPORAL_BEFORE,active(DN_J_IJOWON_17930527_THEFT) ∧ active(DN_EC0155),DATE_ONLY:COURT_ENTRY_DATE_ORDER,PRIMITIVE_EDGE,"DN_J_IJOWON_17930527_THEFT → DN_EC0048 → DN_EC0155 [TE0929, TE0839]",TE0929:HARD(조건 없음); TE0839:HARD(조건 없음); active(DN_EC0048):E_EC0048 = TRUE,INTERMEDIATE_NODE_MAY_VANISH: 이 edge가 활성인 world에서도 중간 node가 없을 수 있음 (보장 안 되는 조건: E_EC0048),조건부 중복: alternative_path_conditions가 모두 참인 world에서만 shortcut이 중복(그 world의 materialize 단계에서만 생략 가능); 42의 witness_world(논리적으로 가능한 world)에서는 이 edge 없이 from→to 도달 불가
TE0939,DN_J_IJOWON_17930527_THEFT,DN_J_HONG_17930528_JISE,TEMPORAL_BEFORE,active(DN_J_IJOWON_17930527_THEFT) ∧ active(DN_J_HONG_17930528_JISE),DATE_ONLY:COURT_ENTRY_DATE_ORDER,PRIMITIVE_EDGE,,,NO_ALTERNATIVE_PATH: 다른 보존 edge로 from→to path 없음,42의 witness_world에서 이 edge 없이 from→to 도달 불가
TE0940,DN_J_IJOWON_17930527_THEFT,DN_J_HONG_17930613_JISE,TEMPORAL_BEFORE,active(DN_J_IJOWON_17930527_THEFT) ∧ active(DN_J_HONG_17930613_JISE),DATE_ONLY:COURT_ENTRY_DATE_ORDER,PRIMITIVE_EDGE,"DN_J_IJOWON_17930527_THEFT → DN_EC0048 → DN_J_HONG_17930613_JISE [TE0929, TE0039]",TE0929:HARD(조건 없음); TE0039:HARD(조건 없음); active(DN_EC0048):E_EC0048 = TRUE,INTERMEDIATE_NODE_MAY_VANISH: 이 edge가 활성인 world에서도 중간 node가 없을 수 있음 (보장 안 되는 조건: E_EC0048),조건부 중복: alternative_path_conditions가 모두 참인 world에서만 shortcut이 중복(그 world의 materialize 단계에서만 생략 가능); 42의 witness_world(논리적으로 가능한 world)에서는 이 edge 없이 from→to 도달 불가
TE0941,DN_J_IJOWON_17930527_THEFT,DN_J_HONG_17930613_KIM_DEATH,TEMPORAL_BEFORE,active(DN_J_IJOWON_17930527_THEFT) ∧ active(DN_J_HONG_17930613_KIM_DEATH),DATE_ONLY:COURT_ENTRY_DATE_ORDER,PRIMITIVE_EDGE,"DN_J_IJOWON_17930527_THEFT → DN_EC0048 → DN_J_HONG_17930613_KIM_DEATH [TE0929, TE0033]",TE0929:HARD(조건 없음); TE0033:HARD(조건 없음); active(DN_EC0048):E_EC0048 = TRUE,INTERMEDIATE_NODE_MAY_VANISH: 이 edge가 활성인 world에서도 중간 node가 없을 수 있음 (보장 안 되는 조건: E_EC0048),조건부 중복: alternative_path_conditions가 모두 참인 world에서만 shortcut이 중복(그 world의 materialize 단계에서만 생략 가능); 42의 witness_world(논리적으로 가능한 world)에서는 이 edge 없이 from→to 도달 불가
TE0942,DN_J_IJOWON_17930527_THEFT,DN_J_HONG_17930613_THEFT,TEMPORAL_BEFORE,active(DN_J_IJOWON_17930527_THEFT) ∧ active(DN_J_HONG_17930613_THEFT),DATE_ONLY:COURT_ENTRY_DATE_ORDER,PRIMITIVE_EDGE,"DN_J_IJOWON_17930527_THEFT → DN_EC0048 → DN_J_HONG_17930613_THEFT [TE0929, TE0027]",TE0929:HARD(조건 없음); TE0027:HARD(조건 없음); active(DN_EC0048):E_EC0048 = TRUE,INTERMEDIATE_NODE_MAY_VANISH: 이 edge가 활성인 world에서도 중간 node가 없을 수 있음 (보장 안 되는 조건: E_EC0048),조건부 중복: alternative_path_conditions가 모두 참인 world에서만 shortcut이 중복(그 world의 materialize 단계에서만 생략 가능); 42의 witness_world(논리적으로 가능한 world)에서는 이 edge 없이 from→to 도달 불가
TE0943,DN_J_IJOWON_17930527_THEFT,DN_J_JEONGJO_17930613_JISE,TEMPORAL_BEFORE,active(DN_J_IJOWON_17930527_THEFT) ∧ active(DN_J_JEONGJO_17930613_JISE),DATE_ONLY:COURT_ENTRY_DATE_ORDER,PRIMITIVE_EDGE,"DN_J_IJOWON_17930527_THEFT → DN_EC0048 → DN_J_JEONGJO_17930613_JISE [TE0929, TE0840]",TE0929:HARD(조건 없음); TE0840:HARD(조건 없음); active(DN_EC0048):E_EC0048 = TRUE,INTERMEDIATE_NODE_MAY_VANISH: 이 edge가 활성인 world에서도 중간 node가 없을 수 있음 (보장 안 되는 조건: E_EC0048),조건부 중복: alternative_path_conditions가 모두 참인 world에서만 shortcut이 중복(그 world의 materialize 단계에서만 생략 가능); 42의 witness_world(논리적으로 가능한 world)에서는 이 edge 없이 from→to 도달 불가
TE0944,DN_J_IJOWON_17930527_THEFT,DN_J_JEONGJO_17930613_KIM_DEATH,TEMPORAL_BEFORE,active(DN_J_IJOWON_17930527_THEFT) ∧ active(DN_J_JEONGJO_17930613_KIM_DEATH),DATE_ONLY:COURT_ENTRY_DATE_ORDER,PRIMITIVE_EDGE,"DN_J_IJOWON_17930527_THEFT → DN_EC0048 → DN_J_JEONGJO_17930613_KIM_DEATH [TE0929, TE0841]",TE0929:HARD(조건 없음); TE0841:HARD(조건 없음); active(DN_EC0048):E_EC0048 = TRUE,INTERMEDIATE_NODE_MAY_VANISH: 이 edge가 활성인 world에서도 중간 node가 없을 수 있음 (보장 안 되는 조건: E_EC0048),조건부 중복: alternative_path_conditions가 모두 참인 world에서만 shortcut이 중복(그 world의 materialize 단계에서만 생략 가능); 42의 witness_world(논리적으로 가능한 world)에서는 이 edge 없이 from→to 도달 불가
TE0945,DN_J_IJOWON_17930527_THEFT,DN_J_JEONGJO_17930613_THEFT,TEMPORAL_BEFORE,active(DN_J_IJOWON_17930527_THEFT) ∧ active(DN_J_JEONGJO_17930613_THEFT),DATE_ONLY:COURT_ENTRY_DATE_ORDER,PRIMITIVE_EDGE,"DN_J_IJOWON_17930527_THEFT → DN_EC0048 → DN_J_JEONGJO_17930613_THEFT [TE0929, TE0842]",TE0929:HARD(조건 없음); TE0842:HARD(조건 없음); active(DN_EC0048):E_EC0048 = TRUE,INTERMEDIATE_NODE_MAY_VANISH: 이 edge가 활성인 world에서도 중간 node가 없을 수 있음 (보장 안 되는 조건: E_EC0048),조건부 중복: alternative_path_conditions가 모두 참인 world에서만 shortcut이 중복(그 world의 materialize 단계에서만 생략 가능); 42의 witness_world(논리적으로 가능한 world)에서는 이 edge 없이 from→to 도달 불가
TE0946,DN_J_JEONGJO_17930512_THEFT,DN_EC0044,TEMPORAL_BEFORE,active(DN_J_JEONGJO_17930512_THEFT) ∧ active(DN_EC0044),DATE_ONLY:COURT_ENTRY_DATE_ORDER,PRIMITIVE_EDGE,,,NO_ALTERNATIVE_PATH: 다른 보존 edge로 from→to path 없음,42의 witness_world에서 이 edge 없이 from→to 도달 불가
TE0947,DN_J_JEONGJO_17930512_THEFT,DN_EC0045,TEMPORAL_BEFORE,active(DN_J_JEONGJO_17930512_THEFT) ∧ active(DN_EC0045),DATE_ONLY:COURT_ENTRY_DATE_ORDER,PRIMITIVE_EDGE,,,NO_ALTERNATIVE_PATH: 다른 보존 edge로 from→to path 없음,42의 witness_world에서 이 edge 없이 from→to 도달 불가
TE0948,DN_J_JEONGJO_17930512_THEFT,DN_EC0048,TEMPORAL_BEFORE,active(DN_J_JEONGJO_17930512_THEFT) ∧ active(DN_EC0048),DATE_ONLY:COURT_ENTRY_DATE_ORDER,PRIMITIVE_EDGE,"DN_J_JEONGJO_17930512_THEFT → DN_EC0044 → DN_EC0048 [TE0946, TE0798]",TE0946:HARD(조건 없음); TE0798:HARD(조건 없음); active(DN_EC0044):E_EC0044 = TRUE,INTERMEDIATE_NODE_MAY_VANISH: 이 edge가 활성인 world에서도 중간 node가 없을 수 있음 (보장 안 되는 조건: E_EC0044),조건부 중복: alternative_path_conditions가 모두 참인 world에서만 shortcut이 중복(그 world의 materialize 단계에서만 생략 가능); 42의 witness_world(논리적으로 가능한 world)에서는 이 edge 없이 from→to 도달 불가
TE0949,DN_J_JEONGJO_17930512_THEFT,DN_EC0049,TEMPORAL_BEFORE,active(DN_J_JEONGJO_17930512_THEFT) ∧ active(DN_EC0049),DATE_ONLY:COURT_ENTRY_DATE_ORDER,PRIMITIVE_EDGE,"DN_J_JEONGJO_17930512_THEFT → DN_EC0044 → DN_EC0049 [TE0946, TE0799]",TE0946:HARD(조건 없음); TE0799:HARD(조건 없음); active(DN_EC0044):E_EC0044 = TRUE,INTERMEDIATE_NODE_MAY_VANISH: 이 edge가 활성인 world에서도 중간 node가 없을 수 있음 (보장 안 되는 조건: E_EC0044),조건부 중복: alternative_path_conditions가 모두 참인 world에서만 shortcut이 중복(그 world의 materialize 단계에서만 생략 가능); 42의 witness_world(논리적으로 가능한 world)에서는 이 edge 없이 from→to 도달 불가
TE0950,DN_J_JEONGJO_17930512_THEFT,DN_EC0061,TEMPORAL_BEFORE,active(DN_J_JEONGJO_17930512_THEFT) ∧ active(DN_EC0061),DATE_ONLY:COURT_ENTRY_DATE_ORDER,PRIMITIVE_EDGE,"DN_J_JEONGJO_17930512_THEFT → DN_EC0044 → DN_EC0061 [TE0946, TE0800]",TE0946:HARD(조건 없음); TE0800:HARD(조건 없음); active(DN_EC0044):E_EC0044 = TRUE,INTERMEDIATE_NODE_MAY_VANISH: 이 edge가 활성인 world에서도 중간 node가 없을 수 있음 (보장 안 되는 조건: E_EC0044),조건부 중복: alternative_path_conditions가 모두 참인 world에서만 shortcut이 중복(그 world의 materialize 단계에서만 생략 가능); 42의 witness_world(논리적으로 가능한 world)에서는 이 edge 없이 from→to 도달 불가
TE0951,DN_J_JEONGJO_17930512_THEFT,DN_EC0062,TEMPORAL_BEFORE,active(DN_J_JEONGJO_17930512_THEFT) ∧ active(DN_EC0062),DATE_ONLY:COURT_ENTRY_DATE_ORDER,PRIMITIVE_EDGE,"DN_J_JEONGJO_17930512_THEFT → DN_EC0044 → DN_EC0062 [TE0946, TE0801]",TE0946:HARD(조건 없음); TE0801:HARD(조건 없음); active(DN_EC0044):E_EC0044 = TRUE,INTERMEDIATE_NODE_MAY_VANISH: 이 edge가 활성인 world에서도 중간 node가 없을 수 있음 (보장 안 되는 조건: E_EC0044),조건부 중복: alternative_path_conditions가 모두 참인 world에서만 shortcut이 중복(그 world의 materialize 단계에서만 생략 가능); 42의 witness_world(논리적으로 가능한 world)에서는 이 edge 없이 from→to 도달 불가
TE0952,DN_J_JEONGJO_17930512_THEFT,DN_EC0150,TEMPORAL_BEFORE,active(DN_J_JEONGJO_17930512_THEFT) ∧ active(DN_EC0150),DATE_ONLY:COURT_ENTRY_DATE_ORDER,PRIMITIVE_EDGE,"DN_J_JEONGJO_17930512_THEFT → DN_EC0044 → DN_EC0150 [TE0946, TE0802]",TE0946:HARD(조건 없음); TE0802:HARD(조건 없음); active(DN_EC0044):E_EC0044 = TRUE,INTERMEDIATE_NODE_MAY_VANISH: 이 edge가 활성인 world에서도 중간 node가 없을 수 있음 (보장 안 되는 조건: E_EC0044),조건부 중복: alternative_path_conditions가 모두 참인 world에서만 shortcut이 중복(그 world의 materialize 단계에서만 생략 가능); 42의 witness_world(논리적으로 가능한 world)에서는 이 edge 없이 from→to 도달 불가 / endpoint가 SAME 후보: collapse된 class로 활성될 수 있어 그 endpoint의 활성 literal은 L(e)에서 제외
TE0953,DN_J_JEONGJO_17930512_THEFT,DN_EC0151,TEMPORAL_BEFORE,active(DN_J_JEONGJO_17930512_THEFT) ∧ active(DN_EC0151),DATE_ONLY:COURT_ENTRY_DATE_ORDER,PRIMITIVE_EDGE,"DN_J_JEONGJO_17930512_THEFT → DN_EC0044 → DN_EC0151 [TE0946, TE0803]",TE0946:HARD(조건 없음); TE0803:HARD(조건 없음); active(DN_EC0044):E_EC0044 = TRUE,INTERMEDIATE_NODE_MAY_VANISH: 이 edge가 활성인 world에서도 중간 node가 없을 수 있음 (보장 안 되는 조건: E_EC0044),조건부 중복: alternative_path_conditions가 모두 참인 world에서만 shortcut이 중복(그 world의 materialize 단계에서만 생략 가능); 42의 witness_world(논리적으로 가능한 world)에서는 이 edge 없이 from→to 도달 불가 / endpoint가 SAME 후보: collapse된 class로 활성될 수 있어 그 endpoint의 활성 literal은 L(e)에서 제외
TE0954,DN_J_JEONGJO_17930512_THEFT,DN_EC0152,TEMPORAL_BEFORE,active(DN_J_JEONGJO_17930512_THEFT) ∧ active(DN_EC0152),DATE_ONLY:COURT_ENTRY_DATE_ORDER,PRIMITIVE_EDGE,"DN_J_JEONGJO_17930512_THEFT → DN_EC0044 → DN_EC0152 [TE0946, TE0804]",TE0946:HARD(조건 없음); TE0804:HARD(조건 없음); active(DN_EC0044):E_EC0044 = TRUE,INTERMEDIATE_NODE_MAY_VANISH: 이 edge가 활성인 world에서도 중간 node가 없을 수 있음 (보장 안 되는 조건: E_EC0044),조건부 중복: alternative_path_conditions가 모두 참인 world에서만 shortcut이 중복(그 world의 materialize 단계에서만 생략 가능); 42의 witness_world(논리적으로 가능한 world)에서는 이 edge 없이 from→to 도달 불가
TE0955,DN_J_JEONGJO_17930512_THEFT,DN_EC0153,TEMPORAL_BEFORE,active(DN_J_JEONGJO_17930512_THEFT) ∧ active(DN_EC0153),DATE_ONLY:COURT_ENTRY_DATE_ORDER,PRIMITIVE_EDGE,"DN_J_JEONGJO_17930512_THEFT → DN_EC0044 → DN_EC0153 [TE0946, TE0805]",TE0946:HARD(조건 없음); TE0805:HARD(조건 없음); active(DN_EC0044):E_EC0044 = TRUE,INTERMEDIATE_NODE_MAY_VANISH: 이 edge가 활성인 world에서도 중간 node가 없을 수 있음 (보장 안 되는 조건: E_EC0044),조건부 중복: alternative_path_conditions가 모두 참인 world에서만 shortcut이 중복(그 world의 materialize 단계에서만 생략 가능); 42의 witness_world(논리적으로 가능한 world)에서는 이 edge 없이 from→to 도달 불가
TE0956,DN_J_JEONGJO_17930512_THEFT,DN_EC0154,TEMPORAL_BEFORE,active(DN_J_JEONGJO_17930512_THEFT) ∧ active(DN_EC0154),DATE_ONLY:COURT_ENTRY_DATE_ORDER,PRIMITIVE_EDGE,"DN_J_JEONGJO_17930512_THEFT → DN_EC0044 → DN_EC0154 [TE0946, TE0806]",TE0946:HARD(조건 없음); TE0806:HARD(조건 없음); active(DN_EC0044):E_EC0044 = TRUE,INTERMEDIATE_NODE_MAY_VANISH: 이 edge가 활성인 world에서도 중간 node가 없을 수 있음 (보장 안 되는 조건: E_EC0044),조건부 중복: alternative_path_conditions가 모두 참인 world에서만 shortcut이 중복(그 world의 materialize 단계에서만 생략 가능); 42의 witness_world(논리적으로 가능한 world)에서는 이 edge 없이 from→to 도달 불가
TE0957,DN_J_JEONGJO_17930512_THEFT,DN_EC0155,TEMPORAL_BEFORE,active(DN_J_JEONGJO_17930512_THEFT) ∧ active(DN_EC0155),DATE_ONLY:COURT_ENTRY_DATE_ORDER,PRIMITIVE_EDGE,"DN_J_JEONGJO_17930512_THEFT → DN_J_JEONGJO_17930613_THEFT → DN_EC0155 [TE0044, TE0969]",TE0044:HARD(조건 없음); TE0969:HARD(조건 없음); active(DN_J_JEONGJO_17930613_THEFT):J_JEONGJO_17930613_THEFT = TRUE,INTERMEDIATE_NODE_MAY_VANISH: 이 edge가 활성인 world에서도 중간 node가 없을 수 있음 (보장 안 되는 조건: J_JEONGJO_17930613_THEFT),조건부 중복: alternative_path_conditions가 모두 참인 world에서만 shortcut이 중복(그 world의 materialize 단계에서만 생략 가능); 42의 witness_world(논리적으로 가능한 world)에서는 이 edge 없이 from→to 도달 불가
TE0958,DN_J_JEONGJO_17930512_THEFT,DN_J_HONG_17930528_JISE,TEMPORAL_BEFORE,active(DN_J_JEONGJO_17930512_THEFT) ∧ active(DN_J_HONG_17930528_JISE),DATE_ONLY:COURT_ENTRY_DATE_ORDER,PRIMITIVE_EDGE,"DN_J_JEONGJO_17930512_THEFT → DN_EC0044 → DN_J_HONG_17930528_JISE [TE0946, TE0808]",TE0946:HARD(조건 없음); TE0808:HARD(조건 없음); active(DN_EC0044):E_EC0044 = TRUE,INTERMEDIATE_NODE_MAY_VANISH: 이 edge가 활성인 world에서도 중간 node가 없을 수 있음 (보장 안 되는 조건: E_EC0044),조건부 중복: alternative_path_conditions가 모두 참인 world에서만 shortcut이 중복(그 world의 materialize 단계에서만 생략 가능); 42의 witness_world(논리적으로 가능한 world)에서는 이 edge 없이 from→to 도달 불가
TE0959,DN_J_JEONGJO_17930512_THEFT,DN_J_HONG_17930613_JISE,TEMPORAL_BEFORE,active(DN_J_JEONGJO_17930512_THEFT) ∧ active(DN_J_HONG_17930613_JISE),DATE_ONLY:COURT_ENTRY_DATE_ORDER,PRIMITIVE_EDGE,"DN_J_JEONGJO_17930512_THEFT → DN_EC0044 → DN_J_HONG_17930613_JISE [TE0946, TE0809]",TE0946:HARD(조건 없음); TE0809:HARD(조건 없음); active(DN_EC0044):E_EC0044 = TRUE,INTERMEDIATE_NODE_MAY_VANISH: 이 edge가 활성인 world에서도 중간 node가 없을 수 있음 (보장 안 되는 조건: E_EC0044),조건부 중복: alternative_path_conditions가 모두 참인 world에서만 shortcut이 중복(그 world의 materialize 단계에서만 생략 가능); 42의 witness_world(논리적으로 가능한 world)에서는 이 edge 없이 from→to 도달 불가
TE0960,DN_J_JEONGJO_17930512_THEFT,DN_J_HONG_17930613_KIM_DEATH,TEMPORAL_BEFORE,active(DN_J_JEONGJO_17930512_THEFT) ∧ active(DN_J_HONG_17930613_KIM_DEATH),DATE_ONLY:COURT_ENTRY_DATE_ORDER,PRIMITIVE_EDGE,"DN_J_JEONGJO_17930512_THEFT → DN_EC0044 → DN_J_HONG_17930613_KIM_DEATH [TE0946, TE0810]",TE0946:HARD(조건 없음); TE0810:HARD(조건 없음); active(DN_EC0044):E_EC0044 = TRUE,INTERMEDIATE_NODE_MAY_VANISH: 이 edge가 활성인 world에서도 중간 node가 없을 수 있음 (보장 안 되는 조건: E_EC0044),조건부 중복: alternative_path_conditions가 모두 참인 world에서만 shortcut이 중복(그 world의 materialize 단계에서만 생략 가능); 42의 witness_world(논리적으로 가능한 world)에서는 이 edge 없이 from→to 도달 불가
TE0961,DN_J_JEONGJO_17930512_THEFT,DN_J_HONG_17930613_THEFT,TEMPORAL_BEFORE,active(DN_J_JEONGJO_17930512_THEFT) ∧ active(DN_J_HONG_17930613_THEFT),DATE_ONLY:COURT_ENTRY_DATE_ORDER,PRIMITIVE_EDGE,"DN_J_JEONGJO_17930512_THEFT → DN_EC0044 → DN_J_HONG_17930613_THEFT [TE0946, TE0811]",TE0946:HARD(조건 없음); TE0811:HARD(조건 없음); active(DN_EC0044):E_EC0044 = TRUE,INTERMEDIATE_NODE_MAY_VANISH: 이 edge가 활성인 world에서도 중간 node가 없을 수 있음 (보장 안 되는 조건: E_EC0044),조건부 중복: alternative_path_conditions가 모두 참인 world에서만 shortcut이 중복(그 world의 materialize 단계에서만 생략 가능); 42의 witness_world(논리적으로 가능한 world)에서는 이 edge 없이 from→to 도달 불가
TE0962,DN_J_JEONGJO_17930512_THEFT,DN_J_IJOWON_17930527_JISE,TEMPORAL_BEFORE,active(DN_J_JEONGJO_17930512_THEFT) ∧ active(DN_J_IJOWON_17930527_JISE),DATE_ONLY:COURT_ENTRY_DATE_ORDER,PRIMITIVE_EDGE,,,NO_ALTERNATIVE_PATH: 다른 보존 edge로 from→to path 없음,42의 witness_world에서 이 edge 없이 from→to 도달 불가
TE0963,DN_J_JEONGJO_17930512_THEFT,DN_J_IJOWON_17930527_KIM_DEATH,TEMPORAL_BEFORE,active(DN_J_JEONGJO_17930512_THEFT) ∧ active(DN_J_IJOWON_17930527_KIM_DEATH),DATE_ONLY:COURT_ENTRY_DATE_ORDER,PRIMITIVE_EDGE,,,NO_ALTERNATIVE_PATH: 다른 보존 edge로 from→to path 없음,42의 witness_world에서 이 edge 없이 from→to 도달 불가
TE0964,DN_J_JEONGJO_17930512_THEFT,DN_J_IJOWON_17930527_THEFT,TEMPORAL_BEFORE,active(DN_J_JEONGJO_17930512_THEFT) ∧ active(DN_J_IJOWON_17930527_THEFT),DATE_ONLY:COURT_ENTRY_DATE_ORDER,PRIMITIVE_EDGE,,,NO_ALTERNATIVE_PATH: 다른 보존 edge로 from→to path 없음,42의 witness_world에서 이 edge 없이 from→to 도달 불가
TE0965,DN_J_JEONGJO_17930512_THEFT,DN_J_JEONGJO_17930613_JISE,TEMPORAL_BEFORE,active(DN_J_JEONGJO_17930512_THEFT) ∧ active(DN_J_JEONGJO_17930613_JISE),DATE_ONLY:COURT_ENTRY_DATE_ORDER,PRIMITIVE_EDGE,"DN_J_JEONGJO_17930512_THEFT → DN_EC0044 → DN_J_JEONGJO_17930613_JISE [TE0946, TE0812]",TE0946:HARD(조건 없음); TE0812:HARD(조건 없음); active(DN_EC0044):E_EC0044 = TRUE,INTERMEDIATE_NODE_MAY_VANISH: 이 edge가 활성인 world에서도 중간 node가 없을 수 있음 (보장 안 되는 조건: E_EC0044),조건부 중복: alternative_path_conditions가 모두 참인 world에서만 shortcut이 중복(그 world의 materialize 단계에서만 생략 가능); 42의 witness_world(논리적으로 가능한 world)에서는 이 edge 없이 from→to 도달 불가
TE0966,DN_J_JEONGJO_17930512_THEFT,DN_J_JEONGJO_17930613_KIM_DEATH,TEMPORAL_BEFORE,active(DN_J_JEONGJO_17930512_THEFT) ∧ active(DN_J_JEONGJO_17930613_KIM_DEATH),DATE_ONLY:COURT_ENTRY_DATE_ORDER,PRIMITIVE_EDGE,"DN_J_JEONGJO_17930512_THEFT → DN_EC0044 → DN_J_JEONGJO_17930613_KIM_DEATH [TE0946, TE0813]",TE0946:HARD(조건 없음); TE0813:HARD(조건 없음); active(DN_EC0044):E_EC0044 = TRUE,INTERMEDIATE_NODE_MAY_VANISH: 이 edge가 활성인 world에서도 중간 node가 없을 수 있음 (보장 안 되는 조건: E_EC0044),조건부 중복: alternative_path_conditions가 모두 참인 world에서만 shortcut이 중복(그 world의 materialize 단계에서만 생략 가능); 42의 witness_world(논리적으로 가능한 world)에서는 이 edge 없이 from→to 도달 불가
TE0967,DN_J_JEONGJO_17930613_JISE,DN_EC0155,TEMPORAL_BEFORE,active(DN_J_JEONGJO_17930613_JISE) ∧ active(DN_EC0155),DATE_ONLY:COURT_ENTRY_DATE_ORDER,PRIMITIVE_EDGE,,,NO_ALTERNATIVE_PATH: 다른 보존 edge로 from→to path 없음,42의 witness_world에서 이 edge 없이 from→to 도달 불가
TE0968,DN_J_JEONGJO_17930613_KIM_DEATH,DN_EC0155,TEMPORAL_BEFORE,active(DN_J_JEONGJO_17930613_KIM_DEATH) ∧ active(DN_EC0155),DATE_ONLY:COURT_ENTRY_DATE_ORDER,PRIMITIVE_EDGE,,,NO_ALTERNATIVE_PATH: 다른 보존 edge로 from→to path 없음,42의 witness_world에서 이 edge 없이 from→to 도달 불가
TE0969,DN_J_JEONGJO_17930613_THEFT,DN_EC0155,TEMPORAL_BEFORE,active(DN_J_JEONGJO_17930613_THEFT) ∧ active(DN_EC0155),DATE_ONLY:COURT_ENTRY_DATE_ORDER,PRIMITIVE_EDGE,,,NO_ALTERNATIVE_PATH: 다른 보존 edge로 from→to path 없음,42의 witness_world에서 이 edge 없이 from→to 도달 불가
