repair_issue_id,audit_id,audit_type,record_type,record_id,field_name,audit_severity,repair_class,secondary_class,decision_basis,current_value,proposed_change,source_recheck_ref,schema_proposal_ref,requires_user_approval
RC-001,A-001,EVENT_ATTESTATION_SEPARATION,event,AT0004,notes,MEDIUM_REVIEW,INTERNAL_FIX,,ATT0004와 ATT0005는 같은 SRC001 문장(이형원 장계 속 구순의 김명신 괴수 발언)을 보고층(AT0004)·사건층(AT0005)으로 이중 기록. 두 행의 관계는 CSV 안에서 결정 가능하며 삭제 없이 note로 표시 가능.,AT0004.action='장계' | AT0004.target_or_content='구순이 김명신을 도적 괴수라고 말했다는 내용' | AT0005.action='지목했다고 보고됨',AT0004·AT0005 두 행 모두 유지(삭제·병합 없음). AT0004.notes에 'AT0005와 같은 SRC001 문장(ATT0004/ATT0005)의 보고층 기록. 보고된 발언 자체는 AT0005가 사건층으로 표현' 추가. AT0005.notes에 '보고층 기록: AT0004' 추가.,,,YES
RC-002,A-002,EVENT_ATTESTATION_SEPARATION,event,AT0005,action,MEDIUM_REVIEW,INTERNAL_FIX,,REPORTING_MARKER_IN_ACTION이고 embedded_claim_status가 CLAIM_CONTESTED가 아님 → 보고/전언 표지를 빼도 attestation 층(speaker·attestation_mode·embedded_claim_status)이 같은 정보를 보존하므로 5개 CSV만으로 새 값 결정 가능.,지목했다고 보고됨,"action '지목했다고 보고됨' → '지목'. 보고·전언 경로는 이미 ATT0005(speaker=이형원, attestation_mode=OFFICIAL_REPORT, embedded_claim_status=CLAIM_WITHIN_OFFICIAL_REPORT)가 보존하므로 정보 손실 없음. 기존 값은 notes에 '원 값: …'으로 보존(삭제 없음).",,,YES
RC-003,A-003,EVENT_ATTESTATION_SEPARATION,event,AT0006,action,MEDIUM_REVIEW,INTERNAL_FIX,,REPORTING_MARKER_IN_ACTION이고 embedded_claim_status가 CLAIM_CONTESTED가 아님 → 보고/전언 표지를 빼도 attestation 층(speaker·attestation_mode·embedded_claim_status)이 같은 정보를 보존하므로 5개 CSV만으로 새 값 결정 가능.,체포했다고 보고됨,"action '체포했다고 보고됨' → '체포'. 보고·전언 경로는 이미 ATT0006(speaker=이형원, attestation_mode=OFFICIAL_REPORT, embedded_claim_status=CLAIM_WITHIN_OFFICIAL_REPORT)가 보존하므로 정보 손실 없음. 기존 값은 notes에 '원 값: …'으로 보존(삭제 없음).",,,YES
RC-004,A-004,EVENT_ATTESTATION_SEPARATION,event,AT0007,action,MEDIUM_REVIEW,INTERNAL_FIX,,REPORTING_MARKER_IN_ACTION이고 embedded_claim_status가 CLAIM_CONTESTED가 아님 → 보고/전언 표지를 빼도 attestation 층(speaker·attestation_mode·embedded_claim_status)이 같은 정보를 보존하므로 5개 CSV만으로 새 값 결정 가능.,구금 상태라고 보고됨,"action '구금 상태라고 보고됨' → '구금 상태'. 보고·전언 경로는 이미 ATT0007(speaker=이형원, attestation_mode=OFFICIAL_REPORT, embedded_claim_status=CLAIM_WITHIN_OFFICIAL_REPORT)가 보존하므로 정보 손실 없음. 기존 값은 notes에 '원 값: …'으로 보존(삭제 없음).",,,YES
RC-005,A-005,EVENT_ATTESTATION_SEPARATION,event,AT0008,action;event_family_id,MEDIUM_REVIEW,INTERNAL_FIX,,REPORTING_MARKER_IN_ACTION이고 embedded_claim_status가 CLAIM_CONTESTED가 아님 → 보고/전언 표지를 빼도 attestation 층(speaker·attestation_mode·embedded_claim_status)이 같은 정보를 보존하므로 5개 CSV만으로 새 값 결정 가능.,action='조사했다고 보고됨' | event_family_id='EF_ACT_RECORD_REPORT',"action '조사했다고 보고됨' → '조사'. 보고·전언 경로는 이미 ATT0008(speaker=이형원, attestation_mode=OFFICIAL_REPORT, embedded_claim_status=CLAIM_WITHIN_OFFICIAL_REPORT)가 보존하므로 정보 손실 없음. 기존 값은 notes에 '원 값: …'으로 보존(삭제 없음). 추가: event_family_id EF_ACT_RECORD_REPORT → EF_ACT_INQUIRE_SEARCH('조사' 행위는 기록·보고가 아니라 탐문·조사 family). member_count 순효과(이 분류의 family 제안 전체 기준): 확정 제안(AT0008·AT0010 family 이동) EF_ACT_DEATH 0→1, EF_ACT_INQUIRE_SEARCH 5→6, EF_ACT_RECORD_REPORT 6→4; 분할 제안까지 모두 승인 시 EF_ACT_DEATH 0→2, EF_ACT_INQUIRE_SEARCH 5→6, EF_ACT_OTHER 1→2, EF_ACT_RECORD_REPORT 6→4, EF_JUDGE_FINAL 7→9, EF_ORDER_INVESTIGATE 4→5, EF_SPEECH_CLAIM_REPORT 31→37, EF_STATE_OTHER 1→2. 같은 버전에서 함께 갱신.",,,YES
RC-006,A-006,EVENT_ATTESTATION_SEPARATION,event,AT0010,action;event_family_id,MEDIUM_REVIEW,INTERNAL_FIX,,REPORTING_MARKER_IN_ACTION이고 embedded_claim_status가 CLAIM_CONTESTED가 아님 → 보고/전언 표지를 빼도 attestation 층(speaker·attestation_mode·embedded_claim_status)이 같은 정보를 보존하므로 5개 CSV만으로 새 값 결정 가능.,action='사망했다고 보고됨' | event_family_id='EF_ACT_RECORD_REPORT',"action '사망했다고 보고됨' → '사망'. 보고·전언 경로는 이미 ATT0010(speaker=이형원, attestation_mode=OFFICIAL_REPORT, embedded_claim_status=CLAIM_WITHIN_OFFICIAL_REPORT)가 보존하므로 정보 손실 없음. 기존 값은 notes에 '원 값: …'으로 보존(삭제 없음). 추가: event_family_id EF_ACT_RECORD_REPORT → EF_ACT_DEATH(기존 family, member_count 0, semantic_class=ACTION 일치; TR-01/TR-02). target_or_content 빈 값 유지(사망은 target 불요, TR-16). member_count 순효과(이 분류의 family 제안 전체 기준): 확정 제안(AT0008·AT0010 family 이동) EF_ACT_DEATH 0→1, EF_ACT_INQUIRE_SEARCH 5→6, EF_ACT_RECORD_REPORT 6→4; 분할 제안까지 모두 승인 시 EF_ACT_DEATH 0→2, EF_ACT_INQUIRE_SEARCH 5→6, EF_ACT_OTHER 1→2, EF_ACT_RECORD_REPORT 6→4, EF_JUDGE_FINAL 7→9, EF_ORDER_INVESTIGATE 4→5, EF_SPEECH_CLAIM_REPORT 31→37, EF_STATE_OTHER 1→2. 같은 버전에서 함께 갱신.",,,YES
RC-007,A-007,EVENT_ATTESTATION_SEPARATION,event,AT0012,actor;action;target_or_content,MEDIUM_REVIEW,INTERNAL_FIX,SCHEMA_CHANGE_REQUIRED,REPORTING_MARKER_IN_ACTION이고 embedded_claim_status가 CLAIM_CONTESTED가 아님 → 보고/전언 표지를 빼도 attestation 층(speaker·attestation_mode·embedded_claim_status)이 같은 정보를 보존하므로 5개 CSV만으로 새 값 결정 가능. 단 '회동 조사 실시'는 지시와 수행을 합친 값이라 표지 제거만으로는 부족 → 재원자화. actor/participant 구조는 SC-04.,actor='이형원/각 진영 영장' | action='회동 조사 실시했다고 보고됨' | target_or_content='관련자',"AT0012 재원자화 제안(승인 전 생성 금지): (a) [신규 행 제안] semantic_class=ORDER, event_family_id=EF_ORDER_INVESTIGATE, actor='이형원', action='조사 지시', target_or_content='각 진영 영장들에게 함께 조사하게 함'; (b) AT0012 유지·수정: actor '이형원/각 진영 영장'→'각 진영 영장', action '회동 조사 실시했다고 보고됨'→'회동 조사', target_or_content '관련자' 유지(ATT0012에 대상이 없음을 뜻하는 자리표시자로 notes에 명시), event_family_id=EF_ACT_INQUIRE_SEARCH 유지. (a)(b) 모두 ATT0012(이형원 보고)를 근거로 가리킴. 시간·장소 필드는 두 행 모두 현 AT0012 값 유지(place '충청도'는 원문 재확인 대상). 보고 경로는 ATT0012(speaker=이형원, OFFICIAL_REPORT, CLAIM_WITHIN_OFFICIAL_REPORT)가 이미 보존. 기존 값은 notes에 '원 값: …'으로 보존(삭제 없음).",,SC-04,YES
RC-008,A-008,EVENT_ATTESTATION_SEPARATION,event,AT0032,action,MEDIUM_REVIEW,INTERNAL_FIX,,REPORTING_MARKER_IN_ACTION이고 embedded_claim_status가 CLAIM_CONTESTED가 아님 → 보고/전언 표지를 빼도 attestation 층(speaker·attestation_mode·embedded_claim_status)이 같은 정보를 보존하므로 5개 CSV만으로 새 값 결정 가능.,입지라고 보고됨,"action '입지라고 보고됨' → '입지'. 보고·전언 경로는 이미 ATT0032(speaker=이조원, attestation_mode=OFFICIAL_REPORT, embedded_claim_status=CLAIM_WITHIN_OFFICIAL_REPORT)가 보존하므로 정보 손실 없음. 기존 값은 notes에 '원 값: …'으로 보존(삭제 없음).",,,YES
RC-009,A-009,EVENT_ATTESTATION_SEPARATION,event,AT0063,action,LOW_REVIEW,INTERNAL_FIX,,"STATE 행 action에 진술 행위('진술')가 들어감. 진술 행위는 ATT0063(명업, TESTIMONY, CLAIM_BY_TESTIMONY)이 이미 보존.",신분 진술,"action '신분 진술' → '신분'. 진술 행위·시점은 ATT0063(speaker=명업, attestation_mode=TESTIMONY, report_lunar_date=1793-06-13)이 보존. 기존 값은 notes에 '원 값: …'으로 보존(삭제 없음).",,,YES
RC-010,A-010,EVENT_ATTESTATION_SEPARATION,event,AT0064,action,LOW_REVIEW,INTERNAL_FIX,,"STATE 행 action에 진술 행위('진술')가 들어감. 진술 행위는 ATT0064(명업, TESTIMONY, CLAIM_BY_TESTIMONY)이 이미 보존.",거주 상태 진술,"action '거주 상태 진술' → '거주 상태'. 진술 행위·시점은 ATT0064(speaker=명업, attestation_mode=TESTIMONY, report_lunar_date=1793-06-13)이 보존. 기존 값은 notes에 '원 값: …'으로 보존(삭제 없음).",,,YES
RC-011,A-011,EVENT_ATTESTATION_SEPARATION,event,AT0066,action,MEDIUM_REVIEW,INTERNAL_FIX,,REPORTING_MARKER_IN_ACTION이고 embedded_claim_status가 CLAIM_CONTESTED가 아님 → 보고/전언 표지를 빼도 attestation 층(speaker·attestation_mode·embedded_claim_status)이 같은 정보를 보존하므로 5개 CSV만으로 새 값 결정 가능.,말했다고 전해짐,"action '말했다고 전해짐' → '말함'. 보고·전언 경로는 이미 ATT0066(speaker=명업, attestation_mode=TESTIMONY, embedded_claim_status=HEARSAY_WITHIN_TESTIMONY)가 보존하므로 정보 손실 없음. 기존 값은 notes에 '원 값: …'으로 보존(삭제 없음).",,,YES
RC-012,A-012,EVENT_ATTESTATION_SEPARATION,event,AT0068,action,MEDIUM_REVIEW,INTERNAL_FIX,,REPORTING_MARKER_IN_ACTION이고 embedded_claim_status가 CLAIM_CONTESTED가 아님 → 보고/전언 표지를 빼도 attestation 층(speaker·attestation_mode·embedded_claim_status)이 같은 정보를 보존하므로 5개 CSV만으로 새 값 결정 가능.,말했다고 전해짐,"action '말했다고 전해짐' → '말함'. 보고·전언 경로는 이미 ATT0068(speaker=명업, attestation_mode=TESTIMONY, embedded_claim_status=HEARSAY_WITHIN_TESTIMONY)가 보존하므로 정보 손실 없음. 기존 값은 notes에 '원 값: …'으로 보존(삭제 없음).",,,YES
RC-013,A-013,EVENT_ATTESTATION_SEPARATION,event,AT0071,action,MEDIUM_REVIEW,INTERNAL_FIX,,REPORTING_MARKER_IN_ACTION이고 embedded_claim_status가 CLAIM_CONTESTED가 아님 → 보고/전언 표지를 빼도 attestation 층(speaker·attestation_mode·embedded_claim_status)이 같은 정보를 보존하므로 5개 CSV만으로 새 값 결정 가능.,편지로 힐책했다고 전해짐,"action '편지로 힐책했다고 전해짐' → '편지로 힐책'. 보고·전언 경로는 이미 ATT0071(speaker=명업, attestation_mode=TESTIMONY, embedded_claim_status=CLAIM_BY_TESTIMONY)가 보존하므로 정보 손실 없음. 기존 값은 notes에 '원 값: …'으로 보존(삭제 없음).",,,YES
RC-014,A-014,EVENT_ATTESTATION_SEPARATION,event,AT0088,action,MEDIUM_REVIEW,INTERNAL_FIX,,REPORTING_MARKER_IN_ACTION이고 embedded_claim_status가 CLAIM_CONTESTED가 아님 → 보고/전언 표지를 빼도 attestation 층(speaker·attestation_mode·embedded_claim_status)이 같은 정보를 보존하므로 5개 CSV만으로 새 값 결정 가능.,주의를 줬다고 전해짐,"action '주의를 줬다고 전해짐' → '주의를 줌'. 보고·전언 경로는 이미 ATT0088(speaker=이진욱, attestation_mode=TESTIMONY, embedded_claim_status=CLAIM_BY_TESTIMONY)가 보존하므로 정보 손실 없음. 기존 값은 notes에 '원 값: …'으로 보존(삭제 없음).",,,YES
RC-015,A-015,EVENT_ATTESTATION_SEPARATION,event,AT0095,action,MEDIUM_REVIEW,INTERNAL_FIX,,REPORTING_MARKER_IN_ACTION이고 embedded_claim_status가 CLAIM_CONTESTED가 아님 → 보고/전언 표지를 빼도 attestation 층(speaker·attestation_mode·embedded_claim_status)이 같은 정보를 보존하므로 5개 CSV만으로 새 값 결정 가능.,응답했다고 전해짐,"action '응답했다고 전해짐' → '응답'. 보고·전언 경로는 이미 ATT0095(speaker=이진욱, attestation_mode=TESTIMONY, embedded_claim_status=CLAIM_BY_TESTIMONY)가 보존하므로 정보 손실 없음. 기존 값은 notes에 '원 값: …'으로 보존(삭제 없음).",,,YES
RC-016,A-016,EVENT_ATTESTATION_SEPARATION,event,AT0096,action,MEDIUM_REVIEW,INTERNAL_FIX,,REPORTING_MARKER_IN_ACTION이고 embedded_claim_status가 CLAIM_CONTESTED가 아님 → 보고/전언 표지를 빼도 attestation 층(speaker·attestation_mode·embedded_claim_status)이 같은 정보를 보존하므로 5개 CSV만으로 새 값 결정 가능.,응답했다고 전해짐,"action '응답했다고 전해짐' → '응답'. 보고·전언 경로는 이미 ATT0096(speaker=이진욱, attestation_mode=TESTIMONY, embedded_claim_status=HEARSAY_WITHIN_TESTIMONY)가 보존하므로 정보 손실 없음. 기존 값은 notes에 '원 값: …'으로 보존(삭제 없음).",,,YES
RC-017,A-017,EVENT_ATTESTATION_SEPARATION,event,AT0104,action,MEDIUM_REVIEW,INTERNAL_FIX,,REPORTING_MARKER_IN_ACTION이고 embedded_claim_status가 CLAIM_CONTESTED가 아님 → 보고/전언 표지를 빼도 attestation 층(speaker·attestation_mode·embedded_claim_status)이 같은 정보를 보존하므로 5개 CSV만으로 새 값 결정 가능.,질문했다고 전해짐,"action '질문했다고 전해짐' → '질문'. 보고·전언 경로는 이미 ATT0104(speaker=조계완, attestation_mode=TESTIMONY, embedded_claim_status=NOT_APPLICABLE)가 보존하므로 정보 손실 없음. 기존 값은 notes에 '원 값: …'으로 보존(삭제 없음).",,,YES
RC-018,A-018,EVENT_ATTESTATION_SEPARATION,event,AT0106,action,MEDIUM_REVIEW,INTERNAL_FIX,,REPORTING_MARKER_IN_ACTION이고 embedded_claim_status가 CLAIM_CONTESTED가 아님 → 보고/전언 표지를 빼도 attestation 층(speaker·attestation_mode·embedded_claim_status)이 같은 정보를 보존하므로 5개 CSV만으로 새 값 결정 가능.,말했다고 전해짐,"action '말했다고 전해짐' → '말함'. 보고·전언 경로는 이미 ATT0106(speaker=조계완, attestation_mode=TESTIMONY, embedded_claim_status=CLAIM_BY_TESTIMONY)가 보존하므로 정보 손실 없음. 기존 값은 notes에 '원 값: …'으로 보존(삭제 없음).",,,YES
RC-019,A-019,EVENT_ATTESTATION_SEPARATION,event,AT0107,action,MEDIUM_REVIEW,INTERNAL_FIX,,REPORTING_MARKER_IN_ACTION이고 embedded_claim_status가 CLAIM_CONTESTED가 아님 → 보고/전언 표지를 빼도 attestation 층(speaker·attestation_mode·embedded_claim_status)이 같은 정보를 보존하므로 5개 CSV만으로 새 값 결정 가능.,서찰을 건넸다고 전해짐,"action '서찰을 건넸다고 전해짐' → '서찰을 건넴'. 보고·전언 경로는 이미 ATT0107(speaker=조계완, attestation_mode=TESTIMONY, embedded_claim_status=NOT_APPLICABLE)가 보존하므로 정보 손실 없음. 기존 값은 notes에 '원 값: …'으로 보존(삭제 없음).",,,YES
RC-020,A-020,EVENT_ATTESTATION_SEPARATION,event,AT0108,action,MEDIUM_REVIEW,INTERNAL_FIX,,REPORTING_MARKER_IN_ACTION이고 embedded_claim_status가 CLAIM_CONTESTED가 아님 → 보고/전언 표지를 빼도 attestation 층(speaker·attestation_mode·embedded_claim_status)이 같은 정보를 보존하므로 5개 CSV만으로 새 값 결정 가능.,요청했다고 전해짐,"action '요청했다고 전해짐' → '요청'. 보고·전언 경로는 이미 ATT0108(speaker=조계완, attestation_mode=TESTIMONY, embedded_claim_status=NOT_APPLICABLE)가 보존하므로 정보 손실 없음. 기존 값은 notes에 '원 값: …'으로 보존(삭제 없음).",,,YES
RC-021,A-021,EVENT_ATTESTATION_SEPARATION,event,AT0114,action,MEDIUM_REVIEW,SCHEMA_CHANGE_REQUIRED,INTERNAL_FIX,embedded_claim_status=CLAIM_CONTESTED. '주장됨'은 events 테이블 안에서 유일한 미확정 표지이므로(TR-07) event 수준 주장·인식 상태 필드(SC-03)가 생기기 전에는 action에서 뺄 수 없음.,매일 불러들였다고 주장됨,"SC-03 도입 후: event 수준 claim_status=CONTESTED(자미덕 주장, ATT0114 CLAIM_CONTESTED) 설정과 함께 action → '매일 불러들임'. SC-03 이전에는 현 값 유지. 기존 값은 notes에 '원 값: …'으로 보존(삭제 없음).",,SC-03,YES
RC-022,A-022,EVENT_ATTESTATION_SEPARATION,event,AT0115,action,MEDIUM_REVIEW,SCHEMA_CHANGE_REQUIRED,INTERNAL_FIX,embedded_claim_status=CLAIM_CONTESTED. '주장됨'은 events 테이블 안에서 유일한 미확정 표지이므로(TR-07) event 수준 주장·인식 상태 필드(SC-03)가 생기기 전에는 action에서 뺄 수 없음.,말했다고 주장됨,"SC-03 도입 후: event 수준 claim_status=CONTESTED(자미덕 주장, ATT0115 CLAIM_CONTESTED) 설정과 함께 action → '말함'. SC-03 이전에는 현 값 유지. 기존 값은 notes에 '원 값: …'으로 보존(삭제 없음).",,SC-03,YES
RC-023,A-023,EVENT_ATTESTATION_SEPARATION,event,AT0116,action,MEDIUM_REVIEW,SCHEMA_CHANGE_REQUIRED,INTERNAL_FIX,embedded_claim_status=CLAIM_CONTESTED. '주장됨'은 events 테이블 안에서 유일한 미확정 표지이므로(TR-07) event 수준 주장·인식 상태 필드(SC-03)가 생기기 전에는 action에서 뺄 수 없음.,회유했다고 주장됨,"SC-03 도입 후: event 수준 claim_status=CONTESTED(자미덕 주장, ATT0116 CLAIM_CONTESTED) 설정과 함께 action → '회유'. SC-03 이전에는 현 값 유지. 기존 값은 notes에 '원 값: …'으로 보존(삭제 없음).",,SC-03,YES
RC-024,A-024,EVENT_ATTESTATION_SEPARATION,event,AT0117,action,MEDIUM_REVIEW,SCHEMA_CHANGE_REQUIRED,INTERNAL_FIX,embedded_claim_status=CLAIM_CONTESTED. '주장됨'은 events 테이블 안에서 유일한 미확정 표지이므로(TR-07) event 수준 주장·인식 상태 필드(SC-03)가 생기기 전에는 action에서 뺄 수 없음.,떡·밥을 주었다고 주장됨,"SC-03 도입 후: event 수준 claim_status=CONTESTED(자미덕 주장, ATT0117 CLAIM_CONTESTED) 설정과 함께 action → '떡·밥을 줌'. SC-03 이전에는 현 값 유지. 기존 값은 notes에 '원 값: …'으로 보존(삭제 없음).",,SC-03,YES
RC-025,A-025,EVENT_ATTESTATION_SEPARATION,event,AT0119,action;target_or_content;historical_place;time_precision,HIGH_REVIEW,INTERNAL_FIX,SCHEMA_CHANGE_REQUIRED,Audit B(B-016)와 같은 행. 나중 진술 행위와 과거 대질 중 발화가 한 행에 섞인 것은 ATT0119 명제만으로 분리안 작성 가능. 층 구분을 영구적으로 표현하려면 SC-02 필요.,action='과거 진술 경위 설명' | target_or_content='한재욱 지휘에 따라 거짓말을 꾸몄다고 주장' | historical_place='병영' | time_precision='UNDATED_DURING_DETENTION',B-016의 제안과 동일(AT0119를 나중 진술 행위로 유지 + 과거 alleged 사건 행 별도 제안 + REL0032 DURING 이동). 상세는 B-016 행 참조.,,SC-02,YES
RC-026,A-026,EVENT_ATTESTATION_SEPARATION,event,AT0120,action,MEDIUM_REVIEW,INTERNAL_FIX,,REPORTING_MARKER_IN_ACTION이고 embedded_claim_status가 CLAIM_CONTESTED가 아님 → 보고/전언 표지를 빼도 attestation 층(speaker·attestation_mode·embedded_claim_status)이 같은 정보를 보존하므로 5개 CSV만으로 새 값 결정 가능.,정소했다고 전해짐,"action '정소했다고 전해짐' → '정소'. 보고·전언 경로는 이미 ATT0120(speaker=한재욱, attestation_mode=TESTIMONY, embedded_claim_status=CLAIM_BY_TESTIMONY)가 보존하므로 정보 손실 없음. 기존 값은 notes에 '원 값: …'으로 보존(삭제 없음).",,,YES
RC-027,A-027,EVENT_ATTESTATION_SEPARATION,event,AT0124,action,MEDIUM_REVIEW,INTERNAL_FIX,,REPORTING_MARKER_IN_ACTION이고 embedded_claim_status가 CLAIM_CONTESTED가 아님 → 보고/전언 표지를 빼도 attestation 층(speaker·attestation_mode·embedded_claim_status)이 같은 정보를 보존하므로 5개 CSV만으로 새 값 결정 가능.,보고했다고 전해짐,"action '보고했다고 전해짐' → '보고'. 보고·전언 경로는 이미 ATT0124(speaker=한재욱, attestation_mode=TESTIMONY, embedded_claim_status=HEARSAY_WITHIN_TESTIMONY)가 보존하므로 정보 손실 없음. 기존 값은 notes에 '원 값: …'으로 보존(삭제 없음).",,,YES
RC-028,A-028,EVENT_ATTESTATION_SEPARATION,event,AT0127,action,MEDIUM_REVIEW,INTERNAL_FIX,,REPORTING_MARKER_IN_ACTION이고 embedded_claim_status가 CLAIM_CONTESTED가 아님 → 보고/전언 표지를 빼도 attestation 층(speaker·attestation_mode·embedded_claim_status)이 같은 정보를 보존하므로 5개 CSV만으로 새 값 결정 가능.,전달했다고 전해짐,"action '전달했다고 전해짐' → '전달'. 보고·전언 경로는 이미 ATT0127(speaker=한재욱, attestation_mode=TESTIMONY, embedded_claim_status=HEARSAY_WITHIN_TESTIMONY)가 보존하므로 정보 손실 없음. 기존 값은 notes에 '원 값: …'으로 보존(삭제 없음).",,,YES
RC-029,A-029,EVENT_ATTESTATION_SEPARATION,event,AT0128,action,MEDIUM_REVIEW,INTERNAL_FIX,,REPORTING_MARKER_IN_ACTION이고 embedded_claim_status가 CLAIM_CONTESTED가 아님 → 보고/전언 표지를 빼도 attestation 층(speaker·attestation_mode·embedded_claim_status)이 같은 정보를 보존하므로 5개 CSV만으로 새 값 결정 가능.,재확인 요청했다고 전해짐,"action '재확인 요청했다고 전해짐' → '재확인 요청'. 보고·전언 경로는 이미 ATT0128(speaker=한재욱, attestation_mode=TESTIMONY, embedded_claim_status=HEARSAY_WITHIN_TESTIMONY)가 보존하므로 정보 손실 없음. 기존 값은 notes에 '원 값: …'으로 보존(삭제 없음).",,,YES
RC-030,A-030,EVENT_ATTESTATION_SEPARATION,event,AT0130,action,MEDIUM_REVIEW,INTERNAL_FIX,,REPORTING_MARKER_IN_ACTION이고 embedded_claim_status가 CLAIM_CONTESTED가 아님 → 보고/전언 표지를 빼도 attestation 층(speaker·attestation_mode·embedded_claim_status)이 같은 정보를 보존하므로 5개 CSV만으로 새 값 결정 가능.,답변했다고 전해짐,"action '답변했다고 전해짐' → '답변'. 보고·전언 경로는 이미 ATT0130(speaker=한재욱, attestation_mode=TESTIMONY, embedded_claim_status=HEARSAY_WITHIN_TESTIMONY)가 보존하므로 정보 손실 없음. 기존 값은 notes에 '원 값: …'으로 보존(삭제 없음).",,,YES
RC-031,A-031,EVENT_ATTESTATION_SEPARATION,event,AT0134,action,MEDIUM_REVIEW,INTERNAL_FIX,,REPORTING_MARKER_IN_ACTION이고 embedded_claim_status가 CLAIM_CONTESTED가 아님 → 보고/전언 표지를 빼도 attestation 층(speaker·attestation_mode·embedded_claim_status)이 같은 정보를 보존하므로 5개 CSV만으로 새 값 결정 가능.,말했다고 전해짐,"action '말했다고 전해짐' → '말함'. 보고·전언 경로는 이미 ATT0134(speaker=유제희, attestation_mode=TESTIMONY, embedded_claim_status=HEARSAY_WITHIN_TESTIMONY)가 보존하므로 정보 손실 없음. 기존 값은 notes에 '원 값: …'으로 보존(삭제 없음).",,,YES
RC-032,B-001,ATOMICITY_TEMPORAL_LAYERS,event,AT0012,actor;action,MEDIUM_REVIEW,INTERNAL_FIX,,MULTIPLE_EVENTS: ATT0012 '이형원은 각 진영의 영장들에게 함께 조사하게 했다' = 이형원의 지시 + 영장들의 조사 수행. 명제만으로 분할안 작성 가능.,actor='이형원/각 진영 영장' | action='회동 조사 실시했다고 보고됨',"A-007과 같은 분할안: AT0012 재원자화 제안(승인 전 생성 금지): (a) [신규 행 제안] semantic_class=ORDER, event_family_id=EF_ORDER_INVESTIGATE, actor='이형원', action='조사 지시', target_or_content='각 진영 영장들에게 함께 조사하게 함'; (b) AT0012 유지·수정: actor '이형원/각 진영 영장'→'각 진영 영장', action '회동 조사 실시했다고 보고됨'→'회동 조사', target_or_content '관련자' 유지(ATT0012에 대상이 없음을 뜻하는 자리표시자로 notes에 명시), event_family_id=EF_ACT_INQUIRE_SEARCH 유지. (a)(b) 모두 ATT0012(이형원 보고)를 근거로 가리킴. 시간·장소 필드는 두 행 모두 현 AT0012 값 유지(place '충청도'는 원문 재확인 대상). 보고 경로는 ATT0012(speaker=이형원, OFFICIAL_REPORT, CLAIM_WITHIN_OFFICIAL_REPORT)가 이미 보존. 기존 값은 notes에 '원 값: …'으로 보존(삭제 없음).",,,YES
RC-033,B-002,ATOMICITY_TEMPORAL_LAYERS,event,AT0043,target_or_content,LOW_REVIEW,INTERNAL_FIX,,MULTIPLE_EVENTS: ATT0043 '김명신이 죽은 뒤 그의 아내도 사망했다'에 두 사망과 순서가 묶이고 아내 사망은 별도 행 없음. 명제만으로 분할안 작성 가능.,김명신 사망 뒤 아내도 사망,"AT0043 유지(이조원의 보고 행위, target '김명신 사망 뒤 아내도 사망'은 보고된 순서 내용으로 유지). [신규 행 제안, 승인 전 생성 금지] actor='김명신의 아내', semantic_class=ACTION, event_family_id=EF_ACT_DEATH, action='사망', target_or_content='', occurrence_lunar_end='1793-05-27', time_precision='BEFORE_OR_BY_REPORT', 근거 ATT0043(이조원 보고). AT0152 등 다른 아내 사망 관련 행과의 동일성 연결·병합은 제안하지 않음. member_count 순효과(이 분류의 family 제안 전체 기준): 확정 제안(AT0008·AT0010 family 이동) EF_ACT_DEATH 0→1, EF_ACT_INQUIRE_SEARCH 5→6, EF_ACT_RECORD_REPORT 6→4; 분할 제안까지 모두 승인 시 EF_ACT_DEATH 0→2, EF_ACT_INQUIRE_SEARCH 5→6, EF_ACT_OTHER 1→2, EF_ACT_RECORD_REPORT 6→4, EF_JUDGE_FINAL 7→9, EF_ORDER_INVESTIGATE 4→5, EF_SPEECH_CLAIM_REPORT 31→37, EF_STATE_OTHER 1→2. 같은 버전에서 함께 갱신.",,,YES
RC-034,B-003,ATOMICITY_TEMPORAL_LAYERS,event,AT0063,action,LOW_REVIEW,INTERNAL_FIX,,DEFAULT_USED(지침의 Audit B 목록에 없음): 같은 행의 Audit A 지적(A-009/A-010)과 같은 원인(STATE 행 action에 진술 행위). 진술 시점 층은 ATT0063(report_lunar_date=1793-06-13)이 보존하므로 action만 상태로 바꾸면 시간층 혼합이 해소됨.,신분 진술,A-009/A-010과 같은 수정: action → '신분'(상태 서술만 남김). time_precision UNDATED_STATE 유지. 기존 값은 notes에 '원 값: …'으로 보존(삭제 없음).,,,YES
RC-035,B-004,ATOMICITY_TEMPORAL_LAYERS,event,AT0064,action,LOW_REVIEW,INTERNAL_FIX,,DEFAULT_USED(지침의 Audit B 목록에 없음): 같은 행의 Audit A 지적(A-009/A-010)과 같은 원인(STATE 행 action에 진술 행위). 진술 시점 층은 ATT0064(report_lunar_date=1793-06-13)이 보존하므로 action만 상태로 바꾸면 시간층 혼합이 해소됨.,거주 상태 진술,A-009/A-010과 같은 수정: action → '거주 상태'(상태 서술만 남김). time_precision UNDATED_STATE 유지. 기존 값은 notes에 '원 값: …'으로 보존(삭제 없음).,,,YES
RC-036,B-005,ATOMICITY_TEMPORAL_LAYERS,event,AT0068,target_or_content;claim_topic,MEDIUM_REVIEW,INTERNAL_FIX,,"MULTIPLE_EVENTS: ATT0068 한 발화에 '30여 명의 도적, 횃불, 지세대감 자칭, 금품 절취' 네 명제가 묶임. 명제 문자열만으로 분할 가능.",target_or_content='도적 30여 명·횃불·지세대감·금품 절취' | claim_topic='THEFT_DESCRIPTION',"AT0068 분할 제안(승인 전 생성 금지; 4행 모두 actor='나복', action='말함'(A-012 적용 시), 근거 ATT0068, 시간·장소는 현 AT0068 값 유지): (1) AT0068 유지: target_or_content='도적 30여 명', claim_topic=THEFT_DESCRIPTION, conflict_group=THEFT_REALITY; (2) [신규] target_or_content='횃불', claim_topic=THEFT_DESCRIPTION, conflict_group=THEFT_REALITY; (3) [신규] target_or_content='도적들이 지세대감이라 자칭', claim_topic=JISE_ORIGIN, conflict_group=JISE_ORIGIN(AT0096 등과 같은 쟁점 코드); (4) [신규] target_or_content='금품 절취', claim_topic=THEFT_DESCRIPTION, conflict_group=THEFT_REALITY. 최소안: (3)만 분리하고 나머지는 AT0068에 유지. 기존 값은 notes에 '원 값: …'으로 보존(삭제 없음). member_count 순효과(이 분류의 family 제안 전체 기준): 확정 제안(AT0008·AT0010 family 이동) EF_ACT_DEATH 0→1, EF_ACT_INQUIRE_SEARCH 5→6, EF_ACT_RECORD_REPORT 6→4; 분할 제안까지 모두 승인 시 EF_ACT_DEATH 0→2, EF_ACT_INQUIRE_SEARCH 5→6, EF_ACT_OTHER 1→2, EF_ACT_RECORD_REPORT 6→4, EF_JUDGE_FINAL 7→9, EF_ORDER_INVESTIGATE 4→5, EF_SPEECH_CLAIM_REPORT 31→37, EF_STATE_OTHER 1→2. 같은 버전에서 함께 갱신.",,,YES
RC-037,B-006,ATOMICITY_TEMPORAL_LAYERS,event,AT0078,action;historical_place;time_precision,MEDIUM_REVIEW,INTERNAL_FIX,SCHEMA_CHANGE_REQUIRED,"MULTIPLE_TIME_LAYERS: action은 나중 설명 행위, place/time은 설명 대상인 과거 병영 공초. ATT0078 명제만으로 분리안 작성 가능. 영구 표현은 SC-02 필요.",action='과거 진술 경위 설명' | historical_place='충청병영' | time_precision='UNDATED_DURING_INVESTIGATION',"AT0078는 나중 진술 행위(명업의 안핵 공초, SRC004)로 유지: action 유지, 시간 상한=attestation 보고일 → occurrence_lunar_end='1793-06-13', time_precision='BEFORE_OR_BY_REPORT'(현 값 'UNDATED_DURING_INVESTIGATION'는 아래 과거 사건 행으로 이동). historical_place('충청병영')는 진술 장소가 아니므로 값은 그대로 두고 '설명 대상 과거 사건의 장소로 보임(진술 장소 미기재)'으로 notes에 표시. 별도 과거 사건 행 제안(승인 전 생성 금지, 명제 밖 내용 추가 없음): actor='명업', semantic_class=ASSERTION, event_family_id=EF_SPEECH_CLAIM_REPORT, action='처음에 사실대로 말함', target_or_content='병영 뜰 공초', time_precision='UNDATED_DURING_INVESTIGATION', historical_place='충청병영', 근거 ATT0078. ",,SC-02,YES
RC-038,B-007,ATOMICITY_TEMPORAL_LAYERS,event,AT0079,action;historical_place;time_precision,MEDIUM_REVIEW,INTERNAL_FIX,SCHEMA_CHANGE_REQUIRED,MULTIPLE_TIME_LAYERS: 과거의 '위협을 두려워함' 상태와 나중 설명 행위가 한 행. ATT0079 명제만으로 분리안 작성 가능. 영구 표현은 SC-02 필요.,action='진술 경위 설명' | historical_place='충청병영' | time_precision='UNDATED_DURING_INVESTIGATION',"AT0079는 나중 진술 행위(명업의 안핵 공초, SRC004)로 유지: action 유지, 시간 상한=attestation 보고일 → occurrence_lunar_end='1793-06-13', time_precision='BEFORE_OR_BY_REPORT'(현 값 'UNDATED_DURING_INVESTIGATION'는 아래 과거 사건 행으로 이동). historical_place('충청병영')는 진술 장소가 아니므로 값은 그대로 두고 '설명 대상 과거 사건의 장소로 보임(진술 장소 미기재)'으로 notes에 표시. 별도 과거 사건 행 제안(승인 전 생성 금지, 명제 밖 내용 추가 없음): actor='명업', semantic_class=STATE, event_family_id=EF_STATE_OTHER, action='위협을 두려워함', target_or_content='', time_precision='UNDATED_DURING_INVESTIGATION', historical_place='충청병영'(ATT0079 '병영에서'), 근거 ATT0079. ",,SC-02,YES
RC-039,B-008,ATOMICITY_TEMPORAL_LAYERS,event,AT0080,action;historical_place;time_precision,MEDIUM_REVIEW,INTERNAL_FIX,SCHEMA_CHANGE_REQUIRED,MULTIPLE_TIME_LAYERS: 과거 진술 변경과 나중 설명이 한 행. ATT0080 명제만으로 분리안 작성 가능. 영구 표현은 SC-02 필요.,action='과거 진술 변경 설명' | historical_place='충청병영' | time_precision='UNDATED_DURING_INVESTIGATION',"AT0080는 나중 진술 행위(명업의 안핵 공초, SRC004)로 유지: action 유지, 시간 상한=attestation 보고일 → occurrence_lunar_end='1793-06-13', time_precision='BEFORE_OR_BY_REPORT'(현 값 'UNDATED_DURING_INVESTIGATION'는 아래 과거 사건 행으로 이동). historical_place('충청병영')는 진술 장소가 아니므로 값은 그대로 두고 '설명 대상 과거 사건의 장소로 보임(진술 장소 미기재)'으로 notes에 표시. 별도 과거 사건 행 제안(승인 전 생성 금지, 명제 밖 내용 추가 없음): actor='명업', semantic_class=ASSERTION, event_family_id=EF_SPEECH_CLAIM_REPORT, action='진술을 바꿈', target_or_content='도적을 맞지 않은 것으로', time_precision='UNDATED_DURING_INVESTIGATION', historical_place='충청병영'(원문 재확인 대상), 근거 ATT0080. ",,SC-02,YES
RC-040,B-009,ATOMICITY_TEMPORAL_LAYERS,event,AT0091,occurrence_lunar_start;occurrence_lunar_end;time_precision,LOW_REVIEW,SCHEMA_CHANGE_REQUIRED,,'이미 붙잡혀 있었다'는 2/29 이전에 시작된 상태인데 occurrence는 이진욱이 확인한 시점. 상태 시작 시점과 관찰 시점을 따로 둘 필드가 없음. 행 수준에서 맞는 값을 고를 수 없음(값을 비우면 정보 손실).,occurrence_lunar_start='1793-02-29' | occurrence_lunar_end='1793-02-29' | time_precision='DAY',"SC-01 도입 후 시간 필드를 사건 발생 시간·진술 시간·관찰 시간(및 상태 시작/관찰, 시점 없는 동일성, 반복 계열)으로 나눠 재기록. 그 전까지 현 값 유지.",,SC-01,YES
RC-041,B-010,ATOMICITY_TEMPORAL_LAYERS,event,AT0099,occurrence_lunar_start;occurrence_lunar_end;time_precision,LOW_REVIEW,SCHEMA_CHANGE_REQUIRED,,인물 식별(풍각 김생원=김명신)은 시점 없는 진술 내용인데 체포 지시 날짜가 붙음. 시점 없는(timeless) 동일성 진술을 표현할 필드가 없음. 행 수준에서 맞는 값을 고를 수 없음(값을 비우면 정보 손실).,occurrence_lunar_start='1793-03-04' | occurrence_lunar_end='1793-03-04' | time_precision='DAY',"SC-01 도입 후 시간 필드를 사건 발생 시간·진술 시간·관찰 시간(및 상태 시작/관찰, 시점 없는 동일성, 반복 계열)으로 나눠 재기록. 그 전까지 현 값 유지.",,SC-01,YES
RC-042,B-011,ATOMICITY_TEMPORAL_LAYERS,event,AT0100,occurrence_lunar_start;occurrence_lunar_end;time_precision,LOW_REVIEW,SCHEMA_CHANGE_REQUIRED,,인물 식별(흥덕 김생원=김갑득)에 체포 지시 날짜가 붙음. 시점 없는 동일성 진술을 표현할 필드가 없음. 행 수준에서 맞는 값을 고를 수 없음(값을 비우면 정보 손실).,occurrence_lunar_start='1793-03-04' | occurrence_lunar_end='1793-03-04' | time_precision='DAY',"SC-01 도입 후 시간 필드를 사건 발생 시간·진술 시간·관찰 시간(및 상태 시작/관찰, 시점 없는 동일성, 반복 계열)으로 나눠 재기록. 그 전까지 현 값 유지.",,SC-01,YES
RC-043,B-012,ATOMICITY_TEMPORAL_LAYERS,event,AT0114,occurrence_lunar_start;occurrence_lunar_end;time_precision,LOW_REVIEW,SCHEMA_CHANGE_REQUIRED,,'매일 불러들였다' = 반복 사건 계열을 한 행으로 표현. 반복 계열(횟수·개별 발생)을 표현할 구조가 없음. 행 수준에서 맞는 값을 고를 수 없음(값을 비우면 정보 손실).,occurrence_lunar_start='1793-02-29' | occurrence_lunar_end='' | time_precision='REPEATED_AFTER_ARREST',"SC-01 도입 후 시간 필드를 사건 발생 시간·진술 시간·관찰 시간(및 상태 시작/관찰, 시점 없는 동일성, 반복 계열)으로 나눠 재기록. 그 전까지 현 값 유지.",,SC-01,YES
RC-044,B-013,ATOMICITY_TEMPORAL_LAYERS,event,AT0115,time_precision,LOW_REVIEW,SOURCE_RECHECK_REQUIRED,,time_precision REPEATED_AFTER_ARREST의 반복 표지가 ATT0115에 없음. 반복 여부는 원문에서만 확인 가능. 현 값 유지.,REPEATED_AFTER_ARREST,현 값 유지. 원문 재확인 결과 반복 표지가 없으면 time_precision을 반복 아님(예: UNDATED_DURING_DETENTION)으로 정렬하는 안을 그때 제시.,SRQ-050,,YES
RC-045,B-014,ATOMICITY_TEMPORAL_LAYERS,event,AT0116,time_precision,MEDIUM_REVIEW,SOURCE_RECHECK_REQUIRED,,time_precision REPEATED_AFTER_ARREST의 반복 표지가 ATT0116에 없음. 회유가 1회인지 반복인지 원문에서만 확인 가능. 현 값 유지.,REPEATED_AFTER_ARREST,현 값 유지. 원문 재확인 결과에 따라 time_precision 정렬 여부 결정.,SRQ-031,,YES
RC-046,B-015,ATOMICITY_TEMPORAL_LAYERS,event,AT0117,time_precision,LOW_REVIEW,SOURCE_RECHECK_REQUIRED,,time_precision REPEATED_AFTER_ARREST의 반복 표지가 ATT0117에 없음. 반복 여부는 원문에서만 확인 가능. 현 값 유지.,REPEATED_AFTER_ARREST,현 값 유지. 원문 재확인 결과 반복 표지가 없으면 time_precision 정렬 안을 그때 제시.,SRQ-050,,YES
RC-047,B-016,ATOMICITY_TEMPORAL_LAYERS,event,AT0119,action;target_or_content;historical_place;time_precision,HIGH_REVIEW,INTERNAL_FIX,SCHEMA_CHANGE_REQUIRED,"BOTH: family/action은 나중 진술 층, place/time/REL0032(DURING)는 과거 대질 층. ATT0119 명제('이집거와 대질할 때 한재욱의 지휘에 따라 거짓으로 말했다')만으로 두 층 분리안 작성 가능. 영구 표현은 SC-02 필요.",action='과거 진술 경위 설명' | target_or_content='한재욱 지휘에 따라 거짓말을 꾸몄다고 주장' | historical_place='병영' | time_precision='UNDATED_DURING_DETENTION',"AT0119는 나중 진술 행위(자미덕의 안핵 공초, SRC004)로 유지: action 유지, 시간 상한=attestation 보고일 → occurrence_lunar_end='1793-06-13', time_precision='BEFORE_OR_BY_REPORT'(현 값 'UNDATED_DURING_DETENTION'는 아래 과거 사건 행으로 이동). historical_place('병영')는 진술 장소가 아니므로 값은 그대로 두고 '설명 대상 과거 사건의 장소로 보임(진술 장소 미기재)'으로 notes에 표시. 별도 과거 사건 행 제안(승인 전 생성 금지, 명제 밖 내용 추가 없음): actor='자미덕', semantic_class=ASSERTION, event_family_id=EF_SPEECH_CLAIM_REPORT, action='거짓으로 말했다고 주장됨'(SC-03 도입 후 '거짓으로 말함'+claim_status=CONTESTED), target_or_content='이집거와 대질할 때 한재욱의 지휘에 따라', time_precision='UNDATED_DURING_DETENTION', historical_place='병영'(원문 재확인 대상), claim_topic/conflict_group=COACHING, 근거 ATT0119. REL0032(AT0118→AT0119 DURING)의 to_event를 신규 과거 사건 행으로 옮기는 안(REL0081은 진술 간 충돌이므로 AT0119에 유지). 관계 삭제 없음.",,SC-02,YES
RC-048,B-017,ATOMICITY_TEMPORAL_LAYERS,event,AT0131,action;historical_place;time_precision,MEDIUM_REVIEW,INTERNAL_FIX,SCHEMA_CHANGE_REQUIRED,"MULTIPLE_TIME_LAYERS: action '부인'은 안핵 공초 시점 발화, place/time은 부인 대상(주장된 사주)의 과거 시점·장소. ATT0131 명제만으로 분리안 작성 가능. 사주 여부는 UNKNOWN/CONTESTED 유지(TR-18).",action='부인' | historical_place='비장청' | time_precision='UNDATED_DURING_DETENTION',"AT0131는 나중 진술 행위(한재욱의 안핵 공초, SRC004)로 유지: action 유지, 시간 상한=attestation 보고일 → occurrence_lunar_end='1793-06-13', time_precision='BEFORE_OR_BY_REPORT'(현 값 'UNDATED_DURING_DETENTION'는 아래 과거 사건 행으로 이동). historical_place('비장청')는 진술 장소가 아니므로 값은 그대로 두고 '설명 대상 과거 사건의 장소로 보임(진술 장소 미기재)'으로 notes에 표시. 별도 과거 사건 행 제안(승인 전 생성 금지, 명제 밖 내용 추가 없음): 부인 대상 행 — actor='한재욱', semantic_class=ACTION, event_family_id=EF_ACT_OTHER, action='자미덕을 은밀히 사주했다고 주장됨(한재욱 부인)', target_or_content='자미덕', time_precision='UNDATED_DURING_DETENTION', 근거 ATT0131(CONTESTED_DENIAL). 이 행은 사주가 있었다는 사실이 아니라 '부인된 주장 대상'을 나타내므로 SC-03(claim_status=DENIED/CONTESTED) 도입 전에는 생성 보류 권장. REL0080·REL0081은 진술 간 충돌이므로 AT0131에 유지.",,SC-02,YES
RC-049,B-018,ATOMICITY_TEMPORAL_LAYERS,event,AT0132,time_precision,LOW_REVIEW,SCHEMA_CHANGE_REQUIRED,,action '부인'(공초 시점 발화)과 time_precision UNDATED_STATE(부인 내용인 관계 상태의 시간 성격)가 섞임. 부인 발화 시점과 부인된 상태의 시간층을 따로 둘 필드가 없음(행 수준 수정 불가).,UNDATED_STATE,SC-02(진술 사건과 그 대상 상태의 연결)·SC-01(발화 시점 vs 상태 시간) 도입 후 time_precision을 진술 층(BEFORE_OR_BY_REPORT)과 대상 상태 층(UNDATED_STATE)으로 분리. 그 전까지 현 값 유지.,,SC-02;SC-01,YES
RC-050,B-019,ATOMICITY_TEMPORAL_LAYERS,event,AT0153,target_or_content,LOW_REVIEW,INTERNAL_FIX,,MULTIPLE_EVENTS: ATT0153 '곤장이나 평범한 신문을 받지 않았다'에 두 판단 명제. AT0151/AT0152는 같은 판결에서 분리되어 있어 같은 방식 적용 가능.,김명신이 곤장 한 대도 맞지 않았고 평범한 신문도 받지 않았다고 판단,"AT0153 분할 제안(승인 전 생성 금지; 둘 다 actor='정조', action='최종 판단', claim_topic=TREATMENT_OF_KIM, 근거 ATT0153): (a) AT0153 수정: target_or_content='김명신이 곤장을 받지 않았다고 판단'; (b) [신규] target_or_content='김명신이 평범한 신문을 받지 않았다고 판단'. 현 target의 '한 대도' 표현은 ATT0153 명제에 없으므로 원 target 전체를 notes에 보존(삭제 없음). member_count 순효과(이 분류의 family 제안 전체 기준): 확정 제안(AT0008·AT0010 family 이동) EF_ACT_DEATH 0→1, EF_ACT_INQUIRE_SEARCH 5→6, EF_ACT_RECORD_REPORT 6→4; 분할 제안까지 모두 승인 시 EF_ACT_DEATH 0→2, EF_ACT_INQUIRE_SEARCH 5→6, EF_ACT_OTHER 1→2, EF_ACT_RECORD_REPORT 6→4, EF_JUDGE_FINAL 7→9, EF_ORDER_INVESTIGATE 4→5, EF_SPEECH_CLAIM_REPORT 31→37, EF_STATE_OTHER 1→2. 같은 버전에서 함께 갱신.",,,YES
RC-051,B-020,ATOMICITY_TEMPORAL_LAYERS,event,AT0154,target_or_content,MEDIUM_REVIEW,INTERNAL_FIX,,MULTIPLE_EVENTS: ATT0154는 '김명신 부처의 죽음'(두 사람)에 대한 판단인데 한 행이고 target에서 대상이 빠짐. AT0151/AT0152의 인물별 분리 방식 적용 가능.,구순 때문에 직접 죽었다고 단정하기는 어렵다고 판단,"AT0154 분할 제안(승인 전 생성 금지; 둘 다 actor='정조', action='최종 판단', claim_topic/conflict_group=DEATH_CAUSE, 근거 ATT0154): (a) AT0154 수정: target_or_content='김명신의 죽음을 구순 때문에 직접 발생한 것으로 단정하기 어렵다고 판단'; (b) [신규] target_or_content='김명신 아내의 죽음을 구순 때문에 직접 발생한 것으로 단정하기 어렵다고 판단'. 분할 미승인 시 대안: E-169의 target 주어 복원만 적용. 기존 값은 notes에 '원 값: …'으로 보존(삭제 없음). member_count 순효과(이 분류의 family 제안 전체 기준): 확정 제안(AT0008·AT0010 family 이동) EF_ACT_DEATH 0→1, EF_ACT_INQUIRE_SEARCH 5→6, EF_ACT_RECORD_REPORT 6→4; 분할 제안까지 모두 승인 시 EF_ACT_DEATH 0→2, EF_ACT_INQUIRE_SEARCH 5→6, EF_ACT_OTHER 1→2, EF_ACT_RECORD_REPORT 6→4, EF_JUDGE_FINAL 7→9, EF_ORDER_INVESTIGATE 4→5, EF_SPEECH_CLAIM_REPORT 31→37, EF_STATE_OTHER 1→2. 같은 버전에서 함께 갱신.",,,YES
RC-052,B-021,ATOMICITY_TEMPORAL_LAYERS,event,AT0161,historical_place,LOW_REVIEW,SCHEMA_CHANGE_REQUIRED,,historical_place가 처분 결정 장소가 아니라 유배 목적지를 뜻함(같은 family의 다른 처분 행은 결정 장소 한양). 장소의 역할을 구분할 필드가 없어 행 수준 수정 불가.,신지도,SC-09 도입 후 목적지 값을 place_role=DESTINATION으로 재기록하고 결정 장소와 분리. 그 전까지 현 값 유지(값 삭제 없음).,,SC-09,YES
RC-053,B-022,ATOMICITY_TEMPORAL_LAYERS,event,AT0168,historical_place,LOW_REVIEW,SCHEMA_CHANGE_REQUIRED,,historical_place가 처분 결정 장소가 아니라 유배 목적지를 뜻함(같은 family의 다른 처분 행은 결정 장소 한양). 장소의 역할을 구분할 필드가 없어 행 수준 수정 불가.,영동현,SC-09 도입 후 목적지 값을 place_role=DESTINATION으로 재기록하고 결정 장소와 분리. 그 전까지 현 값 유지(값 삭제 없음).,,SC-09,YES
RC-054,B-023,ATOMICITY_TEMPORAL_LAYERS,event,AT0170,historical_place,LOW_REVIEW,SCHEMA_CHANGE_REQUIRED,,historical_place가 처분 결정 장소가 아니라 유배 목적지를 뜻함(같은 family의 다른 처분 행은 결정 장소 한양). 장소의 역할을 구분할 필드가 없어 행 수준 수정 불가.,원도,SC-09 도입 후 목적지 값을 place_role=DESTINATION으로 재기록하고 결정 장소와 분리. 그 전까지 현 값 유지(값 삭제 없음).,,SC-09,YES
RC-055,C-001,ACTOR_PARTICIPANT,event,AT0012,actor,MEDIUM_REVIEW,SCHEMA_CHANGE_REQUIRED,,MULTIPLE_PARTICIPANTS_STORED_AS_ONE_ACTOR: 지시자(이형원)와 수행자(영장들)의 역할이 다른데 한 actor('/' 구분자). actor/participant 구분 구조가 없어 행 수준에서 고칠 수 없음.,이형원/각 진영 영장,"SC-04 도입 후 event_participants(event_id, participant, role, role_basis, provenance)로 참여자별 역할 분리. 그 전까지 actor 현 값 유지.",,SC-04,YES
RC-056,C-002,ACTOR_PARTICIPANT,event,AT0016,actor,LOW_REVIEW,SOURCE_RECHECK_REQUIRED,,GROUP_ACTOR: ATT0016은 '진술이 실려 있다'로 진술자를 밝히지 않음. actor '회동 조사 응답자들'은 인접 행에서 옮겨온 값이며 진술자는 원문에서만 확인 가능. 현 값 유지.,회동 조사 응답자들,현 값 유지. 원문 재확인 결과 진술자가 다르면 그때 수정안 제시.,SRQ-049,,YES
RC-057,C-003,ACTOR_PARTICIPANT,event,AT0069,actor,LOW_REVIEW,SCHEMA_CHANGE_REQUIRED,,MULTIPLE_PARTICIPANTS_STORED_AS_ONE_ACTOR: 대칭 관계 상태(상호 친숙)를 한 actor 문자열로 저장. actor/participant 구분 구조가 없어 행 수준에서 고칠 수 없음.,구순·김명신,"SC-04 도입 후 event_participants(event_id, participant, role, role_basis, provenance)로 참여자별 역할 분리. 그 전까지 actor 현 값 유지.",,SC-04,YES
RC-058,C-004,ACTOR_PARTICIPANT,event,AT0072,actor,LOW_REVIEW,SCHEMA_CHANGE_REQUIRED,,MULTIPLE_PARTICIPANTS_STORED_AS_ONE_ACTOR: 대칭 관계 상태(왕래 단절)를 한 actor 문자열로 저장. actor/participant 구분 구조가 없어 행 수준에서 고칠 수 없음.,구순·김명신,"SC-04 도입 후 event_participants(event_id, participant, role, role_basis, provenance)로 참여자별 역할 분리. 그 전까지 actor 현 값 유지.",,SC-04,YES
RC-059,C-005,ACTOR_PARTICIPANT,event,AT0074,actor,LOW_REVIEW,INTERNAL_FIX,,ATT0074는 수동형('체포령이 내려졌다')으로 발령 주체 미상. '미상 관서'는 주체가 기록되지 않았음을 뜻하는 자리표시자로 해석 가능하며 CSV 안에서 결정 가능.,미상 관서,값 '미상 관서' 그대로 유지. notes에 'ATT0074 수동형(체포령이 내려졌다): 발령 주체가 명제에 없음을 뜻하는 자리표시자' 명시.,,,YES
RC-060,C-006,ACTOR_PARTICIPANT,event,AT0077,actor,LOW_REVIEW,SCHEMA_CHANGE_REQUIRED,,MULTIPLE_PARTICIPANTS_STORED_AS_ONE_ACTOR: 쌍방 대화를 한 actor로 저장. 장교의 신원은 CSV에 없음. actor/participant 구분 구조가 없어 행 수준에서 고칠 수 없음.,구순·장교,"SC-04 도입 후 event_participants(event_id, participant, role, role_basis, provenance)로 참여자별 역할 분리. 그 전까지 actor 현 값 유지.",,SC-04,YES
RC-061,C-007,ACTOR_PARTICIPANT,event,AT0086,actor,HIGH_REVIEW,INTERNAL_FIX,SOURCE_RECHECK_REQUIRED,ATT0086는 수동형('철편 네 개가 만들어졌다')으로 행위자가 없음. '한재욱 측'은 CSV 근거 없는 귀속이므로 CSV만으로 '미상'이 맞는 값임은 결정 가능. 원문이 행위자를 밝히는지는 별도 재확인.,한재욱 측,"actor '한재욱 측' → '미상'(attestation 수동형). 기존 값은 notes에 '원 actor: 한재욱 측(근거 미확인, 원문 재확인 대상)'으로 보존(삭제 없음). 원문에서 행위자가 확인되면 그 값으로 교체.",SRQ-005,,YES
RC-062,C-008,ACTOR_PARTICIPANT,event,AT0087,actor,HIGH_REVIEW,INTERNAL_FIX,SOURCE_RECHECK_REQUIRED,ATT0087는 수동형('철편 네 개가 제공됐다')으로 행위자가 없음. '한재욱 측'은 CSV 근거 없는 귀속이므로 CSV만으로 '미상'이 맞는 값임은 결정 가능. 원문이 행위자를 밝히는지는 별도 재확인.,한재욱 측,"actor '한재욱 측' → '미상'(attestation 수동형). 기존 값은 notes에 '원 actor: 한재욱 측(근거 미확인, 원문 재확인 대상)'으로 보존(삭제 없음). 원문에서 행위자가 확인되면 그 값으로 교체.",SRQ-005,,YES
RC-063,C-009,ACTOR_PARTICIPANT,event,AT0089,actor,LOW_REVIEW,SCHEMA_CHANGE_REQUIRED,,"GROUP_ACTOR(LOW): 같은 집단이 '이진욱·조계완 등'(AT0089·AT0090), '병영 장교 일행'(AT0092–AT0094), '장교 일행'(AT0101·AT0102)으로 다르게 표기됨. 같은 집단인지 CSV로 확정할 수 없고 집단 구성원을 표현할 구조가 없음(표기 통일은 동일성 판단이 되므로 행 수준 수정 아님).",이진욱·조계완 등,SC-04(participant·집단 구성원 테이블) 도입 후 집단 행위자를 구성원(이름 있는 구성원 + 미상 구성원 표지)과 함께 기록. 표기 통일·동일시는 하지 않음. 그 전까지 현 값 유지.,,SC-04,YES
RC-064,C-010,ACTOR_PARTICIPANT,event,AT0090,actor,LOW_REVIEW,SCHEMA_CHANGE_REQUIRED,,"GROUP_ACTOR(LOW): 같은 집단이 '이진욱·조계완 등'(AT0089·AT0090), '병영 장교 일행'(AT0092–AT0094), '장교 일행'(AT0101·AT0102)으로 다르게 표기됨. 같은 집단인지 CSV로 확정할 수 없고 집단 구성원을 표현할 구조가 없음(표기 통일은 동일성 판단이 되므로 행 수준 수정 아님).",이진욱·조계완 등,SC-04(participant·집단 구성원 테이블) 도입 후 집단 행위자를 구성원(이름 있는 구성원 + 미상 구성원 표지)과 함께 기록. 표기 통일·동일시는 하지 않음. 그 전까지 현 값 유지.,,SC-04,YES
RC-065,C-011,ACTOR_PARTICIPANT,event,AT0092,actor,LOW_REVIEW,SCHEMA_CHANGE_REQUIRED,,"GROUP_ACTOR(LOW): 같은 집단이 '이진욱·조계완 등'(AT0089·AT0090), '병영 장교 일행'(AT0092–AT0094), '장교 일행'(AT0101·AT0102)으로 다르게 표기됨. 같은 집단인지 CSV로 확정할 수 없고 집단 구성원을 표현할 구조가 없음(표기 통일은 동일성 판단이 되므로 행 수준 수정 아님).",병영 장교 일행,SC-04(participant·집단 구성원 테이블) 도입 후 집단 행위자를 구성원(이름 있는 구성원 + 미상 구성원 표지)과 함께 기록. 표기 통일·동일시는 하지 않음. 그 전까지 현 값 유지.,,SC-04,YES
RC-066,C-012,ACTOR_PARTICIPANT,event,AT0093,actor,LOW_REVIEW,SCHEMA_CHANGE_REQUIRED,,"GROUP_ACTOR(LOW): 같은 집단이 '이진욱·조계완 등'(AT0089·AT0090), '병영 장교 일행'(AT0092–AT0094), '장교 일행'(AT0101·AT0102)으로 다르게 표기됨. 같은 집단인지 CSV로 확정할 수 없고 집단 구성원을 표현할 구조가 없음(표기 통일은 동일성 판단이 되므로 행 수준 수정 아님).",병영 장교 일행,SC-04(participant·집단 구성원 테이블) 도입 후 집단 행위자를 구성원(이름 있는 구성원 + 미상 구성원 표지)과 함께 기록. 표기 통일·동일시는 하지 않음. 그 전까지 현 값 유지.,,SC-04,YES
RC-067,C-013,ACTOR_PARTICIPANT,event,AT0094,actor,LOW_REVIEW,SCHEMA_CHANGE_REQUIRED,,"GROUP_ACTOR(LOW): 같은 집단이 '이진욱·조계완 등'(AT0089·AT0090), '병영 장교 일행'(AT0092–AT0094), '장교 일행'(AT0101·AT0102)으로 다르게 표기됨. 같은 집단인지 CSV로 확정할 수 없고 집단 구성원을 표현할 구조가 없음(표기 통일은 동일성 판단이 되므로 행 수준 수정 아님).",병영 장교 일행,SC-04(participant·집단 구성원 테이블) 도입 후 집단 행위자를 구성원(이름 있는 구성원 + 미상 구성원 표지)과 함께 기록. 표기 통일·동일시는 하지 않음. 그 전까지 현 값 유지.,,SC-04,YES
RC-068,C-014,ACTOR_PARTICIPANT,event,AT0118,actor,MEDIUM_REVIEW,SCHEMA_CHANGE_REQUIRED,,"MULTIPLE_PARTICIPANTS_STORED_AS_ONE_ACTOR: 대질은 복수 참여자 사건이고 ATT0118 '자미덕은 이집거와 대질했다'(공동격 '와')로 방향성 없음. actor/participant 구분 구조가 없어 행 수준에서 고칠 수 없음. 안 A(actor=자미덕, target=이집거)는 제안하지 않음(TR-15: 방향성 없는 공동격을 주체·대상으로 바꾸는 해석이 됨). participant 테이블이 생길 때까지 actor 현 값 유지.",자미덕·이집거,"SC-04 도입 후 event_participants(event_id, participant, role, role_basis, provenance)로 참여자별 역할 분리. 그 전까지 actor 현 값 유지. 안 A(actor=자미덕, target=이집거)는 제안하지 않음(TR-15: 방향성 없는 공동격을 주체·대상으로 바꾸는 해석이 됨). participant 테이블이 생길 때까지 actor 현 값 유지.",,SC-04,YES
RC-069,C-015,ACTOR_PARTICIPANT,event,AT0121,actor,LOW_REVIEW,INTERNAL_FIX,SCHEMA_CHANGE_REQUIRED,PERSON_AND_INSTITUTION: ATT0121 '한재욱은 … 병영 아전 유제희를 내보냈다'에서 '병영'은 유제희의 소속으로만 나오고 행위 주체는 한재욱. CSV만으로 결정 가능.,한재욱/병영,"actor '한재욱/병영' → '한재욱'. '병영'은 유제희의 소속(병영 아전)이며 SC-04 도입 시 participant(유제희, role=dispatched, affiliation=병영)로 기록. 기존 값은 notes에 '원 값: …'으로 보존(삭제 없음).",,SC-04,YES
RC-070,C-016,ACTOR_PARTICIPANT,alias,재돌 / 변재돌,actor;target_or_content(인물 표기),MEDIUM_REVIEW,SOURCE_RECHECK_REQUIRED,SCHEMA_CHANGE_REQUIRED,"ALIAS_UNRESOLVED: '재돌'과 '변재돌'의 동일성이 CSV에 명시 없음. 동일인 여부는 원문에서만 확인 가능(우선순위 MEDIUM). 확인 전까지 별개 표기로 유지, 자동 병합 금지. 인물·별칭을 표현할 구조도 필요(SC-04).",재돌 / 변재돌,현 표기 모두 유지(병합·통일 없음). 원문 확인 결과는 SC-04의 person/alias 테이블에 identity_status(CONFIRMED/CANDIDATE)와 근거로 기록.,SRQ-032,SC-04,YES
RC-071,C-017,ACTOR_PARTICIPANT,alias,원돌 / 정원돌,actor;target_or_content(인물 표기),MEDIUM_REVIEW,SOURCE_RECHECK_REQUIRED,SCHEMA_CHANGE_REQUIRED,"ALIAS_UNRESOLVED: '원돌'과 '정원돌'의 동일성이 CSV에 명시 없음. 동일인 여부는 원문에서만 확인 가능(우선순위 MEDIUM). 확인 전까지 별개 표기로 유지, 자동 병합 금지. 인물·별칭을 표현할 구조도 필요(SC-04).",원돌 / 정원돌,현 표기 모두 유지(병합·통일 없음). 원문 확인 결과는 SC-04의 person/alias 테이블에 identity_status(CONFIRMED/CANDIDATE)와 근거로 기록.,SRQ-033,SC-04,YES
RC-072,C-018,ACTOR_PARTICIPANT,alias,풍각 김생원 / 풍각 김상제 / 풍각 상주 / 김명신,actor;target_or_content(인물 표기),MEDIUM_REVIEW,SOURCE_RECHECK_REQUIRED,SCHEMA_CHANGE_REQUIRED,"ALIAS_UNRESOLVED: ATT0099는 '풍각 김생원=김명신'만 명시. 김상제·상주와의 연결은 간접적. 동일인 여부는 원문에서만 확인 가능(우선순위 MEDIUM). 확인 전까지 별개 표기로 유지, 자동 병합 금지. 인물·별칭을 표현할 구조도 필요(SC-04).",풍각 김생원 / 풍각 김상제 / 풍각 상주 / 김명신,현 표기 모두 유지(병합·통일 없음). 원문 확인 결과는 SC-04의 person/alias 테이블에 identity_status(CONFIRMED/CANDIDATE)와 근거로 기록.,SRQ-034,SC-04,YES
RC-073,C-019,ACTOR_PARTICIPANT,alias,병사 / 이광섭,actor;target_or_content(인물 표기),MEDIUM_REVIEW,SOURCE_RECHECK_REQUIRED,SCHEMA_CHANGE_REQUIRED,"ALIAS_UNRESOLVED: attestation은 '병사'만 언급. source_records.source_title 메타데이터는 이미 이광섭과 연결. 동일인 여부는 원문에서만 확인 가능(우선순위 LOW). 확인 전까지 별개 표기로 유지, 자동 병합 금지. 인물·별칭을 표현할 구조도 필요(SC-04).",병사 / 이광섭,현 표기 모두 유지(병합·통일 없음). 원문 확인 결과는 SC-04의 person/alias 테이블에 identity_status(CONFIRMED/CANDIDATE)와 근거로 기록.,SRQ-052,SC-04,YES
RC-074,C-020,ACTOR_PARTICIPANT,alias,병영 보조자 / 비장 / 한재욱,actor;target_or_content(인물 표기),MEDIUM_REVIEW,SOURCE_RECHECK_REQUIRED,SCHEMA_CHANGE_REQUIRED,"ALIAS_UNRESOLVED: ATT0045 '병영 보조자'가 한재욱이라는 명제는 어떤 attestation에도 없고 REL0082만 둘을 동일시함. 동일인 여부는 원문에서만 확인 가능(우선순위 HIGH). 확인 전까지 별개 표기로 유지, 자동 병합 금지. 인물·별칭을 표현할 구조도 필요(SC-04).",병영 보조자 / 비장 / 한재욱,현 표기 모두 유지(병합·통일 없음). 원문 확인 결과는 SC-04의 person/alias 테이블에 identity_status(CONFIRMED/CANDIDATE)와 근거로 기록.,SRQ-001,SC-04,YES
RC-075,D-001,PERSON_SET_MEMBERSHIP,table,audit_04_person_set_membership,membership(표),INFO,SCHEMA_CHANGE_REQUIRED,,"INFO: 인물×집합 UNKNOWN 칸은 추론으로 채우면 안 되며, 열린 집합('여러 사람', '등', '특정 인물들')의 소속 상태를 표현할 구조가 없음.",UNKNOWN 62칸 / 인물 12명 × 집합 8개 (audit_04_person_set_membership),"SC-06 도입 후 집합(closure_status OPEN/CLOSED, 열린 표지 원문) + 소속 행(DIRECT/ABSENT/UNKNOWN, 근거)으로 기록. UNKNOWN 칸은 그대로 UNKNOWN으로 보존(추론으로 채우지 않음).",,SC-06,NO
RC-076,D-002,PERSON_SET_MEMBERSHIP,event,AT0122,target_or_content,HIGH_REVIEW,SOURCE_RECHECK_REQUIRED,SCHEMA_CHANGE_REQUIRED,유제희 명단 7명은 AT0122.target_or_content에만 있고 ATT0122는 '여러 사람'만 말함. 4명은 어떤 attestation에도 없음. 명단은 원문에서만 확인 가능. 현 값 유지(삭제 없음).,변지돌·변재돌·정원돌·김명신·김성손·김흥득·김흥길,현 값 유지. 원문 재확인 전까지 S1 근거를 EVENT_FIELD_ONLY로 표시(SC-05/SC-06). 원문 확인 결과에 따라 명단·열린 표지 기록.,SRQ-002,SC-06,YES
RC-077,D-003,PERSON_SET_MEMBERSHIP,person,김명신,action;target_or_content,MEDIUM_REVIEW,SOURCE_RECHECK_REQUIRED,,S5(신문) 충돌: ATT0008(이형원) vs ATT0153(정조). 두 attestation 모두 보존 대상이며 충돌은 원문 표현 확인으로만 성격을 기록할 수 있음. 충돌은 보존하며 어느 쪽도 사실로 승격하지 않음.,AT0008.action='조사했다고 보고됨' | AT0153.target_or_content='김명신이 곤장 한 대도 맞지 않았고 평범한 신문도 받지 않았다고 판단',변경 없음. 충돌 보존(어느 쪽도 승격하지 않음). 원문 표현 확인 결과는 note로만 기록.,SRQ-051,,YES
RC-078,D-004,PERSON_SET_MEMBERSHIP,person,이집거,actor,HIGH_REVIEW,SOURCE_RECHECK_REQUIRED,,이집거는 대질 상대로만 DIRECT. 이집거의 역할과 대질에 이른 경위는 CSV에 없고 원문에서만 확인 가능. 이집거를 '지목 대상'·'용의자'로 다루는 파생 금지.,AT0118.actor='자미덕·이집거' | ATT0119 '이집거와 대질할 때',변경 없음. 원문 재확인 전까지 이집거 관련 파생 데이터 생성 금지.,SRQ-003,,YES
RC-079,E-001,FIELD_PROVENANCE,event_field,AT0006.historical_place,historical_place,LOW_REVIEW,SOURCE_RECHECK_REQUIRED,SCHEMA_CHANGE_REQUIRED,[AMBIGUOUS] 값의 근거가 해당 attestation(ATT0006) 명제에 없음. 현재 CSV에 근거가 없다는 것이 역사적으로 틀렸다는 뜻은 아니므로 값은 유지하고 원문 재확인(우선순위 LOW). 근거 없는 값을 삭제 없이 유지하려면 field_provenance(SC-05) 필요.,충청병영,현 값 유지(삭제 제안 없음). 원문 재확인 결과에 따라 근거 표시 또는 값 정렬. 그 전까지 provenance_class를 field_provenance에 기록.,SRQ-039,SC-05;SC-09,YES
RC-080,E-002,FIELD_PROVENANCE,event_field,AT0006.occurrence_lunar_start,occurrence_lunar_start,HIGH_REVIEW,SOURCE_RECHECK_REQUIRED,SCHEMA_CHANGE_REQUIRED,[IMPORTED_FROM_OTHER_ATTESTATION] 값의 근거가 해당 attestation(ATT0006) 명제에 없음. 현재 CSV에 근거가 없다는 것이 역사적으로 틀렸다는 뜻은 아니므로 값은 유지하고 원문 재확인(우선순위 HIGH). 근거 없는 값을 삭제 없이 유지하려면 field_provenance(SC-05) 필요.,1793-03-04,현 값 유지(삭제 제안 없음). 원문 재확인 결과에 따라 근거 표시 또는 값 정렬. 그 전까지 provenance_class를 field_provenance에 기록.,SRQ-007,SC-05,YES
RC-081,E-003,FIELD_PROVENANCE,event_field,AT0007.historical_place,historical_place,MEDIUM_REVIEW,SOURCE_RECHECK_REQUIRED,SCHEMA_CHANGE_REQUIRED,[IMPORTED_FROM_OTHER_ATTESTATION] 값의 근거가 해당 attestation(ATT0007) 명제에 없음. 현재 CSV에 근거가 없다는 것이 역사적으로 틀렸다는 뜻은 아니므로 값은 유지하고 원문 재확인(우선순위 HIGH). 근거 없는 값을 삭제 없이 유지하려면 field_provenance(SC-05) 필요.,충청병영,현 값 유지(삭제 제안 없음). 원문 재확인 결과에 따라 근거 표시 또는 값 정렬. 그 전까지 provenance_class를 field_provenance에 기록.,SRQ-008,SC-05,YES
RC-082,E-004,FIELD_PROVENANCE,event_field,AT0007.occurrence_lunar_start,occurrence_lunar_start,HIGH_REVIEW,SOURCE_RECHECK_REQUIRED,SCHEMA_CHANGE_REQUIRED,[IMPORTED_FROM_OTHER_ATTESTATION] 값의 근거가 해당 attestation(ATT0007) 명제에 없음. 현재 CSV에 근거가 없다는 것이 역사적으로 틀렸다는 뜻은 아니므로 값은 유지하고 원문 재확인(우선순위 HIGH). 근거 없는 값을 삭제 없이 유지하려면 field_provenance(SC-05) 필요.,1793-03-04,현 값 유지(삭제 제안 없음). 원문 재확인 결과에 따라 근거 표시 또는 값 정렬. 그 전까지 provenance_class를 field_provenance에 기록.,SRQ-007,SC-05,YES
RC-083,E-005,FIELD_PROVENANCE,event_field,AT0008.historical_place,historical_place,LOW_REVIEW,SOURCE_RECHECK_REQUIRED,SCHEMA_CHANGE_REQUIRED,[AMBIGUOUS] 값의 근거가 해당 attestation(ATT0008) 명제에 없음. 현재 CSV에 근거가 없다는 것이 역사적으로 틀렸다는 뜻은 아니므로 값은 유지하고 원문 재확인(우선순위 LOW). 근거 없는 값을 삭제 없이 유지하려면 field_provenance(SC-05) 필요.,충청병영,현 값 유지(삭제 제안 없음). 원문 재확인 결과에 따라 근거 표시 또는 값 정렬. 그 전까지 provenance_class를 field_provenance에 기록.,SRQ-039,SC-05;SC-09,YES
RC-084,E-006,FIELD_PROVENANCE,event_field,AT0008.occurrence_lunar_start,occurrence_lunar_start,HIGH_REVIEW,SOURCE_RECHECK_REQUIRED,SCHEMA_CHANGE_REQUIRED,[IMPORTED_FROM_OTHER_ATTESTATION] 값의 근거가 해당 attestation(ATT0008) 명제에 없음. 현재 CSV에 근거가 없다는 것이 역사적으로 틀렸다는 뜻은 아니므로 값은 유지하고 원문 재확인(우선순위 HIGH). 근거 없는 값을 삭제 없이 유지하려면 field_provenance(SC-05) 필요.,1793-03-04,현 값 유지(삭제 제안 없음). 원문 재확인 결과에 따라 근거 표시 또는 값 정렬. 그 전까지 provenance_class를 field_provenance에 기록.,SRQ-007,SC-05,YES
RC-085,E-007,FIELD_PROVENANCE,event_field,AT0009.occurrence_lunar_start,occurrence_lunar_start,HIGH_REVIEW,SOURCE_RECHECK_REQUIRED,SCHEMA_CHANGE_REQUIRED,[IMPORTED_FROM_OTHER_ATTESTATION] 값의 근거가 해당 attestation(ATT0009) 명제에 없음. 현재 CSV에 근거가 없다는 것이 역사적으로 틀렸다는 뜻은 아니므로 값은 유지하고 원문 재확인(우선순위 HIGH). 근거 없는 값을 삭제 없이 유지하려면 field_provenance(SC-05) 필요.,1793-03-04,현 값 유지(삭제 제안 없음). 원문 재확인 결과에 따라 근거 표시 또는 값 정렬. 그 전까지 provenance_class를 field_provenance에 기록.,SRQ-007,SC-05,YES
RC-086,E-008,FIELD_PROVENANCE,event_field,AT0010.historical_place,historical_place,HIGH_REVIEW,SOURCE_RECHECK_REQUIRED,SCHEMA_CHANGE_REQUIRED,[IMPORTED_FROM_OTHER_ATTESTATION] 값의 근거가 해당 attestation(ATT0010) 명제에 없음. 현재 CSV에 근거가 없다는 것이 역사적으로 틀렸다는 뜻은 아니므로 값은 유지하고 원문 재확인(우선순위 HIGH). 근거 없는 값을 삭제 없이 유지하려면 field_provenance(SC-05) 필요.,충청병영 옥,현 값 유지(삭제 제안 없음). 원문 재확인 결과에 따라 근거 표시 또는 값 정렬. 그 전까지 provenance_class를 field_provenance에 기록.,SRQ-009,SC-05;SC-07,YES
RC-087,E-009,FIELD_PROVENANCE,event_field,AT0010.claim_topic,claim_topic,HIGH_REVIEW,INTERNAL_FIX,,ATT0010 '구금·조사 뒤 죽었다'에는 원인 진술이 없고 순서만 있음(TR-03). 원인이 아닌 사망 관련 기존 코드는 DEATH_SEQUENCE(AT0043)뿐이며 ATT0010은 순서 진술이므로 CSV 안에서 결정 가능.,DEATH_CAUSE,"claim_topic 'DEATH_CAUSE' → 'DEATH_SEQUENCE'(원인이 아닌 순서 주제; 신규 코드 DEATH_OCCURRENCE 도입은 사용자 결정, TR-03). ATT0010.claim_topic도 같은 값으로 정렬. 기존 값은 notes에 '원 claim_topic: DEATH_CAUSE'로 보존(삭제 없음). 원인 주장 행(AT0042·AT0148·AT0151·AT0154)은 DEATH_CAUSE 유지.",,,YES
RC-088,E-010,FIELD_PROVENANCE,event_field,AT0010.conflict_group,conflict_group,HIGH_REVIEW,INTERNAL_FIX,,ATT0010에는 원인 진술이 없어 DEATH_CAUSE 충돌 그룹에 들어갈 근거가 없음(TR-03). CSV 안에서 결정 가능.,DEATH_CAUSE,conflict_group 'DEATH_CAUSE' → 빈 값(DEATH_CAUSE 충돌 그룹에서 제외). ATT0010.conflict_group도 정렬. 기존 값은 notes에 '원 conflict_group: DEATH_CAUSE'로 보존(삭제 없음). REL0083(AT0010↔AT0042)은 유지.,,,YES
RC-089,E-011,FIELD_PROVENANCE,event_field,AT0012.action,action,LOW_REVIEW,INTERNAL_FIX,,action '회동 조사 실시'는 ATT0012의 사역(지시)과 수행을 합침. A-007/B-001 분할안으로 해결.,회동 조사 실시했다고 보고됨,"A-007/B-001 분할안 적용: (a) 이형원 '조사 지시' (신규 행 제안), (b) AT0012 action → '회동 조사'. 기존 값은 notes에 '원 값: …'으로 보존(삭제 없음).",,,YES
RC-090,E-012,FIELD_PROVENANCE,event_field,AT0012.target_or_content,target_or_content,LOW_REVIEW,INTERNAL_FIX,,'관련자'는 ATT0012에 없는 자리표시자. 분할안에서 자리표시자임을 명시하면 CSV 안에서 해결.,관련자,"A-007/B-001 분할안 적용: (b) AT0012 target_or_content '관련자' 유지, notes에 'ATT0012에 조사 대상이 없음을 뜻하는 자리표시자' 명시. (a) 신규 ORDER 행 target='각 진영 영장들에게 함께 조사하게 함'.",,,YES
RC-091,E-013,FIELD_PROVENANCE,event_field,AT0012.historical_place,historical_place,MEDIUM_REVIEW,SOURCE_RECHECK_REQUIRED,SCHEMA_CHANGE_REQUIRED,[IMPORTED_FROM_OTHER_ATTESTATION] 값의 근거가 해당 attestation(ATT0012) 명제에 없음. 현재 CSV에 근거가 없다는 것이 역사적으로 틀렸다는 뜻은 아니므로 값은 유지하고 원문 재확인(우선순위 MEDIUM). 근거 없는 값을 삭제 없이 유지하려면 field_provenance(SC-05) 필요.,충청도,현 값 유지(삭제 제안 없음). 원문 재확인 결과에 따라 근거 표시 또는 값 정렬. 그 전까지 provenance_class를 field_provenance에 기록.,SRQ-017,SC-05,YES
RC-092,E-014,FIELD_PROVENANCE,event_field,AT0016.actor,actor,LOW_REVIEW,SOURCE_RECHECK_REQUIRED,SCHEMA_CHANGE_REQUIRED,[AMBIGUOUS] 값의 근거가 해당 attestation(ATT0016) 명제에 없음. 현재 CSV에 근거가 없다는 것이 역사적으로 틀렸다는 뜻은 아니므로 값은 유지하고 원문 재확인(우선순위 LOW). 근거 없는 값을 삭제 없이 유지하려면 field_provenance(SC-05) 필요.,회동 조사 응답자들,현 값 유지(삭제 제안 없음). 원문 재확인 결과에 따라 근거 표시 또는 값 정렬. 그 전까지 provenance_class를 field_provenance에 기록.,SRQ-049,SC-05,YES
RC-093,E-015,FIELD_PROVENANCE,event_field,AT0017.occurrence_lunar_start,occurrence_lunar_start,LOW_REVIEW,SOURCE_RECHECK_REQUIRED,SCHEMA_CHANGE_REQUIRED,[AMBIGUOUS] 값의 근거가 해당 attestation(ATT0017) 명제에 없음. 현재 CSV에 근거가 없다는 것이 역사적으로 틀렸다는 뜻은 아니므로 값은 유지하고 원문 재확인(우선순위 LOW). 근거 없는 값을 삭제 없이 유지하려면 field_provenance(SC-05) 필요.,1793-05-12,현 값 유지(삭제 제안 없음). 원문 재확인 결과에 따라 근거 표시 또는 값 정렬. 그 전까지 provenance_class를 field_provenance에 기록.,SRQ-044,SC-05;SC-01,YES
RC-094,E-016,FIELD_PROVENANCE,event_field,AT0017.occurrence_lunar_end,occurrence_lunar_end,LOW_REVIEW,SOURCE_RECHECK_REQUIRED,SCHEMA_CHANGE_REQUIRED,[AMBIGUOUS] 값의 근거가 해당 attestation(ATT0017) 명제에 없음. 현재 CSV에 근거가 없다는 것이 역사적으로 틀렸다는 뜻은 아니므로 값은 유지하고 원문 재확인(우선순위 LOW). 근거 없는 값을 삭제 없이 유지하려면 field_provenance(SC-05) 필요.,1793-05-12,현 값 유지(삭제 제안 없음). 원문 재확인 결과에 따라 근거 표시 또는 값 정렬. 그 전까지 provenance_class를 field_provenance에 기록.,SRQ-044,SC-05;SC-01,YES
RC-095,E-017,FIELD_PROVENANCE,event_field,AT0018.occurrence_lunar_start,occurrence_lunar_start,LOW_REVIEW,SOURCE_RECHECK_REQUIRED,SCHEMA_CHANGE_REQUIRED,[AMBIGUOUS] 값의 근거가 해당 attestation(ATT0018) 명제에 없음. 현재 CSV에 근거가 없다는 것이 역사적으로 틀렸다는 뜻은 아니므로 값은 유지하고 원문 재확인(우선순위 LOW). 근거 없는 값을 삭제 없이 유지하려면 field_provenance(SC-05) 필요.,1793-05-12,현 값 유지(삭제 제안 없음). 원문 재확인 결과에 따라 근거 표시 또는 값 정렬. 그 전까지 provenance_class를 field_provenance에 기록.,SRQ-044,SC-05;SC-01,YES
RC-096,E-018,FIELD_PROVENANCE,event_field,AT0018.occurrence_lunar_end,occurrence_lunar_end,LOW_REVIEW,SOURCE_RECHECK_REQUIRED,SCHEMA_CHANGE_REQUIRED,[AMBIGUOUS] 값의 근거가 해당 attestation(ATT0018) 명제에 없음. 현재 CSV에 근거가 없다는 것이 역사적으로 틀렸다는 뜻은 아니므로 값은 유지하고 원문 재확인(우선순위 LOW). 근거 없는 값을 삭제 없이 유지하려면 field_provenance(SC-05) 필요.,1793-05-12,현 값 유지(삭제 제안 없음). 원문 재확인 결과에 따라 근거 표시 또는 값 정렬. 그 전까지 provenance_class를 field_provenance에 기록.,SRQ-044,SC-05;SC-01,YES
RC-097,E-019,FIELD_PROVENANCE,event_field,AT0019.occurrence_lunar_start,occurrence_lunar_start,LOW_REVIEW,SOURCE_RECHECK_REQUIRED,SCHEMA_CHANGE_REQUIRED,[AMBIGUOUS] 값의 근거가 해당 attestation(ATT0019) 명제에 없음. 현재 CSV에 근거가 없다는 것이 역사적으로 틀렸다는 뜻은 아니므로 값은 유지하고 원문 재확인(우선순위 LOW). 근거 없는 값을 삭제 없이 유지하려면 field_provenance(SC-05) 필요.,1793-05-12,현 값 유지(삭제 제안 없음). 원문 재확인 결과에 따라 근거 표시 또는 값 정렬. 그 전까지 provenance_class를 field_provenance에 기록.,SRQ-044,SC-05;SC-01,YES
RC-098,E-020,FIELD_PROVENANCE,event_field,AT0019.occurrence_lunar_end,occurrence_lunar_end,LOW_REVIEW,SOURCE_RECHECK_REQUIRED,SCHEMA_CHANGE_REQUIRED,[AMBIGUOUS] 값의 근거가 해당 attestation(ATT0019) 명제에 없음. 현재 CSV에 근거가 없다는 것이 역사적으로 틀렸다는 뜻은 아니므로 값은 유지하고 원문 재확인(우선순위 LOW). 근거 없는 값을 삭제 없이 유지하려면 field_provenance(SC-05) 필요.,1793-05-12,현 값 유지(삭제 제안 없음). 원문 재확인 결과에 따라 근거 표시 또는 값 정렬. 그 전까지 provenance_class를 field_provenance에 기록.,SRQ-044,SC-05;SC-01,YES
RC-099,E-021,FIELD_PROVENANCE,event_field,AT0020.historical_place,historical_place,LOW_REVIEW,SOURCE_RECHECK_REQUIRED,SCHEMA_CHANGE_REQUIRED,[UNSUPPORTED] 값의 근거가 해당 attestation(ATT0020) 명제에 없음. 현재 CSV에 근거가 없다는 것이 역사적으로 틀렸다는 뜻은 아니므로 값은 유지하고 원문 재확인(우선순위 LOW). 근거 없는 값을 삭제 없이 유지하려면 field_provenance(SC-05) 필요.,한양,현 값 유지(삭제 제안 없음). 원문 재확인 결과에 따라 근거 표시 또는 값 정렬. 그 전까지 provenance_class를 field_provenance에 기록.,SRQ-035,SC-05,YES
RC-100,E-022,FIELD_PROVENANCE,event_field,AT0021.historical_place,historical_place,LOW_REVIEW,SOURCE_RECHECK_REQUIRED,SCHEMA_CHANGE_REQUIRED,[UNSUPPORTED] 값의 근거가 해당 attestation(ATT0021) 명제에 없음. 현재 CSV에 근거가 없다는 것이 역사적으로 틀렸다는 뜻은 아니므로 값은 유지하고 원문 재확인(우선순위 LOW). 근거 없는 값을 삭제 없이 유지하려면 field_provenance(SC-05) 필요.,한양,현 값 유지(삭제 제안 없음). 원문 재확인 결과에 따라 근거 표시 또는 값 정렬. 그 전까지 provenance_class를 field_provenance에 기록.,SRQ-035,SC-05,YES
RC-101,E-023,FIELD_PROVENANCE,event_field,AT0022.historical_place,historical_place,LOW_REVIEW,SOURCE_RECHECK_REQUIRED,SCHEMA_CHANGE_REQUIRED,[UNSUPPORTED] 값의 근거가 해당 attestation(ATT0022) 명제에 없음. 현재 CSV에 근거가 없다는 것이 역사적으로 틀렸다는 뜻은 아니므로 값은 유지하고 원문 재확인(우선순위 LOW). 근거 없는 값을 삭제 없이 유지하려면 field_provenance(SC-05) 필요.,한양,현 값 유지(삭제 제안 없음). 원문 재확인 결과에 따라 근거 표시 또는 값 정렬. 그 전까지 provenance_class를 field_provenance에 기록.,SRQ-035,SC-05,YES
RC-102,E-024,FIELD_PROVENANCE,event_field,AT0023.historical_place,historical_place,LOW_REVIEW,SOURCE_RECHECK_REQUIRED,SCHEMA_CHANGE_REQUIRED,[UNSUPPORTED] 값의 근거가 해당 attestation(ATT0023) 명제에 없음. 현재 CSV에 근거가 없다는 것이 역사적으로 틀렸다는 뜻은 아니므로 값은 유지하고 원문 재확인(우선순위 LOW). 근거 없는 값을 삭제 없이 유지하려면 field_provenance(SC-05) 필요.,한양,현 값 유지(삭제 제안 없음). 원문 재확인 결과에 따라 근거 표시 또는 값 정렬. 그 전까지 provenance_class를 field_provenance에 기록.,SRQ-035,SC-05,YES
RC-103,E-025,FIELD_PROVENANCE,event_field,AT0024.historical_place,historical_place,LOW_REVIEW,SOURCE_RECHECK_REQUIRED,SCHEMA_CHANGE_REQUIRED,[UNSUPPORTED] 값의 근거가 해당 attestation(ATT0024) 명제에 없음. 현재 CSV에 근거가 없다는 것이 역사적으로 틀렸다는 뜻은 아니므로 값은 유지하고 원문 재확인(우선순위 LOW). 근거 없는 값을 삭제 없이 유지하려면 field_provenance(SC-05) 필요.,한양,현 값 유지(삭제 제안 없음). 원문 재확인 결과에 따라 근거 표시 또는 값 정렬. 그 전까지 provenance_class를 field_provenance에 기록.,SRQ-035,SC-05,YES
RC-104,E-026,FIELD_PROVENANCE,event_field,AT0025.historical_place,historical_place,LOW_REVIEW,SOURCE_RECHECK_REQUIRED,SCHEMA_CHANGE_REQUIRED,[UNSUPPORTED] 값의 근거가 해당 attestation(ATT0025) 명제에 없음. 현재 CSV에 근거가 없다는 것이 역사적으로 틀렸다는 뜻은 아니므로 값은 유지하고 원문 재확인(우선순위 LOW). 근거 없는 값을 삭제 없이 유지하려면 field_provenance(SC-05) 필요.,한양,현 값 유지(삭제 제안 없음). 원문 재확인 결과에 따라 근거 표시 또는 값 정렬. 그 전까지 provenance_class를 field_provenance에 기록.,SRQ-035,SC-05,YES
RC-105,E-027,FIELD_PROVENANCE,event_field,AT0026.target_or_content,target_or_content,LOW_REVIEW,INTERNAL_FIX,,target '도난 자체가 없었다는 방향'은 ATT0026('구순이 도난을 꾸몄다는 방향을 받아들였다')보다 넓은 표현. 명제 수준으로 바로 정렬 가능.,도난 자체가 없었다는 방향을 당시 장계·조사에 따라 받아들임,target_or_content → '구순이 도난을 꾸몄다는 방향을 받아들임'. 기존 값은 notes에 '원 값: …'으로 보존(삭제 없음).,,,YES
RC-106,E-028,FIELD_PROVENANCE,event_field,AT0026.historical_place,historical_place,LOW_REVIEW,SOURCE_RECHECK_REQUIRED,SCHEMA_CHANGE_REQUIRED,[UNSUPPORTED] 값의 근거가 해당 attestation(ATT0026) 명제에 없음. 현재 CSV에 근거가 없다는 것이 역사적으로 틀렸다는 뜻은 아니므로 값은 유지하고 원문 재확인(우선순위 LOW). 근거 없는 값을 삭제 없이 유지하려면 field_provenance(SC-05) 필요.,한양,현 값 유지(삭제 제안 없음). 원문 재확인 결과에 따라 근거 표시 또는 값 정렬. 그 전까지 provenance_class를 field_provenance에 기록.,SRQ-035,SC-05,YES
RC-107,E-029,FIELD_PROVENANCE,event_field,AT0027.historical_place,historical_place,LOW_REVIEW,SOURCE_RECHECK_REQUIRED,SCHEMA_CHANGE_REQUIRED,[UNSUPPORTED] 값의 근거가 해당 attestation(ATT0027) 명제에 없음. 현재 CSV에 근거가 없다는 것이 역사적으로 틀렸다는 뜻은 아니므로 값은 유지하고 원문 재확인(우선순위 LOW). 근거 없는 값을 삭제 없이 유지하려면 field_provenance(SC-05) 필요.,한양,현 값 유지(삭제 제안 없음). 원문 재확인 결과에 따라 근거 표시 또는 값 정렬. 그 전까지 provenance_class를 field_provenance에 기록.,SRQ-035,SC-05,YES
RC-108,E-030,FIELD_PROVENANCE,event_field,AT0028.historical_place,historical_place,LOW_REVIEW,SOURCE_RECHECK_REQUIRED,SCHEMA_CHANGE_REQUIRED,[UNSUPPORTED] 값의 근거가 해당 attestation(ATT0028) 명제에 없음. 현재 CSV에 근거가 없다는 것이 역사적으로 틀렸다는 뜻은 아니므로 값은 유지하고 원문 재확인(우선순위 LOW). 근거 없는 값을 삭제 없이 유지하려면 field_provenance(SC-05) 필요.,한양,현 값 유지(삭제 제안 없음). 원문 재확인 결과에 따라 근거 표시 또는 값 정렬. 그 전까지 provenance_class를 field_provenance에 기록.,SRQ-035,SC-05,YES
RC-109,E-031,FIELD_PROVENANCE,event_field,AT0029.historical_place,historical_place,LOW_REVIEW,SOURCE_RECHECK_REQUIRED,SCHEMA_CHANGE_REQUIRED,[UNSUPPORTED] 값의 근거가 해당 attestation(ATT0029) 명제에 없음. 현재 CSV에 근거가 없다는 것이 역사적으로 틀렸다는 뜻은 아니므로 값은 유지하고 원문 재확인(우선순위 LOW). 근거 없는 값을 삭제 없이 유지하려면 field_provenance(SC-05) 필요.,한양,현 값 유지(삭제 제안 없음). 원문 재확인 결과에 따라 근거 표시 또는 값 정렬. 그 전까지 provenance_class를 field_provenance에 기록.,SRQ-035,SC-05,YES
RC-110,E-032,FIELD_PROVENANCE,event_field,AT0030.historical_place,historical_place,LOW_REVIEW,SOURCE_RECHECK_REQUIRED,SCHEMA_CHANGE_REQUIRED,[UNSUPPORTED] 값의 근거가 해당 attestation(ATT0030) 명제에 없음. 현재 CSV에 근거가 없다는 것이 역사적으로 틀렸다는 뜻은 아니므로 값은 유지하고 원문 재확인(우선순위 LOW). 근거 없는 값을 삭제 없이 유지하려면 field_provenance(SC-05) 필요.,한양,현 값 유지(삭제 제안 없음). 원문 재확인 결과에 따라 근거 표시 또는 값 정렬. 그 전까지 provenance_class를 field_provenance에 기록.,SRQ-036,SC-05,YES
RC-111,E-033,FIELD_PROVENANCE,event_field,AT0031.historical_place,historical_place,LOW_REVIEW,SOURCE_RECHECK_REQUIRED,SCHEMA_CHANGE_REQUIRED,[UNSUPPORTED] 값의 근거가 해당 attestation(ATT0031) 명제에 없음. 현재 CSV에 근거가 없다는 것이 역사적으로 틀렸다는 뜻은 아니므로 값은 유지하고 원문 재확인(우선순위 LOW). 근거 없는 값을 삭제 없이 유지하려면 field_provenance(SC-05) 필요.,한양,현 값 유지(삭제 제안 없음). 원문 재확인 결과에 따라 근거 표시 또는 값 정렬. 그 전까지 provenance_class를 field_provenance에 기록.,SRQ-036,SC-05,YES
RC-112,E-034,FIELD_PROVENANCE,event_field,AT0032.historical_place,historical_place,MEDIUM_REVIEW,SOURCE_RECHECK_REQUIRED,SCHEMA_CHANGE_REQUIRED,[IMPORTED_FROM_OTHER_ATTESTATION] 값의 근거가 해당 attestation(ATT0032) 명제에 없음. 현재 CSV에 근거가 없다는 것이 역사적으로 틀렸다는 뜻은 아니므로 값은 유지하고 원문 재확인(우선순위 MEDIUM). 근거 없는 값을 삭제 없이 유지하려면 field_provenance(SC-05) 필요.,청주 덕평,현 값 유지(삭제 제안 없음). 원문 재확인 결과에 따라 근거 표시 또는 값 정렬. 그 전까지 provenance_class를 field_provenance에 기록.,SRQ-018,SC-05,YES
RC-113,E-035,FIELD_PROVENANCE,event_field,AT0034.historical_place,historical_place,MEDIUM_REVIEW,SOURCE_RECHECK_REQUIRED,SCHEMA_CHANGE_REQUIRED,[IMPORTED_FROM_OTHER_ATTESTATION] 값의 근거가 해당 attestation(ATT0034) 명제에 없음. 현재 CSV에 근거가 없다는 것이 역사적으로 틀렸다는 뜻은 아니므로 값은 유지하고 원문 재확인(우선순위 MEDIUM). 근거 없는 값을 삭제 없이 유지하려면 field_provenance(SC-05) 필요.,청주 덕평,현 값 유지(삭제 제안 없음). 원문 재확인 결과에 따라 근거 표시 또는 값 정렬. 그 전까지 provenance_class를 field_provenance에 기록.,SRQ-018,SC-05,YES
RC-114,E-036,FIELD_PROVENANCE,event_field,AT0036.target_or_content,target_or_content,HIGH_REVIEW,SOURCE_RECHECK_REQUIRED,SCHEMA_CHANGE_REQUIRED,[UNSUPPORTED] 값의 근거가 해당 attestation(ATT0036) 명제에 없음. 현재 CSV에 근거가 없다는 것이 역사적으로 틀렸다는 뜻은 아니므로 값은 유지하고 원문 재확인(우선순위 HIGH). 근거 없는 값을 삭제 없이 유지하려면 field_provenance(SC-05) 필요.,피우하러 왔을 때 구순이 김명신의 형 접촉을 허락하지 않았다는 내용,현 값 유지(삭제 제안 없음). 원문 재확인 결과에 따라 근거 표시 또는 값 정렬. 그 전까지 provenance_class를 field_provenance에 기록.,SRQ-004,SC-05,YES
RC-115,E-037,FIELD_PROVENANCE,event_field,AT0045.claim_topic,claim_topic,HIGH_REVIEW,SOURCE_RECHECK_REQUIRED,SCHEMA_CHANGE_REQUIRED,[IMPORTED_FROM_OTHER_ATTESTATION] 값의 근거가 해당 attestation(ATT0045) 명제에 없음. 현재 CSV에 근거가 없다는 것이 역사적으로 틀렸다는 뜻은 아니므로 값은 유지하고 원문 재확인(우선순위 HIGH). 근거 없는 값을 삭제 없이 유지하려면 field_provenance(SC-05) 필요.,HAN_GUSUN_RELATION,현 값 유지(삭제 제안 없음). 원문 재확인 결과에 따라 근거 표시 또는 값 정렬. 그 전까지 provenance_class를 field_provenance에 기록.,SRQ-001,SC-05;SC-04,YES
RC-116,E-038,FIELD_PROVENANCE,event_field,AT0045.conflict_group,conflict_group,HIGH_REVIEW,SOURCE_RECHECK_REQUIRED,SCHEMA_CHANGE_REQUIRED,[IMPORTED_FROM_OTHER_ATTESTATION] 값의 근거가 해당 attestation(ATT0045) 명제에 없음. 현재 CSV에 근거가 없다는 것이 역사적으로 틀렸다는 뜻은 아니므로 값은 유지하고 원문 재확인(우선순위 HIGH). 근거 없는 값을 삭제 없이 유지하려면 field_provenance(SC-05) 필요.,HAN_GUSUN_RELATION,현 값 유지(삭제 제안 없음). 원문 재확인 결과에 따라 근거 표시 또는 값 정렬. 그 전까지 provenance_class를 field_provenance에 기록.,SRQ-001,SC-05;SC-04,YES
RC-117,E-039,FIELD_PROVENANCE,event_field,AT0046.historical_place,historical_place,LOW_REVIEW,SOURCE_RECHECK_REQUIRED,SCHEMA_CHANGE_REQUIRED,[UNSUPPORTED] 값의 근거가 해당 attestation(ATT0046) 명제에 없음. 현재 CSV에 근거가 없다는 것이 역사적으로 틀렸다는 뜻은 아니므로 값은 유지하고 원문 재확인(우선순위 LOW). 근거 없는 값을 삭제 없이 유지하려면 field_provenance(SC-05) 필요.,한양,현 값 유지(삭제 제안 없음). 원문 재확인 결과에 따라 근거 표시 또는 값 정렬. 그 전까지 provenance_class를 field_provenance에 기록.,SRQ-036,SC-05,YES
RC-118,E-040,FIELD_PROVENANCE,event_field,AT0047.historical_place,historical_place,LOW_REVIEW,SOURCE_RECHECK_REQUIRED,SCHEMA_CHANGE_REQUIRED,[UNSUPPORTED] 값의 근거가 해당 attestation(ATT0047) 명제에 없음. 현재 CSV에 근거가 없다는 것이 역사적으로 틀렸다는 뜻은 아니므로 값은 유지하고 원문 재확인(우선순위 LOW). 근거 없는 값을 삭제 없이 유지하려면 field_provenance(SC-05) 필요.,한양,현 값 유지(삭제 제안 없음). 원문 재확인 결과에 따라 근거 표시 또는 값 정렬. 그 전까지 provenance_class를 field_provenance에 기록.,SRQ-036,SC-05,YES
RC-119,E-041,FIELD_PROVENANCE,event_field,AT0048.historical_place,historical_place,LOW_REVIEW,SOURCE_RECHECK_REQUIRED,SCHEMA_CHANGE_REQUIRED,[UNSUPPORTED] 값의 근거가 해당 attestation(ATT0048) 명제에 없음. 현재 CSV에 근거가 없다는 것이 역사적으로 틀렸다는 뜻은 아니므로 값은 유지하고 원문 재확인(우선순위 LOW). 근거 없는 값을 삭제 없이 유지하려면 field_provenance(SC-05) 필요.,한양,현 값 유지(삭제 제안 없음). 원문 재확인 결과에 따라 근거 표시 또는 값 정렬. 그 전까지 provenance_class를 field_provenance에 기록.,SRQ-036,SC-05,YES
RC-120,E-042,FIELD_PROVENANCE,event_field,AT0049.historical_place,historical_place,LOW_REVIEW,SOURCE_RECHECK_REQUIRED,SCHEMA_CHANGE_REQUIRED,[UNSUPPORTED] 값의 근거가 해당 attestation(ATT0049) 명제에 없음. 현재 CSV에 근거가 없다는 것이 역사적으로 틀렸다는 뜻은 아니므로 값은 유지하고 원문 재확인(우선순위 LOW). 근거 없는 값을 삭제 없이 유지하려면 field_provenance(SC-05) 필요.,한양,현 값 유지(삭제 제안 없음). 원문 재확인 결과에 따라 근거 표시 또는 값 정렬. 그 전까지 provenance_class를 field_provenance에 기록.,SRQ-036,SC-05,YES
RC-121,E-043,FIELD_PROVENANCE,event_field,AT0050.historical_place,historical_place,LOW_REVIEW,SOURCE_RECHECK_REQUIRED,SCHEMA_CHANGE_REQUIRED,[UNSUPPORTED] 값의 근거가 해당 attestation(ATT0050) 명제에 없음. 현재 CSV에 근거가 없다는 것이 역사적으로 틀렸다는 뜻은 아니므로 값은 유지하고 원문 재확인(우선순위 LOW). 근거 없는 값을 삭제 없이 유지하려면 field_provenance(SC-05) 필요.,한양,현 값 유지(삭제 제안 없음). 원문 재확인 결과에 따라 근거 표시 또는 값 정렬. 그 전까지 provenance_class를 field_provenance에 기록.,SRQ-036,SC-05,YES
RC-122,E-044,FIELD_PROVENANCE,event_field,AT0051.historical_place,historical_place,LOW_REVIEW,SOURCE_RECHECK_REQUIRED,SCHEMA_CHANGE_REQUIRED,[UNSUPPORTED] 값의 근거가 해당 attestation(ATT0051) 명제에 없음. 현재 CSV에 근거가 없다는 것이 역사적으로 틀렸다는 뜻은 아니므로 값은 유지하고 원문 재확인(우선순위 LOW). 근거 없는 값을 삭제 없이 유지하려면 field_provenance(SC-05) 필요.,한양,현 값 유지(삭제 제안 없음). 원문 재확인 결과에 따라 근거 표시 또는 값 정렬. 그 전까지 provenance_class를 field_provenance에 기록.,SRQ-036,SC-05,YES
RC-123,E-045,FIELD_PROVENANCE,event_field,AT0052.historical_place,historical_place,LOW_REVIEW,SOURCE_RECHECK_REQUIRED,SCHEMA_CHANGE_REQUIRED,[UNSUPPORTED] 값의 근거가 해당 attestation(ATT0052) 명제에 없음. 현재 CSV에 근거가 없다는 것이 역사적으로 틀렸다는 뜻은 아니므로 값은 유지하고 원문 재확인(우선순위 LOW). 근거 없는 값을 삭제 없이 유지하려면 field_provenance(SC-05) 필요.,한양,현 값 유지(삭제 제안 없음). 원문 재확인 결과에 따라 근거 표시 또는 값 정렬. 그 전까지 provenance_class를 field_provenance에 기록.,SRQ-036,SC-05,YES
RC-124,E-046,FIELD_PROVENANCE,event_field,AT0053.historical_place,historical_place,LOW_REVIEW,SOURCE_RECHECK_REQUIRED,SCHEMA_CHANGE_REQUIRED,[UNSUPPORTED] 값의 근거가 해당 attestation(ATT0053) 명제에 없음. 현재 CSV에 근거가 없다는 것이 역사적으로 틀렸다는 뜻은 아니므로 값은 유지하고 원문 재확인(우선순위 LOW). 근거 없는 값을 삭제 없이 유지하려면 field_provenance(SC-05) 필요.,한양,현 값 유지(삭제 제안 없음). 원문 재확인 결과에 따라 근거 표시 또는 값 정렬. 그 전까지 provenance_class를 field_provenance에 기록.,SRQ-037,SC-05,YES
RC-125,E-047,FIELD_PROVENANCE,event_field,AT0054.historical_place,historical_place,LOW_REVIEW,SOURCE_RECHECK_REQUIRED,SCHEMA_CHANGE_REQUIRED,[UNSUPPORTED] 값의 근거가 해당 attestation(ATT0054) 명제에 없음. 현재 CSV에 근거가 없다는 것이 역사적으로 틀렸다는 뜻은 아니므로 값은 유지하고 원문 재확인(우선순위 LOW). 근거 없는 값을 삭제 없이 유지하려면 field_provenance(SC-05) 필요.,한양,현 값 유지(삭제 제안 없음). 원문 재확인 결과에 따라 근거 표시 또는 값 정렬. 그 전까지 provenance_class를 field_provenance에 기록.,SRQ-037,SC-05,YES
RC-126,E-048,FIELD_PROVENANCE,event_field,AT0055.historical_place,historical_place,LOW_REVIEW,SOURCE_RECHECK_REQUIRED,SCHEMA_CHANGE_REQUIRED,[UNSUPPORTED] 값의 근거가 해당 attestation(ATT0055) 명제에 없음. 현재 CSV에 근거가 없다는 것이 역사적으로 틀렸다는 뜻은 아니므로 값은 유지하고 원문 재확인(우선순위 LOW). 근거 없는 값을 삭제 없이 유지하려면 field_provenance(SC-05) 필요.,한양,현 값 유지(삭제 제안 없음). 원문 재확인 결과에 따라 근거 표시 또는 값 정렬. 그 전까지 provenance_class를 field_provenance에 기록.,SRQ-037,SC-05,YES
RC-127,E-049,FIELD_PROVENANCE,event_field,AT0056.historical_place,historical_place,LOW_REVIEW,SOURCE_RECHECK_REQUIRED,SCHEMA_CHANGE_REQUIRED,[UNSUPPORTED] 값의 근거가 해당 attestation(ATT0056) 명제에 없음. 현재 CSV에 근거가 없다는 것이 역사적으로 틀렸다는 뜻은 아니므로 값은 유지하고 원문 재확인(우선순위 LOW). 근거 없는 값을 삭제 없이 유지하려면 field_provenance(SC-05) 필요.,한양,현 값 유지(삭제 제안 없음). 원문 재확인 결과에 따라 근거 표시 또는 값 정렬. 그 전까지 provenance_class를 field_provenance에 기록.,SRQ-037,SC-05,YES
RC-128,E-050,FIELD_PROVENANCE,event_field,AT0057.historical_place,historical_place,LOW_REVIEW,SOURCE_RECHECK_REQUIRED,SCHEMA_CHANGE_REQUIRED,[UNSUPPORTED] 값의 근거가 해당 attestation(ATT0057) 명제에 없음. 현재 CSV에 근거가 없다는 것이 역사적으로 틀렸다는 뜻은 아니므로 값은 유지하고 원문 재확인(우선순위 LOW). 근거 없는 값을 삭제 없이 유지하려면 field_provenance(SC-05) 필요.,한양,현 값 유지(삭제 제안 없음). 원문 재확인 결과에 따라 근거 표시 또는 값 정렬. 그 전까지 provenance_class를 field_provenance에 기록.,SRQ-037,SC-05,YES
RC-129,E-051,FIELD_PROVENANCE,event_field,AT0058.historical_place,historical_place,LOW_REVIEW,SOURCE_RECHECK_REQUIRED,SCHEMA_CHANGE_REQUIRED,[UNSUPPORTED] 값의 근거가 해당 attestation(ATT0058) 명제에 없음. 현재 CSV에 근거가 없다는 것이 역사적으로 틀렸다는 뜻은 아니므로 값은 유지하고 원문 재확인(우선순위 LOW). 근거 없는 값을 삭제 없이 유지하려면 field_provenance(SC-05) 필요.,한양,현 값 유지(삭제 제안 없음). 원문 재확인 결과에 따라 근거 표시 또는 값 정렬. 그 전까지 provenance_class를 field_provenance에 기록.,SRQ-037,SC-05,YES
RC-130,E-052,FIELD_PROVENANCE,event_field,AT0059.historical_place,historical_place,LOW_REVIEW,SOURCE_RECHECK_REQUIRED,SCHEMA_CHANGE_REQUIRED,[UNSUPPORTED] 값의 근거가 해당 attestation(ATT0059) 명제에 없음. 현재 CSV에 근거가 없다는 것이 역사적으로 틀렸다는 뜻은 아니므로 값은 유지하고 원문 재확인(우선순위 LOW). 근거 없는 값을 삭제 없이 유지하려면 field_provenance(SC-05) 필요.,한양,현 값 유지(삭제 제안 없음). 원문 재확인 결과에 따라 근거 표시 또는 값 정렬. 그 전까지 provenance_class를 field_provenance에 기록.,SRQ-037,SC-05,YES
RC-131,E-053,FIELD_PROVENANCE,event_field,AT0060.historical_place,historical_place,LOW_REVIEW,SOURCE_RECHECK_REQUIRED,SCHEMA_CHANGE_REQUIRED,[UNSUPPORTED] 값의 근거가 해당 attestation(ATT0060) 명제에 없음. 현재 CSV에 근거가 없다는 것이 역사적으로 틀렸다는 뜻은 아니므로 값은 유지하고 원문 재확인(우선순위 LOW). 근거 없는 값을 삭제 없이 유지하려면 field_provenance(SC-05) 필요.,한양,현 값 유지(삭제 제안 없음). 원문 재확인 결과에 따라 근거 표시 또는 값 정렬. 그 전까지 provenance_class를 field_provenance에 기록.,SRQ-037,SC-05,YES
RC-132,E-054,FIELD_PROVENANCE,event_field,AT0065.historical_place,historical_place,LOW_REVIEW,SOURCE_RECHECK_REQUIRED,SCHEMA_CHANGE_REQUIRED,[AMBIGUOUS] 값의 근거가 해당 attestation(ATT0065) 명제에 없음. 현재 CSV에 근거가 없다는 것이 역사적으로 틀렸다는 뜻은 아니므로 값은 유지하고 원문 재확인(우선순위 LOW). 근거 없는 값을 삭제 없이 유지하려면 field_provenance(SC-05) 필요.,구순 집,현 값 유지(삭제 제안 없음). 원문 재확인 결과에 따라 근거 표시 또는 값 정렬. 그 전까지 provenance_class를 field_provenance에 기록.,SRQ-040,SC-05,YES
RC-133,E-055,FIELD_PROVENANCE,event_field,AT0066.historical_place,historical_place,LOW_REVIEW,SOURCE_RECHECK_REQUIRED,SCHEMA_CHANGE_REQUIRED,[AMBIGUOUS] 값의 근거가 해당 attestation(ATT0066) 명제에 없음. 현재 CSV에 근거가 없다는 것이 역사적으로 틀렸다는 뜻은 아니므로 값은 유지하고 원문 재확인(우선순위 LOW). 근거 없는 값을 삭제 없이 유지하려면 field_provenance(SC-05) 필요.,구순 집,현 값 유지(삭제 제안 없음). 원문 재확인 결과에 따라 근거 표시 또는 값 정렬. 그 전까지 provenance_class를 field_provenance에 기록.,SRQ-040,SC-05,YES
RC-134,E-056,FIELD_PROVENANCE,event_field,AT0067.historical_place,historical_place,LOW_REVIEW,SOURCE_RECHECK_REQUIRED,SCHEMA_CHANGE_REQUIRED,[AMBIGUOUS] 값의 근거가 해당 attestation(ATT0067) 명제에 없음. 현재 CSV에 근거가 없다는 것이 역사적으로 틀렸다는 뜻은 아니므로 값은 유지하고 원문 재확인(우선순위 LOW). 근거 없는 값을 삭제 없이 유지하려면 field_provenance(SC-05) 필요.,구순 집,현 값 유지(삭제 제안 없음). 원문 재확인 결과에 따라 근거 표시 또는 값 정렬. 그 전까지 provenance_class를 field_provenance에 기록.,SRQ-040,SC-05,YES
RC-135,E-057,FIELD_PROVENANCE,event_field,AT0068.historical_place,historical_place,LOW_REVIEW,SOURCE_RECHECK_REQUIRED,SCHEMA_CHANGE_REQUIRED,[AMBIGUOUS] 값의 근거가 해당 attestation(ATT0068) 명제에 없음. 현재 CSV에 근거가 없다는 것이 역사적으로 틀렸다는 뜻은 아니므로 값은 유지하고 원문 재확인(우선순위 LOW). 근거 없는 값을 삭제 없이 유지하려면 field_provenance(SC-05) 필요.,구순 집,현 값 유지(삭제 제안 없음). 원문 재확인 결과에 따라 근거 표시 또는 값 정렬. 그 전까지 provenance_class를 field_provenance에 기록.,SRQ-040,SC-05,YES
RC-136,E-058,FIELD_PROVENANCE,event_field,AT0068.occurrence_lunar_start,occurrence_lunar_start,LOW_REVIEW,SOURCE_RECHECK_REQUIRED,SCHEMA_CHANGE_REQUIRED,[AMBIGUOUS] 값의 근거가 해당 attestation(ATT0068) 명제에 없음. 현재 CSV에 근거가 없다는 것이 역사적으로 틀렸다는 뜻은 아니므로 값은 유지하고 원문 재확인(우선순위 LOW). 근거 없는 값을 삭제 없이 유지하려면 field_provenance(SC-05) 필요.,1793-02-22,현 값 유지(삭제 제안 없음). 원문 재확인 결과에 따라 근거 표시 또는 값 정렬. 그 전까지 provenance_class를 field_provenance에 기록.,SRQ-045,SC-05,YES
RC-137,E-059,FIELD_PROVENANCE,event_field,AT0068.occurrence_lunar_end,occurrence_lunar_end,LOW_REVIEW,SOURCE_RECHECK_REQUIRED,SCHEMA_CHANGE_REQUIRED,[AMBIGUOUS] 값의 근거가 해당 attestation(ATT0068) 명제에 없음. 현재 CSV에 근거가 없다는 것이 역사적으로 틀렸다는 뜻은 아니므로 값은 유지하고 원문 재확인(우선순위 LOW). 근거 없는 값을 삭제 없이 유지하려면 field_provenance(SC-05) 필요.,1793-02-22,현 값 유지(삭제 제안 없음). 원문 재확인 결과에 따라 근거 표시 또는 값 정렬. 그 전까지 provenance_class를 field_provenance에 기록.,SRQ-045,SC-05,YES
RC-138,E-060,FIELD_PROVENANCE,event_field,AT0069.historical_place,historical_place,MEDIUM_REVIEW,SOURCE_RECHECK_REQUIRED,SCHEMA_CHANGE_REQUIRED,[IMPORTED_FROM_OTHER_ATTESTATION] 값의 근거가 해당 attestation(ATT0069) 명제에 없음. 현재 CSV에 근거가 없다는 것이 역사적으로 틀렸다는 뜻은 아니므로 값은 유지하고 원문 재확인(우선순위 MEDIUM). 근거 없는 값을 삭제 없이 유지하려면 field_provenance(SC-05) 필요.,청주 덕평,현 값 유지(삭제 제안 없음). 원문 재확인 결과에 따라 근거 표시 또는 값 정렬. 그 전까지 provenance_class를 field_provenance에 기록.,SRQ-019,SC-05,YES
RC-139,E-061,FIELD_PROVENANCE,event_field,AT0069.occurrence_lunar_end,occurrence_lunar_end,LOW_REVIEW,SOURCE_RECHECK_REQUIRED,SCHEMA_CHANGE_REQUIRED,[AMBIGUOUS] 값의 근거가 해당 attestation(ATT0069) 명제에 없음. 현재 CSV에 근거가 없다는 것이 역사적으로 틀렸다는 뜻은 아니므로 값은 유지하고 원문 재확인(우선순위 LOW). 근거 없는 값을 삭제 없이 유지하려면 field_provenance(SC-05) 필요.,1793-02-EARLY,현 값 유지(삭제 제안 없음). 원문 재확인 결과에 따라 근거 표시 또는 값 정렬. 그 전까지 provenance_class를 field_provenance에 기록.,SRQ-046,SC-05,YES
RC-140,E-062,FIELD_PROVENANCE,event_field,AT0072.historical_place,historical_place,MEDIUM_REVIEW,SOURCE_RECHECK_REQUIRED,SCHEMA_CHANGE_REQUIRED,[IMPORTED_FROM_OTHER_ATTESTATION] 값의 근거가 해당 attestation(ATT0072) 명제에 없음. 현재 CSV에 근거가 없다는 것이 역사적으로 틀렸다는 뜻은 아니므로 값은 유지하고 원문 재확인(우선순위 MEDIUM). 근거 없는 값을 삭제 없이 유지하려면 field_provenance(SC-05) 필요.,청주 덕평,현 값 유지(삭제 제안 없음). 원문 재확인 결과에 따라 근거 표시 또는 값 정렬. 그 전까지 provenance_class를 field_provenance에 기록.,SRQ-019,SC-05,YES
RC-141,E-063,FIELD_PROVENANCE,event_field,AT0073.target_or_content,target_or_content,MEDIUM_REVIEW,SOURCE_RECHECK_REQUIRED,SCHEMA_CHANGE_REQUIRED,[IMPORTED_FROM_OTHER_ATTESTATION] 값의 근거가 해당 attestation(ATT0073) 명제에 없음. 현재 CSV에 근거가 없다는 것이 역사적으로 틀렸다는 뜻은 아니므로 값은 유지하고 원문 재확인(우선순위 MEDIUM). 근거 없는 값을 삭제 없이 유지하려면 field_provenance(SC-05) 필요.,도난 사건,현 값 유지(삭제 제안 없음). 원문 재확인 결과에 따라 근거 표시 또는 값 정렬. 그 전까지 provenance_class를 field_provenance에 기록.,SRQ-015,SC-05;SC-07,YES
RC-142,E-064,FIELD_PROVENANCE,event_field,AT0073.historical_place,historical_place,MEDIUM_REVIEW,SOURCE_RECHECK_REQUIRED,SCHEMA_CHANGE_REQUIRED,[IMPORTED_FROM_OTHER_ATTESTATION] 값의 근거가 해당 attestation(ATT0073) 명제에 없음. 현재 CSV에 근거가 없다는 것이 역사적으로 틀렸다는 뜻은 아니므로 값은 유지하고 원문 재확인(우선순위 MEDIUM). 근거 없는 값을 삭제 없이 유지하려면 field_provenance(SC-05) 필요.,진영,현 값 유지(삭제 제안 없음). 원문 재확인 결과에 따라 근거 표시 또는 값 정렬. 그 전까지 provenance_class를 field_provenance에 기록.,SRQ-015,SC-05;SC-07,YES
RC-143,E-065,FIELD_PROVENANCE,event_field,AT0073.occurrence_lunar_end,occurrence_lunar_end,MEDIUM_REVIEW,SOURCE_RECHECK_REQUIRED,SCHEMA_CHANGE_REQUIRED,[UNSUPPORTED] 값의 근거가 해당 attestation(ATT0073) 명제에 없음. 현재 CSV에 근거가 없다는 것이 역사적으로 틀렸다는 뜻은 아니므로 값은 유지하고 원문 재확인(우선순위 MEDIUM). 근거 없는 값을 삭제 없이 유지하려면 field_provenance(SC-05) 필요.,1793-02-28,현 값 유지(삭제 제안 없음). 원문 재확인 결과에 따라 근거 표시 또는 값 정렬. 그 전까지 provenance_class를 field_provenance에 기록.,SRQ-011,SC-05,YES
RC-144,E-066,FIELD_PROVENANCE,event_field,AT0074.actor,actor,LOW_REVIEW,INTERNAL_FIX,,"Audit E 목록에 없음 → Audit C 지침(C-005, 같은 행·같은 필드)과 일관되게 처리. ATT0074 수동형('체포령이 내려졌다'): '미상 관서'는 주체 미상 자리표시자.",미상 관서,값 '미상 관서' 그대로 유지. notes에 'ATT0074 수동형: 발령 주체가 명제에 없음을 뜻하는 자리표시자' 명시.,,,YES
RC-145,E-067,FIELD_PROVENANCE,event_field,AT0074.target_or_content,target_or_content,LOW_REVIEW,INTERNAL_FIX,SCHEMA_CHANGE_REQUIRED,'관련 대상'은 ATT0074에 체포 대상이 없음을 뜻하는 자리표시자. CSV 안에서 결정 가능.,관련 대상,값 '관련 대상' 그대로 유지. notes에 'ATT0074에 체포 대상이 명시되지 않음을 뜻하는 자리표시자' 명시. 열린 표지로 SC-06에 기록.,,SC-06,YES
RC-146,E-068,FIELD_PROVENANCE,event_field,AT0074.occurrence_lunar_end,occurrence_lunar_end,MEDIUM_REVIEW,SOURCE_RECHECK_REQUIRED,SCHEMA_CHANGE_REQUIRED,[UNSUPPORTED] 값의 근거가 해당 attestation(ATT0074) 명제에 없음. 현재 CSV에 근거가 없다는 것이 역사적으로 틀렸다는 뜻은 아니므로 값은 유지하고 원문 재확인(우선순위 MEDIUM). 근거 없는 값을 삭제 없이 유지하려면 field_provenance(SC-05) 필요.,1793-02-28,현 값 유지(삭제 제안 없음). 원문 재확인 결과에 따라 근거 표시 또는 값 정렬. 그 전까지 provenance_class를 field_provenance에 기록.,SRQ-011,SC-05,YES
RC-147,E-069,FIELD_PROVENANCE,event_field,AT0075.occurrence_lunar_end,occurrence_lunar_end,MEDIUM_REVIEW,SOURCE_RECHECK_REQUIRED,SCHEMA_CHANGE_REQUIRED,[UNSUPPORTED] 값의 근거가 해당 attestation(ATT0075) 명제에 없음. 현재 CSV에 근거가 없다는 것이 역사적으로 틀렸다는 뜻은 아니므로 값은 유지하고 원문 재확인(우선순위 MEDIUM). 근거 없는 값을 삭제 없이 유지하려면 field_provenance(SC-05) 필요.,1793-02-28,현 값 유지(삭제 제안 없음). 원문 재확인 결과에 따라 근거 표시 또는 값 정렬. 그 전까지 provenance_class를 field_provenance에 기록.,SRQ-011,SC-05,YES
RC-148,E-070,FIELD_PROVENANCE,event_field,AT0076.occurrence_lunar_end,occurrence_lunar_end,MEDIUM_REVIEW,SOURCE_RECHECK_REQUIRED,SCHEMA_CHANGE_REQUIRED,[UNSUPPORTED] 값의 근거가 해당 attestation(ATT0076) 명제에 없음. 현재 CSV에 근거가 없다는 것이 역사적으로 틀렸다는 뜻은 아니므로 값은 유지하고 원문 재확인(우선순위 MEDIUM). 근거 없는 값을 삭제 없이 유지하려면 field_provenance(SC-05) 필요.,1793-02-28,현 값 유지(삭제 제안 없음). 원문 재확인 결과에 따라 근거 표시 또는 값 정렬. 그 전까지 provenance_class를 field_provenance에 기록.,SRQ-011,SC-05,YES
RC-149,E-071,FIELD_PROVENANCE,event_field,AT0077.occurrence_lunar_end,occurrence_lunar_end,MEDIUM_REVIEW,SOURCE_RECHECK_REQUIRED,SCHEMA_CHANGE_REQUIRED,[UNSUPPORTED] 값의 근거가 해당 attestation(ATT0077) 명제에 없음. 현재 CSV에 근거가 없다는 것이 역사적으로 틀렸다는 뜻은 아니므로 값은 유지하고 원문 재확인(우선순위 MEDIUM). 근거 없는 값을 삭제 없이 유지하려면 field_provenance(SC-05) 필요.,1793-02-28,현 값 유지(삭제 제안 없음). 원문 재확인 결과에 따라 근거 표시 또는 값 정렬. 그 전까지 provenance_class를 field_provenance에 기록.,SRQ-011,SC-05,YES
RC-150,E-072,FIELD_PROVENANCE,event_field,AT0086.actor,actor,HIGH_REVIEW,INTERNAL_FIX,SOURCE_RECHECK_REQUIRED,ATT0086 수동형('만들어졌다'). '한재욱 측'은 근거 없는 귀속. C-007과 같은 판단.,한재욱 측,"actor '한재욱 측' → '미상'. 기존 값은 notes에 '원 actor: 한재욱 측(근거 미확인, 원문 재확인 대상)'으로 보존(삭제 없음).",SRQ-005,,YES
RC-151,E-073,FIELD_PROVENANCE,event_field,AT0086.historical_place,historical_place,LOW_REVIEW,SOURCE_RECHECK_REQUIRED,SCHEMA_CHANGE_REQUIRED,[AMBIGUOUS] 값의 근거가 해당 attestation(ATT0086) 명제에 없음. 현재 CSV에 근거가 없다는 것이 역사적으로 틀렸다는 뜻은 아니므로 값은 유지하고 원문 재확인(우선순위 LOW). 근거 없는 값을 삭제 없이 유지하려면 field_provenance(SC-05) 필요.,충청병영,현 값 유지(삭제 제안 없음). 원문 재확인 결과에 따라 근거 표시 또는 값 정렬. 그 전까지 provenance_class를 field_provenance에 기록.,SRQ-041,SC-05,YES
RC-152,E-074,FIELD_PROVENANCE,event_field,AT0087.actor,actor,HIGH_REVIEW,INTERNAL_FIX,SOURCE_RECHECK_REQUIRED,ATT0087 수동형('제공됐다'). '한재욱 측'은 근거 없는 귀속. C-008과 같은 판단.,한재욱 측,"actor '한재욱 측' → '미상'. 기존 값은 notes에 '원 actor: 한재욱 측(근거 미확인, 원문 재확인 대상)'으로 보존(삭제 없음).",SRQ-005,,YES
RC-153,E-075,FIELD_PROVENANCE,event_field,AT0087.historical_place,historical_place,LOW_REVIEW,SOURCE_RECHECK_REQUIRED,SCHEMA_CHANGE_REQUIRED,[AMBIGUOUS] 값의 근거가 해당 attestation(ATT0087) 명제에 없음. 현재 CSV에 근거가 없다는 것이 역사적으로 틀렸다는 뜻은 아니므로 값은 유지하고 원문 재확인(우선순위 LOW). 근거 없는 값을 삭제 없이 유지하려면 field_provenance(SC-05) 필요.,충청병영,현 값 유지(삭제 제안 없음). 원문 재확인 결과에 따라 근거 표시 또는 값 정렬. 그 전까지 provenance_class를 field_provenance에 기록.,SRQ-041,SC-05,YES
RC-154,E-076,FIELD_PROVENANCE,event_field,AT0088.historical_place,historical_place,LOW_REVIEW,SOURCE_RECHECK_REQUIRED,SCHEMA_CHANGE_REQUIRED,[AMBIGUOUS] 값의 근거가 해당 attestation(ATT0088) 명제에 없음. 현재 CSV에 근거가 없다는 것이 역사적으로 틀렸다는 뜻은 아니므로 값은 유지하고 원문 재확인(우선순위 LOW). 근거 없는 값을 삭제 없이 유지하려면 field_provenance(SC-05) 필요.,충청병영 비장청,현 값 유지(삭제 제안 없음). 원문 재확인 결과에 따라 근거 표시 또는 값 정렬. 그 전까지 provenance_class를 field_provenance에 기록.,SRQ-041,SC-05,YES
RC-155,E-077,FIELD_PROVENANCE,event_field,AT0088.occurrence_lunar_start,occurrence_lunar_start,LOW_REVIEW,SOURCE_RECHECK_REQUIRED,SCHEMA_CHANGE_REQUIRED,[AMBIGUOUS] 값의 근거가 해당 attestation(ATT0088) 명제에 없음. 현재 CSV에 근거가 없다는 것이 역사적으로 틀렸다는 뜻은 아니므로 값은 유지하고 원문 재확인(우선순위 LOW). 근거 없는 값을 삭제 없이 유지하려면 field_provenance(SC-05) 필요.,1793-02-28,현 값 유지(삭제 제안 없음). 원문 재확인 결과에 따라 근거 표시 또는 값 정렬. 그 전까지 provenance_class를 field_provenance에 기록.,SRQ-047,SC-05,YES
RC-156,E-078,FIELD_PROVENANCE,event_field,AT0088.occurrence_lunar_end,occurrence_lunar_end,LOW_REVIEW,SOURCE_RECHECK_REQUIRED,SCHEMA_CHANGE_REQUIRED,[AMBIGUOUS] 값의 근거가 해당 attestation(ATT0088) 명제에 없음. 현재 CSV에 근거가 없다는 것이 역사적으로 틀렸다는 뜻은 아니므로 값은 유지하고 원문 재확인(우선순위 LOW). 근거 없는 값을 삭제 없이 유지하려면 field_provenance(SC-05) 필요.,1793-02-29,현 값 유지(삭제 제안 없음). 원문 재확인 결과에 따라 근거 표시 또는 값 정렬. 그 전까지 provenance_class를 field_provenance에 기록.,SRQ-047,SC-05,YES
RC-157,E-079,FIELD_PROVENANCE,event_field,AT0089.target_or_content,target_or_content,LOW_REVIEW,INTERNAL_FIX,,'출발 시점'은 ATT0089('날이 밝아 새벽을 기다렸다')의 기다림 대상을 나타낸 자리표시자. CSV 안에서 결정 가능.,출발 시점,값 '출발 시점' 그대로 유지. notes에 'ATT0089에 기다림의 대상이 명시되지 않음을 뜻하는 자리표시자' 명시.,,,YES
RC-158,E-080,FIELD_PROVENANCE,event_field,AT0097.historical_place,historical_place,LOW_REVIEW,SOURCE_RECHECK_REQUIRED,SCHEMA_CHANGE_REQUIRED,[AMBIGUOUS] 값의 근거가 해당 attestation(ATT0097) 명제에 없음. 현재 CSV에 근거가 없다는 것이 역사적으로 틀렸다는 뜻은 아니므로 값은 유지하고 원문 재확인(우선순위 LOW). 근거 없는 값을 삭제 없이 유지하려면 field_provenance(SC-05) 필요.,충청병영,현 값 유지(삭제 제안 없음). 원문 재확인 결과에 따라 근거 표시 또는 값 정렬. 그 전까지 provenance_class를 field_provenance에 기록.,SRQ-039,SC-05;SC-09,YES
RC-159,E-081,FIELD_PROVENANCE,event_field,AT0098.historical_place,historical_place,LOW_REVIEW,SOURCE_RECHECK_REQUIRED,SCHEMA_CHANGE_REQUIRED,[AMBIGUOUS] 값의 근거가 해당 attestation(ATT0098) 명제에 없음. 현재 CSV에 근거가 없다는 것이 역사적으로 틀렸다는 뜻은 아니므로 값은 유지하고 원문 재확인(우선순위 LOW). 근거 없는 값을 삭제 없이 유지하려면 field_provenance(SC-05) 필요.,충청병영,현 값 유지(삭제 제안 없음). 원문 재확인 결과에 따라 근거 표시 또는 값 정렬. 그 전까지 provenance_class를 field_provenance에 기록.,SRQ-039,SC-05;SC-09,YES
RC-160,E-082,FIELD_PROVENANCE,event_field,AT0099.occurrence_lunar_start,occurrence_lunar_start,LOW_REVIEW,SCHEMA_CHANGE_REQUIRED,,"시점 없는 인물 식별 진술에 체포 지시 날짜(AT0097)가 붙음. 시점 없는(timeless) 동일성을 표현할 시간 필드가 없어, 비우면 정보 손실이고 두면 과잉 주장.",1793-03-04,SC-01 도입 후 timeless identity로 표시하고 날짜는 '진술 대상 체포 지시의 날짜' 층으로 분리. 그 전까지 현 값 유지.,,SC-01,YES
RC-161,E-083,FIELD_PROVENANCE,event_field,AT0099.occurrence_lunar_end,occurrence_lunar_end,LOW_REVIEW,SCHEMA_CHANGE_REQUIRED,,"시점 없는 인물 식별 진술에 체포 지시 날짜(AT0097)가 붙음. 시점 없는(timeless) 동일성을 표현할 시간 필드가 없어, 비우면 정보 손실이고 두면 과잉 주장.",1793-03-04,SC-01 도입 후 timeless identity로 표시하고 날짜는 '진술 대상 체포 지시의 날짜' 층으로 분리. 그 전까지 현 값 유지.,,SC-01,YES
RC-162,E-084,FIELD_PROVENANCE,event_field,AT0100.occurrence_lunar_start,occurrence_lunar_start,LOW_REVIEW,SCHEMA_CHANGE_REQUIRED,,"시점 없는 인물 식별 진술에 체포 지시 날짜(AT0097)가 붙음. 시점 없는(timeless) 동일성을 표현할 시간 필드가 없어, 비우면 정보 손실이고 두면 과잉 주장.",1793-03-04,SC-01 도입 후 timeless identity로 표시하고 날짜는 '진술 대상 체포 지시의 날짜' 층으로 분리. 그 전까지 현 값 유지.,,SC-01,YES
RC-163,E-085,FIELD_PROVENANCE,event_field,AT0100.occurrence_lunar_end,occurrence_lunar_end,LOW_REVIEW,SCHEMA_CHANGE_REQUIRED,,"시점 없는 인물 식별 진술에 체포 지시 날짜(AT0097)가 붙음. 시점 없는(timeless) 동일성을 표현할 시간 필드가 없어, 비우면 정보 손실이고 두면 과잉 주장.",1793-03-04,SC-01 도입 후 timeless identity로 표시하고 날짜는 '진술 대상 체포 지시의 날짜' 층으로 분리. 그 전까지 현 값 유지.,,SC-01,YES
RC-164,E-086,FIELD_PROVENANCE,event_field,AT0101.occurrence_lunar_start,occurrence_lunar_start,LOW_REVIEW,SOURCE_RECHECK_REQUIRED,SCHEMA_CHANGE_REQUIRED,[AMBIGUOUS] 값의 근거가 해당 attestation(ATT0101) 명제에 없음. 현재 CSV에 근거가 없다는 것이 역사적으로 틀렸다는 뜻은 아니므로 값은 유지하고 원문 재확인(우선순위 LOW). 근거 없는 값을 삭제 없이 유지하려면 field_provenance(SC-05) 필요.,1793-03-04,현 값 유지(삭제 제안 없음). 원문 재확인 결과에 따라 근거 표시 또는 값 정렬. 그 전까지 provenance_class를 field_provenance에 기록.,SRQ-048,SC-05,YES
RC-165,E-087,FIELD_PROVENANCE,event_field,AT0101.occurrence_lunar_end,occurrence_lunar_end,LOW_REVIEW,SOURCE_RECHECK_REQUIRED,SCHEMA_CHANGE_REQUIRED,[AMBIGUOUS] 값의 근거가 해당 attestation(ATT0101) 명제에 없음. 현재 CSV에 근거가 없다는 것이 역사적으로 틀렸다는 뜻은 아니므로 값은 유지하고 원문 재확인(우선순위 LOW). 근거 없는 값을 삭제 없이 유지하려면 field_provenance(SC-05) 필요.,1793-03-04,현 값 유지(삭제 제안 없음). 원문 재확인 결과에 따라 근거 표시 또는 값 정렬. 그 전까지 provenance_class를 field_provenance에 기록.,SRQ-048,SC-05,YES
RC-166,E-088,FIELD_PROVENANCE,event_field,AT0102.occurrence_lunar_start,occurrence_lunar_start,LOW_REVIEW,SOURCE_RECHECK_REQUIRED,SCHEMA_CHANGE_REQUIRED,[AMBIGUOUS] 값의 근거가 해당 attestation(ATT0102) 명제에 없음. 현재 CSV에 근거가 없다는 것이 역사적으로 틀렸다는 뜻은 아니므로 값은 유지하고 원문 재확인(우선순위 LOW). 근거 없는 값을 삭제 없이 유지하려면 field_provenance(SC-05) 필요.,1793-03-04,현 값 유지(삭제 제안 없음). 원문 재확인 결과에 따라 근거 표시 또는 값 정렬. 그 전까지 provenance_class를 field_provenance에 기록.,SRQ-048,SC-05,YES
RC-167,E-089,FIELD_PROVENANCE,event_field,AT0102.occurrence_lunar_end,occurrence_lunar_end,LOW_REVIEW,SOURCE_RECHECK_REQUIRED,SCHEMA_CHANGE_REQUIRED,[AMBIGUOUS] 값의 근거가 해당 attestation(ATT0102) 명제에 없음. 현재 CSV에 근거가 없다는 것이 역사적으로 틀렸다는 뜻은 아니므로 값은 유지하고 원문 재확인(우선순위 LOW). 근거 없는 값을 삭제 없이 유지하려면 field_provenance(SC-05) 필요.,1793-03-04,현 값 유지(삭제 제안 없음). 원문 재확인 결과에 따라 근거 표시 또는 값 정렬. 그 전까지 provenance_class를 field_provenance에 기록.,SRQ-048,SC-05,YES
RC-168,E-090,FIELD_PROVENANCE,event_field,AT0103.occurrence_lunar_start,occurrence_lunar_start,MEDIUM_REVIEW,SOURCE_RECHECK_REQUIRED,SCHEMA_CHANGE_REQUIRED,[IMPORTED_FROM_OTHER_ATTESTATION] 값의 근거가 해당 attestation(ATT0103) 명제에 없음. 현재 CSV에 근거가 없다는 것이 역사적으로 틀렸다는 뜻은 아니므로 값은 유지하고 원문 재확인(우선순위 MEDIUM). 근거 없는 값을 삭제 없이 유지하려면 field_provenance(SC-05) 필요.,1793-03-04,현 값 유지(삭제 제안 없음). 원문 재확인 결과에 따라 근거 표시 또는 값 정렬. 그 전까지 provenance_class를 field_provenance에 기록.,SRQ-014,SC-05,YES
RC-169,E-091,FIELD_PROVENANCE,event_field,AT0103.occurrence_lunar_end,occurrence_lunar_end,MEDIUM_REVIEW,SOURCE_RECHECK_REQUIRED,SCHEMA_CHANGE_REQUIRED,[IMPORTED_FROM_OTHER_ATTESTATION] 값의 근거가 해당 attestation(ATT0103) 명제에 없음. 현재 CSV에 근거가 없다는 것이 역사적으로 틀렸다는 뜻은 아니므로 값은 유지하고 원문 재확인(우선순위 MEDIUM). 근거 없는 값을 삭제 없이 유지하려면 field_provenance(SC-05) 필요.,1793-03-04,현 값 유지(삭제 제안 없음). 원문 재확인 결과에 따라 근거 표시 또는 값 정렬. 그 전까지 provenance_class를 field_provenance에 기록.,SRQ-014,SC-05,YES
RC-170,E-092,FIELD_PROVENANCE,event_field,AT0104.occurrence_lunar_start,occurrence_lunar_start,MEDIUM_REVIEW,SOURCE_RECHECK_REQUIRED,SCHEMA_CHANGE_REQUIRED,[IMPORTED_FROM_OTHER_ATTESTATION] 값의 근거가 해당 attestation(ATT0104) 명제에 없음. 현재 CSV에 근거가 없다는 것이 역사적으로 틀렸다는 뜻은 아니므로 값은 유지하고 원문 재확인(우선순위 MEDIUM). 근거 없는 값을 삭제 없이 유지하려면 field_provenance(SC-05) 필요.,1793-03-04,현 값 유지(삭제 제안 없음). 원문 재확인 결과에 따라 근거 표시 또는 값 정렬. 그 전까지 provenance_class를 field_provenance에 기록.,SRQ-014,SC-05,YES
RC-171,E-093,FIELD_PROVENANCE,event_field,AT0104.occurrence_lunar_end,occurrence_lunar_end,MEDIUM_REVIEW,SOURCE_RECHECK_REQUIRED,SCHEMA_CHANGE_REQUIRED,[IMPORTED_FROM_OTHER_ATTESTATION] 값의 근거가 해당 attestation(ATT0104) 명제에 없음. 현재 CSV에 근거가 없다는 것이 역사적으로 틀렸다는 뜻은 아니므로 값은 유지하고 원문 재확인(우선순위 MEDIUM). 근거 없는 값을 삭제 없이 유지하려면 field_provenance(SC-05) 필요.,1793-03-04,현 값 유지(삭제 제안 없음). 원문 재확인 결과에 따라 근거 표시 또는 값 정렬. 그 전까지 provenance_class를 field_provenance에 기록.,SRQ-014,SC-05,YES
RC-172,E-094,FIELD_PROVENANCE,event_field,AT0105.occurrence_lunar_start,occurrence_lunar_start,MEDIUM_REVIEW,SOURCE_RECHECK_REQUIRED,SCHEMA_CHANGE_REQUIRED,[IMPORTED_FROM_OTHER_ATTESTATION] 값의 근거가 해당 attestation(ATT0105) 명제에 없음. 현재 CSV에 근거가 없다는 것이 역사적으로 틀렸다는 뜻은 아니므로 값은 유지하고 원문 재확인(우선순위 MEDIUM). 근거 없는 값을 삭제 없이 유지하려면 field_provenance(SC-05) 필요.,1793-03-04,현 값 유지(삭제 제안 없음). 원문 재확인 결과에 따라 근거 표시 또는 값 정렬. 그 전까지 provenance_class를 field_provenance에 기록.,SRQ-014,SC-05,YES
RC-173,E-095,FIELD_PROVENANCE,event_field,AT0105.occurrence_lunar_end,occurrence_lunar_end,MEDIUM_REVIEW,SOURCE_RECHECK_REQUIRED,SCHEMA_CHANGE_REQUIRED,[IMPORTED_FROM_OTHER_ATTESTATION] 값의 근거가 해당 attestation(ATT0105) 명제에 없음. 현재 CSV에 근거가 없다는 것이 역사적으로 틀렸다는 뜻은 아니므로 값은 유지하고 원문 재확인(우선순위 MEDIUM). 근거 없는 값을 삭제 없이 유지하려면 field_provenance(SC-05) 필요.,1793-03-04,현 값 유지(삭제 제안 없음). 원문 재확인 결과에 따라 근거 표시 또는 값 정렬. 그 전까지 provenance_class를 field_provenance에 기록.,SRQ-014,SC-05,YES
RC-174,E-096,FIELD_PROVENANCE,event_field,AT0106.occurrence_lunar_start,occurrence_lunar_start,MEDIUM_REVIEW,SOURCE_RECHECK_REQUIRED,SCHEMA_CHANGE_REQUIRED,[IMPORTED_FROM_OTHER_ATTESTATION] 값의 근거가 해당 attestation(ATT0106) 명제에 없음. 현재 CSV에 근거가 없다는 것이 역사적으로 틀렸다는 뜻은 아니므로 값은 유지하고 원문 재확인(우선순위 MEDIUM). 근거 없는 값을 삭제 없이 유지하려면 field_provenance(SC-05) 필요.,1793-03-04,현 값 유지(삭제 제안 없음). 원문 재확인 결과에 따라 근거 표시 또는 값 정렬. 그 전까지 provenance_class를 field_provenance에 기록.,SRQ-014,SC-05,YES
RC-175,E-097,FIELD_PROVENANCE,event_field,AT0106.occurrence_lunar_end,occurrence_lunar_end,MEDIUM_REVIEW,SOURCE_RECHECK_REQUIRED,SCHEMA_CHANGE_REQUIRED,[IMPORTED_FROM_OTHER_ATTESTATION] 값의 근거가 해당 attestation(ATT0106) 명제에 없음. 현재 CSV에 근거가 없다는 것이 역사적으로 틀렸다는 뜻은 아니므로 값은 유지하고 원문 재확인(우선순위 MEDIUM). 근거 없는 값을 삭제 없이 유지하려면 field_provenance(SC-05) 필요.,1793-03-04,현 값 유지(삭제 제안 없음). 원문 재확인 결과에 따라 근거 표시 또는 값 정렬. 그 전까지 provenance_class를 field_provenance에 기록.,SRQ-014,SC-05,YES
RC-176,E-098,FIELD_PROVENANCE,event_field,AT0107.occurrence_lunar_start,occurrence_lunar_start,MEDIUM_REVIEW,SOURCE_RECHECK_REQUIRED,SCHEMA_CHANGE_REQUIRED,[IMPORTED_FROM_OTHER_ATTESTATION] 값의 근거가 해당 attestation(ATT0107) 명제에 없음. 현재 CSV에 근거가 없다는 것이 역사적으로 틀렸다는 뜻은 아니므로 값은 유지하고 원문 재확인(우선순위 MEDIUM). 근거 없는 값을 삭제 없이 유지하려면 field_provenance(SC-05) 필요.,1793-03-04,현 값 유지(삭제 제안 없음). 원문 재확인 결과에 따라 근거 표시 또는 값 정렬. 그 전까지 provenance_class를 field_provenance에 기록.,SRQ-014,SC-05,YES
RC-177,E-099,FIELD_PROVENANCE,event_field,AT0107.occurrence_lunar_end,occurrence_lunar_end,MEDIUM_REVIEW,SOURCE_RECHECK_REQUIRED,SCHEMA_CHANGE_REQUIRED,[IMPORTED_FROM_OTHER_ATTESTATION] 값의 근거가 해당 attestation(ATT0107) 명제에 없음. 현재 CSV에 근거가 없다는 것이 역사적으로 틀렸다는 뜻은 아니므로 값은 유지하고 원문 재확인(우선순위 MEDIUM). 근거 없는 값을 삭제 없이 유지하려면 field_provenance(SC-05) 필요.,1793-03-04,현 값 유지(삭제 제안 없음). 원문 재확인 결과에 따라 근거 표시 또는 값 정렬. 그 전까지 provenance_class를 field_provenance에 기록.,SRQ-014,SC-05,YES
RC-178,E-100,FIELD_PROVENANCE,event_field,AT0108.occurrence_lunar_start,occurrence_lunar_start,MEDIUM_REVIEW,SOURCE_RECHECK_REQUIRED,SCHEMA_CHANGE_REQUIRED,[IMPORTED_FROM_OTHER_ATTESTATION] 값의 근거가 해당 attestation(ATT0108) 명제에 없음. 현재 CSV에 근거가 없다는 것이 역사적으로 틀렸다는 뜻은 아니므로 값은 유지하고 원문 재확인(우선순위 MEDIUM). 근거 없는 값을 삭제 없이 유지하려면 field_provenance(SC-05) 필요.,1793-03-04,현 값 유지(삭제 제안 없음). 원문 재확인 결과에 따라 근거 표시 또는 값 정렬. 그 전까지 provenance_class를 field_provenance에 기록.,SRQ-014,SC-05,YES
RC-179,E-101,FIELD_PROVENANCE,event_field,AT0108.occurrence_lunar_end,occurrence_lunar_end,MEDIUM_REVIEW,SOURCE_RECHECK_REQUIRED,SCHEMA_CHANGE_REQUIRED,[IMPORTED_FROM_OTHER_ATTESTATION] 값의 근거가 해당 attestation(ATT0108) 명제에 없음. 현재 CSV에 근거가 없다는 것이 역사적으로 틀렸다는 뜻은 아니므로 값은 유지하고 원문 재확인(우선순위 MEDIUM). 근거 없는 값을 삭제 없이 유지하려면 field_provenance(SC-05) 필요.,1793-03-04,현 값 유지(삭제 제안 없음). 원문 재확인 결과에 따라 근거 표시 또는 값 정렬. 그 전까지 provenance_class를 field_provenance에 기록.,SRQ-014,SC-05,YES
RC-180,E-102,FIELD_PROVENANCE,event_field,AT0110.historical_place,historical_place,MEDIUM_REVIEW,SOURCE_RECHECK_REQUIRED,SCHEMA_CHANGE_REQUIRED,[UNSUPPORTED] 값의 근거가 해당 attestation(ATT0110) 명제에 없음. 현재 CSV에 근거가 없다는 것이 역사적으로 틀렸다는 뜻은 아니므로 값은 유지하고 원문 재확인(우선순위 MEDIUM). 근거 없는 값을 삭제 없이 유지하려면 field_provenance(SC-05) 필요.,병영,현 값 유지(삭제 제안 없음). 원문 재확인 결과에 따라 근거 표시 또는 값 정렬. 그 전까지 provenance_class를 field_provenance에 기록.,SRQ-022,SC-05,YES
RC-181,E-103,FIELD_PROVENANCE,event_field,AT0110.occurrence_lunar_start,occurrence_lunar_start,HIGH_REVIEW,SOURCE_RECHECK_REQUIRED,SCHEMA_CHANGE_REQUIRED,[IMPORTED_FROM_OTHER_ATTESTATION] 값의 근거가 해당 attestation(ATT0110) 명제에 없음. 현재 CSV에 근거가 없다는 것이 역사적으로 틀렸다는 뜻은 아니므로 값은 유지하고 원문 재확인(우선순위 HIGH). 근거 없는 값을 삭제 없이 유지하려면 field_provenance(SC-05) 필요.,1793-02-29,현 값 유지(삭제 제안 없음). 원문 재확인 결과에 따라 근거 표시 또는 값 정렬. 그 전까지 provenance_class를 field_provenance에 기록.,SRQ-006,SC-05;SC-07,YES
RC-182,E-104,FIELD_PROVENANCE,event_field,AT0111.occurrence_lunar_start,occurrence_lunar_start,HIGH_REVIEW,SOURCE_RECHECK_REQUIRED,SCHEMA_CHANGE_REQUIRED,[IMPORTED_FROM_OTHER_ATTESTATION] 값의 근거가 해당 attestation(ATT0111) 명제에 없음. 현재 CSV에 근거가 없다는 것이 역사적으로 틀렸다는 뜻은 아니므로 값은 유지하고 원문 재확인(우선순위 HIGH). 근거 없는 값을 삭제 없이 유지하려면 field_provenance(SC-05) 필요.,1793-02-29,현 값 유지(삭제 제안 없음). 원문 재확인 결과에 따라 근거 표시 또는 값 정렬. 그 전까지 provenance_class를 field_provenance에 기록.,SRQ-006,SC-05;SC-07,YES
RC-183,E-105,FIELD_PROVENANCE,event_field,AT0112.occurrence_lunar_start,occurrence_lunar_start,HIGH_REVIEW,SOURCE_RECHECK_REQUIRED,SCHEMA_CHANGE_REQUIRED,[IMPORTED_FROM_OTHER_ATTESTATION] 값의 근거가 해당 attestation(ATT0112) 명제에 없음. 현재 CSV에 근거가 없다는 것이 역사적으로 틀렸다는 뜻은 아니므로 값은 유지하고 원문 재확인(우선순위 HIGH). 근거 없는 값을 삭제 없이 유지하려면 field_provenance(SC-05) 필요.,1793-02-29,현 값 유지(삭제 제안 없음). 원문 재확인 결과에 따라 근거 표시 또는 값 정렬. 그 전까지 provenance_class를 field_provenance에 기록.,SRQ-006,SC-05;SC-07,YES
RC-184,E-106,FIELD_PROVENANCE,event_field,AT0113.occurrence_lunar_start,occurrence_lunar_start,HIGH_REVIEW,SOURCE_RECHECK_REQUIRED,SCHEMA_CHANGE_REQUIRED,[IMPORTED_FROM_OTHER_ATTESTATION] 값의 근거가 해당 attestation(ATT0113) 명제에 없음. 현재 CSV에 근거가 없다는 것이 역사적으로 틀렸다는 뜻은 아니므로 값은 유지하고 원문 재확인(우선순위 HIGH). 근거 없는 값을 삭제 없이 유지하려면 field_provenance(SC-05) 필요.,1793-02-29,현 값 유지(삭제 제안 없음). 원문 재확인 결과에 따라 근거 표시 또는 값 정렬. 그 전까지 provenance_class를 field_provenance에 기록.,SRQ-006,SC-05;SC-07,YES
RC-185,E-107,FIELD_PROVENANCE,event_field,AT0114.occurrence_lunar_start,occurrence_lunar_start,HIGH_REVIEW,SOURCE_RECHECK_REQUIRED,SCHEMA_CHANGE_REQUIRED,[IMPORTED_FROM_OTHER_ATTESTATION] 값의 근거가 해당 attestation(ATT0114) 명제에 없음. 현재 CSV에 근거가 없다는 것이 역사적으로 틀렸다는 뜻은 아니므로 값은 유지하고 원문 재확인(우선순위 HIGH). 근거 없는 값을 삭제 없이 유지하려면 field_provenance(SC-05) 필요.,1793-02-29,현 값 유지(삭제 제안 없음). 원문 재확인 결과에 따라 근거 표시 또는 값 정렬. 그 전까지 provenance_class를 field_provenance에 기록.,SRQ-006,SC-05;SC-07,YES
RC-186,E-108,FIELD_PROVENANCE,event_field,AT0114.claim_topic,claim_topic,LOW_REVIEW,SCHEMA_CHANGE_REQUIRED,,COACHING 값은 해당 attestation이 사주를 직접 주장하는 것이 아니라 AT0116/REL0078/REL0079 맥락에서 묶인 것. conflict_group이 '직접 다투어지는 주장'인지 '맥락상 묶음'인지 정의가 없어 행 수준에서 맞는 값을 고를 수 없음.,COACHING,SC-08(conflict_group 의미 구분: direct claim / contextual grouping) 도입 후 COACHING을 해당 의미로 재분류. 그 전까지 현 값 유지.,,SC-08,YES
RC-187,E-109,FIELD_PROVENANCE,event_field,AT0114.conflict_group,conflict_group,LOW_REVIEW,SCHEMA_CHANGE_REQUIRED,,COACHING 값은 해당 attestation이 사주를 직접 주장하는 것이 아니라 AT0116/REL0078/REL0079 맥락에서 묶인 것. conflict_group이 '직접 다투어지는 주장'인지 '맥락상 묶음'인지 정의가 없어 행 수준에서 맞는 값을 고를 수 없음.,COACHING,SC-08(conflict_group 의미 구분: direct claim / contextual grouping) 도입 후 COACHING을 해당 의미로 재분류. 그 전까지 현 값 유지.,,SC-08,YES
RC-188,E-110,FIELD_PROVENANCE,event_field,AT0115.historical_place,historical_place,LOW_REVIEW,SOURCE_RECHECK_REQUIRED,SCHEMA_CHANGE_REQUIRED,[AMBIGUOUS] 값의 근거가 해당 attestation(ATT0115) 명제에 없음. 현재 CSV에 근거가 없다는 것이 역사적으로 틀렸다는 뜻은 아니므로 값은 유지하고 원문 재확인(우선순위 LOW). 근거 없는 값을 삭제 없이 유지하려면 field_provenance(SC-05) 필요.,비장청 방,현 값 유지(삭제 제안 없음). 원문 재확인 결과에 따라 근거 표시 또는 값 정렬. 그 전까지 provenance_class를 field_provenance에 기록.,SRQ-042,SC-05,YES
RC-189,E-111,FIELD_PROVENANCE,event_field,AT0115.occurrence_lunar_start,occurrence_lunar_start,HIGH_REVIEW,SOURCE_RECHECK_REQUIRED,SCHEMA_CHANGE_REQUIRED,[IMPORTED_FROM_OTHER_ATTESTATION] 값의 근거가 해당 attestation(ATT0115) 명제에 없음. 현재 CSV에 근거가 없다는 것이 역사적으로 틀렸다는 뜻은 아니므로 값은 유지하고 원문 재확인(우선순위 HIGH). 근거 없는 값을 삭제 없이 유지하려면 field_provenance(SC-05) 필요.,1793-02-29,현 값 유지(삭제 제안 없음). 원문 재확인 결과에 따라 근거 표시 또는 값 정렬. 그 전까지 provenance_class를 field_provenance에 기록.,SRQ-006,SC-05;SC-07,YES
RC-190,E-112,FIELD_PROVENANCE,event_field,AT0115.claim_topic,claim_topic,LOW_REVIEW,SCHEMA_CHANGE_REQUIRED,,COACHING 값은 해당 attestation이 사주를 직접 주장하는 것이 아니라 AT0116/REL0078/REL0079 맥락에서 묶인 것. conflict_group이 '직접 다투어지는 주장'인지 '맥락상 묶음'인지 정의가 없어 행 수준에서 맞는 값을 고를 수 없음.,COACHING,SC-08(conflict_group 의미 구분: direct claim / contextual grouping) 도입 후 COACHING을 해당 의미로 재분류. 그 전까지 현 값 유지.,,SC-08,YES
RC-191,E-113,FIELD_PROVENANCE,event_field,AT0115.conflict_group,conflict_group,LOW_REVIEW,SCHEMA_CHANGE_REQUIRED,,COACHING 값은 해당 attestation이 사주를 직접 주장하는 것이 아니라 AT0116/REL0078/REL0079 맥락에서 묶인 것. conflict_group이 '직접 다투어지는 주장'인지 '맥락상 묶음'인지 정의가 없어 행 수준에서 맞는 값을 고를 수 없음.,COACHING,SC-08(conflict_group 의미 구분: direct claim / contextual grouping) 도입 후 COACHING을 해당 의미로 재분류. 그 전까지 현 값 유지.,,SC-08,YES
RC-192,E-114,FIELD_PROVENANCE,event_field,AT0116.target_or_content,target_or_content,LOW_REVIEW,INTERNAL_FIX,SCHEMA_CHANGE_REQUIRED,target '여러 사람'과 ATT0116 명제 '특정 인물들'의 표현 차이(TR-09). 명제 표현으로 정렬 가능.,여러 사람을 큰 도적이라 말하면 부부를 석방하겠다는 조건,target_or_content '여러 사람을 큰 도적이라 말하면 부부를 석방하겠다는 조건' → '특정 인물들을 큰 도적이라 말하면 부부를 석방하겠다는 조건'. 열린 집합 표지 '특정 인물들'은 SC-06에서 closure_status=OPEN으로 기록. 기존 값은 notes에 '원 값: …'으로 보존(삭제 없음).,,SC-06,YES
RC-193,E-115,FIELD_PROVENANCE,event_field,AT0116.historical_place,historical_place,LOW_REVIEW,SOURCE_RECHECK_REQUIRED,SCHEMA_CHANGE_REQUIRED,[AMBIGUOUS] 값의 근거가 해당 attestation(ATT0116) 명제에 없음. 현재 CSV에 근거가 없다는 것이 역사적으로 틀렸다는 뜻은 아니므로 값은 유지하고 원문 재확인(우선순위 LOW). 근거 없는 값을 삭제 없이 유지하려면 field_provenance(SC-05) 필요.,비장청 방,현 값 유지(삭제 제안 없음). 원문 재확인 결과에 따라 근거 표시 또는 값 정렬. 그 전까지 provenance_class를 field_provenance에 기록.,SRQ-042,SC-05,YES
RC-194,E-116,FIELD_PROVENANCE,event_field,AT0116.occurrence_lunar_start,occurrence_lunar_start,HIGH_REVIEW,SOURCE_RECHECK_REQUIRED,SCHEMA_CHANGE_REQUIRED,[IMPORTED_FROM_OTHER_ATTESTATION] 값의 근거가 해당 attestation(ATT0116) 명제에 없음. 현재 CSV에 근거가 없다는 것이 역사적으로 틀렸다는 뜻은 아니므로 값은 유지하고 원문 재확인(우선순위 HIGH). 근거 없는 값을 삭제 없이 유지하려면 field_provenance(SC-05) 필요.,1793-02-29,현 값 유지(삭제 제안 없음). 원문 재확인 결과에 따라 근거 표시 또는 값 정렬. 그 전까지 provenance_class를 field_provenance에 기록.,SRQ-006,SC-05;SC-07,YES
RC-195,E-117,FIELD_PROVENANCE,event_field,AT0117.historical_place,historical_place,LOW_REVIEW,SOURCE_RECHECK_REQUIRED,SCHEMA_CHANGE_REQUIRED,[AMBIGUOUS] 값의 근거가 해당 attestation(ATT0117) 명제에 없음. 현재 CSV에 근거가 없다는 것이 역사적으로 틀렸다는 뜻은 아니므로 값은 유지하고 원문 재확인(우선순위 LOW). 근거 없는 값을 삭제 없이 유지하려면 field_provenance(SC-05) 필요.,비장청,현 값 유지(삭제 제안 없음). 원문 재확인 결과에 따라 근거 표시 또는 값 정렬. 그 전까지 provenance_class를 field_provenance에 기록.,SRQ-042,SC-05,YES
RC-196,E-118,FIELD_PROVENANCE,event_field,AT0117.occurrence_lunar_start,occurrence_lunar_start,HIGH_REVIEW,SOURCE_RECHECK_REQUIRED,SCHEMA_CHANGE_REQUIRED,[IMPORTED_FROM_OTHER_ATTESTATION] 값의 근거가 해당 attestation(ATT0117) 명제에 없음. 현재 CSV에 근거가 없다는 것이 역사적으로 틀렸다는 뜻은 아니므로 값은 유지하고 원문 재확인(우선순위 HIGH). 근거 없는 값을 삭제 없이 유지하려면 field_provenance(SC-05) 필요.,1793-02-29,현 값 유지(삭제 제안 없음). 원문 재확인 결과에 따라 근거 표시 또는 값 정렬. 그 전까지 provenance_class를 field_provenance에 기록.,SRQ-006,SC-05;SC-07,YES
RC-197,E-119,FIELD_PROVENANCE,event_field,AT0117.claim_topic,claim_topic,LOW_REVIEW,SCHEMA_CHANGE_REQUIRED,,COACHING 값은 해당 attestation이 사주를 직접 주장하는 것이 아니라 AT0116/REL0078/REL0079 맥락에서 묶인 것. conflict_group이 '직접 다투어지는 주장'인지 '맥락상 묶음'인지 정의가 없어 행 수준에서 맞는 값을 고를 수 없음.,COACHING,SC-08(conflict_group 의미 구분: direct claim / contextual grouping) 도입 후 COACHING을 해당 의미로 재분류. 그 전까지 현 값 유지.,,SC-08,YES
RC-198,E-120,FIELD_PROVENANCE,event_field,AT0117.conflict_group,conflict_group,LOW_REVIEW,SCHEMA_CHANGE_REQUIRED,,COACHING 값은 해당 attestation이 사주를 직접 주장하는 것이 아니라 AT0116/REL0078/REL0079 맥락에서 묶인 것. conflict_group이 '직접 다투어지는 주장'인지 '맥락상 묶음'인지 정의가 없어 행 수준에서 맞는 값을 고를 수 없음.,COACHING,SC-08(conflict_group 의미 구분: direct claim / contextual grouping) 도입 후 COACHING을 해당 의미로 재분류. 그 전까지 현 값 유지.,,SC-08,YES
RC-199,E-121,FIELD_PROVENANCE,event_field,AT0118.historical_place,historical_place,MEDIUM_REVIEW,SOURCE_RECHECK_REQUIRED,SCHEMA_CHANGE_REQUIRED,[UNSUPPORTED] 값의 근거가 해당 attestation(ATT0118) 명제에 없음. 현재 CSV에 근거가 없다는 것이 역사적으로 틀렸다는 뜻은 아니므로 값은 유지하고 원문 재확인(우선순위 MEDIUM). 근거 없는 값을 삭제 없이 유지하려면 field_provenance(SC-05) 필요.,병영,현 값 유지(삭제 제안 없음). 원문 재확인 결과에 따라 근거 표시 또는 값 정렬. 그 전까지 provenance_class를 field_provenance에 기록.,SRQ-023,SC-05,YES
RC-200,E-122,FIELD_PROVENANCE,event_field,AT0119.target_or_content,target_or_content,LOW_REVIEW,INTERNAL_FIX,,target '거짓말을 꾸몄다'는 ATT0119('거짓으로 말했다')보다 강하고 '이집거와 대질할 때'가 빠짐. 명제 수준으로 정렬 가능.,한재욱 지휘에 따라 거짓말을 꾸몄다고 주장,target_or_content → '이집거와 대질할 때 한재욱의 지휘에 따라 거짓으로 말했다고 주장'. (B-016 분할 승인 시 이 내용은 과거 사건 행의 target으로 이동.) 기존 값은 notes에 '원 값: …'으로 보존(삭제 없음).,,,YES
RC-201,E-123,FIELD_PROVENANCE,event_field,AT0119.historical_place,historical_place,MEDIUM_REVIEW,SOURCE_RECHECK_REQUIRED,SCHEMA_CHANGE_REQUIRED,[UNSUPPORTED] 값의 근거가 해당 attestation(ATT0119) 명제에 없음. 현재 CSV에 근거가 없다는 것이 역사적으로 틀렸다는 뜻은 아니므로 값은 유지하고 원문 재확인(우선순위 MEDIUM). 근거 없는 값을 삭제 없이 유지하려면 field_provenance(SC-05) 필요.,병영,현 값 유지(삭제 제안 없음). 원문 재확인 결과에 따라 근거 표시 또는 값 정렬. 그 전까지 provenance_class를 field_provenance에 기록.,SRQ-023,SC-05,YES
RC-202,E-124,FIELD_PROVENANCE,event_field,AT0120.actor,actor,HIGH_REVIEW,SOURCE_RECHECK_REQUIRED,SCHEMA_CHANGE_REQUIRED,[IMPORTED_FROM_OTHER_ATTESTATION] 값의 근거가 해당 attestation(ATT0120) 명제에 없음. 현재 CSV에 근거가 없다는 것이 역사적으로 틀렸다는 뜻은 아니므로 값은 유지하고 원문 재확인(우선순위 MEDIUM). 근거 없는 값을 삭제 없이 유지하려면 field_provenance(SC-05) 필요.,구순,현 값 유지(삭제 제안 없음). 원문 재확인 결과에 따라 근거 표시 또는 값 정렬. 그 전까지 provenance_class를 field_provenance에 기록.,SRQ-016,SC-05;SC-07,YES
RC-203,E-125,FIELD_PROVENANCE,event_field,AT0120.occurrence_lunar_end,occurrence_lunar_end,MEDIUM_REVIEW,SOURCE_RECHECK_REQUIRED,SCHEMA_CHANGE_REQUIRED,[UNSUPPORTED] 값의 근거가 해당 attestation(ATT0120) 명제에 없음. 현재 CSV에 근거가 없다는 것이 역사적으로 틀렸다는 뜻은 아니므로 값은 유지하고 원문 재확인(우선순위 MEDIUM). 근거 없는 값을 삭제 없이 유지하려면 field_provenance(SC-05) 필요.,1793-02-28,현 값 유지(삭제 제안 없음). 원문 재확인 결과에 따라 근거 표시 또는 값 정렬. 그 전까지 provenance_class를 field_provenance에 기록.,SRQ-012,SC-05,YES
RC-204,E-126,FIELD_PROVENANCE,event_field,AT0121.actor,actor,LOW_REVIEW,INTERNAL_FIX,SCHEMA_CHANGE_REQUIRED,ATT0121에서 '병영'은 유제희의 소속일 뿐 행위 주체가 아님. C-015와 같은 판단.,한재욱/병영,actor '한재욱/병영' → '한재욱'. 기존 값은 notes에 '원 값: …'으로 보존(삭제 없음).,,SC-04,YES
RC-205,E-127,FIELD_PROVENANCE,event_field,AT0121.historical_place,historical_place,MEDIUM_REVIEW,SOURCE_RECHECK_REQUIRED,SCHEMA_CHANGE_REQUIRED,[IMPORTED_FROM_OTHER_ATTESTATION] 값의 근거가 해당 attestation(ATT0121) 명제에 없음. 현재 CSV에 근거가 없다는 것이 역사적으로 틀렸다는 뜻은 아니므로 값은 유지하고 원문 재확인(우선순위 MEDIUM). 근거 없는 값을 삭제 없이 유지하려면 field_provenance(SC-05) 필요.,덕평 방면,현 값 유지(삭제 제안 없음). 원문 재확인 결과에 따라 근거 표시 또는 값 정렬. 그 전까지 provenance_class를 field_provenance에 기록.,SRQ-020,SC-05,YES
RC-206,E-128,FIELD_PROVENANCE,event_field,AT0121.occurrence_lunar_end,occurrence_lunar_end,MEDIUM_REVIEW,SOURCE_RECHECK_REQUIRED,SCHEMA_CHANGE_REQUIRED,[UNSUPPORTED] 값의 근거가 해당 attestation(ATT0121) 명제에 없음. 현재 CSV에 근거가 없다는 것이 역사적으로 틀렸다는 뜻은 아니므로 값은 유지하고 원문 재확인(우선순위 MEDIUM). 근거 없는 값을 삭제 없이 유지하려면 field_provenance(SC-05) 필요.,1793-02-28,현 값 유지(삭제 제안 없음). 원문 재확인 결과에 따라 근거 표시 또는 값 정렬. 그 전까지 provenance_class를 field_provenance에 기록.,SRQ-012,SC-05,YES
RC-207,E-129,FIELD_PROVENANCE,event_field,AT0122.target_or_content,target_or_content,HIGH_REVIEW,SOURCE_RECHECK_REQUIRED,SCHEMA_CHANGE_REQUIRED,[UNSUPPORTED] 값의 근거가 해당 attestation(ATT0122) 명제에 없음. 현재 CSV에 근거가 없다는 것이 역사적으로 틀렸다는 뜻은 아니므로 값은 유지하고 원문 재확인(우선순위 HIGH). 근거 없는 값을 삭제 없이 유지하려면 field_provenance(SC-05) 필요.,변지돌·변재돌·정원돌·김명신·김성손·김흥득·김흥길,현 값 유지(삭제 제안 없음). 원문 재확인 결과에 따라 근거 표시 또는 값 정렬. 그 전까지 provenance_class를 field_provenance에 기록.,SRQ-002,SC-05;SC-06,YES
RC-208,E-130,FIELD_PROVENANCE,event_field,AT0122.historical_place,historical_place,MEDIUM_REVIEW,SOURCE_RECHECK_REQUIRED,SCHEMA_CHANGE_REQUIRED,[UNSUPPORTED] 값의 근거가 해당 attestation(ATT0122) 명제에 없음. 현재 CSV에 근거가 없다는 것이 역사적으로 틀렸다는 뜻은 아니므로 값은 유지하고 원문 재확인(우선순위 MEDIUM). 근거 없는 값을 삭제 없이 유지하려면 field_provenance(SC-05) 필요.,병영,현 값 유지(삭제 제안 없음). 원문 재확인 결과에 따라 근거 표시 또는 값 정렬. 그 전까지 provenance_class를 field_provenance에 기록.,SRQ-024,SC-05,YES
RC-209,E-131,FIELD_PROVENANCE,event_field,AT0122.occurrence_lunar_end,occurrence_lunar_end,MEDIUM_REVIEW,SOURCE_RECHECK_REQUIRED,SCHEMA_CHANGE_REQUIRED,[UNSUPPORTED] 값의 근거가 해당 attestation(ATT0122) 명제에 없음. 현재 CSV에 근거가 없다는 것이 역사적으로 틀렸다는 뜻은 아니므로 값은 유지하고 원문 재확인(우선순위 MEDIUM). 근거 없는 값을 삭제 없이 유지하려면 field_provenance(SC-05) 필요.,1793-02-28,현 값 유지(삭제 제안 없음). 원문 재확인 결과에 따라 근거 표시 또는 값 정렬. 그 전까지 provenance_class를 field_provenance에 기록.,SRQ-012,SC-05,YES
RC-210,E-132,FIELD_PROVENANCE,event_field,AT0123.occurrence_lunar_end,occurrence_lunar_end,MEDIUM_REVIEW,SOURCE_RECHECK_REQUIRED,SCHEMA_CHANGE_REQUIRED,[UNSUPPORTED] 값의 근거가 해당 attestation(ATT0123) 명제에 없음. 현재 CSV에 근거가 없다는 것이 역사적으로 틀렸다는 뜻은 아니므로 값은 유지하고 원문 재확인(우선순위 MEDIUM). 근거 없는 값을 삭제 없이 유지하려면 field_provenance(SC-05) 필요.,1793-02-28,현 값 유지(삭제 제안 없음). 원문 재확인 결과에 따라 근거 표시 또는 값 정렬. 그 전까지 provenance_class를 field_provenance에 기록.,SRQ-012,SC-05,YES
RC-211,E-133,FIELD_PROVENANCE,event_field,AT0124.historical_place,historical_place,LOW_REVIEW,SOURCE_RECHECK_REQUIRED,SCHEMA_CHANGE_REQUIRED,[AMBIGUOUS] 값의 근거가 해당 attestation(ATT0124) 명제에 없음. 현재 CSV에 근거가 없다는 것이 역사적으로 틀렸다는 뜻은 아니므로 값은 유지하고 원문 재확인(우선순위 LOW). 근거 없는 값을 삭제 없이 유지하려면 field_provenance(SC-05) 필요. 지침 우선순위 LOW; 같은 원문 질문을 묻는 행과 묶여 큐에서는 MEDIUM.,병영,현 값 유지(삭제 제안 없음). 원문 재확인 결과에 따라 근거 표시 또는 값 정렬. 그 전까지 provenance_class를 field_provenance에 기록.,SRQ-024,SC-05,YES
RC-212,E-134,FIELD_PROVENANCE,event_field,AT0124.occurrence_lunar_end,occurrence_lunar_end,MEDIUM_REVIEW,SOURCE_RECHECK_REQUIRED,SCHEMA_CHANGE_REQUIRED,[UNSUPPORTED] 값의 근거가 해당 attestation(ATT0124) 명제에 없음. 현재 CSV에 근거가 없다는 것이 역사적으로 틀렸다는 뜻은 아니므로 값은 유지하고 원문 재확인(우선순위 MEDIUM). 근거 없는 값을 삭제 없이 유지하려면 field_provenance(SC-05) 필요.,1793-02-28,현 값 유지(삭제 제안 없음). 원문 재확인 결과에 따라 근거 표시 또는 값 정렬. 그 전까지 provenance_class를 field_provenance에 기록.,SRQ-012,SC-05,YES
RC-213,E-135,FIELD_PROVENANCE,event_field,AT0125.historical_place,historical_place,MEDIUM_REVIEW,SOURCE_RECHECK_REQUIRED,SCHEMA_CHANGE_REQUIRED,[IMPORTED_FROM_OTHER_ATTESTATION] 값의 근거가 해당 attestation(ATT0125) 명제에 없음. 현재 CSV에 근거가 없다는 것이 역사적으로 틀렸다는 뜻은 아니므로 값은 유지하고 원문 재확인(우선순위 MEDIUM). 근거 없는 값을 삭제 없이 유지하려면 field_provenance(SC-05) 필요.,비장청,현 값 유지(삭제 제안 없음). 원문 재확인 결과에 따라 근거 표시 또는 값 정렬. 그 전까지 provenance_class를 field_provenance에 기록.,SRQ-021,SC-05,YES
RC-214,E-136,FIELD_PROVENANCE,event_field,AT0125.claim_topic,claim_topic,LOW_REVIEW,SCHEMA_CHANGE_REQUIRED,,COACHING 값은 해당 attestation이 사주를 직접 주장하는 것이 아니라 AT0116/REL0078/REL0079 맥락에서 묶인 것. conflict_group이 '직접 다투어지는 주장'인지 '맥락상 묶음'인지 정의가 없어 행 수준에서 맞는 값을 고를 수 없음.,COACHING,SC-08(conflict_group 의미 구분: direct claim / contextual grouping) 도입 후 COACHING을 해당 의미로 재분류. 그 전까지 현 값 유지.,,SC-08,YES
RC-215,E-137,FIELD_PROVENANCE,event_field,AT0125.conflict_group,conflict_group,LOW_REVIEW,SCHEMA_CHANGE_REQUIRED,,COACHING 값은 해당 attestation이 사주를 직접 주장하는 것이 아니라 AT0116/REL0078/REL0079 맥락에서 묶인 것. conflict_group이 '직접 다투어지는 주장'인지 '맥락상 묶음'인지 정의가 없어 행 수준에서 맞는 값을 고를 수 없음.,COACHING,SC-08(conflict_group 의미 구분: direct claim / contextual grouping) 도입 후 COACHING을 해당 의미로 재분류. 그 전까지 현 값 유지.,,SC-08,YES
RC-216,E-138,FIELD_PROVENANCE,event_field,AT0126.historical_place,historical_place,MEDIUM_REVIEW,SOURCE_RECHECK_REQUIRED,SCHEMA_CHANGE_REQUIRED,[IMPORTED_FROM_OTHER_ATTESTATION] 값의 근거가 해당 attestation(ATT0126) 명제에 없음. 현재 CSV에 근거가 없다는 것이 역사적으로 틀렸다는 뜻은 아니므로 값은 유지하고 원문 재확인(우선순위 MEDIUM). 근거 없는 값을 삭제 없이 유지하려면 field_provenance(SC-05) 필요.,비장청,현 값 유지(삭제 제안 없음). 원문 재확인 결과에 따라 근거 표시 또는 값 정렬. 그 전까지 provenance_class를 field_provenance에 기록.,SRQ-021,SC-05,YES
RC-217,E-139,FIELD_PROVENANCE,event_field,AT0126.claim_topic,claim_topic,LOW_REVIEW,SCHEMA_CHANGE_REQUIRED,,COACHING 값은 해당 attestation이 사주를 직접 주장하는 것이 아니라 AT0116/REL0078/REL0079 맥락에서 묶인 것. conflict_group이 '직접 다투어지는 주장'인지 '맥락상 묶음'인지 정의가 없어 행 수준에서 맞는 값을 고를 수 없음.,COACHING,SC-08(conflict_group 의미 구분: direct claim / contextual grouping) 도입 후 COACHING을 해당 의미로 재분류. 그 전까지 현 값 유지.,,SC-08,YES
RC-218,E-140,FIELD_PROVENANCE,event_field,AT0126.conflict_group,conflict_group,LOW_REVIEW,SCHEMA_CHANGE_REQUIRED,,COACHING 값은 해당 attestation이 사주를 직접 주장하는 것이 아니라 AT0116/REL0078/REL0079 맥락에서 묶인 것. conflict_group이 '직접 다투어지는 주장'인지 '맥락상 묶음'인지 정의가 없어 행 수준에서 맞는 값을 고를 수 없음.,COACHING,SC-08(conflict_group 의미 구분: direct claim / contextual grouping) 도입 후 COACHING을 해당 의미로 재분류. 그 전까지 현 값 유지.,,SC-08,YES
RC-219,E-141,FIELD_PROVENANCE,event_field,AT0127.historical_place,historical_place,MEDIUM_REVIEW,SOURCE_RECHECK_REQUIRED,SCHEMA_CHANGE_REQUIRED,[UNSUPPORTED] 값의 근거가 해당 attestation(ATT0127) 명제에 없음. 현재 CSV에 근거가 없다는 것이 역사적으로 틀렸다는 뜻은 아니므로 값은 유지하고 원문 재확인(우선순위 MEDIUM). 근거 없는 값을 삭제 없이 유지하려면 field_provenance(SC-05) 필요.,비장청,현 값 유지(삭제 제안 없음). 원문 재확인 결과에 따라 근거 표시 또는 값 정렬. 그 전까지 provenance_class를 field_provenance에 기록.,SRQ-021,SC-05,YES
RC-220,E-142,FIELD_PROVENANCE,event_field,AT0128.historical_place,historical_place,MEDIUM_REVIEW,SOURCE_RECHECK_REQUIRED,SCHEMA_CHANGE_REQUIRED,[UNSUPPORTED] 값의 근거가 해당 attestation(ATT0128) 명제에 없음. 현재 CSV에 근거가 없다는 것이 역사적으로 틀렸다는 뜻은 아니므로 값은 유지하고 원문 재확인(우선순위 MEDIUM). 근거 없는 값을 삭제 없이 유지하려면 field_provenance(SC-05) 필요.,비장청,현 값 유지(삭제 제안 없음). 원문 재확인 결과에 따라 근거 표시 또는 값 정렬. 그 전까지 provenance_class를 field_provenance에 기록.,SRQ-021,SC-05,YES
RC-221,E-143,FIELD_PROVENANCE,event_field,AT0129.historical_place,historical_place,MEDIUM_REVIEW,SOURCE_RECHECK_REQUIRED,SCHEMA_CHANGE_REQUIRED,[UNSUPPORTED] 값의 근거가 해당 attestation(ATT0129) 명제에 없음. 현재 CSV에 근거가 없다는 것이 역사적으로 틀렸다는 뜻은 아니므로 값은 유지하고 원문 재확인(우선순위 MEDIUM). 근거 없는 값을 삭제 없이 유지하려면 field_provenance(SC-05) 필요.,비장청,현 값 유지(삭제 제안 없음). 원문 재확인 결과에 따라 근거 표시 또는 값 정렬. 그 전까지 provenance_class를 field_provenance에 기록.,SRQ-021,SC-05,YES
RC-222,E-144,FIELD_PROVENANCE,event_field,AT0130.historical_place,historical_place,MEDIUM_REVIEW,SOURCE_RECHECK_REQUIRED,SCHEMA_CHANGE_REQUIRED,[UNSUPPORTED] 값의 근거가 해당 attestation(ATT0130) 명제에 없음. 현재 CSV에 근거가 없다는 것이 역사적으로 틀렸다는 뜻은 아니므로 값은 유지하고 원문 재확인(우선순위 MEDIUM). 근거 없는 값을 삭제 없이 유지하려면 field_provenance(SC-05) 필요.,비장청,현 값 유지(삭제 제안 없음). 원문 재확인 결과에 따라 근거 표시 또는 값 정렬. 그 전까지 provenance_class를 field_provenance에 기록.,SRQ-021,SC-05,YES
RC-223,E-145,FIELD_PROVENANCE,event_field,AT0131.historical_place,historical_place,MEDIUM_REVIEW,SOURCE_RECHECK_REQUIRED,SCHEMA_CHANGE_REQUIRED,[UNSUPPORTED] 값의 근거가 해당 attestation(ATT0131) 명제에 없음. 현재 CSV에 근거가 없다는 것이 역사적으로 틀렸다는 뜻은 아니므로 값은 유지하고 원문 재확인(우선순위 MEDIUM). 근거 없는 값을 삭제 없이 유지하려면 field_provenance(SC-05) 필요.,비장청,현 값 유지(삭제 제안 없음). 원문 재확인 결과에 따라 근거 표시 또는 값 정렬. 그 전까지 provenance_class를 field_provenance에 기록.,SRQ-021,SC-05,YES
RC-224,E-146,FIELD_PROVENANCE,event_field,AT0133.target_or_content,target_or_content,MEDIUM_REVIEW,SOURCE_RECHECK_REQUIRED,SCHEMA_CHANGE_REQUIRED,[IMPORTED_FROM_OTHER_ATTESTATION] 값의 근거가 해당 attestation(ATT0133) 명제에 없음. 현재 CSV에 근거가 없다는 것이 역사적으로 틀렸다는 뜻은 아니므로 값은 유지하고 원문 재확인(우선순위 MEDIUM). 근거 없는 값을 삭제 없이 유지하려면 field_provenance(SC-05) 필요. DEFAULT_USED: 지침의 Audit E 목록에 없음 → 기본 규칙(IMPORTED_FROM_OTHER_ATTESTATION → SOURCE_RECHECK_REQUIRED MEDIUM) 적용. 같은 원문 질문(유제희 탐문 장소)과 묶음.,덕평 일대,현 값 유지(삭제 제안 없음). 원문 재확인 결과에 따라 근거 표시 또는 값 정렬. 그 전까지 provenance_class를 field_provenance에 기록.,SRQ-020,SC-05,YES
RC-225,E-147,FIELD_PROVENANCE,event_field,AT0133.historical_place,historical_place,MEDIUM_REVIEW,SOURCE_RECHECK_REQUIRED,SCHEMA_CHANGE_REQUIRED,[IMPORTED_FROM_OTHER_ATTESTATION] 값의 근거가 해당 attestation(ATT0133) 명제에 없음. 현재 CSV에 근거가 없다는 것이 역사적으로 틀렸다는 뜻은 아니므로 값은 유지하고 원문 재확인(우선순위 MEDIUM). 근거 없는 값을 삭제 없이 유지하려면 field_provenance(SC-05) 필요.,덕평,현 값 유지(삭제 제안 없음). 원문 재확인 결과에 따라 근거 표시 또는 값 정렬. 그 전까지 provenance_class를 field_provenance에 기록.,SRQ-020,SC-05,YES
RC-226,E-148,FIELD_PROVENANCE,event_field,AT0133.occurrence_lunar_end,occurrence_lunar_end,MEDIUM_REVIEW,SOURCE_RECHECK_REQUIRED,SCHEMA_CHANGE_REQUIRED,[UNSUPPORTED] 값의 근거가 해당 attestation(ATT0133) 명제에 없음. 현재 CSV에 근거가 없다는 것이 역사적으로 틀렸다는 뜻은 아니므로 값은 유지하고 원문 재확인(우선순위 MEDIUM). 근거 없는 값을 삭제 없이 유지하려면 field_provenance(SC-05) 필요.,1793-02-28,현 값 유지(삭제 제안 없음). 원문 재확인 결과에 따라 근거 표시 또는 값 정렬. 그 전까지 provenance_class를 field_provenance에 기록.,SRQ-013,SC-05,YES
RC-227,E-149,FIELD_PROVENANCE,event_field,AT0134.historical_place,historical_place,MEDIUM_REVIEW,SOURCE_RECHECK_REQUIRED,SCHEMA_CHANGE_REQUIRED,[IMPORTED_FROM_OTHER_ATTESTATION] 값의 근거가 해당 attestation(ATT0134) 명제에 없음. 현재 CSV에 근거가 없다는 것이 역사적으로 틀렸다는 뜻은 아니므로 값은 유지하고 원문 재확인(우선순위 MEDIUM). 근거 없는 값을 삭제 없이 유지하려면 field_provenance(SC-05) 필요.,덕평,현 값 유지(삭제 제안 없음). 원문 재확인 결과에 따라 근거 표시 또는 값 정렬. 그 전까지 provenance_class를 field_provenance에 기록.,SRQ-020,SC-05,YES
RC-228,E-150,FIELD_PROVENANCE,event_field,AT0134.occurrence_lunar_end,occurrence_lunar_end,MEDIUM_REVIEW,SOURCE_RECHECK_REQUIRED,SCHEMA_CHANGE_REQUIRED,[UNSUPPORTED] 값의 근거가 해당 attestation(ATT0134) 명제에 없음. 현재 CSV에 근거가 없다는 것이 역사적으로 틀렸다는 뜻은 아니므로 값은 유지하고 원문 재확인(우선순위 MEDIUM). 근거 없는 값을 삭제 없이 유지하려면 field_provenance(SC-05) 필요.,1793-02-28,현 값 유지(삭제 제안 없음). 원문 재확인 결과에 따라 근거 표시 또는 값 정렬. 그 전까지 provenance_class를 field_provenance에 기록.,SRQ-013,SC-05,YES
RC-229,E-151,FIELD_PROVENANCE,event_field,AT0135.historical_place,historical_place,MEDIUM_REVIEW,SOURCE_RECHECK_REQUIRED,SCHEMA_CHANGE_REQUIRED,[UNSUPPORTED] 값의 근거가 해당 attestation(ATT0135) 명제에 없음. 현재 CSV에 근거가 없다는 것이 역사적으로 틀렸다는 뜻은 아니므로 값은 유지하고 원문 재확인(우선순위 MEDIUM). 근거 없는 값을 삭제 없이 유지하려면 field_provenance(SC-05) 필요.,병영,현 값 유지(삭제 제안 없음). 원문 재확인 결과에 따라 근거 표시 또는 값 정렬. 그 전까지 provenance_class를 field_provenance에 기록.,SRQ-024,SC-05,YES
RC-230,E-152,FIELD_PROVENANCE,event_field,AT0135.occurrence_lunar_end,occurrence_lunar_end,MEDIUM_REVIEW,SOURCE_RECHECK_REQUIRED,SCHEMA_CHANGE_REQUIRED,[UNSUPPORTED] 값의 근거가 해당 attestation(ATT0135) 명제에 없음. 현재 CSV에 근거가 없다는 것이 역사적으로 틀렸다는 뜻은 아니므로 값은 유지하고 원문 재확인(우선순위 MEDIUM). 근거 없는 값을 삭제 없이 유지하려면 field_provenance(SC-05) 필요.,1793-02-28,현 값 유지(삭제 제안 없음). 원문 재확인 결과에 따라 근거 표시 또는 값 정렬. 그 전까지 provenance_class를 field_provenance에 기록.,SRQ-013,SC-05,YES
RC-231,E-153,FIELD_PROVENANCE,event_field,AT0136.historical_place,historical_place,MEDIUM_REVIEW,SOURCE_RECHECK_REQUIRED,SCHEMA_CHANGE_REQUIRED,[IMPORTED_FROM_OTHER_ATTESTATION] 값의 근거가 해당 attestation(ATT0136) 명제에 없음. 현재 CSV에 근거가 없다는 것이 역사적으로 틀렸다는 뜻은 아니므로 값은 유지하고 원문 재확인(우선순위 MEDIUM). 근거 없는 값을 삭제 없이 유지하려면 field_provenance(SC-05) 필요.,병영,현 값 유지(삭제 제안 없음). 원문 재확인 결과에 따라 근거 표시 또는 값 정렬. 그 전까지 provenance_class를 field_provenance에 기록.,SRQ-024,SC-05,YES
RC-232,E-154,FIELD_PROVENANCE,event_field,AT0136.occurrence_lunar_end,occurrence_lunar_end,MEDIUM_REVIEW,SOURCE_RECHECK_REQUIRED,SCHEMA_CHANGE_REQUIRED,[UNSUPPORTED] 값의 근거가 해당 attestation(ATT0136) 명제에 없음. 현재 CSV에 근거가 없다는 것이 역사적으로 틀렸다는 뜻은 아니므로 값은 유지하고 원문 재확인(우선순위 MEDIUM). 근거 없는 값을 삭제 없이 유지하려면 field_provenance(SC-05) 필요.,1793-02-28,현 값 유지(삭제 제안 없음). 원문 재확인 결과에 따라 근거 표시 또는 값 정렬. 그 전까지 provenance_class를 field_provenance에 기록.,SRQ-013,SC-05,YES
RC-233,E-155,FIELD_PROVENANCE,event_field,AT0137.historical_place,historical_place,MEDIUM_REVIEW,SOURCE_RECHECK_REQUIRED,SCHEMA_CHANGE_REQUIRED,[UNSUPPORTED] 값의 근거가 해당 attestation(ATT0137) 명제에 없음. 현재 CSV에 근거가 없다는 것이 역사적으로 틀렸다는 뜻은 아니므로 값은 유지하고 원문 재확인(우선순위 MEDIUM). 근거 없는 값을 삭제 없이 유지하려면 field_provenance(SC-05) 필요.,호서 이동 중,현 값 유지(삭제 제안 없음). 원문 재확인 결과에 따라 근거 표시 또는 값 정렬. 그 전까지 provenance_class를 field_provenance에 기록.,SRQ-025,SC-05,YES
RC-234,E-156,FIELD_PROVENANCE,event_field,AT0138.historical_place,historical_place,MEDIUM_REVIEW,SOURCE_RECHECK_REQUIRED,SCHEMA_CHANGE_REQUIRED,[UNSUPPORTED] 값의 근거가 해당 attestation(ATT0138) 명제에 없음. 현재 CSV에 근거가 없다는 것이 역사적으로 틀렸다는 뜻은 아니므로 값은 유지하고 원문 재확인(우선순위 MEDIUM). 근거 없는 값을 삭제 없이 유지하려면 field_provenance(SC-05) 필요.,호서,현 값 유지(삭제 제안 없음). 원문 재확인 결과에 따라 근거 표시 또는 값 정렬. 그 전까지 provenance_class를 field_provenance에 기록.,SRQ-025,SC-05,YES
RC-235,E-157,FIELD_PROVENANCE,event_field,AT0140.historical_place,historical_place,LOW_REVIEW,SOURCE_RECHECK_REQUIRED,SCHEMA_CHANGE_REQUIRED,[AMBIGUOUS] 값의 근거가 해당 attestation(ATT0140) 명제에 없음. 현재 CSV에 근거가 없다는 것이 역사적으로 틀렸다는 뜻은 아니므로 값은 유지하고 원문 재확인(우선순위 LOW). 근거 없는 값을 삭제 없이 유지하려면 field_provenance(SC-05) 필요.,공주목,현 값 유지(삭제 제안 없음). 원문 재확인 결과에 따라 근거 표시 또는 값 정렬. 그 전까지 provenance_class를 field_provenance에 기록.,SRQ-043,SC-05,YES
RC-236,E-158,FIELD_PROVENANCE,event_field,AT0141.historical_place,historical_place,LOW_REVIEW,SOURCE_RECHECK_REQUIRED,SCHEMA_CHANGE_REQUIRED,[AMBIGUOUS] 값의 근거가 해당 attestation(ATT0141) 명제에 없음. 현재 CSV에 근거가 없다는 것이 역사적으로 틀렸다는 뜻은 아니므로 값은 유지하고 원문 재확인(우선순위 LOW). 근거 없는 값을 삭제 없이 유지하려면 field_provenance(SC-05) 필요.,공주목,현 값 유지(삭제 제안 없음). 원문 재확인 결과에 따라 근거 표시 또는 값 정렬. 그 전까지 provenance_class를 field_provenance에 기록.,SRQ-043,SC-05,YES
RC-237,E-159,FIELD_PROVENANCE,event_field,AT0142.historical_place,historical_place,LOW_REVIEW,SOURCE_RECHECK_REQUIRED,SCHEMA_CHANGE_REQUIRED,[AMBIGUOUS] 값의 근거가 해당 attestation(ATT0142) 명제에 없음. 현재 CSV에 근거가 없다는 것이 역사적으로 틀렸다는 뜻은 아니므로 값은 유지하고 원문 재확인(우선순위 LOW). 근거 없는 값을 삭제 없이 유지하려면 field_provenance(SC-05) 필요.,공주목,현 값 유지(삭제 제안 없음). 원문 재확인 결과에 따라 근거 표시 또는 값 정렬. 그 전까지 provenance_class를 field_provenance에 기록.,SRQ-043,SC-05,YES
RC-238,E-160,FIELD_PROVENANCE,event_field,AT0143.historical_place,historical_place,LOW_REVIEW,SOURCE_RECHECK_REQUIRED,SCHEMA_CHANGE_REQUIRED,[AMBIGUOUS] 값의 근거가 해당 attestation(ATT0143) 명제에 없음. 현재 CSV에 근거가 없다는 것이 역사적으로 틀렸다는 뜻은 아니므로 값은 유지하고 원문 재확인(우선순위 LOW). 근거 없는 값을 삭제 없이 유지하려면 field_provenance(SC-05) 필요.,공주목,현 값 유지(삭제 제안 없음). 원문 재확인 결과에 따라 근거 표시 또는 값 정렬. 그 전까지 provenance_class를 field_provenance에 기록.,SRQ-043,SC-05,YES
RC-239,E-161,FIELD_PROVENANCE,event_field,AT0144.historical_place,historical_place,MEDIUM_REVIEW,SOURCE_RECHECK_REQUIRED,SCHEMA_CHANGE_REQUIRED,[UNSUPPORTED] 값의 근거가 해당 attestation(ATT0144) 명제에 없음. 현재 CSV에 근거가 없다는 것이 역사적으로 틀렸다는 뜻은 아니므로 값은 유지하고 원문 재확인(우선순위 MEDIUM). 근거 없는 값을 삭제 없이 유지하려면 field_provenance(SC-05) 필요.,호서,현 값 유지(삭제 제안 없음). 원문 재확인 결과에 따라 근거 표시 또는 값 정렬. 그 전까지 provenance_class를 field_provenance에 기록.,SRQ-025,SC-05,YES
RC-240,E-162,FIELD_PROVENANCE,event_field,AT0145.historical_place,historical_place,MEDIUM_REVIEW,SOURCE_RECHECK_REQUIRED,SCHEMA_CHANGE_REQUIRED,[UNSUPPORTED] 값의 근거가 해당 attestation(ATT0145) 명제에 없음. 현재 CSV에 근거가 없다는 것이 역사적으로 틀렸다는 뜻은 아니므로 값은 유지하고 원문 재확인(우선순위 MEDIUM). 근거 없는 값을 삭제 없이 유지하려면 field_provenance(SC-05) 필요.,호서,현 값 유지(삭제 제안 없음). 원문 재확인 결과에 따라 근거 표시 또는 값 정렬. 그 전까지 provenance_class를 field_provenance에 기록.,SRQ-025,SC-05,YES
RC-241,E-163,FIELD_PROVENANCE,event_field,AT0149.target_or_content,target_or_content,LOW_REVIEW,SOURCE_RECHECK_REQUIRED,SCHEMA_CHANGE_REQUIRED,[AMBIGUOUS] 값의 근거가 해당 attestation(ATT0149) 명제에 없음. 현재 CSV에 근거가 없다는 것이 역사적으로 틀렸다는 뜻은 아니므로 값은 유지하고 원문 재확인(우선순위 MEDIUM). 근거 없는 값을 삭제 없이 유지하려면 field_provenance(SC-05) 필요.,도난 여부·김명신 사망원인·지세 호칭 날조 여부를 세 의안으로 분리,현 값 유지(삭제 제안 없음). 원문 재확인 결과에 따라 근거 표시 또는 값 정렬. 그 전까지 provenance_class를 field_provenance에 기록.,SRQ-026,SC-05,YES
RC-242,E-164,FIELD_PROVENANCE,event_field,AT0149.historical_place,historical_place,LOW_REVIEW,SOURCE_RECHECK_REQUIRED,SCHEMA_CHANGE_REQUIRED,[UNSUPPORTED] 값의 근거가 해당 attestation(ATT0149) 명제에 없음. 현재 CSV에 근거가 없다는 것이 역사적으로 틀렸다는 뜻은 아니므로 값은 유지하고 원문 재확인(우선순위 LOW). 근거 없는 값을 삭제 없이 유지하려면 field_provenance(SC-05) 필요.,한양,현 값 유지(삭제 제안 없음). 원문 재확인 결과에 따라 근거 표시 또는 값 정렬. 그 전까지 provenance_class를 field_provenance에 기록.,SRQ-038,SC-05,YES
RC-243,E-165,FIELD_PROVENANCE,event_field,AT0150.historical_place,historical_place,LOW_REVIEW,SOURCE_RECHECK_REQUIRED,SCHEMA_CHANGE_REQUIRED,[UNSUPPORTED] 값의 근거가 해당 attestation(ATT0150) 명제에 없음. 현재 CSV에 근거가 없다는 것이 역사적으로 틀렸다는 뜻은 아니므로 값은 유지하고 원문 재확인(우선순위 LOW). 근거 없는 값을 삭제 없이 유지하려면 field_provenance(SC-05) 필요.,한양,현 값 유지(삭제 제안 없음). 원문 재확인 결과에 따라 근거 표시 또는 값 정렬. 그 전까지 provenance_class를 field_provenance에 기록.,SRQ-038,SC-05,YES
RC-244,E-166,FIELD_PROVENANCE,event_field,AT0151.historical_place,historical_place,LOW_REVIEW,SOURCE_RECHECK_REQUIRED,SCHEMA_CHANGE_REQUIRED,[UNSUPPORTED] 값의 근거가 해당 attestation(ATT0151) 명제에 없음. 현재 CSV에 근거가 없다는 것이 역사적으로 틀렸다는 뜻은 아니므로 값은 유지하고 원문 재확인(우선순위 LOW). 근거 없는 값을 삭제 없이 유지하려면 field_provenance(SC-05) 필요.,한양,현 값 유지(삭제 제안 없음). 원문 재확인 결과에 따라 근거 표시 또는 값 정렬. 그 전까지 provenance_class를 field_provenance에 기록.,SRQ-038,SC-05,YES
RC-245,E-167,FIELD_PROVENANCE,event_field,AT0152.historical_place,historical_place,LOW_REVIEW,SOURCE_RECHECK_REQUIRED,SCHEMA_CHANGE_REQUIRED,[UNSUPPORTED] 값의 근거가 해당 attestation(ATT0152) 명제에 없음. 현재 CSV에 근거가 없다는 것이 역사적으로 틀렸다는 뜻은 아니므로 값은 유지하고 원문 재확인(우선순위 LOW). 근거 없는 값을 삭제 없이 유지하려면 field_provenance(SC-05) 필요.,한양,현 값 유지(삭제 제안 없음). 원문 재확인 결과에 따라 근거 표시 또는 값 정렬. 그 전까지 provenance_class를 field_provenance에 기록.,SRQ-038,SC-05,YES
RC-246,E-168,FIELD_PROVENANCE,event_field,AT0153.historical_place,historical_place,LOW_REVIEW,SOURCE_RECHECK_REQUIRED,SCHEMA_CHANGE_REQUIRED,[UNSUPPORTED] 값의 근거가 해당 attestation(ATT0153) 명제에 없음. 현재 CSV에 근거가 없다는 것이 역사적으로 틀렸다는 뜻은 아니므로 값은 유지하고 원문 재확인(우선순위 LOW). 근거 없는 값을 삭제 없이 유지하려면 field_provenance(SC-05) 필요.,한양,현 값 유지(삭제 제안 없음). 원문 재확인 결과에 따라 근거 표시 또는 값 정렬. 그 전까지 provenance_class를 field_provenance에 기록.,SRQ-038,SC-05,YES
RC-247,E-169,FIELD_PROVENANCE,event_field,AT0154.target_or_content,target_or_content,LOW_REVIEW,INTERNAL_FIX,,ATT0154의 대상 '김명신 부처의 죽음'이 target에서 빠짐. 명제에서 주어 복원 가능.,구순 때문에 직접 죽었다고 단정하기는 어렵다고 판단,target_or_content → '김명신 부처의 죽음을 구순 때문에 직접 발생한 것으로 단정하기 어렵다고 판단'(B-020 분할 승인 시 인물별 문구 사용). 기존 값은 notes에 '원 값: …'으로 보존(삭제 없음).,,,YES
RC-248,E-170,FIELD_PROVENANCE,event_field,AT0154.historical_place,historical_place,LOW_REVIEW,SOURCE_RECHECK_REQUIRED,SCHEMA_CHANGE_REQUIRED,[UNSUPPORTED] 값의 근거가 해당 attestation(ATT0154) 명제에 없음. 현재 CSV에 근거가 없다는 것이 역사적으로 틀렸다는 뜻은 아니므로 값은 유지하고 원문 재확인(우선순위 LOW). 근거 없는 값을 삭제 없이 유지하려면 field_provenance(SC-05) 필요.,한양,현 값 유지(삭제 제안 없음). 원문 재확인 결과에 따라 근거 표시 또는 값 정렬. 그 전까지 provenance_class를 field_provenance에 기록.,SRQ-038,SC-05,YES
RC-249,E-171,FIELD_PROVENANCE,event_field,AT0155.historical_place,historical_place,LOW_REVIEW,SOURCE_RECHECK_REQUIRED,SCHEMA_CHANGE_REQUIRED,[UNSUPPORTED] 값의 근거가 해당 attestation(ATT0155) 명제에 없음. 현재 CSV에 근거가 없다는 것이 역사적으로 틀렸다는 뜻은 아니므로 값은 유지하고 원문 재확인(우선순위 LOW). 근거 없는 값을 삭제 없이 유지하려면 field_provenance(SC-05) 필요.,한양,현 값 유지(삭제 제안 없음). 원문 재확인 결과에 따라 근거 표시 또는 값 정렬. 그 전까지 provenance_class를 field_provenance에 기록.,SRQ-038,SC-05,YES
RC-250,E-172,FIELD_PROVENANCE,event_field,AT0156.historical_place,historical_place,LOW_REVIEW,SOURCE_RECHECK_REQUIRED,SCHEMA_CHANGE_REQUIRED,[UNSUPPORTED] 값의 근거가 해당 attestation(ATT0156) 명제에 없음. 현재 CSV에 근거가 없다는 것이 역사적으로 틀렸다는 뜻은 아니므로 값은 유지하고 원문 재확인(우선순위 LOW). 근거 없는 값을 삭제 없이 유지하려면 field_provenance(SC-05) 필요.,한양,현 값 유지(삭제 제안 없음). 원문 재확인 결과에 따라 근거 표시 또는 값 정렬. 그 전까지 provenance_class를 field_provenance에 기록.,SRQ-038,SC-05,YES
RC-251,E-173,FIELD_PROVENANCE,event_field,AT0157.historical_place,historical_place,LOW_REVIEW,SOURCE_RECHECK_REQUIRED,SCHEMA_CHANGE_REQUIRED,[UNSUPPORTED] 값의 근거가 해당 attestation(ATT0157) 명제에 없음. 현재 CSV에 근거가 없다는 것이 역사적으로 틀렸다는 뜻은 아니므로 값은 유지하고 원문 재확인(우선순위 LOW). 근거 없는 값을 삭제 없이 유지하려면 field_provenance(SC-05) 필요.,한양,현 값 유지(삭제 제안 없음). 원문 재확인 결과에 따라 근거 표시 또는 값 정렬. 그 전까지 provenance_class를 field_provenance에 기록.,SRQ-038,SC-05,YES
RC-252,E-174,FIELD_PROVENANCE,event_field,AT0158.historical_place,historical_place,LOW_REVIEW,SOURCE_RECHECK_REQUIRED,SCHEMA_CHANGE_REQUIRED,[UNSUPPORTED] 값의 근거가 해당 attestation(ATT0158) 명제에 없음. 현재 CSV에 근거가 없다는 것이 역사적으로 틀렸다는 뜻은 아니므로 값은 유지하고 원문 재확인(우선순위 LOW). 근거 없는 값을 삭제 없이 유지하려면 field_provenance(SC-05) 필요.,한양,현 값 유지(삭제 제안 없음). 원문 재확인 결과에 따라 근거 표시 또는 값 정렬. 그 전까지 provenance_class를 field_provenance에 기록.,SRQ-038,SC-05,YES
RC-253,E-175,FIELD_PROVENANCE,event_field,AT0159.historical_place,historical_place,LOW_REVIEW,SOURCE_RECHECK_REQUIRED,SCHEMA_CHANGE_REQUIRED,[UNSUPPORTED] 값의 근거가 해당 attestation(ATT0159) 명제에 없음. 현재 CSV에 근거가 없다는 것이 역사적으로 틀렸다는 뜻은 아니므로 값은 유지하고 원문 재확인(우선순위 LOW). 근거 없는 값을 삭제 없이 유지하려면 field_provenance(SC-05) 필요.,한양,현 값 유지(삭제 제안 없음). 원문 재확인 결과에 따라 근거 표시 또는 값 정렬. 그 전까지 provenance_class를 field_provenance에 기록.,SRQ-038,SC-05,YES
RC-254,E-176,FIELD_PROVENANCE,event_field,AT0160.historical_place,historical_place,LOW_REVIEW,SOURCE_RECHECK_REQUIRED,SCHEMA_CHANGE_REQUIRED,[UNSUPPORTED] 값의 근거가 해당 attestation(ATT0160) 명제에 없음. 현재 CSV에 근거가 없다는 것이 역사적으로 틀렸다는 뜻은 아니므로 값은 유지하고 원문 재확인(우선순위 LOW). 근거 없는 값을 삭제 없이 유지하려면 field_provenance(SC-05) 필요.,한양,현 값 유지(삭제 제안 없음). 원문 재확인 결과에 따라 근거 표시 또는 값 정렬. 그 전까지 provenance_class를 field_provenance에 기록.,SRQ-038,SC-05,YES
RC-255,E-177,FIELD_PROVENANCE,event_field,AT0162.historical_place,historical_place,LOW_REVIEW,SOURCE_RECHECK_REQUIRED,SCHEMA_CHANGE_REQUIRED,[UNSUPPORTED] 값의 근거가 해당 attestation(ATT0162) 명제에 없음. 현재 CSV에 근거가 없다는 것이 역사적으로 틀렸다는 뜻은 아니므로 값은 유지하고 원문 재확인(우선순위 LOW). 근거 없는 값을 삭제 없이 유지하려면 field_provenance(SC-05) 필요.,한양,현 값 유지(삭제 제안 없음). 원문 재확인 결과에 따라 근거 표시 또는 값 정렬. 그 전까지 provenance_class를 field_provenance에 기록.,SRQ-038,SC-05,YES
RC-256,E-178,FIELD_PROVENANCE,event_field,AT0163.historical_place,historical_place,LOW_REVIEW,SOURCE_RECHECK_REQUIRED,SCHEMA_CHANGE_REQUIRED,[UNSUPPORTED] 값의 근거가 해당 attestation(ATT0163) 명제에 없음. 현재 CSV에 근거가 없다는 것이 역사적으로 틀렸다는 뜻은 아니므로 값은 유지하고 원문 재확인(우선순위 LOW). 근거 없는 값을 삭제 없이 유지하려면 field_provenance(SC-05) 필요.,한양,현 값 유지(삭제 제안 없음). 원문 재확인 결과에 따라 근거 표시 또는 값 정렬. 그 전까지 provenance_class를 field_provenance에 기록.,SRQ-038,SC-05,YES
RC-257,E-179,FIELD_PROVENANCE,event_field,AT0164.historical_place,historical_place,LOW_REVIEW,SOURCE_RECHECK_REQUIRED,SCHEMA_CHANGE_REQUIRED,[UNSUPPORTED] 값의 근거가 해당 attestation(ATT0164) 명제에 없음. 현재 CSV에 근거가 없다는 것이 역사적으로 틀렸다는 뜻은 아니므로 값은 유지하고 원문 재확인(우선순위 LOW). 근거 없는 값을 삭제 없이 유지하려면 field_provenance(SC-05) 필요.,한양,현 값 유지(삭제 제안 없음). 원문 재확인 결과에 따라 근거 표시 또는 값 정렬. 그 전까지 provenance_class를 field_provenance에 기록.,SRQ-038,SC-05,YES
RC-258,E-180,FIELD_PROVENANCE,event_field,AT0165.historical_place,historical_place,LOW_REVIEW,SOURCE_RECHECK_REQUIRED,SCHEMA_CHANGE_REQUIRED,[UNSUPPORTED] 값의 근거가 해당 attestation(ATT0165) 명제에 없음. 현재 CSV에 근거가 없다는 것이 역사적으로 틀렸다는 뜻은 아니므로 값은 유지하고 원문 재확인(우선순위 LOW). 근거 없는 값을 삭제 없이 유지하려면 field_provenance(SC-05) 필요.,한양,현 값 유지(삭제 제안 없음). 원문 재확인 결과에 따라 근거 표시 또는 값 정렬. 그 전까지 provenance_class를 field_provenance에 기록.,SRQ-038,SC-05,YES
RC-259,E-181,FIELD_PROVENANCE,event_field,AT0166.historical_place,historical_place,LOW_REVIEW,SOURCE_RECHECK_REQUIRED,SCHEMA_CHANGE_REQUIRED,[UNSUPPORTED] 값의 근거가 해당 attestation(ATT0166) 명제에 없음. 현재 CSV에 근거가 없다는 것이 역사적으로 틀렸다는 뜻은 아니므로 값은 유지하고 원문 재확인(우선순위 LOW). 근거 없는 값을 삭제 없이 유지하려면 field_provenance(SC-05) 필요.,한양,현 값 유지(삭제 제안 없음). 원문 재확인 결과에 따라 근거 표시 또는 값 정렬. 그 전까지 provenance_class를 field_provenance에 기록.,SRQ-038,SC-05,YES
RC-260,E-182,FIELD_PROVENANCE,event_field,AT0167.historical_place,historical_place,LOW_REVIEW,SOURCE_RECHECK_REQUIRED,SCHEMA_CHANGE_REQUIRED,[UNSUPPORTED] 값의 근거가 해당 attestation(ATT0167) 명제에 없음. 현재 CSV에 근거가 없다는 것이 역사적으로 틀렸다는 뜻은 아니므로 값은 유지하고 원문 재확인(우선순위 LOW). 근거 없는 값을 삭제 없이 유지하려면 field_provenance(SC-05) 필요.,한양,현 값 유지(삭제 제안 없음). 원문 재확인 결과에 따라 근거 표시 또는 값 정렬. 그 전까지 provenance_class를 field_provenance에 기록.,SRQ-038,SC-05,YES
RC-261,E-183,FIELD_PROVENANCE,event_field,AT0170.historical_place,historical_place,LOW_REVIEW,SCHEMA_CHANGE_REQUIRED,,'원도'는 '먼 섬'의 범주어이며 목적지 의미. 장소 역할 구분 필드가 없어 행 수준 수정 불가.,원도,"SC-09 도입 후 place_role=DESTINATION, 값 성격=범주어(지명 아님)로 기록. 그 전까지 현 값 유지.",,SC-09,YES
RC-262,E-184,FIELD_PROVENANCE,event_field,AT0171.target_or_content,target_or_content,LOW_REVIEW,SOURCE_RECHECK_REQUIRED,SCHEMA_CHANGE_REQUIRED,[AMBIGUOUS] 값의 근거가 해당 attestation(ATT0171) 명제에 없음. 현재 CSV에 근거가 없다는 것이 역사적으로 틀렸다는 뜻은 아니므로 값은 유지하고 원문 재확인(우선순위 MEDIUM). 근거 없는 값을 삭제 없이 유지하려면 field_provenance(SC-05) 필요.,이형원의 장계와 홍대협의 안핵이 크게 달랐다고 판단,현 값 유지(삭제 제안 없음). 원문 재확인 결과에 따라 근거 표시 또는 값 정렬. 그 전까지 provenance_class를 field_provenance에 기록.,SRQ-027,SC-05,YES
RC-263,E-185,FIELD_PROVENANCE,event_field,AT0171.historical_place,historical_place,LOW_REVIEW,SOURCE_RECHECK_REQUIRED,SCHEMA_CHANGE_REQUIRED,[UNSUPPORTED] 값의 근거가 해당 attestation(ATT0171) 명제에 없음. 현재 CSV에 근거가 없다는 것이 역사적으로 틀렸다는 뜻은 아니므로 값은 유지하고 원문 재확인(우선순위 LOW). 근거 없는 값을 삭제 없이 유지하려면 field_provenance(SC-05) 필요.,한양,현 값 유지(삭제 제안 없음). 원문 재확인 결과에 따라 근거 표시 또는 값 정렬. 그 전까지 provenance_class를 field_provenance에 기록.,SRQ-038,SC-05,YES
RC-264,E-186,FIELD_PROVENANCE,event_field,AT0172.historical_place,historical_place,LOW_REVIEW,SOURCE_RECHECK_REQUIRED,SCHEMA_CHANGE_REQUIRED,[UNSUPPORTED] 값의 근거가 해당 attestation(ATT0172) 명제에 없음. 현재 CSV에 근거가 없다는 것이 역사적으로 틀렸다는 뜻은 아니므로 값은 유지하고 원문 재확인(우선순위 LOW). 근거 없는 값을 삭제 없이 유지하려면 field_provenance(SC-05) 필요.,한양,현 값 유지(삭제 제안 없음). 원문 재확인 결과에 따라 근거 표시 또는 값 정렬. 그 전까지 provenance_class를 field_provenance에 기록.,SRQ-038,SC-05,YES
RC-265,F-001,RELATION_MEANING_OVERREACH,relation,REL0003,relation_type;basis_or_rationale,LOW_REVIEW,SOURCE_RECHECK_REQUIRED,SCHEMA_CHANGE_REQUIRED,선후 근거가 진술 서술 순서뿐(명시적 순서 표지 없음). 원문에 순서 표지가 있는지는 원문에서만 확인 가능(LOW). 순서 근거 유형을 표현할 필드가 필요(SC-07 order_basis).,BEFORE | 나복이 찾아와 부른 뒤 도적이 들었다고 알림,"현 relation·basis 유지(삭제·병합 없음). 원문에 순서 표지가 있으면 order_basis=EXPLICIT_MARKER, 없으면 NARRATIVE_ORDER로 기록(SC-07).",SRQ-054,SC-07,YES
RC-266,F-002,RELATION_MEANING_OVERREACH,relation,REL0007,relation_type;basis_or_rationale,LOW_REVIEW,SOURCE_RECHECK_REQUIRED,SCHEMA_CHANGE_REQUIRED,선후 근거가 진술 서술 순서뿐(명시적 순서 표지 없음). 원문에 순서 표지가 있는지는 원문에서만 확인 가능(LOW). 순서 근거 유형을 표현할 필드가 필요(SC-07 order_basis).,BEFORE | 장교 도착 뒤 구순이 장교 한 명을 불러들임,"현 relation·basis 유지(삭제·병합 없음). 원문에 순서 표지가 있으면 order_basis=EXPLICIT_MARKER, 없으면 NARRATIVE_ORDER로 기록(SC-07).",SRQ-055,SC-07,YES
RC-267,F-003,RELATION_MEANING_OVERREACH,relation,REL0008,relation_type;basis_or_rationale,LOW_REVIEW,SOURCE_RECHECK_REQUIRED,SCHEMA_CHANGE_REQUIRED,선후 근거가 진술 서술 순서뿐(명시적 순서 표지 없음). 원문에 순서 표지가 있는지는 원문에서만 확인 가능(LOW). 순서 근거 유형을 표현할 필드가 필요(SC-07 order_basis).,BEFORE | 안행랑으로 부른 뒤 조용히 대화,"현 relation·basis 유지(삭제·병합 없음). 원문에 순서 표지가 있으면 order_basis=EXPLICIT_MARKER, 없으면 NARRATIVE_ORDER로 기록(SC-07).",SRQ-056,SC-07,YES
RC-268,F-004,RELATION_MEANING_OVERREACH,relation,REL0010,relation_type;basis_or_rationale,MEDIUM_REVIEW,SOURCE_RECHECK_REQUIRED,INTERNAL_FIX,유제희 탐문이 한재욱 파견의 집행인지는 ATT0133에 없음. 원문 확인 필요(MEDIUM). 확인 전 임시 hedged basis 제안(보조 INTERNAL).,EXECUTION_OF_ORDER | 유제희가 실제 현지 탐문을 수행,"현 relation·basis 유지(삭제·병합 없음). 원문 재확인 전 임시안(보조 INTERNAL): basis_or_rationale '유제희가 실제 현지 탐문을 수행' → '한재욱은 도적의 진상을 탐지하려고 병영 아전 유제희를 내보냈다고 진술하고, 유제희는 당초 현지에 가서 탐문했다고 진술(파견의 집행인지는 미확인; 같은 쌍의 REL0074는 후보 연결)'. 원문 확인 후 확정 문구로 교체. 기존 basis는 note에 보존.",SRQ-028,,YES
RC-269,F-005,RELATION_MEANING_OVERREACH,relation,REL0014,relation_type;basis_or_rationale,LOW_REVIEW,SOURCE_RECHECK_REQUIRED,SCHEMA_CHANGE_REQUIRED,선후 근거가 진술 서술 순서뿐(명시적 순서 표지 없음). 원문에 순서 표지가 있는지는 원문에서만 확인 가능(LOW). 순서 근거 유형을 표현할 필드가 필요(SC-07 order_basis).,BEFORE | 병영 호출 뒤 한재욱이 방 안으로 부름,"현 relation·basis 유지(삭제·병합 없음). 원문에 순서 표지가 있으면 order_basis=EXPLICIT_MARKER, 없으면 NARRATIVE_ORDER로 기록(SC-07).",SRQ-057,SC-07,YES
RC-270,F-006,RELATION_MEANING_OVERREACH,relation,REL0015,relation_type;basis_or_rationale,LOW_REVIEW,SOURCE_RECHECK_REQUIRED,SCHEMA_CHANGE_REQUIRED,선후 근거가 진술 서술 순서뿐(명시적 순서 표지 없음). 원문에 순서 표지가 있는지는 원문에서만 확인 가능(LOW). 순서 근거 유형을 표현할 필드가 필요(SC-07 order_basis).,BEFORE | 방 안 호출 뒤 출동/체포 지시,"현 relation·basis 유지(삭제·병합 없음). 원문에 순서 표지가 있으면 order_basis=EXPLICIT_MARKER, 없으면 NARRATIVE_ORDER로 기록(SC-07).",SRQ-058,SC-07,YES
RC-271,F-007,RELATION_MEANING_OVERREACH,relation,REL0016,relation_type;basis_or_rationale,LOW_REVIEW,SOURCE_RECHECK_REQUIRED,SCHEMA_CHANGE_REQUIRED,선후 근거가 진술 서술 순서뿐(명시적 순서 표지 없음). 원문에 순서 표지가 있는지는 원문에서만 확인 가능(LOW). 순서 근거 유형을 표현할 필드가 필요(SC-07 order_basis).,BEFORE | 방 안 호출 뒤 출동/체포 지시,"현 relation·basis 유지(삭제·병합 없음). 원문에 순서 표지가 있으면 order_basis=EXPLICIT_MARKER, 없으면 NARRATIVE_ORDER로 기록(SC-07).",SRQ-059,SC-07,YES
RC-272,F-008,RELATION_MEANING_OVERREACH,relation,REL0017,relation_type;basis_or_rationale,LOW_REVIEW,SOURCE_RECHECK_REQUIRED,SCHEMA_CHANGE_REQUIRED,선후 근거가 진술 서술 순서뿐(명시적 순서 표지 없음). 원문에 순서 표지가 있는지는 원문에서만 확인 가능(LOW). 순서 근거 유형을 표현할 필드가 필요(SC-07 order_basis).,BEFORE | 방 안 호출 뒤 출동/체포 지시,"현 relation·basis 유지(삭제·병합 없음). 원문에 순서 표지가 있으면 order_basis=EXPLICIT_MARKER, 없으면 NARRATIVE_ORDER로 기록(SC-07).",SRQ-060,SC-07,YES
RC-273,F-009,RELATION_MEANING_OVERREACH,relation,REL0018,relation_type;basis_or_rationale,LOW_REVIEW,SOURCE_RECHECK_REQUIRED,SCHEMA_CHANGE_REQUIRED,선후 근거가 진술 서술 순서뿐(명시적 순서 표지 없음). 원문에 순서 표지가 있는지는 원문에서만 확인 가능(LOW). 순서 근거 유형을 표현할 필드가 필요(SC-07 order_basis).,BEFORE | 체포작전 지시 후 철편 준비,"현 relation·basis 유지(삭제·병합 없음). 원문에 순서 표지가 있으면 order_basis=EXPLICIT_MARKER, 없으면 NARRATIVE_ORDER로 기록(SC-07).",SRQ-061,SC-07,YES
RC-274,F-010,RELATION_MEANING_OVERREACH,relation,REL0020,basis_or_rationale,MEDIUM_REVIEW,INTERNAL_FIX,,basis '철편 준비 사이'는 두 명제 어디에도 없고 '사이'(겹침)는 relation_type BEFORE와 맞지 않음. 해당 구절을 빼면 basis/type 불일치 해소.,BEFORE | 철편 준비 사이 날이 밝아 새벽 대기,"basis_or_rationale '철편 준비 사이 날이 밝아 새벽 대기' → '이진욱은 체포 작전을 위해 철편 네 개가 제공됐다고 진술하고, 날이 밝아 새벽을 기다렸다고 진술(진술 서술 순서)'. relation 유지(삭제·병합 없음), 새 단어·사실 추가 없음. 기존 basis는 note에 보존. relation_type BEFORE 유지(겹침 표현 제거로 type과 basis 불일치 해소). 순서 근거가 서술 순서임은 SC-07 order_basis=NARRATIVE_ORDER로 표시.",,,YES
RC-275,F-011,RELATION_MEANING_OVERREACH,relation,REL0022,basis_or_rationale,MEDIUM_REVIEW,INTERNAL_FIX,SCHEMA_CHANGE_REQUIRED,basis '변지돌의 기존 체포 상태 확인'은 상태를 '확인 행위'로 바꿔 읽음. 명제 수준 문구로 바꾸는 것은 CSV 안에서 가능. 상태 시작/관찰 시간층 분리는 SC-01 필요.,BEFORE | 출동 뒤 변지돌의 기존 체포 상태 확인,"basis_or_rationale '출동 뒤 변지돌의 기존 체포 상태 확인' → '이진욱은 새벽에 일행이 나갔다고 진술하고, 현장에 나갔을 때 변지돌이 이미 공주진에 붙잡혀 있었다고 진술(체포 상태는 출발 시점에 이미 존재)'. relation 유지(삭제·병합 없음), 새 단어·사실 추가 없음. 기존 basis는 note에 보존. relation_type BEFORE는 관찰(현장 도착)에만 성립하므로 SC-01 도입 시 상태→관찰 관계로 재검토.",,SC-01,YES
RC-276,F-012,RELATION_MEANING_OVERREACH,relation,REL0023,relation_type;basis_or_rationale,LOW_REVIEW,SOURCE_RECHECK_REQUIRED,SCHEMA_CHANGE_REQUIRED,선후 근거가 진술 서술 순서뿐(명시적 순서 표지 없음). 원문에 순서 표지가 있는지는 원문에서만 확인 가능(LOW). 순서 근거 유형을 표현할 필드가 필요(SC-07 order_basis).,BEFORE | 이진욱 공초의 서술 순서,"현 relation·basis 유지(삭제·병합 없음). 원문에 순서 표지가 있으면 order_basis=EXPLICIT_MARKER, 없으면 NARRATIVE_ORDER로 기록(SC-07).",SRQ-062,SC-07,YES
RC-277,F-013,RELATION_MEANING_OVERREACH,relation,REL0029,relation_type;basis_or_rationale,LOW_REVIEW,SOURCE_RECHECK_REQUIRED,SCHEMA_CHANGE_REQUIRED,선후 근거가 진술 서술 순서뿐(명시적 순서 표지 없음). 원문에 순서 표지가 있는지는 원문에서만 확인 가능(LOW). 순서 근거 유형을 표현할 필드가 필요(SC-07 order_basis).,BEFORE | 병영 이송 뒤 신문,"현 relation·basis 유지(삭제·병합 없음). 원문에 순서 표지가 있으면 order_basis=EXPLICIT_MARKER, 없으면 NARRATIVE_ORDER로 기록(SC-07).",SRQ-063,SC-07,YES
RC-278,F-014,RELATION_MEANING_OVERREACH,relation,REL0032,basis_or_rationale,HIGH_REVIEW,INTERNAL_FIX,SOURCE_RECHECK_REQUIRED,basis의 '거짓 지목'은 ATT0119('거짓으로 말했다')에 없는 '지목' 행위를 추가한 문구 강화. 명제 수준으로 바꾸는 것은 CSV 안에서 결정 가능. 거짓말의 내용은 원문에서만 확인 가능(보조 SOURCE). DURING이 진술 행(AT0119)에 붙은 문제는 B-016/SC-02로 처리.,DURING | 대질 때 거짓 지목을 했다는 자미덕 설명,"basis_or_rationale '대질 때 거짓 지목을 했다는 자미덕 설명' → '자미덕은 이집거와 대질할 때 한재욱의 지휘에 따라 거짓으로 말했다고 진술'. relation 유지(삭제·병합 없음), 새 단어·사실 추가 없음. 기존 basis는 note에 보존. B-016 분할 승인 시 to_event를 신규 과거 사건 행으로 이동(관계 삭제 없음).",SRQ-010,SC-02,YES
RC-279,F-015,RELATION_MEANING_OVERREACH,relation,REL0040,basis_or_rationale,LOW_REVIEW,INTERNAL_FIX,,basis '구순 반응'은 ATT0106을 답변에 대한 반응으로 규정(연결 표지 없음). 문구 강화이므로 명제 수준으로 낮추면 해결.,BEFORE | 조계완 답변 뒤 구순 반응,"basis_or_rationale '조계완 답변 뒤 구순 반응' → '조계완은 풍각의 상주를 잡으러 왔다고 구순에게 답했다고 진술하고, 구순이 수사가 이제야 바른 길을 얻었다는 취지로 말했다고 진술'. relation 유지(삭제·병합 없음), 새 단어·사실 추가 없음. 기존 basis는 note에 보존.",,,YES
RC-280,F-016,RELATION_MEANING_OVERREACH,relation,REL0041,relation_type;basis_or_rationale,LOW_REVIEW,SOURCE_RECHECK_REQUIRED,SCHEMA_CHANGE_REQUIRED,선후 근거가 진술 서술 순서뿐(명시적 순서 표지 없음). 원문에 순서 표지가 있는지는 원문에서만 확인 가능(LOW). 순서 근거 유형을 표현할 필드가 필요(SC-07 order_basis).,BEFORE | 구순 반응 뒤 서찰 건넴,"현 relation·basis 유지(삭제·병합 없음). 원문에 순서 표지가 있으면 order_basis=EXPLICIT_MARKER, 없으면 NARRATIVE_ORDER로 기록(SC-07).",SRQ-064,SC-07,YES
RC-281,F-017,RELATION_MEANING_OVERREACH,relation,REL0046,basis_or_rationale,LOW_REVIEW,INTERNAL_FIX,,basis '당시 판단 뒤 구순 체포 명령'은 판단→명령 연결을 암시. 명제 수준 문구로 바꾸면 해결.,JUDGMENT_BEFORE_ORDER | 당시 판단 뒤 구순 체포 명령,"basis_or_rationale '당시 판단 뒤 구순 체포 명령' → '정조는 당시 도 장계와 조사 문건을 근거로 구순이 도난을 꾸몄다는 방향을 받아들였고, 구순을 의금부로 잡아오라고 명함(판단을 명령의 근거로 했다는 표지는 없음)'. relation 유지(삭제·병합 없음), 새 단어·사실 추가 없음. 기존 basis는 note에 보존.",,,YES
RC-282,F-018,RELATION_MEANING_OVERREACH,relation,REL0047,basis_or_rationale,LOW_REVIEW,INTERNAL_FIX,,basis '잡아온 뒤 수금'은 명령을 집행으로 서술. 두 행 모두 명령이므로 명제 수준으로 바꾸면 해결.,ORDER_SEQUENCE | 잡아온 뒤 수금,"basis_or_rationale '잡아온 뒤 수금' → '정조는 구순을 의금부로 잡아오라고 명하고, 구순을 수금하라고 명함(두 행 모두 명령이며 집행 기록 아님)'. relation 유지(삭제·병합 없음), 새 단어·사실 추가 없음. 기존 basis는 note에 보존.",,,YES
RC-283,F-019,RELATION_MEANING_OVERREACH,relation,REL0048,basis_or_rationale,LOW_REVIEW,INTERNAL_FIX,,basis '수금 뒤 엄한 조사'는 명령을 집행으로 서술. 명제 수준으로 바꾸면 해결.,ORDER_SEQUENCE | 수금 뒤 엄한 조사,"basis_or_rationale '수금 뒤 엄한 조사' → '정조는 구순을 수금하라고 명하고, 구순을 엄히 조사하라고 명함(두 행 모두 명령이며 집행 기록 아님)'. relation 유지(삭제·병합 없음), 새 단어·사실 추가 없음. 기존 basis는 note에 보존.",,,YES
RC-284,F-020,RELATION_MEANING_OVERREACH,relation,REL0050,relation_type;basis_or_rationale,LOW_REVIEW,SOURCE_RECHECK_REQUIRED,,PROPOSAL_RESPONSE(건의→명령 응답)는 ATT0049에 응답 표지가 없음. 원문에서만 확인 가능(LOW). basis 문구 자체는 이미 중립적이라 보조 수정 없음.,PROPOSAL_RESPONSE | 이조원 파직 건의와 정조 파직 명령,현 relation·basis 유지(삭제·병합 없음). 원문 확인 결과에 따라 relation_type 표시 여부 결정.,SRQ-053,,YES
RC-285,F-021,RELATION_MEANING_OVERREACH,relation,REL0051,basis_or_rationale,LOW_REVIEW,INTERNAL_FIX,,basis '조사방식 비판 뒤 파직'은 근거 관계를 암시. 명제 수준으로 바꾸면 해결.,JUDGMENT_BEFORE_ORDER | 조사방식 비판 뒤 파직,"basis_or_rationale '조사방식 비판 뒤 파직' → '정조는 이조원이 중대한 사안을 직접 조사하지 않고 전해 들은 말을 보고한 조사 방식을 비판했고, 이조원을 파직하도록 함(비판을 파직의 근거로 했다는 표지는 없음)'. relation 유지(삭제·병합 없음), 새 단어·사실 추가 없음. 기존 basis는 note에 보존.",,,YES
RC-286,F-022,RELATION_MEANING_OVERREACH,relation,REL0053,basis_or_rationale,MEDIUM_REVIEW,INTERNAL_FIX,,basis '토대로'는 ATT0056에 없는 근거 관계를 추가한 문구. 명제 수준으로 바꾸면 해결.,EVIDENCE_TO_INFERENCE | 전년 호서 화적 전언을 토대로 홍대협 의견,"basis_or_rationale '전년 호서 화적 전언을 토대로 홍대협 의견' → '홍대협은 전년 호서 화적들이 지세랑 호칭을 쓴 적이 있다고 들었다고 답하고, 지세랑 호칭이 이번 사건에서 처음 생긴 말은 아닌 듯하다고 의견을 밝힘(전언을 의견의 근거로 했다는 표지는 없음)'. relation 유지(삭제·병합 없음), 새 단어·사실 추가 없음. 기존 basis는 note에 보존. relation_type EVIDENCE_TO_INFERENCE는 유지하되 근거 관계가 명시되지 않았음을 basis에 표시.",,,YES
RC-287,F-023,RELATION_MEANING_OVERREACH,relation,REL0057,basis_or_rationale,LOW_REVIEW,INTERNAL_FIX,,basis '재신문'은 ATT0062('차례로 신문')에 없는 앞선 신문을 전제. 명제 수준으로 바꾸면 해결.,INVESTIGATION_BEFORE_FINDING | 정식 재신문 뒤 실제 도난 판단,"basis_or_rationale '정식 재신문 뒤 실제 도난 판단' → '홍대협은 응당 신문할 사람들을 차례로 신문했다고 서계하고, 정식 조사 결과 약간의 도난은 실제였다고 판단'. relation 유지(삭제·병합 없음), 새 단어·사실 추가 없음. 기존 basis는 note에 보존.",,,YES
RC-288,F-024,RELATION_MEANING_OVERREACH,relation,REL0060,relation_type;basis_or_rationale,MEDIUM_REVIEW,SOURCE_RECHECK_REQUIRED,INTERNAL_FIX,의안 이름은 ATT0149에 없음. 원문 확인 필요(MEDIUM). 확인 전 임시 hedged basis 제안(보조 INTERNAL).,ISSUE_TO_JUDGMENT | 도난 여부 의안의 최종 판단,"현 relation·basis 유지(삭제·병합 없음). 원문 재확인 전 임시안(보조 INTERNAL): basis_or_rationale '도난 여부 의안의 최종 판단' → '정조는 공주목 안핵의 핵심을 세 가지 의안으로 분리했고, 안핵 서계를 토대로 도난이 실제로 있었다고 판단(이 판단이 어느 의안에 해당하는지는 ATT0149에 명시 없음)'. 원문 확인 후 확정 문구로 교체. 기존 basis는 note에 보존.",SRQ-026,,YES
RC-289,F-025,RELATION_MEANING_OVERREACH,relation,REL0061,relation_type;basis_or_rationale,MEDIUM_REVIEW,SOURCE_RECHECK_REQUIRED,INTERNAL_FIX,의안 이름은 ATT0149에 없음. 원문 확인 필요(MEDIUM). 확인 전 임시 hedged basis 제안(보조 INTERNAL).,ISSUE_TO_JUDGMENT | 사망원인 의안의 최종 판단,"현 relation·basis 유지(삭제·병합 없음). 원문 재확인 전 임시안(보조 INTERNAL): basis_or_rationale '사망원인 의안의 최종 판단' → '정조는 공주목 안핵의 핵심을 세 가지 의안으로 분리했고, 김명신이 전염병에 걸려 죽은 것으로 판단(이 판단이 어느 의안에 해당하는지는 ATT0149에 명시 없음)'. 원문 확인 후 확정 문구로 교체. 기존 basis는 note에 보존.",SRQ-026,,YES
RC-290,F-026,RELATION_MEANING_OVERREACH,relation,REL0062,relation_type;basis_or_rationale,MEDIUM_REVIEW,SOURCE_RECHECK_REQUIRED,INTERNAL_FIX,"의안 이름은 ATT0149에 없고, AT0149 target의 '날조 여부'와 AT0155의 '기원' 판단이 어긋남. 원문 확인 필요(MEDIUM). 확인 전 임시 hedged basis 제안(보조 INTERNAL).",ISSUE_TO_JUDGMENT | 지세 호칭 의안의 최종 판단,"현 relation·basis 유지(삭제·병합 없음). 원문 재확인 전 임시안(보조 INTERNAL): basis_or_rationale '지세 호칭 의안의 최종 판단' → '정조는 공주목 안핵의 핵심을 세 가지 의안으로 분리했고, 지세 계열 호칭이 이전부터 무식한 좀도둑들이 쓰던 말이라고 판단(이 판단이 어느 의안에 해당하는지는 ATT0149에 명시 없음)'. 원문 확인 후 확정 문구로 교체. 기존 basis는 note에 보존.",SRQ-026,,YES
RC-291,F-027,RELATION_MEANING_OVERREACH,relation,REL0063,basis_or_rationale,MEDIUM_REVIEW,INTERNAL_FIX,,basis '최종 심리 뒤 구순 처분'은 AT0150을 처분 근거로 고른 것처럼 읽힘. 명제 수준 문구 + 근거 미명시 표시로 해결.,JUDGMENT_BEFORE_ORDER | 최종 심리 뒤 구순 처분,"basis_or_rationale '최종 심리 뒤 구순 처분' → '정조는 안핵 서계를 토대로 도난이 실제로 있었다고 판단하고, 구순을 감하여 외딴 섬에 정배하라고 명함(처분이 어느 판단에 근거했는지는 명시 없음)'. relation 유지(삭제·병합 없음), 새 단어·사실 추가 없음. 기존 basis는 note에 보존.",,,YES
RC-292,F-028,RELATION_MEANING_OVERREACH,relation,REL0064,basis_or_rationale,MEDIUM_REVIEW,INTERNAL_FIX,,basis '이광섭 책임 평가 뒤 정배'는 AT0166만을 근거로 고름. 명제 수준 문구 + 근거 미명시 표시로 해결.,JUDGMENT_BEFORE_ORDER | 이광섭 책임 평가 뒤 정배,"basis_or_rationale '이광섭 책임 평가 뒤 정배' → '정조는 이광섭이 비장에게 일을 맡겼다고 평가하고, 이광섭을 먼 곳에 무기한 정배하라고 명함(처분이 어느 평가에 근거했는지는 명시 없음)'. relation 유지(삭제·병합 없음), 새 단어·사실 추가 없음. 기존 basis는 note에 보존.",,,YES
RC-293,F-029,RELATION_MEANING_OVERREACH,relation,REL0065,basis_or_rationale,MEDIUM_REVIEW,INTERNAL_FIX,,basis '도신 장계 오류 평가'는 ATT0171('크게 달랐다')에 없는 잘못의 귀속을 추가. '오류'와 근거 주장을 빼면 해결.,JUDGMENT_BEFORE_ORDER | 도신 장계 오류 평가 뒤 이형원 파직,"basis_or_rationale '도신 장계 오류 평가 뒤 이형원 파직' → '구순의 도난 여부에 관해 도신 장계와 어사 보고가 크게 달랐다는 지적 뒤 이형원 파직'. relation 유지(삭제·병합 없음), 새 단어·사실 추가 없음. 기존 basis는 note에 보존.",,,YES
RC-294,F-030,RELATION_MEANING_OVERREACH,relation,REL0066,basis_or_rationale,LOW_REVIEW,INTERNAL_FIX,,basis의 '확정'은 근거 없는 강화(AT0068 날짜는 Audit E AMBIGUOUS). '확정'을 빼면 해결. 날짜 자체는 Audit E 원문 재확인 대상.,BEFORE | 확정 음력 날짜: 2/22 < 2/28,"basis_or_rationale '확정 음력 날짜: 2/22 < 2/28' → '기재된 음력 날짜 비교: 2/22 < 2/28 (AT0068 날짜는 ATT0068에 없고 AT0065에서 옮겨온 값)'. relation 유지(삭제·병합 없음), 새 단어·사실 추가 없음. 기존 basis는 note에 보존.",,,YES
RC-295,F-031,RELATION_MEANING_OVERREACH,relation,REL0067,basis_or_rationale,LOW_REVIEW,INTERNAL_FIX,,basis의 '확정'은 근거 없는 강화. '확정'을 빼면 해결. 날짜 자체는 Audit E 대상.,BEFORE | 확정 음력 날짜: 2/29 < 3/4,"basis_or_rationale '확정 음력 날짜: 2/29 < 3/4' → '기재된 음력 날짜 비교: 2/29 < 3/4 (AT0092 날짜는 ATT0092에 없고 relation 사슬·날짜 계산으로 얻은 값)'. relation 유지(삭제·병합 없음), 새 단어·사실 추가 없음. 기존 basis는 note에 보존.",,,YES
RC-296,F-032,RELATION_MEANING_OVERREACH,relation,REL0068,basis_or_rationale,LOW_REVIEW,INTERNAL_FIX,,basis의 '확정'은 근거 없는 강화. '확정'을 빼면 해결. 날짜 자체는 Audit E 원문 재확인 대상.,BEFORE | 확정 음력 날짜: 3/4 < 5/12,"basis_or_rationale '확정 음력 날짜: 3/4 < 5/12' → '기재된 음력 날짜 비교: 3/4 < 5/12 (AT0101 날짜는 체포 명령 날짜이며 ATT0101에 집행 날짜 없음)'. relation 유지(삭제·병합 없음), 새 단어·사실 추가 없음. 기존 basis는 note에 보존.",,,YES
RC-297,F-033,RELATION_MEANING_OVERREACH,relation,REL0073,relation_type;basis_or_rationale,MEDIUM_REVIEW,SOURCE_RECHECK_REQUIRED,INTERNAL_FIX,"basis '구순의 진영 정소'는 두 진술의 세부(명업: 정소 주체, 한재욱: 진영)를 합침. 각 진술이 그 세부를 갖는지는 원문 확인 필요(MEDIUM). 확인 전 임시 hedged basis 제안(보조 INTERNAL).",SAME_EVENT_CANDIDATE | 명업과 한재욱이 모두 구순의 진영 정소/소장 제출을 회고.,"현 relation·basis 유지(삭제·병합 없음). 원문 재확인 전 임시안(보조 INTERNAL): basis_or_rationale '명업과 한재욱이 모두 구순의 진영 정소/소장 제출을 회고.' → '명업은 구순이 소장을 올렸다고 진술하고, 한재욱은 구순 집 도난이 진영에 정소된 뒤라고 진술(두 진술의 세부 결합은 미확인)'. 원문 확인 후 확정 문구로 교체. 기존 basis는 note에 보존.",SRQ-015;SRQ-016,,YES
RC-298,F-034,RELATION_MEANING_OVERREACH,relation,REL0077,relation_type;basis_or_rationale,MEDIUM_REVIEW,SOURCE_RECHECK_REQUIRED,INTERNAL_FIX,basis '같은 자미덕 체포'는 후보 relation을 단정형으로 씀. 같은 체포인지는 원문 확인 필요(MEDIUM). 확인 전 임시 hedged basis 제안(보조 INTERNAL). 이 연결을 통한 날짜 전파 문제는 SC-07.,SAME_EVENT_CANDIDATE | 이진욱과 자미덕이 같은 자미덕 체포를 각자 회고.,"현 relation·basis 유지(삭제·병합 없음). 원문 재확인 전 임시안(보조 INTERNAL): basis_or_rationale '이진욱과 자미덕이 같은 자미덕 체포를 각자 회고.' → '이진욱은 변지돌 대신 재돌의 처 자미덕만을 잡았다고 진술하고, 자미덕은 병영 장교가 갑자기 찾아와 자신을 붙잡았다고 진술(같은 체포인지 미확인 후보)'. 원문 확인 후 확정 문구로 교체. 기존 basis는 note에 보존.",SRQ-030,,YES
RC-299,F-035,RELATION_MEANING_OVERREACH,relation,REL0080,basis_or_rationale,MEDIUM_REVIEW,INTERNAL_FIX,,basis '회유·사주를 주장'은 한재욱 부인(ATT0131)의 단어 '사주'를 자미덕 주장에 부여. 명제 수준으로 바꾸면 해결.,CONFLICTING_ACCOUNTS_OF_SAME_ALLEGED_EVENT | 자미덕은 석방 조건 회유·사주를 주장하고 한재욱은 사주를 부인.,"basis_or_rationale '자미덕은 석방 조건 회유·사주를 주장하고 한재욱은 사주를 부인.' → '자미덕은 석방 조건 회유를 주장하고 한재욱은 사주를 부인'. relation 유지(삭제·병합 없음), 새 단어·사실 추가 없음. 기존 basis는 note에 보존. relation_type의 'SAME_ALLEGED_EVENT' 명칭 문제는 TR-19(사용자 결정)로 남김.",,,YES
RC-300,F-036,RELATION_MEANING_OVERREACH,relation,REL0082,relation_type;basis_or_rationale,HIGH_REVIEW,SOURCE_RECHECK_REQUIRED,INTERNAL_FIX,NEW_INFORMATION_ADDED: 병영 보조자=한재욱 동일성은 어떤 attestation에도 없음. 동일성은 원문에서만 확인 가능(HIGH). 확인 전 임시로 basis를 동일인 여부 미확인으로 낮추는 안(보조 INTERNAL).,CONFLICTING_ACCOUNTS_OF_SAME_RELATION | 이조원은 병영 보조자가 구순의 가객이라 보고했으나 한재욱은 구순과 평생 모르는 사이라고 부인.,"현 relation·basis 유지(삭제·병합 없음). 원문 재확인 전 임시안(보조 INTERNAL): basis_or_rationale '이조원은 병영 보조자가 구순의 가객이라 보고했으나 한재욱은 구순과 평생 모르는 사이라고 부인.' → '이조원은 병영 보조자가 구순의 가객이었다고 주장하고, 한재욱은 구순과 평생 모르는 사이라고 진술(병영 보조자와 한재욱의 동일인 여부 미확인)'. 원문 확인 후 확정 문구로 교체. 기존 basis는 note에 보존.",SRQ-001,,YES
RC-301,F-037,RELATION_MEANING_OVERREACH,relation,REL0085,basis_or_rationale,LOW_REVIEW,INTERNAL_FIX,,basis의 '직접'은 ATT0148·ATT0151 어디에도 없는 강화. '직접'을 빼면 해결.,SAME_UNDERLYING_EVENT_DIFFERENT_INTERPRETATION | 홍대협과 정조가 같은 사망 사건의 직접 사인을 질병/전염병으로 판단.,"basis_or_rationale '홍대협과 정조가 같은 사망 사건의 직접 사인을 질병/전염병으로 판단.' → '홍대협과 정조가 같은 사망 사건의 사인을 질병/전염병으로 판단'. relation 유지(삭제·병합 없음), 새 단어·사실 추가 없음. 기존 basis는 note에 보존.",,,YES
RC-302,F-038,RELATION_MEANING_OVERREACH,relation,REL0088,basis_or_rationale,MEDIUM_REVIEW,INTERNAL_FIX,SOURCE_RECHECK_REQUIRED,basis는 '수상하다'를 '지목'으로 강화. '수상하다고 말함' 수준으로 낮추는 것은 CSV 안에서 가능. 김상제=김명신 동일성은 원문에서만 확인 가능(보조 SOURCE MEDIUM).,RELATED_ACCOUNT_SAME_SUSPICION_EPISODE | 둘 다 구순의 김명신 지목 계열이나 동일 발화인지까지는 불명.,"basis_or_rationale '둘 다 구순의 김명신 지목 계열이나 동일 발화인지까지는 불명.' → '이형원 장계에는 구순이 김명신을 도적의 괴수라고 말했다고 적혀 있고, 유제희는 탐문 중 구순이 풍각 김상제가 매우 수상하다고 말했다고 진술(동일 발화 여부와 김상제=김명신 여부는 미확인)'. relation 유지(삭제·병합 없음), 새 단어·사실 추가 없음. 기존 basis는 note에 보존.",SRQ-034,,YES
RC-303,F-039,RELATION_MEANING_OVERREACH,relation,REL0089,relation_type;basis_or_rationale,MEDIUM_REVIEW,SOURCE_RECHECK_REQUIRED,INTERNAL_FIX,누가 이름을 적었는지가 두 명제에서 다름. 원문 확인 필요(MEDIUM). 확인 전 임시 hedged basis 제안(보조 INTERNAL).,RELATED_ACCOUNT_SAME_SUSPICION_EPISODE | 유제희 공초와 정조 최종 평가가 구순의 이름 제공 episode와 연결.,"현 relation·basis 유지(삭제·병합 없음). 원문 재확인 전 임시안(보조 INTERNAL): basis_or_rationale '유제희 공초와 정조 최종 평가가 구순의 이름 제공 episode와 연결.' → '유제희는 탐문 중 구순이 풍각 김상제가 매우 수상하다고 말했다고 진술하고, 정조는 구순이 병영의 탐문자에게 김명신의 이름을 적어 주었다고 판단(누가 이름을 적었는지는 두 명제가 다름)'. 원문 확인 후 확정 문구로 교체. 기존 basis는 note에 보존.",SRQ-029,,YES
